origin_id,pt,pt_rail,car,schedule,car_vs_pt,car_vs_ptrail
017001,,60.486,27.944000000000003,peak,,32.541999999999994
017002,,43.706,9.35,peak,,34.356
017003,,69.588,37.501999999999995,peak,,32.086
017004,,59.376000000000005,27.29,peak,,32.086000000000006
017005,,68.13,33.2,peak,,34.92999999999999
017006,,64.144,29.214,peak,,34.93000000000001
017007,,112.162,53.056,peak,,59.10600000000001
017008,,72.92599999999999,37.996,peak,,34.929999999999986
017009,,50.227999999999994,18.362,peak,,31.865999999999996
017010,44.0,38.79,6.704,peak,37.296,32.086
017011,22.0,22.0,4.486000000000001,peak,17.514,17.514
017012,,52.099999999999994,15.734000000000002,peak,,36.36599999999999
017013,,71.844,39.758,peak,,32.08599999999999
017014,,,47.928,peak,,
017015,,112.81,53.70399999999999,peak,,59.10600000000001
017016,,70.44999999999999,35.52,peak,,34.929999999999986
017017,,74.506,42.42,peak,,32.086
017018,,60.668000000000006,28.581999999999997,peak,,32.08600000000001
017019,,69.626,37.422,peak,,32.20400000000001
017020,,,62.861999999999995,peak,,
017021,,50.372,18.286,peak,,32.086
017022,,73.52,41.68,peak,,31.839999999999996
017023,,65.162,33.321999999999996,peak,,31.84000000000001
017024,,45.226,13.386,peak,,31.84
017025,,45.386,13.3,peak,,32.086
017026,,65.316,33.23,peak,,32.086000000000006
017027,,103.48,44.373999999999995,peak,,59.10600000000001
017028,,50.688,18.848,peak,,31.840000000000003
017029,,61.024,29.183999999999997,peak,,31.840000000000003
017030,,104.23,45.123999999999995,peak,,59.10600000000001
017031,80.0,53.004,18.074,peak,61.926,34.92999999999999
017032,,110.206,51.1,peak,,59.106
017033,88.0,60.41199999999999,25.482,peak,62.518,34.92999999999999
017034,76.0,58.86,23.93,peak,52.07,34.93
017035,,70.05,37.964,peak,,32.086
017036,,52.776,17.846,peak,,34.93000000000001
017037,,57.576,22.645999999999997,peak,,34.93000000000001
017038,,60.336,28.496,peak,,31.84
017039,,107.026,47.919999999999995,peak,,59.106
017041,,62.08,29.994,peak,,32.086
017042,,61.751999999999995,29.912,peak,,31.839999999999996
017043,,66.738,31.808,peak,,34.93
017044,,68.172,36.086,peak,,32.086
017045,,66.07,31.139999999999997,peak,,34.92999999999999
017046,,55.758,23.918000000000003,peak,,31.84
017047,,50.358,18.272,peak,,32.086
017048,,,49.04,peak,,
017049,,113.32,54.21399999999999,peak,,59.106
017050,,63.314,31.228,peak,,32.086
017051,181.0,57.594,25.508,peak,155.492,32.086
017052,,55.024,22.938,peak,,32.086
017053,,60.68599999999999,28.846,peak,,31.839999999999993
017054,15.0,15.0,2.6939999999999995,peak,12.306000000000001,12.306000000000001
087001,101.0,59.94,26.084,peak,74.916,33.855999999999995
087002,102.0,62.928,26.91,peak,75.09,36.018
087003,,48.042,15.436,peak,,32.606
087004,158.0,59.846,27.98,peak,130.02,31.865999999999996
087005,,92.68,45.526,peak,,47.154
087006,116.0,84.982,50.345,peak,65.655,34.637
087007,64.0,45.136,26.388,peak,37.611999999999995,18.748
087008,124.0,76.50999999999999,46.314,peak,77.686,30.19599999999999
087009,,79.562,49.45,peak,,30.111999999999995
087010,173.0,74.07,42.20399999999999,peak,130.796,31.866
087011,57.0,34.556,13.712000000000002,peak,43.288,20.843999999999994
087012,,59.626,27.76,peak,,31.865999999999996
087013,,70.17,36.44,peak,,33.730000000000004
087014,95.0,47.02199999999999,28.274,peak,66.726,18.74799999999999
087015,,63.849999999999994,31.984,peak,,31.865999999999993
087016,,47.69199999999999,28.944,peak,,18.747999999999994
087017,129.0,54.638,35.89,peak,93.11,18.747999999999998
087018,180.0,80.012,45.8,peak,134.2,34.212
087019,143.0,53.592,34.901999999999994,peak,108.09800000000001,18.690000000000005
087020,,71.71199999999999,47.001999999999995,peak,,24.709999999999994
087021,,71.388,39.52199999999999,peak,,31.866000000000014
087022,91.0,49.194,17.328,peak,73.672,31.866000000000003
087023,47.0,31.42,12.672,peak,34.328,18.748
087024,,69.616,31.911999999999995,peak,,37.70400000000001
087025,50.0,38.846,20.097999999999995,peak,29.902000000000005,18.748
087026,,46.84,26.831999999999997,peak,,20.008000000000006
087027,,84.508,48.41,peak,,36.098
087028,,43.738,22.894,peak,,20.844
087029,54.0,33.722,14.974,peak,39.025999999999996,18.748
087030,,54.76199999999999,33.918,peak,,20.843999999999994
087031,84.0,44.861999999999995,24.018,peak,59.982,20.843999999999994
087032,,57.486,38.738,peak,,18.747999999999998
087033,128.0,69.766,45.758,peak,82.24199999999999,24.008000000000003
087034,66.0,63.946,42.708000000000006,peak,23.291999999999994,21.237999999999992
087035,,51.326,32.577999999999996,peak,,18.748000000000005
087036,,50.25,16.95,peak,,33.3
087037,,80.83,56.24399999999999,peak,,24.586000000000006
087038,,73.978,48.268,peak,,25.709999999999994
087039,217.0,69.096,37.23,peak,179.77,31.866000000000007
087040,,85.646,47.053999999999995,peak,,38.592000000000006
087041,,57.983999999999995,26.118,peak,,31.865999999999996
087042,,56.61,23.31,peak,,33.3
087044,,67.76599999999999,35.9,peak,,31.865999999999993
087045,,52.587999999999994,19.288,peak,,33.3
087046,,70.07,36.34,peak,,33.72999999999999
087047,30.0,30.0,8.9,peak,21.1,21.1
087048,109.0,70.262,38.396,peak,70.604,31.866
087049,,86.36,50.940000000000005,peak,,35.419999999999995
087050,64.0,64.0,48.558,peak,15.442,15.442
087051,,57.52,24.22,peak,,33.300000000000004
087052,95.0,54.87,36.122,peak,58.878,18.747999999999998
087053,,77.674,43.85999999999999,peak,,33.814000000000014
087054,,91.852,57.142,peak,,34.71
087055,119.0,54.846,34.001999999999995,peak,84.998,20.844
087056,200.0,57.322,36.478,peak,163.522,20.844
087057,,83.854,46.378,peak,,37.476
087058,,79.562,49.686,peak,,29.875999999999998
087059,,85.682,44.342,peak,,41.34
087060,,56.442,33.7175,peak,,22.7245
087061,,90.506,62.12,peak,,28.386000000000003
087062,,80.212,46.398,peak,,33.814
087064,35.0,32.422,11.96,peak,23.04,20.461999999999996
087065,231.0,94.068,44.27,peak,186.73,49.797999999999995
087066,11.0,11.0,3.3779999999999997,peak,7.622,7.622
087067,109.0,83.864,52.594,peak,56.406,31.270000000000003
087068,,55.91,24.044,peak,,31.865999999999996
087069,69.0,65.33,43.70199999999999,peak,25.29800000000001,21.628000000000007
087070,68.0,48.896,30.148,peak,37.852000000000004,18.748
087071,70.0,52.532,33.784,peak,36.216,18.747999999999998
087072,179.0,69.00999999999999,37.144,peak,141.856,31.865999999999993
087073,138.0,77.28999999999999,40.6725,peak,97.3275,36.61749999999999
087074,,85.49199999999999,46.87199999999999,peak,,38.62
087075,,79.886,45.01199999999999,peak,,34.874
087076,,46.581999999999994,27.834,peak,,18.747999999999994
087077,,74.094,48.384,peak,,25.709999999999994
087078,,96.576,65.334,peak,,31.24199999999999
087079,187.0,87.288,52.578,peak,134.422,34.709999999999994
087080,200.0,69.868,40.612,peak,159.388,29.255999999999993
087081,107.0,59.728,42.23800000000001,peak,64.762,17.489999999999995
087082,117.0,53.826,32.982,peak,84.018,20.844
087083,217.0,70.178,37.498,peak,179.502,32.68
087084,87.0,31.162,12.414,peak,74.586,18.747999999999998
087085,212.0,89.524,57.008,peak,154.992,32.516
087086,,56.046,35.202,peak,,20.844
087087,,55.15,34.306,peak,,20.844
087088,,69.222,37.355999999999995,peak,,31.866
087089,125.0,59.702,40.954,peak,84.04599999999999,18.747999999999998
087090,78.0,62.006,28.601999999999997,peak,49.398,33.404
097001,,128.976,50.916,peak,,78.06
097002,,135.15,65.258,peak,,69.89200000000001
097003,,130.828,43.12800000000001,peak,,87.69999999999999
097004,,131.71800000000002,59.99399999999999,peak,,71.72400000000002
097005,,118.738,53.428,peak,,65.31
097006,,144.278,72.56,peak,,71.71799999999999
097007,,134.344,69.03399999999999,peak,,65.31
097008,,117.954,50.656000000000006,peak,,67.29799999999999
097009,,126.416,48.047999999999995,peak,,78.368
097010,225.0,129.78,51.72,peak,173.28,78.06
097011,182.0,123.278,42.047999999999995,peak,139.952,81.23000000000002
097012,,139.348,61.10999999999999,peak,,78.23800000000003
097013,,144.542,77.52199999999999,peak,,67.02000000000001
097014,,112.252,44.776,peak,,67.476
097015,,134.324,56.264,peak,,78.06
097016,,71.686,36.756,peak,,34.93000000000001
097017,,159.73,66.016,peak,,93.71399999999998
097018,,113.954,43.568,peak,,70.386
097019,164.0,123.942,55.456,peak,108.544,68.48599999999999
097020,161.0,123.776,55.29,peak,105.71000000000001,68.48599999999999
097021,,134.926,56.866,peak,,78.05999999999999
097022,182.0,68.912,30.586,peak,151.414,38.32600000000001
097023,,138.246,60.186,peak,,78.06
097024,,73.306,38.376,peak,,34.93
097025,167.0,65.842,27.516,peak,139.484,38.326
097026,,113.532,40.794,peak,,72.738
097027,,130.53199999999998,61.776,peak,,68.75599999999997
097028,,132.4,63.50999999999999,peak,,68.89000000000001
097029,,115.786,45.98800000000001,peak,,69.798
097030,,118.54,59.43399999999999,peak,,59.106000000000016
097031,,74.57400000000001,39.644,peak,,34.930000000000014
097032,,70.69200000000001,35.762,peak,,34.93000000000001
097033,,134.974,66.922,peak,,68.05199999999999
097034,163.0,73.744,38.814,peak,124.186,34.93
097035,,120.336,49.95,peak,,70.386
097036,,154.954,71.942,peak,,83.01200000000001
097037,,118.586,48.2,peak,,70.386
097038,,75.714,40.784,peak,,34.93
097039,,120.72,54.474,peak,,66.24600000000001
097040,,138.524,60.46399999999999,peak,,78.06
097041,231.0,147.934,73.496,peak,157.50400000000002,74.438
097042,,113.95,54.844,peak,,59.106
097043,,123.298,54.542,peak,,68.756
097044,,134.958,71.944,peak,,63.013999999999996
097045,,140.716,66.80199999999999,peak,,73.91400000000002
097046,,67.68199999999999,32.751999999999995,peak,,34.92999999999999
097047,137.0,65.458,30.528,peak,106.47200000000001,34.93
097048,,108.17,49.06399999999999,peak,,59.10600000000001
097049,,112.762,44.276,peak,,68.48599999999999
097050,,138.584,60.346,peak,,78.238
097051,225.0,117.514,50.038,peak,174.962,67.476
097052,,148.986,63.51199999999999,peak,,85.47399999999999
097053,206.0,137.784,70.764,peak,135.236,67.02
097054,,116.964,46.578,peak,,70.386
097055,,134.87,56.81,peak,,78.06
097056,,149.456,67.72800000000001,peak,,81.72799999999998
097057,,138.968,72.82600000000001,peak,,66.14199999999998
097058,153.0,130.116,69.878,peak,83.122,60.238000000000014
097059,,111.95,44.47399999999999,peak,,67.47600000000001
097060,,134.212,56.151999999999994,peak,,78.06
097061,112.0,106.552,41.27,peak,70.72999999999999,65.28200000000001
097062,101.0,73.16,38.23,peak,62.77,34.93
097063,98.0,72.52799999999999,37.598,peak,60.402,34.92999999999999
097064,,116.368,45.029999999999994,peak,,71.338
097065,225.0,136.736,58.676,peak,166.324,78.05999999999999
097066,,248.822,68.726,peak,,180.096
097067,,123.524,40.664,peak,,82.86
097068,,129.186,51.126000000000005,peak,,78.06
097069,,142.228,75.896,peak,,66.33200000000001
097070,,126.136,58.837999999999994,peak,,67.298
097071,,131.346,53.286,peak,,78.06
097072,,115.426,45.04,peak,,70.386
097073,,132.09199999999998,53.97,peak,,78.12199999999999
097074,,151.454,65.98,peak,,85.474
097075,,128.82,54.068,peak,,74.752
097076,,63.036,24.709999999999997,peak,,38.32600000000001
097077,,67.076,32.146,peak,,34.92999999999999
097078,,159.678,66.02199999999999,peak,,93.656
097079,,75.186,36.86,peak,,38.32600000000001
097080,,116.91,48.376000000000005,peak,,68.53399999999999
097081,,110.906,42.098000000000006,peak,,68.80799999999999
097082,94.0,59.914,24.984,peak,69.01599999999999,34.93
097083,232.0,151.966,69.056,peak,162.94400000000002,82.91000000000001
097084,,134.298,56.06,peak,,78.238
097085,211.0,141.846,71.954,peak,139.046,69.89200000000001
097086,,140.466,70.57399999999998,peak,,69.89200000000002
097087,,73.984,39.054,peak,,34.92999999999999
097088,,125.224,50.126,peak,,75.09800000000001
097089,,110.2,41.88399999999999,peak,,68.316
097090,,127.534,58.778,peak,,68.756
097091,,134.362,69.616,peak,,64.746
097092,,151.416,77.66,peak,,73.756
097093,,142.986,66.926,peak,,76.05999999999999
097094,,128.438,59.952,peak,,68.48599999999999
097095,,146.932,76.156,peak,,70.77599999999998
097096,85.0,61.466,26.536,peak,58.464,34.93
097097,,113.854,48.544,peak,,65.31
097098,,114.916,44.53,peak,,70.386
097099,,158.172,64.516,peak,,93.65599999999999
097100,,197.328,66.268,peak,,131.06
097101,183.0,114.132,46.656,peak,136.344,67.476
097102,,69.952,35.022,peak,,34.93
097103,,148.674,65.566,peak,,83.108
097104,,134.25,67.442,peak,,66.808
097105,,120.722,52.236,peak,,68.48599999999999
097107,,138.668,60.608,peak,,78.06
097108,,125.788,60.477999999999994,peak,,65.31
097109,,101.742,42.636,peak,,59.106
097110,,140.1,63.458,peak,,76.642
097111,203.0,135.298,71.27199999999999,peak,131.728,64.02600000000001
097112,,153.99,70.214,peak,,83.77600000000001
107001,139.0,116.038,42.336,peak,96.664,73.702
107002,,132.668,58.908,peak,,73.76
107003,,136.698,76.028,peak,,60.67
107004,,64.738,26.411999999999995,peak,,38.32600000000001
107005,,51.202,13.75,peak,,37.452
107006,85.0,45.538,8.086,peak,76.914,37.452
107007,150.0,123.506,42.726000000000006,peak,107.274,80.78
107008,,61.388000000000005,23.935999999999996,peak,,37.45200000000001
107009,,96.03,52.041999999999994,peak,,43.98800000000001
107011,,73.95400000000001,36.501999999999995,peak,,37.45200000000001
107012,,121.53,63.471999999999994,peak,,58.05800000000001
107013,,58.042,20.59,peak,,37.452
107014,70.0,57.026,19.574,peak,50.426,37.452
107015,,110.506,43.934,peak,,66.572
107016,,62.044,24.592,peak,,37.452
107017,,123.634,42.17399999999999,peak,,81.46000000000001
107018,127.0,103.748,45.936,peak,81.064,57.812000000000005
107019,208.0,122.35,70.01,peak,137.99,52.33999999999999
107021,,133.412,72.74199999999999,peak,,60.670000000000016
107023,,92.624,49.538,peak,,43.086
107024,,129.514,67.02,peak,,62.494000000000014
107025,,100.686,58.958,peak,,41.72800000000001
107026,205.0,121.14,60.47,peak,144.53,60.67
107027,,121.404,51.22399999999999,peak,,70.18
107028,,101.36,58.27399999999999,peak,,43.08600000000001
107029,131.0,103.936,45.878,peak,85.122,58.05800000000001
107030,,123.602,62.932,peak,,60.67
107031,,115.384,54.714,peak,,60.67
107032,,130.176,79.094,peak,,51.081999999999994
107033,,106.362,47.834,peak,,58.52799999999999
107034,,126.222,65.55199999999999,peak,,60.67
107035,,129.382,58.306,peak,,71.07600000000001
107036,222.0,140.748,68.926,peak,153.074,71.82199999999999
107037,,109.986,43.572,peak,,66.414
107038,,69.55199999999999,32.1,peak,,37.45199999999999
107039,139.0,105.95,56.062,peak,82.938,49.888000000000005
107040,,122.008,67.11,peak,,54.897999999999996
107041,,125.626,60.466,peak,,65.16
107042,182.0,62.584,24.258,peak,157.742,38.32600000000001
107043,,124.39,50.63,peak,,73.75999999999999
107044,203.0,126.71,51.682,peak,151.31799999999998,75.02799999999999
107045,,71.298,32.972,peak,,38.326
107046,,94.95,46.12800000000001,peak,,48.821999999999996
107047,,130.872,76.634,peak,,54.238000000000014
107048,,57.650000000000006,20.198,peak,,37.452000000000005
107049,,68.08,30.628,peak,,37.452
107050,,101.112,58.026,peak,,43.08599999999999
107051,,102.526,59.44,peak,,43.086
107052,19.0,19.0,3.59,peak,15.41,15.41
107053,,129.43200000000002,60.873999999999995,peak,,68.55800000000002
107054,,89.024,50.01,peak,,39.014
107055,,118.976,71.684,peak,,47.292
107056,,101.714,39.498,peak,,62.216
107057,,125.67,63.096,peak,,62.574000000000005
107058,,51.424,14.622,peak,,36.802
107059,,128.63,55.788,peak,,72.842
107060,,92.214,57.926,peak,,34.288
107061,,97.938,39.892,peak,,58.046
107062,,130.358,62.04,peak,,68.31800000000001
107063,,129.30599999999998,74.488,peak,,54.817999999999984
107064,,135.078,78.85199999999999,peak,,56.22600000000001
107065,,127.148,66.478,peak,,60.67
107066,,64.306,26.854,peak,,37.452
107067,,131.85399999999998,71.184,peak,,60.66999999999999
107068,,110.084,62.842,peak,,47.242000000000004
107069,,124.72,72.16399999999999,peak,,52.55600000000001
107070,,124.048,69.23,peak,,54.818
107071,,110.646,53.992,peak,,56.654
107072,131.0,108.992,56.194,peak,74.806,52.798
107073,145.0,116.128,55.458000000000006,peak,89.542,60.669999999999995
107074,,99.526,39.112,peak,,60.413999999999994
107076,160.0,57.05800000000001,18.732,peak,141.268,38.32600000000001
107077,,113.082,55.27,peak,,57.81199999999999
107078,105.0,95.264,58.17,peak,46.83,37.093999999999994
107079,116.0,103.11,42.422,peak,73.578,60.688
107080,102.0,100.69,40.954,peak,61.046,59.736
107081,,119.176,50.056,peak,,69.12
107082,,60.629999999999995,23.178,peak,,37.452
107083,,125.742,67.706,peak,,58.036
107084,,122.826,67.228,peak,,55.598
107085,,98.964,55.87800000000001,peak,,43.08599999999999
107086,,109.87,60.678,peak,,49.19200000000001
107087,,47.744,8.046,peak,,39.698
107088,,97.512,43.71399999999999,peak,,53.79800000000001
107089,,105.368,49.483999999999995,peak,,55.884
107090,,47.098,11.897999999999998,peak,,35.2
107091,,66.588,29.135999999999996,peak,,37.452
107092,,57.256,20.984,peak,,36.272
107093,,71.336,33.884,peak,,37.452
107094,,68.69,31.238000000000003,peak,,37.452
107095,,111.428,64.186,peak,,47.24199999999999
107096,,114.246,53.576,peak,,60.669999999999995
107097,,54.82,17.368,peak,,37.452
107098,,75.024,37.572,peak,,37.452
137001,179.0,176.0,67.142,peak,111.858,108.858
137002,,160.474,68.176,peak,,92.29799999999999
137003,,126.814,42.16,peak,,84.654
137004,,135.072,44.296,peak,,90.77600000000001
137005,,160.446,52.63,peak,,107.816
137006,,160.63,65.57,peak,,95.06
137007,,178.212,85.914,peak,,92.29799999999999
137008,,169.88,79.358,peak,,90.52199999999999
137009,66.0,43.09,30.151999999999997,peak,35.848,12.938000000000006
137010,,125.342,50.437999999999995,peak,,74.904
137011,,161.992,71.066,peak,,90.92599999999999
137012,,173.816,71.00999999999999,peak,,102.80600000000001
137013,,150.814,60.291999999999994,peak,,90.52199999999999
137014,,101.718,43.07399999999999,peak,,58.64400000000001
137015,,183.806,56.901999999999994,peak,,126.90400000000002
137016,,111.536,58.97399999999999,peak,,52.56200000000001
137017,,156.094,63.796,peak,,92.298
137018,,,89.05399999999999,peak,,
137019,,172.39,60.428,peak,,111.96199999999999
137020,,135.92,54.001999999999995,peak,,81.91799999999999
137021,,181.584,69.622,peak,,111.962
137022,,133.024,52.358,peak,,80.666
137023,,163.856,62.076,peak,,101.78
137024,,178.502,72.3,peak,,106.20200000000001
137025,,171.402,42.553999999999995,peak,,128.84799999999998
137026,,174.29399999999998,83.772,peak,,90.52199999999998
137027,,162.574,72.05199999999999,peak,,90.52200000000002
137028,,165.808,59.32600000000001,peak,,106.48199999999999
137029,103.0,103.0,49.138000000000005,peak,53.861999999999995,53.861999999999995
137031,,47.568,34.63,peak,,12.937999999999995
137032,,134.07999999999998,50.17199999999999,peak,,83.90799999999999
137033,,169.16,74.264,peak,,94.896
137034,,170.14,62.49,peak,,107.64999999999998
137035,176.0,173.348,61.386,peak,114.614,111.96200000000002
137036,210.0,110.286,40.576,peak,169.424,69.71000000000001
137037,,52.14,39.20199999999999,peak,,12.93800000000001
137038,,98.95,53.78600000000001,peak,,45.163999999999994
137039,,170.90800000000002,78.14999999999999,peak,,92.75800000000002
137040,,165.85399999999998,56.166,peak,,109.68799999999999
137041,,50.208,37.27,peak,,12.937999999999995
137042,,167.138,73.954,peak,,93.18400000000001
137043,105.0,105.0,55.93,peak,49.07,49.07
137044,138.0,110.344,57.782,peak,80.218,52.562
137045,111.0,111.0,57.34,peak,53.66,53.66
137046,,167.698,55.736,peak,,111.96200000000002
137047,,159.228,54.868,peak,,104.36000000000001
137048,,94.722,53.096,peak,,41.626
137049,,108.666,50.514,peak,,58.151999999999994
137050,,177.976,87.454,peak,,90.522
137051,,182.59,74.618,peak,,107.97200000000001
137053,231.0,153.604,62.678,peak,168.322,90.92600000000002
137054,,94.284,52.658,peak,,41.626000000000005
147001,77.0,59.296,31.6,peak,45.4,27.695999999999998
147002,69.0,56.69,28.994,peak,40.006,27.695999999999998
147003,,41.924,7.736000000000001,peak,,34.188
147004,,45.344,15.152,peak,,30.192
147005,,60.336,26.148000000000003,peak,,34.187999999999995
147006,56.0,47.629999999999995,18.22,peak,37.78,29.409999999999997
147007,,41.562,14.386,peak,,27.176
147008,,41.03,10.868,peak,,30.162
147009,148.0,69.85,40.440000000000005,peak,107.56,29.40999999999999
147010,,62.15,34.454,peak,,27.695999999999998
147011,95.0,61.468,33.772,peak,61.228,27.696000000000005
147012,,47.294,17.102,peak,,30.191999999999997
147013,,46.334,18.638,peak,,27.696
147014,80.0,65.672,37.976,peak,42.024,27.695999999999998
147015,,51.766,24.07,peak,,27.695999999999998
147016,73.0,45.95,16.54,peak,56.46,29.410000000000004
147017,,57.492,28.081999999999997,peak,,29.41
147018,,61.402,27.214,peak,,34.188
147019,19.0,19.0,4.402,peak,14.597999999999999,14.597999999999999
147020,22.0,22.0,4.008,peak,17.992,17.992
147021,109.0,50.928,23.232,peak,85.768,27.695999999999998
147022,,61.102,31.692,peak,,29.409999999999997
147023,,44.684,11.276,peak,,33.408
147024,,66.27000000000001,32.082,peak,,34.18800000000001
147025,49.0,39.778,10.368,peak,38.632,29.409999999999997
147026,,48.508,14.32,peak,,34.188
147027,,52.636,26.958,peak,,25.678000000000004
147028,67.0,45.1,17.404,peak,49.596000000000004,27.696
147029,,49.396,21.7,peak,,27.696
147030,,62.785999999999994,35.089999999999996,peak,,27.695999999999998
147031,,56.44800000000001,28.751999999999995,peak,,27.696000000000012
147032,,57.148,22.959999999999997,peak,,34.188
147033,,50.198,16.009999999999998,peak,,34.188
147034,74.0,65.748,38.05199999999999,peak,35.94800000000001,27.696000000000012
147035,86.0,65.374,37.678,peak,48.322,27.695999999999998
147036,,54.736,27.040000000000003,peak,,27.695999999999994
147037,,56.068,28.371999999999996,peak,,27.696
147038,135.0,90.244,45.716,peak,89.28399999999999,44.528
147039,77.0,69.126,41.43,peak,35.57,27.696000000000005
147040,18.0,18.0,3.716,peak,14.283999999999999,14.283999999999999
147041,15.0,15.0,2.9199999999999995,peak,12.08,12.08
147042,11.0,11.0,4.038,peak,6.962,6.962
147043,73.0,67.868,40.172,peak,32.828,27.695999999999998
167001,,,51.944,peak,,
167002,,94.134,51.496,peak,,42.638
167003,,66.634,48.185,peak,,18.448999999999998
167004,,109.676,54.51199999999999,peak,,55.16400000000001
167005,89.0,66.404,41.694,peak,47.306,24.709999999999994
167006,118.0,118.0,55.79,peak,62.21,62.21
167007,203.0,203.0,71.502,peak,131.498,131.498
167008,,67.62,42.91,peak,,24.710000000000008
167009,,63.414,38.322,peak,,25.092
167010,,,63.901999999999994,peak,,
167011,127.0,86.524,46.89,peak,80.11,39.634
167012,,,61.83,peak,,
167013,,,57.66199999999999,peak,,
167014,,,54.266000000000005,peak,,
167015,,,57.599999999999994,peak,,
167016,,,68.056,peak,,
167017,80.0,54.732,35.984,peak,44.016,18.747999999999998
167018,,,46.87,peak,,
167019,,,60.764,peak,,
167020,,89.47,52.348,peak,,37.122
167021,205.0,205.0,73.152,peak,131.848,131.848
167022,,,89.44200000000001,peak,,
167023,,,59.946000000000005,peak,,
167024,,39.414,18.952,peak,,20.462
167025,66.0,44.432,28.055,peak,37.945,16.377000000000002
167026,,,64.732,peak,,
167027,108.0,67.92,40.224,peak,67.77600000000001,27.696000000000005
167028,102.0,89.464,44.576,peak,57.424,44.888
167029,37.0,37.0,15.994999999999996,peak,21.005000000000003,21.005000000000003
167030,51.0,49.328,26.49,peak,24.51,22.838000000000005
167031,,44.142,21.658,peak,,22.484
167032,78.0,55.412,33.49,peak,44.51,21.921999999999997
167033,,,71.112,peak,,
167034,,104.202,44.28399999999999,peak,,59.918000000000006
167035,139.0,139.0,59.099999999999994,peak,79.9,79.9
167036,,68.886,44.17600000000001,peak,,24.709999999999987
167037,48.0,43.686,24.938,peak,23.062,18.748
167038,90.0,77.394,47.294999999999995,peak,42.705000000000005,30.09900000000001
167039,92.0,92.0,56.942,peak,35.058,35.058
167040,91.0,91.0,58.352,peak,32.648,32.648
167041,107.0,64.752,45.8325,peak,61.1675,18.919499999999992
167042,,53.4,36.0825,peak,,17.317499999999995
167043,,87.68599999999999,50.56399999999999,peak,,37.122
167044,117.0,69.678,42.07399999999999,peak,74.92600000000002,27.604000000000006
167045,166.0,83.664,49.913999999999994,peak,116.08600000000001,33.75000000000001
167046,135.0,71.656,46.56399999999999,peak,88.436,25.092000000000013
167047,,,75.738,peak,,
167048,,,47.538,peak,,
167049,,,92.512,peak,,
167050,116.0,55.006,30.699999999999996,peak,85.30000000000001,24.306000000000004
167051,,85.82,52.596,peak,,33.224
167052,146.0,146.0,60.4,peak,85.6,85.6
167053,112.0,57.884,35.961999999999996,peak,76.03800000000001,21.922000000000004
167054,,39.14,17.218,peak,,21.922
167055,,,69.296,peak,,
167056,,,84.338,peak,,
167057,,52.758,30.549999999999997,peak,,22.208000000000006
167058,121.0,121.0,66.766,peak,54.233999999999995,54.233999999999995
167059,,,59.73199999999999,peak,,
167060,,,57.648,peak,,
167061,,69.858,42.162,peak,,27.696000000000005
167062,145.0,145.0,62.676,peak,82.324,82.324
167063,,,84.694,peak,,
167064,122.0,122.0,64.612,peak,57.388000000000005,57.388000000000005
167065,75.0,75.0,48.18,peak,26.82,26.82
167066,70.0,68.04599999999999,46.456,peak,23.543999999999997,21.58999999999999
167067,,,66.126,peak,,
167068,128.0,128.0,55.572,peak,72.428,72.428
167069,129.0,129.0,51.489999999999995,peak,77.51,77.51
167070,206.0,206.0,81.538,peak,124.462,124.462
167071,108.0,67.392,49.13250000000001,peak,58.86749999999999,18.25949999999999
167072,,,56.106,peak,,
167073,,48.05,29.302,peak,,18.747999999999998
167074,,52.156,37.71,peak,,14.445999999999998
167075,,110.052,52.413999999999994,peak,,57.63800000000001
167076,,,54.962,peak,,
167077,,56.698,35.91,peak,,20.788000000000004
167078,63.0,49.144,25.72,peak,37.28,23.424
167079,,30.217999999999996,8.296,peak,,21.921999999999997
167080,,62.494,40.06,peak,,22.433999999999997
167081,108.0,96.372,44.986,peak,63.014,51.386
167082,90.0,81.614,47.066,peak,42.934,34.548
167083,,103.484,52.098,peak,,51.385999999999996
167084,,,55.126000000000005,peak,,
167085,88.0,59.502,41.5375,peak,46.4625,17.9645
167086,,,77.502,peak,,
167087,61.0,46.206,23.998,peak,37.001999999999995,22.208000000000002
167088,90.0,61.548,38.8775,peak,51.1225,22.670500000000004
167089,,,63.864,peak,,
167090,72.0,63.41,38.318,peak,33.682,25.092
167091,76.0,63.278,38.186,peak,37.814,25.092
167092,,,72.418,peak,,
177001,,,66.408,peak,,
177002,,,71.988,peak,,
177003,,,47.01399999999999,peak,,
177004,,,60.0,peak,,
177005,,,49.20399999999999,peak,,
177006,,,49.008,peak,,
177007,,54.242,27.066,peak,,27.176
177008,,,63.80199999999999,peak,,
177009,,,46.8,peak,,
177010,,69.344,42.168,peak,,27.175999999999995
177011,,,77.384,peak,,
177012,,60.992,30.8,peak,,30.191999999999997
177013,,,61.168,peak,,
177014,,,41.296,peak,,
177015,,,53.541999999999994,peak,,
177016,87.0,60.072,32.896,peak,54.104,27.176000000000002
177017,82.0,58.422,31.246,peak,50.754000000000005,27.176
177018,100.0,64.104,33.912,peak,66.088,30.192
177019,117.0,64.72999999999999,34.538000000000004,peak,82.46199999999999,30.191999999999986
177020,,,50.99399999999999,peak,,
177021,,117.206,39.79,peak,,77.416
177022,,,74.978,peak,,
177023,,,81.41199999999999,peak,,
177024,,,78.746,peak,,
177025,218.0,218.0,44.878,peak,173.122,173.122
177026,,,64.046,peak,,
177027,,,55.248,peak,,
177028,,,56.842,peak,,
177029,,,39.974,peak,,
177030,,64.75399999999999,34.562,peak,,30.191999999999993
177031,,,83.286,peak,,
177032,,,64.916,peak,,
177033,,,80.35399999999998,peak,,
177034,,61.42,32.419999999999995,peak,,29.000000000000007
177035,,,74.112,peak,,
177036,,66.44800000000001,39.148,peak,,27.300000000000004
177037,,,47.31999999999999,peak,,
177038,,69.356,42.18,peak,,27.175999999999995
177039,,,69.928,peak,,
177040,,,84.57399999999998,peak,,
177041,,,68.95,peak,,
177042,233.0,233.0,68.494,peak,164.506,164.506
177043,,,62.12,peak,,
177044,,68.24799999999999,41.072,peak,,27.175999999999988
177045,,,73.226,peak,,
177046,,,62.866,peak,,
177047,,,48.51,peak,,
177048,,55.65,25.458,peak,,30.192
177049,,,72.23,peak,,
177050,,,72.782,peak,,
177052,,,68.85,peak,,
177053,,57.778,27.586,peak,,30.192
177054,,61.73,31.538000000000004,peak,,30.191999999999993
177055,,,45.856,peak,,
177056,,,58.39999999999999,peak,,
177057,,62.486,35.31,peak,,27.175999999999995
177058,162.0,162.0,58.004,peak,103.99600000000001,103.99600000000001
177059,153.0,153.0,56.388,peak,96.612,96.612
177060,,114.454,39.886,peak,,74.56799999999998
177061,,,72.468,peak,,
177062,,,52.96399999999999,peak,,
177063,,,47.784,peak,,
177064,,,72.714,peak,,
177065,,,82.954,peak,,
177066,,,84.17200000000001,peak,,
177067,,,71.17399999999999,peak,,
177068,,,70.482,peak,,
177069,,,57.367999999999995,peak,,
177070,,,52.578,peak,,
187001,,142.89,68.25399999999999,peak,,74.636
187003,,160.036,64.584,peak,,95.452
187004,175.0,88.632,49.24999999999999,peak,125.75,39.38200000000001
187005,,88.606,45.52,peak,,43.08599999999999
187006,164.0,44.506,31.568,peak,132.432,12.937999999999999
187007,175.0,87.298,54.95399999999999,peak,120.046,32.34400000000001
187008,,104.472,63.861999999999995,peak,,40.61
187009,184.0,174.616,41.444,peak,142.55599999999998,133.17200000000003
187010,,148.214,71.96600000000001,peak,,76.24799999999999
187011,,45.123999999999995,32.186,peak,,12.937999999999995
187012,163.0,153.04,49.623999999999995,peak,113.376,103.416
187013,150.0,118.808,45.982,peak,104.018,72.82600000000001
187014,,96.688,61.977999999999994,peak,,34.71000000000001
187015,,50.58,37.024,peak,,13.555999999999997
187016,,159.77,70.602,peak,,89.168
187017,,83.608,40.522,peak,,43.086000000000006
187018,62.0,39.202,26.264,peak,35.736000000000004,12.937999999999999
187019,176.0,45.46,31.903999999999996,peak,144.096,13.556000000000004
187020,,99.472,59.873999999999995,peak,,39.598
187021,,48.034,34.478,peak,,13.555999999999997
187022,,88.94200000000001,56.598,peak,,32.34400000000001
187023,,99.566,56.48,peak,,43.086000000000006
187024,,101.624,53.946000000000005,peak,,47.67799999999999
187025,,141.016,82.52,peak,,58.495999999999995
187026,175.0,98.192,55.106,peak,119.894,43.08599999999999
187027,,100.15,50.03600000000001,peak,,50.114
187028,,,54.17399999999999,peak,,
187029,,82.064,44.106,peak,,37.95799999999999
187030,,31.389999999999997,17.834,peak,,13.555999999999997
187031,,153.444,55.578,peak,,97.86599999999999
187032,,110.618,49.762,peak,,60.855999999999995
187033,,141.09,76.32600000000001,peak,,64.764
187034,,45.5,32.562,peak,,12.938000000000002
187035,,82.96199999999999,50.617999999999995,peak,,32.343999999999994
187036,138.0,69.11,44.4,peak,93.6,24.71
187037,,116.172,48.864,peak,,67.30799999999999
187039,,146.434,62.74399999999999,peak,,83.69
187040,,39.465999999999994,25.909999999999997,peak,,13.555999999999997
187041,,42.93599999999999,29.38,peak,,13.555999999999994
187042,,90.128,47.042,peak,,43.086
187043,,134.558,77.08399999999999,peak,,57.474000000000004
187044,153.0,31.288,18.35,peak,134.65,12.937999999999999
187045,,107.244,59.544,peak,,47.7
187046,,33.39,19.834,peak,,13.556000000000001
187047,,51.206,37.65,peak,,13.556000000000004
187048,,98.892,56.016,peak,,42.876
187049,,146.03199999999998,54.053999999999995,peak,,91.97799999999998
187050,,94.766,41.843999999999994,peak,,52.92200000000001
187051,,33.182,20.244,peak,,12.938000000000002
187052,,89.94,46.85399999999999,peak,,43.086000000000006
187053,,92.028,47.85,peak,,44.178000000000004
187054,,88.994,47.13999999999999,peak,,41.854000000000006
187055,,164.208,53.808,peak,,110.4
187056,,114.684,59.053999999999995,peak,,55.63
187057,,115.38,55.754,peak,,59.626
187058,,85.76599999999999,46.38399999999999,peak,,39.382
187059,,93.322,42.06399999999999,peak,,51.25800000000001
187060,,108.444,59.87199999999999,peak,,48.57200000000001
187061,225.0,43.41199999999999,29.856,peak,195.144,13.55599999999999
187062,,,48.102,peak,,
187063,,87.49000000000001,55.14600000000001,peak,,32.344
187064,,100.74,57.65399999999999,peak,,43.086000000000006
187065,,174.376,47.29399999999999,peak,,127.08200000000002
187066,,143.22,66.736,peak,,76.484
187067,,44.198,30.642,peak,,13.556000000000001
187068,,96.992,53.906,peak,,43.086000000000006
187069,134.0,96.294,55.952,peak,78.048,40.342
187070,,51.92199999999999,38.983999999999995,peak,,12.937999999999995
187071,,113.226,63.682,peak,,49.544
187072,,113.418,63.873999999999995,peak,,49.54400000000001
187073,,98.846,57.118,peak,,41.728
187074,,147.82999999999998,71.994,peak,,75.83599999999998
187075,,83.228,46.396,peak,,36.831999999999994
187076,,148.07,60.168,peak,,87.90199999999999
187077,,50.846,37.29,peak,,13.555999999999997
187078,,52.312,38.756,peak,,13.555999999999997
187079,,147.554,62.988,peak,,84.566
187080,172.0,46.623999999999995,33.686,peak,138.314,12.937999999999995
187081,,45.404,31.848000000000003,peak,,13.556000000000001
187082,,147.474,81.29399999999998,peak,,66.18
187083,,37.828,24.89,peak,,12.938000000000002
187084,,83.506,40.419999999999995,peak,,43.086000000000006
187085,,167.826,70.82199999999999,peak,,97.004
187086,93.0,51.645999999999994,38.708,peak,54.292,12.937999999999995
187087,90.0,79.038,40.188,peak,49.812,38.849999999999994
237001,,51.238,38.3,peak,,12.938000000000002
237002,,34.964,22.026,peak,,12.937999999999999
237003,5.0,5.0,1.024,peak,3.976,3.976
237004,21.0,17.192,4.13,peak,16.87,13.062000000000001
237005,20.0,17.592,5.972,peak,14.027999999999999,11.619999999999997
237006,,39.026,26.088,peak,,12.938000000000002
237007,109.0,109.0,62.486,peak,46.514,46.514
237008,,133.536,72.886,peak,,60.650000000000006
237009,,94.87,40.142,peak,,54.728
237010,,41.358,28.42,peak,,12.937999999999995
237011,,129.32,74.91399999999999,peak,,54.406000000000006
237012,,48.19199999999999,35.254,peak,,12.937999999999995
237013,204.0,41.596,28.658,peak,175.34199999999998,12.937999999999995
237014,,87.542,40.651999999999994,peak,,46.89000000000001
237015,,132.53199999999998,64.156,peak,,68.37599999999998
237016,,33.58800000000001,20.65,peak,,12.93800000000001
237017,,101.08,49.594,peak,,51.486
237018,,183.746,71.78399999999999,peak,,111.96200000000002
237019,,122.598,68.916,peak,,53.682
237020,,32.298,19.36,peak,,12.938000000000002
237021,,96.598,45.112,peak,,51.486
237022,113.0,81.04599999999999,47.822,peak,65.178,33.22399999999999
237023,,34.916,21.36,peak,,13.555999999999997
237024,144.0,81.392,43.026,peak,100.97399999999999,38.36599999999999
237025,,93.688,45.15,peak,,48.538000000000004
237026,,93.696,45.158,peak,,48.538
237027,,87.84,54.616,peak,,33.224000000000004
237028,,132.802,79.12,peak,,53.68199999999999
237029,164.0,49.914,36.976,peak,127.024,12.938000000000002
237030,,112.224,58.541999999999994,peak,,53.68200000000001
237031,175.0,125.092,72.21399999999998,peak,102.78600000000002,52.878000000000014
237032,175.0,134.17000000000002,69.24600000000001,peak,105.75399999999999,64.924
237033,,129.868,76.99,peak,,52.878
237034,,131.756,66.722,peak,,65.034
237035,174.0,122.006,68.32399999999998,peak,105.67600000000002,53.682000000000016
237036,,83.16,49.936,peak,,33.224
237037,,38.046,25.108,peak,,12.937999999999999
237038,68.0,34.128,21.19,peak,46.81,12.937999999999999
237039,231.0,94.226,45.688,peak,185.312,48.538
237040,,119.81,46.858,peak,,72.952
237041,,127.454,58.336,peak,,69.118
237042,,126.872,73.99399999999999,peak,,52.878000000000014
237043,,211.734,77.92,peak,,133.81400000000002
237044,,132.474,79.59599999999999,peak,,52.878
237045,,131.648,78.77,peak,,52.878
237046,,88.166,49.8,peak,,38.366
237047,70.0,26.064,13.126,peak,56.874,12.938
237048,,121.718,60.361999999999995,peak,,61.35600000000001
237049,,212.43,78.616,peak,,133.81400000000002
237050,,99.164,48.553999999999995,peak,,50.61000000000001
237051,,83.19,49.966,peak,,33.224
237052,,68.32,43.61,peak,,24.709999999999994
237053,,,88.7,peak,,
237054,177.0,66.602,41.892,peak,135.108,24.71
237055,227.0,100.604,52.066,peak,174.934,48.538
237056,,83.798,50.57399999999999,peak,,33.22400000000001
237057,,93.718,45.18,peak,,48.538000000000004
237058,86.0,42.31,29.372,peak,56.628,12.938000000000002
237059,,118.44,52.858,peak,,65.582
237060,175.0,129.336,75.654,peak,99.346,53.682000000000016
237061,,48.9,35.961999999999996,peak,,12.938000000000002
237062,,47.726,34.788000000000004,peak,,12.937999999999995
237063,,41.25,28.31199999999999,peak,,12.93800000000001
237064,218.0,134.39600000000002,68.658,peak,149.34199999999998,65.73800000000001
237065,173.0,81.834,48.61,peak,124.39,33.224000000000004
237066,,122.248,68.566,peak,,53.682
237067,,125.704,72.82600000000001,peak,,52.877999999999986
237068,71.0,55.574,36.826,peak,34.174,18.747999999999998
237069,175.0,127.266,74.388,peak,100.612,52.878
237070,,213.306,79.49199999999999,peak,,133.81400000000002
237071,,113.016,60.138,peak,,52.87800000000001
237072,,122.594,69.49799999999999,peak,,53.096000000000004
237073,,47.508,34.57,peak,,12.938000000000002
237074,,98.256,51.366,peak,,46.89
237075,48.0,32.918,19.979999999999997,peak,28.020000000000003,12.938000000000002
237076,76.0,37.784,24.845999999999997,peak,51.154,12.938000000000002
237077,43.0,21.042,8.104,peak,34.896,12.938000000000002
237078,,49.29,36.352,peak,,12.938000000000002
237079,89.0,86.382,53.157999999999994,peak,35.842000000000006,33.22400000000001
237080,97.0,86.912,53.688,peak,43.312,33.224000000000004
237081,,119.21,66.11399999999999,peak,,53.096000000000004
237082,,47.946,35.008,peak,,12.937999999999995
237083,,40.373999999999995,27.436,peak,,12.937999999999995
237084,,85.202,51.978,peak,,33.224
237085,,129.47199999999998,48.926,peak,,80.54599999999998
237086,,112.576,68.104,peak,,44.471999999999994
237087,173.0,88.792,55.568,peak,117.432,33.224000000000004
237088,,93.0,46.69,peak,,46.31
237089,,101.16,46.194,peak,,54.965999999999994
237090,109.0,109.0,53.988,peak,55.012,55.012
237091,173.0,125.824,57.448,peak,115.55199999999999,68.376
237092,,128.776,75.094,peak,,53.682000000000016
237093,,112.382,57.986,peak,,54.39600000000001
237094,,100.674,43.944,peak,,56.730000000000004
237095,,110.41,56.256,peak,,54.153999999999996
237096,,118.326,65.448,peak,,52.878
237097,,42.638,29.7,peak,,12.937999999999999
237098,,134.74,71.092,peak,,63.64800000000001
237099,,118.634,65.756,peak,,52.878
237100,,48.446,35.507999999999996,peak,,12.938000000000002
237101,,23.098,9.542,peak,,13.556
237102,,103.096,58.623999999999995,peak,,44.47200000000001
237103,,47.196,34.258,peak,,12.937999999999995
237104,,44.95,32.012,peak,,12.938000000000002
237105,,110.832,57.736,peak,,53.096
237106,95.0,87.338,54.114,peak,40.886,33.224
257001,,73.96799999999999,41.882,peak,,32.08599999999999
257002,,77.506,47.4675,peak,,30.0385
257003,,111.996,88.23750000000001,peak,,23.758499999999984
257004,98.0,98.0,76.675,peak,21.325000000000003,21.325000000000003
257005,199.0,117.836,70.05799999999999,peak,128.942,47.778000000000006
257006,,127.642,82.055,peak,,45.58699999999999
257007,,132.616,84.83799999999998,peak,,47.778000000000034
257008,,131.82,79.35249999999999,peak,,52.4675
257009,,144.608,50.866,peak,,93.742
257010,,135.484,65.892,peak,,69.59200000000001
257011,,,65.232,peak,,
257012,,117.238,76.2825,peak,,40.9555
257013,,135.948,61.96399999999999,peak,,73.98400000000001
257014,,116.392,64.31,peak,,52.081999999999994
257015,,67.104,35.263999999999996,peak,,31.840000000000003
257016,109.0,65.674,34.847500000000004,peak,74.1525,30.826500000000003
257017,60.0,50.624,27.4825,peak,32.5175,23.1415
257018,148.0,135.824,64.65,peak,83.35,71.174
257019,138.0,68.316,38.15,peak,99.85,30.166000000000004
257020,,67.358,41.465,peak,,25.893
257021,,136.986,55.7,peak,,81.28599999999999
257022,199.0,146.96800000000002,48.43,peak,150.57,98.53800000000001
257023,,,61.398,peak,,
257024,,135.214,57.144,peak,,78.07
257025,,122.56,75.82,peak,,46.74000000000001
257026,,,49.558,peak,,
257027,78.0,60.254,34.737500000000004,peak,43.262499999999996,25.516499999999994
257028,,130.492,49.791999999999994,peak,,80.69999999999999
257029,,,59.876,peak,,
257030,,115.39,63.65499999999999,peak,,51.735000000000014
257031,127.0,96.036,58.83250000000001,peak,68.16749999999999,37.20349999999999
257032,,114.848,62.379999999999995,peak,,52.468
257033,,75.55199999999999,43.686,peak,,31.865999999999993
257034,,,52.42600000000001,peak,,
257035,,114.788,68.41,peak,,46.378
257036,90.0,51.05,28.015,peak,61.985,23.034999999999997
257037,,152.276,55.1425,peak,,97.13350000000001
257038,,88.122,53.275,peak,,34.847
257039,75.0,64.068,37.35249999999999,peak,37.64750000000001,26.715500000000006
257040,,65.472,33.605999999999995,peak,,31.866
257041,,92.668,52.977500000000006,peak,,39.6905
257042,,,51.056,peak,,
257043,,,67.088,peak,,
257044,,,55.85999999999999,peak,,
257045,199.0,122.286,69.872,peak,129.128,52.414
257046,119.0,52.794,25.4425,peak,93.5575,27.351499999999998
257047,126.0,109.69,75.77250000000001,peak,50.22749999999999,33.91749999999999
257048,91.0,60.686,35.277499999999996,peak,55.722500000000004,25.408500000000004
257049,226.0,69.548,37.462,peak,188.538,32.086
257050,143.0,86.71199999999999,51.5125,peak,91.4875,35.199499999999986
257051,55.0,49.158,25.65,peak,29.35,23.508000000000003
257052,,127.552,67.758,peak,,59.79400000000001
257053,,149.566,82.7575,peak,,66.80850000000001
257054,,,52.3125,peak,,
257055,,,72.574,peak,,
257056,,,51.913999999999994,peak,,
257057,,117.998,62.3675,peak,,55.630500000000005
257058,93.0,66.848,40.82749999999999,peak,52.17250000000001,26.020500000000006
257059,77.0,59.858,34.2425,peak,42.7575,25.615499999999997
257060,,88.922,54.27499999999999,peak,,34.647000000000006
257061,166.0,117.258,81.14,peak,84.86,36.117999999999995
257062,,63.611999999999995,36.7825,peak,,26.829499999999996
257063,234.0,64.05799999999999,31.97199999999999,peak,202.02800000000002,32.086
257064,,,54.768,peak,,
257065,132.0,120.798,68.32999999999998,peak,63.670000000000016,52.46800000000002
257066,,127.606,50.652,peak,,76.954
257067,194.0,147.724,45.95199999999999,peak,148.048,101.77199999999999
257068,,125.952,45.252,peak,,80.69999999999999
257069,,72.414,40.574,peak,,31.840000000000003
257070,,73.69200000000001,41.826,peak,,31.866000000000007
257071,195.0,133.8,53.31999999999999,peak,141.68,80.48000000000002
257072,,95.716,55.406,peak,,40.309999999999995
257073,,100.364,52.98,peak,,47.38400000000001
257074,,76.77,46.54750000000001,peak,,30.22249999999999
257075,,133.972,77.745,peak,,56.227000000000004
257076,,74.072,42.232,peak,,31.840000000000003
257077,109.0,87.642,52.675,peak,56.325,34.967
257078,99.0,90.612,54.9175,peak,44.0825,35.6945
257079,98.0,98.0,72.60249999999999,peak,25.397500000000008,25.397500000000008
257080,51.0,44.764,20.1575,peak,30.8425,24.606500000000004
257081,60.0,48.216,24.472500000000004,peak,35.527499999999996,23.743499999999997
257082,58.0,46.994,22.944999999999997,peak,35.05500000000001,24.049000000000003
267001,43.0,34.18,16.4225,peak,26.5775,17.7575
267002,74.0,49.152,34.955,peak,39.045,14.197000000000003
267003,74.0,49.23,35.052499999999995,peak,38.947500000000005,14.177500000000002
267004,49.0,36.59,22.525,peak,26.475,14.065000000000005
267005,40.0,31.874,16.630000000000003,peak,23.369999999999997,15.243999999999996
267006,44.0,43.784000000000006,13.55,peak,30.45,30.234000000000005
267007,47.0,36.174,18.7475,peak,28.2525,17.4265
267008,46.0,36.92999999999999,19.692500000000003,peak,26.307499999999997,17.23749999999999
267009,41.0,35.078,17.3775,peak,23.6225,17.7005
267010,51.0,36.361999999999995,22.007499999999997,peak,28.992500000000003,14.354499999999998
267011,36.0,34.614000000000004,17.5525,peak,18.4475,17.061500000000006
267012,42.0,34.858,19.67,peak,22.33,15.187999999999995
267013,47.0,35.41,17.1875,peak,29.8125,18.222499999999997
267014,101.0,45.812,30.78,peak,70.22,15.031999999999996
267015,42.0,41.27199999999999,12.34,peak,29.66,28.93199999999999
267016,,51.638,38.0625,peak,,13.575499999999998
267017,38.0,33.983999999999995,9.7425,peak,28.2575,24.241499999999995
267018,37.0,33.06,9.5675,peak,27.432499999999997,23.4925
267019,17.0,17.0,9.11,peak,7.890000000000001,7.890000000000001
267020,29.0,29.0,11.755,peak,17.244999999999997,17.244999999999997
267021,30.0,30.0,11.2675,peak,18.7325,18.7325
267022,13.0,13.0,7.1575,peak,5.8425,5.8425
267023,32.0,32.0,9.1925,peak,22.807499999999997,22.807499999999997
267024,24.0,24.0,5.572500000000001,peak,18.4275,18.4275
267025,38.0,31.228,10.15,peak,27.85,21.078000000000003
267026,24.0,24.0,9.655,peak,14.345,14.345
267027,30.0,30.0,8.447499999999998,peak,21.552500000000002,21.552500000000002
267028,23.0,23.0,11.2125,peak,11.7875,11.7875
267029,7.0,7.0,2.595,peak,4.404999999999999,4.404999999999999
267030,25.0,25.0,7.96,peak,17.04,17.04
267031,22.0,22.0,6.75,peak,15.25,15.25
267032,24.0,24.0,7.0825,peak,16.9175,16.9175
267033,20.0,20.0,6.692500000000001,peak,13.3075,13.3075
267034,30.0,30.0,7.949999999999999,peak,22.05,22.05
267035,,43.05,14.412499999999998,peak,,28.6375
267036,37.0,37.0,10.145,peak,26.855,26.855
267037,42.0,41.22,12.587500000000002,peak,29.412499999999998,28.632499999999997
267038,49.0,42.488,17.244999999999997,peak,31.755000000000003,25.243000000000002
267039,34.0,34.0,6.7575,peak,27.2425,27.2425
267040,29.0,29.0,9.927500000000002,peak,19.072499999999998,19.072499999999998
267041,31.0,30.22,11.329999999999998,peak,19.67,18.89
267042,42.0,32.652,17.59,peak,24.41,15.062000000000001
267043,43.0,31.126,17.515,peak,25.485,13.611
267044,43.0,32.498000000000005,17.3975,peak,25.6025,15.100500000000004
267045,43.0,31.254,17.822499999999998,peak,25.177500000000002,13.431500000000003
267046,26.0,26.0,15.225,peak,10.775,10.775
267047,35.0,35.0,12.880000000000004,peak,22.119999999999997,22.119999999999997
267048,47.0,40.928,22.53,peak,24.47,18.397999999999996
267049,53.0,40.28,19.505000000000003,peak,33.495,20.775
267050,40.0,36.388,17.942500000000003,peak,22.057499999999997,18.445499999999996
267051,53.0,37.664,18.450000000000003,peak,34.55,19.214
267052,45.0,38.208,19.130000000000003,peak,25.869999999999997,19.077999999999996
267053,45.0,38.398,15.98,peak,29.02,22.418000000000003
267054,110.0,47.62,32.28999999999999,peak,77.71000000000001,15.330000000000005
267055,29.0,28.616,13.239999999999998,peak,15.760000000000002,15.376000000000001
267056,10.0,10.0,5.4625,peak,4.5375,4.5375
267057,24.0,24.0,14.1725,peak,9.8275,9.8275
267058,21.0,21.0,9.8125,peak,11.1875,11.1875
267059,28.0,28.0,13.185,peak,14.815,14.815
267060,50.0,41.322,12.7125,peak,37.2875,28.609500000000004
267061,49.0,40.278,10.420000000000002,peak,38.58,29.857999999999997
267062,40.0,39.846,9.4875,peak,30.5125,30.358499999999996
267063,47.0,38.134,11.335,peak,35.665,26.799
267064,44.0,40.71,12.41,peak,31.59,28.3
267065,59.0,41.91199999999999,25.905,peak,33.095,16.00699999999999
267066,39.0,33.428,14.7,peak,24.3,18.727999999999998
267067,29.0,29.0,9.1175,peak,19.8825,19.8825
267068,35.0,35.0,8.415000000000001,peak,26.585,26.585
267069,17.0,17.0,5.04,peak,11.96,11.96
267070,13.0,13.0,4.5675,peak,8.432500000000001,8.432500000000001
267071,13.0,13.0,4.7,peak,8.3,8.3
267072,27.0,27.0,5.8825,peak,21.1175,21.1175
267073,32.0,32.0,8.3,peak,23.7,23.7
267074,14.0,14.0,4.3225,peak,9.6775,9.6775
267075,25.0,25.0,7.154999999999999,peak,17.845,17.845
267076,42.0,36.908,9.9825,peak,32.0175,26.9255
267077,22.0,22.0,7.3325,peak,14.6675,14.6675
267078,38.0,35.298,17.372500000000002,peak,20.627499999999998,17.9255
267079,31.0,31.0,13.614999999999998,peak,17.385,17.385
267080,42.0,36.364,18.53,peak,23.47,17.833999999999996
267081,30.0,30.0,16.5825,peak,13.4175,13.4175
267082,33.0,31.27,13.875,peak,19.125,17.395
267083,57.0,36.336,22.9575,peak,34.042500000000004,13.378499999999999
267084,32.0,32.0,12.925,peak,19.075,19.075
267085,42.0,40.432,22.635,peak,19.365,17.797
267086,39.0,37.349999999999994,16.835,peak,22.165,20.514999999999993
267087,29.0,29.0,7.6675,peak,21.3325,21.3325
267088,37.0,36.438,10.8775,peak,26.122500000000002,25.560500000000005
267089,30.0,30.0,7.5,peak,22.5,22.5
267090,39.0,36.510000000000005,12.654999999999998,peak,26.345000000000002,23.855000000000008
267091,174.0,51.65,37.07749999999999,peak,136.9225,14.572500000000005
267092,41.0,38.028000000000006,18.25,peak,22.75,19.778000000000006
267093,107.0,52.71,39.4025,peak,67.5975,13.307499999999997
267094,79.0,51.22,37.53999999999999,peak,41.46000000000001,13.680000000000007
267095,62.0,45.244,34.61,peak,27.39,10.634
267096,49.0,43.934,14.597499999999998,peak,34.4025,29.3365
267097,48.0,42.812,14.380000000000004,peak,33.62,28.431999999999995
267098,154.0,44.124,28.1875,peak,125.8125,15.936500000000002
267099,53.0,36.908,19.65,peak,33.35,17.258000000000003
267100,39.0,38.272,19.523999999999997,peak,19.476000000000003,18.748
267101,46.0,38.29,19.542,peak,26.458,18.747999999999998
267102,56.0,38.906,20.158,peak,35.842,18.747999999999998
267103,51.0,34.192,15.444,peak,35.556,18.747999999999998
267104,74.0,43.748000000000005,28.200000000000003,peak,45.8,15.548000000000002
267105,60.0,45.108,32.1625,peak,27.8375,12.945499999999996
267106,57.0,39.751999999999995,23.9675,peak,33.0325,15.784499999999994
267107,66.0,41.838,23.09,peak,42.91,18.748
267108,31.0,30.97,15.057499999999996,peak,15.942500000000004,15.912500000000003
267109,34.0,34.0,18.5525,peak,15.447500000000002,15.447500000000002
267110,58.0,41.751999999999995,28.9775,peak,29.0225,12.774499999999996
267111,51.0,38.178,24.51,peak,26.49,13.667999999999996
267112,73.0,44.42,23.6075,peak,49.3925,20.8125
267113,43.0,33.324,15.84,peak,27.16,17.483999999999998
267114,49.0,32.004,17.775,peak,31.225,14.229
267115,57.0,33.39,19.5075,peak,37.4925,13.8825
267116,59.0,33.718,19.9175,peak,39.082499999999996,13.800500000000003
267117,47.0,29.584,14.75,peak,32.25,14.834
267118,78.0,50.438,36.5625,peak,41.4375,13.875500000000002
267119,46.0,43.431999999999995,17.6225,peak,28.3775,25.809499999999996
267120,48.0,44.012,19.15,peak,28.85,24.862000000000002
267121,48.0,45.218,18.555,peak,29.445,26.663000000000004
267122,51.0,51.0,29.9475,peak,21.0525,21.0525
267123,76.0,59.23,41.1975,peak,34.8025,18.0325
267124,25.0,25.0,12.197499999999998,peak,12.802500000000002,12.802500000000002
267125,34.0,32.734,14.1675,peak,19.8325,18.5665
267126,24.0,24.0,13.015,peak,10.985,10.985
267127,24.0,24.0,13.6525,peak,10.3475,10.3475
267128,18.0,18.0,9.25,peak,8.75,8.75
267129,28.0,28.0,10.705,peak,17.295,17.295
267130,41.0,33.352000000000004,19.744999999999997,peak,21.255000000000003,13.607000000000006
267131,64.0,39.42,22.79,peak,41.21,16.630000000000003
267132,51.0,36.168000000000006,18.725,peak,32.275,17.443000000000005
267133,64.0,42.367999999999995,26.475,peak,37.525,15.892999999999994
267134,54.0,36.844,19.569999999999997,peak,34.43000000000001,17.274000000000004
267135,56.0,38.138000000000005,21.1875,peak,34.8125,16.950500000000005
267136,23.0,23.0,10.94,peak,12.06,12.06
267137,25.0,25.0,10.745,peak,14.255,14.255
267138,31.0,31.0,14.465000000000002,peak,16.534999999999997,16.534999999999997
267139,19.0,19.0,9.06,peak,9.94,9.94
267140,46.0,44.768,16.9225,peak,29.0775,27.8455
267141,25.0,25.0,12.505,peak,12.495,12.495
267142,28.0,28.0,12.885,peak,15.115,15.115
267143,27.0,27.0,9.86,peak,17.14,17.14
267144,21.0,21.0,9.1225,peak,11.8775,11.8775
267145,21.0,21.0,10.2225,peak,10.7775,10.7775
267146,14.0,14.0,10.4475,peak,3.5525,3.5525
267147,20.0,20.0,10.375,peak,9.625,9.625
267148,27.0,27.0,14.6325,peak,12.3675,12.3675
267149,42.0,33.94799999999999,14.88,peak,27.119999999999997,19.06799999999999
267150,47.0,30.044,15.325,peak,31.675,14.719000000000001
267151,39.0,33.452,17.805,peak,21.195,15.646999999999998
267152,41.0,31.946,16.072499999999998,peak,24.927500000000002,15.873500000000003
267153,39.0,32.688,14.9025,peak,24.0975,17.785500000000003
267154,43.0,30.784,16.0,peak,27.0,14.783999999999999
267155,39.0,31.974,17.505,peak,21.495,14.469000000000001
267156,44.0,31.017999999999997,16.5425,peak,27.4575,14.475499999999997
267157,41.0,34.604,18.6575,peak,22.3425,15.9465
267158,44.0,39.712,11.3725,peak,32.6275,28.3395
267159,,43.53,31.5225,peak,,12.0075
267160,35.0,29.59,10.5025,peak,24.497500000000002,19.0875
268001,12.0,12.0,3.3774999999999995,peak,8.6225,8.6225
268002,5.0,5.0,5.7524999999999995,peak,-0.7524999999999995,-0.7524999999999995
268003,9.0,9.0,2.5399999999999996,peak,6.460000000000001,6.460000000000001
268004,23.0,23.0,6.0075,peak,16.9925,16.9925
268005,13.0,13.0,6.12,peak,6.88,6.88
268006,36.0,28.436,12.7625,peak,23.2375,15.6735
268007,27.0,25.412,8.9825,peak,18.0175,16.429499999999997
268008,35.0,30.705999999999996,15.17,peak,19.83,15.535999999999996
268009,19.0,18.394,7.579999999999999,peak,11.420000000000002,10.814
268010,25.0,19.098,6.842499999999999,peak,18.1575,12.2555
268011,16.0,16.0,5.5825,peak,10.4175,10.4175
268012,39.0,27.47,12.282500000000002,peak,26.717499999999998,15.187499999999996
268013,28.0,28.0,8.0325,peak,19.9675,19.9675
268014,29.0,25.914,8.959999999999999,peak,20.04,16.954
268015,29.0,29.0,9.615,peak,19.384999999999998,19.384999999999998
268016,28.0,28.0,8.5475,peak,19.4525,19.4525
268017,21.0,21.0,8.477500000000001,peak,12.522499999999999,12.522499999999999
268018,24.0,24.0,6.5424999999999995,peak,17.4575,17.4575
268019,23.0,23.0,6.362499999999999,peak,16.637500000000003,16.637500000000003
268020,29.0,28.814,7.237500000000001,peak,21.7625,21.5765
268021,26.0,26.0,6.484999999999999,peak,19.515,19.515
268022,35.0,27.76,9.0425,peak,25.9575,18.7175
268023,23.0,23.0,9.63,peak,13.37,13.37
268024,23.0,23.0,9.9825,peak,13.0175,13.0175
268025,20.0,20.0,7.777500000000001,peak,12.2225,12.2225
268026,27.0,26.246,7.0225,peak,19.9775,19.223499999999998
268027,28.0,25.728,10.905,peak,17.095,14.823000000000002
268028,29.0,21.404,8.027500000000002,peak,20.972499999999997,13.376499999999998
268029,27.0,20.08,8.227500000000001,peak,18.7725,11.852499999999997
268030,15.0,15.0,6.720000000000001,peak,8.28,8.28
268031,17.0,17.0,4.9825,peak,12.0175,12.0175
268032,13.0,13.0,3.0749999999999997,peak,9.925,9.925
268033,20.0,20.0,9.29,peak,10.71,10.71
268034,24.0,22.308,8.0375,peak,15.9625,14.2705
268035,23.0,23.0,5.9975000000000005,peak,17.002499999999998,17.002499999999998
268036,24.0,24.0,6.2875,peak,17.7125,17.7125
268037,31.0,28.922,12.022499999999996,peak,18.977500000000006,16.899500000000003
268038,43.0,39.099999999999994,25.22,peak,17.78,13.879999999999995
268039,38.0,32.43,16.8825,peak,21.1175,15.5475
268040,41.0,34.696,19.715000000000003,peak,21.284999999999997,14.980999999999995
268041,30.0,27.876,12.9,peak,17.1,14.976
268042,39.0,27.422,13.6925,peak,25.307499999999997,13.7295
268043,30.0,25.31,11.09,peak,18.91,14.219999999999999
268044,23.0,23.0,9.2825,peak,13.7175,13.7175
268045,22.0,22.0,8.9225,peak,13.0775,13.0775
268046,23.0,23.0,9.62,peak,13.38,13.38
268047,18.0,18.0,6.8825,peak,11.1175,11.1175
268048,12.0,12.0,4.6625,peak,7.3375,7.3375
268049,13.0,13.0,7.017499999999999,peak,5.982500000000001,5.982500000000001
268050,8.0,8.0,4.2225,peak,3.7775,3.7775
268051,25.0,25.0,9.9075,peak,15.0925,15.0925
268052,25.0,25.0,7.612500000000001,peak,17.3875,17.3875
268053,22.0,22.0,7.585,peak,14.415,14.415
268054,29.0,27.205999999999996,9.972499999999998,peak,19.027500000000003,17.2335
268055,27.0,27.0,10.7025,peak,16.2975,16.2975
268056,32.0,30.294,13.182499999999996,peak,18.817500000000003,17.111500000000007
268057,29.0,29.0,12.625,peak,16.375,16.375
268058,27.0,22.316000000000003,8.2425,peak,18.7575,14.073500000000003
268059,25.0,21.816,10.677500000000002,peak,14.322499999999998,11.138499999999997
268060,25.0,22.688,8.155,peak,16.845,14.533
268061,36.0,31.814,16.1125,peak,19.8875,15.7015
268062,35.0,29.35,13.5325,peak,21.4675,15.8175
268063,43.0,31.138,13.8925,peak,29.1075,17.2455
268064,37.0,29.305999999999997,11.6025,peak,25.3975,17.7035
268065,35.0,28.686,9.7175,peak,25.2825,18.9685
268066,39.0,29.132,13.205000000000002,peak,25.794999999999998,15.927
268067,31.0,27.192,12.735,peak,18.265,14.457
268068,34.0,28.478,13.010000000000002,peak,20.99,15.468
268069,36.0,25.968,11.39,peak,24.61,14.578
268070,19.0,19.0,6.7175,peak,12.282499999999999,12.282499999999999
268071,34.0,30.796,15.2825,peak,18.7175,15.513499999999999
268072,40.0,34.076,19.382499999999997,peak,20.617500000000003,14.693500000000004
268073,39.0,33.861999999999995,19.19,peak,19.81,14.671999999999993
268074,39.0,31.238,17.1025,peak,21.8975,14.1355
268075,38.0,30.908,16.69,peak,21.31,14.218
268076,26.0,26.0,11.8275,peak,14.1725,14.1725
268077,30.0,28.49,13.667500000000002,peak,16.332499999999996,14.822499999999996
268078,24.0,24.0,8.5625,peak,15.4375,15.4375
268079,27.0,27.0,12.1225,peak,14.8775,14.8775
268080,20.0,18.974,4.5075,peak,15.4925,14.4665
268081,16.0,16.0,5.772500000000001,peak,10.2275,10.2275
268082,13.0,13.0,4.5225,peak,8.4775,8.4775
268083,25.0,25.0,9.9175,peak,15.0825,15.0825
268084,20.0,20.0,8.555,peak,11.445,11.445
268085,18.0,18.0,6.145,peak,11.855,11.855
268086,32.0,30.837999999999997,14.5625,peak,17.4375,16.275499999999997
268087,33.0,28.594,12.32,peak,20.68,16.274
268088,37.0,27.851999999999997,8.329999999999998,peak,28.67,19.522
268089,34.0,29.016,12.959999999999996,peak,21.040000000000006,16.056000000000004
268090,35.0,28.828,12.44,peak,22.560000000000002,16.387999999999998
268091,31.0,27.328,10.9475,peak,20.052500000000002,16.380499999999998
268092,31.0,27.418,12.0425,peak,18.9575,15.375499999999999
268093,36.0,27.71,12.282500000000002,peak,23.717499999999998,15.427499999999998
268094,41.0,29.56,13.9625,peak,27.0375,15.597499999999998
268095,32.0,32.0,16.7775,peak,15.2225,15.2225
268096,10.0,10.0,4.3925,peak,5.6075,5.6075
268097,11.0,11.0,8.5275,peak,2.4725,2.4725
268098,5.0,5.0,3.3774999999999995,peak,1.6225000000000005,1.6225000000000005
268099,7.0,7.0,3.28,peak,3.72,3.72
268100,9.0,9.0,3.4475,peak,5.5525,5.5525
268101,16.0,16.0,5.550000000000001,peak,10.45,10.45
268102,19.0,19.0,6.379999999999999,peak,12.620000000000001,12.620000000000001
268103,19.0,19.0,6.977500000000001,peak,12.022499999999999,12.022499999999999
268104,18.0,18.0,9.515,peak,8.485,8.485
268105,22.0,17.968,7.3625,peak,14.6375,10.6055
268106,13.0,13.0,10.26,peak,2.74,2.74
268107,16.0,16.0,7.134999999999999,peak,8.865000000000002,8.865000000000002
268108,26.0,18.912,10.0,peak,16.0,8.911999999999999
268109,20.0,17.042,7.722499999999998,peak,12.277500000000002,9.319500000000003
268110,24.0,19.232,8.97,peak,15.03,10.261999999999999
268111,28.0,21.792,12.17,peak,15.83,9.622000000000002
268112,32.0,24.822000000000003,11.4875,peak,20.5125,13.334500000000002
268113,17.0,17.0,7.2875,peak,9.7125,9.7125
268114,28.0,22.16,9.735,peak,18.265,12.425
268115,21.0,18.454,7.997499999999999,peak,13.002500000000001,10.456500000000002
268116,27.0,20.71,9.7225,peak,17.2775,10.9875
268117,22.0,20.41,8.01,peak,13.99,12.4
268118,31.0,27.506,8.695,peak,22.305,18.811
268119,35.0,33.822,19.065,peak,15.934999999999999,14.757000000000001
268120,33.0,29.45,13.6,peak,19.4,15.85
268121,50.0,32.1,14.857499999999998,peak,35.1425,17.242500000000003
268122,40.0,31.976,16.099999999999998,peak,23.900000000000002,15.876000000000001
268123,38.0,30.427999999999997,12.7675,peak,25.2325,17.6605
268124,37.0,31.034,16.847499999999997,peak,20.152500000000003,14.186500000000002
268125,39.0,32.736000000000004,18.975,peak,20.025,13.761000000000003
268126,35.0,29.554,14.9975,peak,20.002499999999998,14.556499999999998
268127,37.0,27.613999999999997,13.53,peak,23.47,14.083999999999998
268128,17.0,17.0,8.265,peak,8.735,8.735
268129,28.0,25.312,9.8825,peak,18.1175,15.4295
268130,15.0,15.0,12.8025,peak,2.1975,2.1975
268131,15.0,15.0,11.19,peak,3.8100000000000005,3.8100000000000005
268132,27.0,24.024,7.800000000000001,peak,19.2,16.224
268133,15.0,15.0,9.065,peak,5.9350000000000005,5.9350000000000005
268134,24.0,24.0,12.892500000000002,peak,11.107499999999998,11.107499999999998
268135,27.0,26.082,13.0425,peak,13.9575,13.0395
268136,32.0,27.066,11.8275,peak,20.1725,15.238499999999998
268137,27.0,25.08,10.695,peak,16.305,14.384999999999998
268138,19.0,17.624,7.327500000000001,peak,11.6725,10.296499999999998
268139,15.0,15.0,8.142499999999998,peak,6.857500000000002,6.857500000000002
268140,10.0,10.0,9.527500000000002,peak,0.47249999999999837,0.47249999999999837
268141,2.0,2.0,5.6450000000000005,peak,-3.6450000000000005,-3.6450000000000005
268142,7.0,7.0,7.779999999999999,peak,-0.7799999999999994,-0.7799999999999994
268143,14.0,14.0,5.51,peak,8.49,8.49
268144,30.0,25.705999999999996,9.902500000000002,peak,20.097499999999997,15.803499999999994
268145,40.0,27.904,12.65,peak,27.35,15.254
268146,44.0,29.136,14.19,peak,29.810000000000002,14.946
268147,41.0,29.12,14.169999999999998,peak,26.830000000000002,14.950000000000003
268148,17.0,17.0,6.765000000000001,peak,10.235,10.235
268149,4.0,4.0,1.6899999999999995,peak,2.3100000000000005,2.3100000000000005
268150,10.0,10.0,3.675,peak,6.325,6.325
268151,20.0,20.0,6.87,peak,13.129999999999999,13.129999999999999
268152,18.0,18.0,6.1625,peak,11.8375,11.8375
268153,14.0,14.0,4.199999999999999,peak,9.8,9.8
268154,36.0,31.37,14.445,peak,21.555,16.925
268155,34.0,30.476,13.614999999999998,peak,20.385,16.861
268156,40.0,31.496,15.775000000000002,peak,24.224999999999998,15.720999999999997
268157,4.0,4.0,6.775,peak,-2.7750000000000004,-2.7750000000000004
268158,6.0,6.0,3.49,peak,2.51,2.51
268159,22.0,22.0,8.295,peak,13.705,13.705
268160,22.0,22.0,5.470000000000001,peak,16.53,16.53
268161,10.0,10.0,6.1875,peak,3.8125,3.8125
268162,15.0,15.0,6.3825,peak,8.6175,8.6175
017001,,58.4455,25.61533333333334,late,,32.83016666666666
017002,,43.063833333333335,8.570833333333335,late,,34.493
017003,,66.789,34.37683333333334,late,,32.412166666666664
017004,211.0,57.428,25.015833333333337,late,185.98416666666665,32.412166666666664
017005,,65.4525,30.433333333333337,late,,35.01916666666666
017006,,61.79866666666667,26.77950000000001,late,,35.01916666666666
017007,,172.971,48.634666666666675,late,,124.33633333333333
017008,173.0,69.84883333333333,34.82966666666667,late,138.17033333333333,35.01916666666666
017009,,49.04233333333333,16.831833333333336,late,,32.210499999999996
017010,44.0,38.557500000000005,6.145333333333334,late,37.85466666666667,32.41216666666667
017011,22.0,22.0,4.112166666666668,late,17.887833333333333,17.887833333333333
017012,,50.75833333333333,14.422833333333337,late,,36.335499999999996
017013,,68.857,36.444833333333335,late,,32.412166666666664
017014,,,43.93400000000001,late,,
017015,,164.36533333333335,49.22866666666667,late,,115.13666666666668
017016,,67.57916666666667,32.56,late,,35.01916666666666
017017,,71.29716666666667,38.885000000000005,late,,32.412166666666664
017018,,58.61233333333334,26.200166666666668,late,,32.41216666666667
017019,,66.82383333333334,34.3035,late,,32.52033333333334
017020,189.0,175.7705,57.6235,late,131.3765,118.14699999999999
017021,,49.17433333333334,16.76216666666667,late,,32.412166666666664
017022,,70.39333333333335,38.20666666666667,late,,32.186666666666675
017023,,62.731833333333334,30.545166666666667,late,,32.18666666666667
017024,,44.457166666666666,12.2705,late,,32.18666666666667
017025,,44.603833333333334,12.191666666666668,late,,32.412166666666664
017026,,62.873000000000005,30.460833333333337,late,,32.412166666666664
017027,,75.69533333333334,40.67616666666667,late,,35.01916666666667
017028,,49.464,17.277333333333335,late,,32.18666666666667
017029,,58.93866666666667,26.752,late,,32.18666666666667
017030,,151.97,41.36366666666667,late,,110.60633333333334
017031,136.0,51.587,16.567833333333336,late,119.43216666666666,35.01916666666666
017032,,173.505,46.84166666666667,late,,126.66333333333333
017033,133.0,58.37766666666667,23.358500000000003,late,109.6415,35.01916666666666
017034,113.0,56.955,21.935833333333335,late,91.06416666666667,35.01916666666666
017035,,67.2125,34.800333333333334,late,,32.41216666666667
017036,,51.378,16.358833333333333,late,,35.01916666666666
017037,,55.778000000000006,20.758833333333335,late,,35.01916666666667
017038,214.0,58.308,26.121333333333336,late,187.87866666666667,32.18666666666667
017039,,170.85716666666667,43.92666666666667,late,,126.9305
017041,,59.906666666666666,27.4945,late,,32.412166666666664
017042,214.0,59.605999999999995,27.419333333333334,late,186.58066666666667,32.18666666666666
017043,,64.1765,29.157333333333337,late,,35.01916666666666
017044,,65.491,33.078833333333336,late,,32.412166666666664
017045,198.0,63.564166666666665,28.545,late,169.45499999999998,35.01916666666666
017046,,54.11150000000001,21.924833333333336,late,,32.18666666666667
017047,,49.1615,16.749333333333336,late,,32.412166666666664
017048,,,44.95333333333334,late,,
017049,,155.91716666666667,49.69616666666666,late,,106.221
017050,,61.03783333333334,28.625666666666667,late,,32.41216666666667
017051,193.0,55.7945,23.382333333333335,late,169.61766666666665,32.412166666666664
017052,,53.43866666666667,21.0265,late,,32.41216666666667
017053,,58.62883333333333,26.44216666666667,late,,32.18666666666667
017054,15.0,15.0,2.4695,late,12.5305,12.5305
087001,117.0,57.945,23.910333333333337,late,93.08966666666666,34.034666666666666
087002,117.0,60.684000000000005,24.667500000000004,late,92.3325,36.0165
087003,,47.0385,14.149666666666668,late,,32.88883333333333
087004,98.0,57.85883333333334,25.648333333333333,late,72.35166666666666,32.2105
087005,149.0,75.65133333333333,41.73216666666668,late,107.26783333333333,33.91916666666665
087006,78.0,78.0,41.954166666666666,late,36.045833333333334,36.045833333333334
087007,81.0,43.041333333333334,24.189000000000004,late,56.81099999999999,18.85233333333333
087008,158.0,74.66499999999999,42.4545,late,115.5455,32.21049999999999
087009,,92.211,45.32916666666667,late,,46.881833333333326
087010,116.0,70.89750000000001,38.687,late,77.313,32.21050000000001
087011,54.0,33.343,12.569333333333336,late,41.43066666666667,20.773666666666667
087012,,57.65716666666667,25.44666666666667,late,,32.210499999999996
087013,,67.3225,33.403333333333336,late,,33.91916666666667
087014,94.0,44.77016666666667,25.917833333333338,late,68.08216666666667,18.85233333333333
087015,,61.52916666666667,29.31866666666667,late,,32.210499999999996
087016,,45.38433333333333,26.532000000000004,late,,18.852333333333327
087017,114.0,51.75150000000001,32.89916666666667,late,81.10083333333333,18.852333333333334
087018,131.0,74.19383333333334,41.983333333333334,late,89.01666666666667,32.21050000000001
087019,216.0,50.79266666666667,31.9935,late,184.0065,18.799166666666668
087020,,71.40266666666668,43.085166666666666,late,,28.31750000000001
087021,,68.43900000000001,36.2285,late,,32.21050000000001
087022,88.0,48.0945,15.884,late,72.116,32.210499999999996
087023,41.0,30.468333333333337,11.616,late,29.384,18.852333333333338
087024,,66.81466666666667,29.252666666666663,late,,37.562000000000005
087025,56.0,37.2755,18.423166666666667,late,37.57683333333333,18.852333333333334
087026,,44.60333333333334,24.596,late,,20.00733333333334
087027,,98.63233333333334,44.37583333333334,late,,54.256499999999996
087028,,41.75983333333334,20.98616666666667,late,,20.77366666666667
087029,48.0,32.578500000000005,13.726166666666668,late,34.27383333333333,18.852333333333338
087030,,51.86516666666667,31.091500000000003,late,,20.773666666666664
087031,82.0,42.790166666666664,22.016500000000004,late,59.98349999999999,20.77366666666666
087032,,54.36216666666667,35.50983333333333,late,,18.852333333333334
087033,120.0,74.15533333333333,41.944833333333335,late,78.05516666666666,32.210499999999996
087034,82.0,58.001333333333335,39.14900000000001,late,42.85099999999999,18.852333333333327
087035,,48.715500000000006,29.863166666666668,late,,18.852333333333338
087036,,49.0625,15.5375,late,,33.525
087037,,89.01083333333334,51.557,late,,37.453833333333336
087038,,88.97983333333333,44.24566666666667,late,,44.73416666666666
087039,154.0,66.338,34.1275,late,119.8725,32.210499999999996
087040,121.0,75.34333333333333,43.13283333333334,late,77.86716666666666,32.210499999999996
087041,,56.152,23.9415,late,,32.210499999999996
087042,,54.8925,21.367500000000003,late,,33.52499999999999
087044,,65.11883333333334,32.90833333333334,late,,32.2105
087045,,51.205666666666666,17.68066666666667,late,,33.52499999999999
087046,128.0,67.23083333333334,33.311666666666675,late,94.68833333333333,33.91916666666666
087047,31.0,31.0,8.158333333333335,late,22.841666666666665,22.841666666666665
087048,117.0,57.95550000000001,35.196333333333335,late,81.80366666666666,22.759166666666673
087049,,94.08,46.69500000000001,late,,47.38499999999999
087050,76.0,76.0,44.511500000000005,late,31.488499999999995,31.488499999999995
087051,,55.726666666666674,22.201666666666668,late,,33.525000000000006
087052,84.0,51.2575,30.891666666666666,late,53.108333333333334,20.365833333333335
087053,,59.05733333333334,40.205,late,,18.85233333333334
087054,,99.11433333333332,52.38016666666667,late,,46.73416666666665
087055,104.0,51.942166666666665,31.1685,late,72.8315,20.773666666666664
087056,122.0,54.21183333333334,33.43816666666667,late,88.56183333333334,20.77366666666667
087057,,74.99783333333333,42.51316666666667,late,,32.48466666666666
087058,,73.863,45.5455,late,,28.317500000000003
087059,,72.85733333333334,40.64683333333334,late,,32.2105
087060,,52.405166666666666,28.09791666666667,late,,24.307249999999996
087061,,97.8805,56.943333333333335,late,,40.93716666666666
087062,,85.015,42.5315,late,,42.4835
087064,36.0,31.386833333333335,10.963333333333336,late,25.03666666666666,20.423499999999997
087065,148.0,73.06550000000001,40.58083333333334,late,107.41916666666665,32.484666666666676
087066,11.0,11.0,3.0965000000000003,late,7.903499999999999,7.903499999999999
087067,113.0,92.76916666666666,48.21116666666667,late,64.78883333333333,44.55799999999999
087068,,54.25083333333333,22.040333333333336,late,,32.210499999999996
087069,85.0,58.9125,40.06016666666667,late,44.93983333333333,18.852333333333334
087070,72.0,46.488,27.63566666666667,late,44.364333333333335,18.85233333333333
087071,75.0,49.821,30.968666666666667,late,44.031333333333336,18.85233333333333
087072,119.0,66.25916666666667,34.04866666666667,late,84.95133333333334,32.2105
087073,,66.8895,33.893750000000004,late,,32.995749999999994
087074,150.0,75.1765,42.966,late,107.03399999999999,32.2105
087075,,74.99600000000001,41.261,late,,33.73500000000001
087076,,44.36683333333333,25.5145,late,,18.85233333333333
087077,,88.42416666666666,44.352,late,,44.07216666666667
087078,,104.42183333333332,59.889500000000005,late,,44.53233333333332
087079,140.0,94.93066666666668,48.19650000000001,late,91.80349999999999,46.734166666666674
087080,132.0,58.001333333333335,37.22766666666667,late,94.77233333333334,20.773666666666664
087081,117.0,55.41733333333334,35.61875,late,81.38125,19.79858333333334
087082,104.0,51.00716666666667,30.233500000000003,late,73.7665,20.773666666666667
087083,144.0,67.32983333333334,34.37316666666667,late,109.62683333333334,32.95666666666667
087084,69.0,30.231833333333334,11.379500000000002,late,57.6205,18.852333333333334
087085,166.0,96.98033333333332,52.257333333333335,late,113.74266666666666,44.722999999999985
087086,,53.04216666666667,32.2685,late,,20.773666666666664
087087,,52.22083333333334,31.447166666666668,late,,20.77366666666667
087088,,66.4535,34.243,late,,32.2105
087089,110.0,56.3935,37.54116666666667,late,72.45883333333333,18.852333333333334
087090,111.0,59.83883333333334,26.2185,late,84.7815,33.62033333333334
097001,,141.64466666666667,46.673,late,,94.97166666666666
097002,,134.3875,59.81983333333334,late,,74.56766666666664
097003,,142.17566666666667,39.534000000000006,late,,102.64166666666667
097004,,144.15816666666666,54.9945,late,,89.16366666666666
097005,,132.25983333333335,48.97566666666667,late,,83.28416666666668
097006,,142.75483333333332,66.51333333333334,late,,76.24149999999999
097007,,146.56533333333334,63.281166666666664,late,,83.28416666666668
097008,,131.54116666666667,46.43466666666668,late,,85.10649999999998
097009,,139.298,44.044,late,,95.254
097010,143.0,142.38166666666666,47.41,late,95.59,94.97166666666666
097011,,118.0,38.544,late,,79.456
097012,,151.15233333333333,56.0175,late,,95.13483333333333
097013,,149.9135,71.06183333333333,late,,78.85166666666667
097014,,132.467,41.04466666666668,late,,91.42233333333334
097015,,146.547,51.57533333333333,late,,94.97166666666666
097016,,68.71216666666666,33.693000000000005,late,,35.019166666666656
097017,,155.6495,60.51466666666667,late,,95.13483333333332
097018,,74.9565,39.937333333333335,late,,35.01916666666667
097019,191.0,137.03016666666667,50.83466666666668,late,140.1653333333333,86.1955
097020,191.0,136.878,50.682500000000005,late,140.3175,86.19549999999998
097021,,147.09883333333337,52.127166666666675,late,,94.97166666666669
097022,,66.16933333333333,28.037166666666668,late,,38.13216666666666
097023,,146.647,55.1705,late,,91.47649999999999
097024,,70.19716666666667,35.178000000000004,late,,35.01916666666667
097025,205.0,63.35516666666667,25.223000000000003,late,179.777,38.13216666666666
097026,,72.72716666666668,37.3945,late,,35.332666666666675
097027,,143.071,56.62800000000001,late,,86.44299999999998
097028,,144.78333333333333,58.2175,late,,86.56583333333333
097029,,129.55383333333333,42.15566666666667,late,,87.39816666666667
097030,,169.336,54.48116666666667,late,,114.85483333333335
097031,195.0,71.3595,36.34033333333334,late,158.65966666666665,35.019166666666656
097032,,67.801,32.78183333333334,late,,35.01916666666666
097033,,134.22616666666667,61.34516666666667,late,,72.881
097034,119.0,70.59866666666667,35.5795,late,83.4205,35.01916666666667
097035,195.0,140.24216666666666,45.7875,late,149.2125,94.45466666666667
097036,,152.54116666666667,65.94683333333334,late,,86.59433333333332
097037,,135.08133333333333,44.18333333333334,late,,90.898
097038,195.0,72.4045,37.385333333333335,late,157.61466666666666,35.01916666666666
097039,,148.05216666666666,49.9345,late,,98.11766666666666
097040,,144.41766666666666,55.425333333333334,late,,88.99233333333333
097041,173.0,146.10616666666667,67.37133333333334,late,105.62866666666666,78.73483333333333
097042,,165.706,50.27366666666667,late,,115.43233333333332
097043,,136.43983333333333,49.99683333333334,late,,86.44299999999998
097044,,149.52116666666666,65.94866666666667,late,,83.57249999999999
097045,,148.41383333333334,61.235166666666665,late,,87.17866666666669
097046,,65.04183333333333,30.02266666666667,late,,35.01916666666666
097047,195.0,63.00316666666667,27.984000000000005,late,167.016,35.01916666666666
097048,173.0,149.44916666666666,44.97533333333333,late,128.02466666666666,104.47383333333332
097049,,75.6055,40.586333333333336,late,,35.01916666666667
097050,,150.452,55.31716666666667,late,,95.13483333333332
097051,145.0,141.003,45.868166666666674,late,99.13183333333333,95.13483333333332
097052,,147.0705,58.21933333333333,late,,88.85116666666667
097053,,143.71866666666668,64.867,late,,78.85166666666667
097054,195.0,134.63583333333332,42.69650000000001,late,152.30349999999999,91.93933333333331
097055,,140.927,52.07583333333334,late,,88.85116666666664
097056,,147.50133333333332,62.08400000000001,late,,85.41733333333332
097057,,137.88733333333334,66.75716666666668,late,,71.13016666666667
097058,153.0,129.773,64.05483333333333,late,88.94516666666667,65.71816666666666
097059,,75.787,40.76783333333333,late,,35.01916666666668
097060,,146.44433333333333,51.47266666666667,late,,94.97166666666666
097061,127.0,72.85,37.83083333333334,late,89.16916666666665,35.019166666666656
097062,117.0,70.06333333333333,35.04416666666667,late,81.95583333333333,35.01916666666666
097063,115.0,69.48400000000001,34.46483333333334,late,80.53516666666667,35.01916666666667
097064,,130.08733333333333,41.2775,late,,88.80983333333333
097065,164.0,142.68333333333334,53.78633333333334,late,110.21366666666665,88.89699999999999
097066,,154.126,62.99883333333334,late,,91.12716666666667
097067,,75.4075,37.27533333333334,late,,38.132166666666656
097068,192.0,141.83716666666666,46.86550000000001,late,145.1345,94.97166666666665
097069,,140.87566666666666,69.57133333333334,late,,71.30433333333332
097070,,139.04133333333334,53.93483333333334,late,,85.10650000000001
097071,,143.81716666666665,48.84550000000001,late,,94.97166666666664
097072,,136.25833333333333,41.28666666666667,late,,94.97166666666666
097073,,144.501,49.4725,late,,95.02850000000001
097074,,149.33283333333333,60.48166666666667,late,,88.85116666666666
097075,,141.5016666666667,49.562333333333335,late,,91.93933333333337
097076,,60.783,22.650833333333335,late,,38.13216666666666
097077,,64.48633333333333,29.46716666666667,late,,35.01916666666666
097078,,155.49183333333332,60.52016666666667,late,,94.97166666666665
097079,,71.9205,33.788333333333334,late,,38.13216666666667
097080,,130.58416666666668,44.34466666666667,late,,86.2395
097081,,73.60900000000001,38.58983333333334,late,,35.01916666666667
097082,96.0,57.921166666666664,22.902,late,73.098,35.01916666666666
097083,173.0,149.80216666666666,63.30133333333334,late,109.69866666666667,86.50083333333333
097084,,146.52316666666667,51.38833333333334,late,,95.13483333333332
097085,173.0,140.5255,65.95783333333334,late,107.04216666666666,74.56766666666665
097086,,139.2605,64.69283333333333,late,,74.56766666666668
097087,,70.81866666666667,35.7995,late,,35.01916666666667
097088,,138.20533333333333,45.94883333333334,late,,92.25649999999999
097089,,73.41283333333334,38.39366666666667,late,,35.01916666666667
097090,,140.32283333333334,53.87983333333334,late,,86.443
097091,,133.66516666666666,63.814666666666675,late,,69.85049999999998
097092,195.0,149.298,71.18833333333335,late,123.81166666666665,78.10966666666666
097093,,141.5705,61.34883333333334,late,,80.22166666666666
097094,,141.1515,54.956,late,,86.1955
097095,,145.18766666666667,69.80966666666667,late,,75.378
097096,91.0,59.343833333333336,24.32466666666667,late,66.67533333333333,35.01916666666666
097097,,127.78283333333334,44.49866666666667,late,,83.28416666666666
097098,,75.83833333333334,40.81916666666667,late,,35.01916666666667
097099,,154.1113333333333,59.13966666666667,late,,94.97166666666664
097100,,166.96733333333333,60.74566666666667,late,,106.22166666666666
097101,135.0,135.0,42.76800000000001,late,92.232,92.232
097102,,67.12266666666667,32.103500000000004,late,,35.01916666666667
097103,,146.7845,60.10216666666667,late,,86.68233333333333
097104,,146.47916666666669,61.82183333333334,late,,84.65733333333336
097105,,134.0785,47.883,late,,86.19549999999998
097107,190.0,150.529,55.55733333333334,late,134.44266666666667,94.97166666666666
097108,,138.72233333333332,55.438166666666675,late,,83.28416666666665
097109,,74.10216666666668,39.083000000000006,late,,35.01916666666667
097110,,138.925,58.16983333333334,late,,80.75516666666667
097111,,141.43983333333333,65.33266666666667,late,,76.10716666666666
097112,,151.6575,64.36283333333334,late,,87.29466666666666
107001,160.0,118.50916666666669,38.80800000000001,late,121.192,79.70116666666668
107002,,143.86233333333334,53.99900000000001,late,,89.86333333333333
107003,,147.5565,69.69233333333334,late,,77.86416666666666
107004,,62.34316666666667,24.211,late,,38.13216666666667
107005,182.0,49.93516666666667,12.604166666666668,late,169.39583333333334,37.331
107006,92.0,44.74316666666667,7.412166666666667,late,84.58783333333334,37.331
107007,200.0,135.46383333333333,39.16550000000001,late,160.8345,96.29833333333332
107008,,59.272333333333336,21.941333333333333,late,,37.331
107009,,92.19766666666666,47.70516666666667,late,,44.49249999999999
107011,,70.79116666666667,33.460166666666666,late,,37.331
107012,,111.4945,58.18266666666667,late,,53.31183333333333
107013,,56.20516666666667,18.87416666666667,late,,37.331
107014,182.0,55.27383333333333,17.942833333333336,late,164.05716666666666,37.33099999999999
107015,,116.21383333333333,40.27283333333333,late,,75.941
107016,,59.873666666666665,22.54266666666667,late,,37.330999999999996
107017,,123.92716666666666,38.6595,late,,85.26766666666666
107018,132.0,106.0605,42.108,late,89.892,63.95250000000001
107019,194.0,142.59,64.17583333333334,late,129.82416666666666,78.41416666666666
107021,,144.54433333333333,66.68016666666666,late,,77.86416666666666
107023,,87.465,45.40983333333334,late,,42.055166666666665
107024,,110.95733333333334,61.43500000000001,late,,49.52233333333333
107025,,92.965,54.04483333333334,late,,38.92016666666667
107026,193.0,123.54766666666666,55.43083333333334,late,137.56916666666666,68.11683333333332
107027,,123.53116666666666,46.95533333333333,late,,76.57583333333334
107028,163.0,95.473,53.417833333333334,late,109.58216666666667,42.055166666666665
107029,139.0,110.411,42.05483333333334,late,96.94516666666667,68.35616666666667
107030,,135.55183333333332,57.68766666666667,late,,77.86416666666665
107031,,118.16816666666668,50.154500000000006,late,,68.01366666666667
107032,,152.02066666666667,72.50283333333333,late,,79.51783333333334
107033,,112.41516666666666,43.847833333333334,late,,68.56733333333332
107034,,137.9535,60.089333333333336,late,,77.86416666666665
107035,,140.85016666666667,53.447166666666675,late,,87.40299999999999
107036,,146.43566666666666,63.18216666666668,late,,83.25349999999997
107037,,115.73716666666668,39.940999999999995,late,,75.79616666666669
107038,,66.756,29.425,late,,37.331
107039,154.0,100.90883333333332,51.39016666666667,late,102.60983333333333,49.51866666666665
107040,,145.08883333333333,61.5175,late,,83.57133333333333
107041,,137.40716666666668,55.42716666666667,late,,81.98000000000002
107042,208.0,60.36866666666667,22.236500000000003,late,185.7635,38.13216666666666
107043,,136.27416666666667,46.41083333333334,late,,89.86333333333333
107044,207.0,138.40083333333334,47.37516666666667,late,159.62483333333333,91.02566666666667
107045,,68.35650000000001,30.224333333333337,late,,38.13216666666668
107046,,96.76816666666669,42.284000000000006,late,,54.48416666666668
107047,,154.29333333333335,70.24783333333333,late,,84.04550000000002
107048,,55.84583333333333,18.514833333333335,late,,37.330999999999996
107049,,65.40666666666667,28.07566666666667,late,,37.330999999999996
107050,,95.24566666666666,53.19050000000001,late,,42.05516666666666
107051,,96.54183333333332,54.48666666666667,late,,42.05516666666664
107052,19.0,19.0,3.2908333333333335,late,15.709166666666667,15.709166666666667
107053,,141.952,55.80116666666667,late,,86.15083333333334
107054,,94.9165,45.8425,late,,49.074
107055,,145.11266666666666,65.71033333333334,late,,79.40233333333332
107056,,73.5375,36.206500000000005,late,,37.33099999999999
107057,,144.108,57.83800000000001,late,,86.27
107058,,50.138666666666666,13.4035,late,,36.735166666666665
107059,,140.16083333333333,51.139,late,,89.02183333333332
107060,,93.096,53.09883333333334,late,,39.997166666666665
107061,,73.89866666666667,36.56766666666667,late,,37.331
107062,,141.74483333333333,56.870000000000005,late,,84.87483333333333
107063,,146.69483333333335,68.28066666666668,late,,78.41416666666667
107064,,158.83816666666667,72.281,late,,86.55716666666666
107065,,138.80233333333334,60.938166666666675,late,,77.86416666666666
107066,,61.94716666666667,24.61616666666667,late,,37.331
107067,,143.1161666666667,65.25200000000001,late,,77.86416666666668
107068,,99.66033333333334,57.60516666666667,late,,42.05516666666667
107069,,144.5645,66.15033333333334,late,,78.41416666666667
107070,,141.875,63.46083333333334,late,,78.41416666666666
107071,,101.512,49.49266666666667,late,,52.01933333333333
107072,146.0,98.7565,51.51116666666667,late,94.48883333333333,47.245333333333335
107073,161.0,118.85016666666668,50.83650000000001,late,110.1635,68.01366666666667
107074,,73.18366666666668,35.85266666666667,late,,37.33100000000001
107076,193.0,55.30316666666667,17.171000000000003,late,175.829,38.13216666666666
107077,,103.20416666666668,50.66416666666667,late,,52.54000000000001
107078,100.0,88.90866666666666,53.322500000000005,late,46.677499999999995,35.58616666666666
107079,132.0,110.15833333333332,38.886833333333335,late,93.11316666666667,71.27149999999997
107080,122.0,74.87216666666667,37.54116666666667,late,84.45883333333333,37.331
107081,,121.48883333333332,45.884666666666675,late,,75.60416666666664
107082,,58.5775,21.246500000000005,late,,37.330999999999996
107083,,145.63516666666666,62.06383333333334,late,,83.57133333333331
107084,,145.197,61.625666666666675,late,,83.57133333333333
107085,,93.27666666666669,51.221500000000006,late,,42.05516666666668
107086,,99.46416666666669,55.62150000000001,late,,43.84266666666667
107087,,46.76533333333333,7.375500000000001,late,,39.38983333333333
107088,,99.8775,40.07116666666666,late,,59.806333333333335
107089,,103.43233333333332,45.36033333333334,late,,58.07199999999998
107090,,46.17316666666667,10.9065,late,,35.266666666666666
107091,,64.039,26.708,late,,37.331
107092,,55.48466666666667,19.235333333333337,late,,36.24933333333333
107093,,68.39133333333334,31.060333333333336,late,,37.331
107094,,65.96583333333334,28.63483333333334,late,,37.330999999999996
107095,,100.89233333333334,58.837166666666675,late,,42.055166666666665
107096,,117.125,49.11133333333334,late,,68.01366666666667
107097,,53.251666666666665,15.920666666666667,late,,37.330999999999996
107098,,71.772,34.441,late,,37.331
137001,,141.20966666666666,61.54683333333334,late,,79.66283333333332
137002,,145.28883333333334,62.49466666666668,late,,82.79416666666665
137003,,51.58983333333334,38.64666666666667,late,,12.94316666666667
137004,,129.535,40.604666666666674,late,,88.93033333333332
137005,,140.53866666666667,48.24416666666667,late,,92.2945
137006,,139.76866666666666,60.10583333333334,late,,79.66283333333332
137007,,159.03333333333333,78.75450000000001,late,,80.27883333333332
137008,,154.72333333333333,72.74483333333335,late,,81.97849999999998
137009,157.0,40.5825,27.639333333333333,late,129.36066666666667,12.94316666666667
137010,,124.4585,46.234833333333334,late,,78.22366666666667
137011,,147.49266666666668,65.14383333333335,late,,82.34883333333333
137012,,144.75533333333334,65.0925,late,,79.66283333333334
137013,,137.24616666666668,55.26766666666667,late,,81.97850000000001
137014,,52.42766666666667,39.4845,late,,12.94316666666667
137015,,167.48883333333333,52.16016666666667,late,,115.32866666666666
137016,,137.82366666666667,54.0595,late,,83.76416666666667
137017,,141.27383333333333,58.479666666666674,late,,82.79416666666665
137018,,161.29566666666668,81.63283333333334,late,,79.66283333333334
137019,,135.05516666666668,55.39233333333334,late,,79.66283333333334
137020,,130.31233333333333,49.50183333333334,late,,80.81049999999999
137021,,143.483,63.82016666666667,late,,79.66283333333334
137022,,127.65766666666669,47.99483333333334,late,,79.66283333333334
137023,,137.27533333333332,56.903000000000006,late,,80.37233333333332
137024,,145.93783333333334,66.275,late,,79.66283333333334
137025,,51.951,39.00783333333334,late,,12.943166666666663
137026,,158.7695,76.79100000000001,late,,81.97849999999998
137027,,148.02616666666663,66.04766666666667,late,,81.97849999999995
137028,,134.7545,54.38216666666668,late,,80.37233333333333
137029,141.0,125.85366666666668,45.04316666666668,late,95.95683333333332,80.8105
137031,,44.68733333333334,31.744166666666672,late,,12.94316666666667
137032,,140.22883333333334,45.991,late,,94.23783333333334
137033,,147.73816666666667,68.07533333333333,late,,79.66283333333334
137034,,136.94533333333334,57.282500000000006,late,,79.66283333333334
137035,157.0,135.93333333333334,56.270500000000006,late,100.7295,79.66283333333334
137036,157.0,50.13783333333334,37.19466666666667,late,119.80533333333332,12.94316666666667
137037,,48.87833333333334,35.93516666666667,late,,12.94316666666667
137038,146.0,128.70416666666665,49.303833333333344,late,96.69616666666666,79.40033333333331
137039,,154.43166666666667,71.6375,late,,82.79416666666667
137040,,131.85783333333333,51.4855,late,,80.37233333333333
137041,,47.10733333333334,34.16416666666667,late,,12.94316666666667
137042,,147.454,67.79116666666667,late,,79.66283333333334
137043,141.0,132.60783333333333,51.26916666666667,late,89.73083333333332,81.33866666666665
137044,146.0,133.71883333333332,52.966833333333334,late,93.03316666666666,80.75199999999998
137045,141.0,134.4155,52.56166666666667,late,88.43833333333333,81.85383333333334
137046,,130.75416666666666,51.091333333333345,late,,79.66283333333331
137047,,131.10616666666667,50.29566666666667,late,,80.81049999999999
137048,170.0,124.8285,48.671333333333344,late,121.32866666666666,76.15716666666665
137049,,137.6105,46.3045,late,,91.30600000000001
137050,,162.14466666666667,80.16616666666667,late,,81.9785
137051,,148.06266666666667,68.39983333333333,late,,79.66283333333334
137053,,139.80366666666666,57.45483333333334,late,,82.34883333333332
137054,,124.427,48.26983333333334,late,,76.15716666666667
147001,87.0,56.854666666666674,28.96666666666667,late,58.03333333333333,27.888000000000005
147002,84.0,54.465833333333336,26.577833333333334,late,57.42216666666667,27.888
147003,73.0,40.93033333333334,7.091333333333335,late,65.90866666666666,33.839
147004,,44.065333333333335,13.889333333333337,late,,30.176
147005,99.0,57.808,23.969000000000005,late,75.03099999999999,33.839
147006,59.0,46.16083333333333,16.701666666666668,late,42.29833333333333,29.45916666666666
147007,84.0,40.5985,13.187166666666668,late,70.81283333333333,27.41133333333333
147008,,40.11083333333333,9.962333333333332,late,,30.1485
147009,130.0,66.52916666666667,37.07000000000001,late,92.92999999999999,29.45916666666666
147010,,59.47083333333334,31.582833333333337,late,,27.888
147011,98.0,58.84566666666667,30.957666666666668,late,67.04233333333333,27.888000000000005
147012,,45.852833333333336,15.676833333333336,late,,30.176000000000002
147013,,44.972833333333334,17.084833333333336,late,,27.887999999999998
147014,81.0,62.699333333333335,34.81133333333334,late,46.18866666666666,27.887999999999998
147015,,49.95216666666667,22.06416666666667,late,,27.888
147016,71.0,44.62083333333334,15.161666666666669,late,55.83833333333333,29.45916666666667
147017,,55.201,25.741833333333332,late,,29.45916666666667
147018,,58.78516666666667,24.94616666666667,late,,33.839
147019,19.0,19.0,4.035166666666667,late,14.964833333333333,14.964833333333333
147020,22.0,22.0,3.674000000000001,late,18.326,18.326
147021,103.0,49.184000000000005,21.296,late,81.70400000000001,27.888000000000005
147022,,58.51016666666667,29.051,late,,29.459166666666672
147023,,43.46033333333334,10.336333333333334,late,,33.124
147024,,63.2475,29.4085,late,,33.839
147025,55.0,38.963166666666666,9.504,late,45.496,29.45916666666667
147026,,46.965666666666664,13.126666666666669,late,,33.839
147027,,50.74966666666667,24.7115,late,,26.03816666666667
147028,66.0,43.84166666666667,15.953666666666669,late,50.04633333333333,27.887999999999998
147029,,47.77966666666667,19.891666666666666,late,,27.888000000000005
147030,,60.05383333333333,32.16583333333334,late,,27.88799999999999
147031,96.0,54.244,26.356,late,69.644,27.887999999999998
147032,,54.885666666666665,21.046666666666667,late,,33.839
147033,138.0,48.514833333333335,14.675833333333337,late,123.32416666666666,33.839
147034,78.0,62.769000000000005,34.881,late,43.119,27.888000000000005
147035,92.0,62.426166666666674,34.53816666666667,late,57.46183333333333,27.888000000000005
147036,,52.67466666666667,24.78666666666667,late,,27.887999999999998
147037,,53.89566666666667,26.007666666666665,late,,27.888000000000005
147038,132.0,69.79433333333333,41.90633333333334,late,90.09366666666665,27.887999999999984
147039,78.0,65.8655,37.9775,late,40.0225,27.887999999999998
147040,18.0,18.0,3.4063333333333334,late,14.593666666666667,14.593666666666667
147041,15.0,15.0,2.6766666666666667,late,12.323333333333334,12.323333333333334
147042,11.0,11.0,3.7015000000000007,late,7.298499999999999,7.298499999999999
147043,78.0,64.71233333333333,36.824333333333335,late,41.175666666666665,27.887999999999998
167001,,,47.61533333333333,late,,
167002,,79.78683333333333,44.416666666666664,late,,35.37016666666667
167003,,59.72650000000001,40.15416666666667,late,,19.57233333333334
167004,,100.80416666666667,47.55833333333334,late,,53.24583333333334
167005,85.0,57.07183333333334,38.2195,late,46.7805,18.85233333333334
167006,89.0,89.0,51.14083333333334,late,37.85916666666666,37.85916666666666
167007,,,65.25625000000001,late,,
167008,,58.18650000000001,39.33416666666667,late,,18.85233333333334
167009,,57.1525,35.1285,late,,22.024
167010,,,57.33958333333334,late,,
167011,141.0,73.95283333333333,42.98250000000001,late,98.01749999999998,30.970333333333322
167012,,,55.18124999999999,late,,
167013,,103.69166666666666,50.83958333333334,late,,52.852083333333326
167014,,,49.74383333333334,late,,
167015,,91.422,52.8,late,,38.622
167016,,,61.66666666666667,late,,
167017,141.0,51.837666666666664,32.98533333333334,late,108.01466666666667,18.852333333333327
167018,121.0,121.0,42.964166666666664,late,78.03583333333333,78.03583333333333
167019,,,55.70033333333333,late,,
167020,,81.82916666666668,46.7375,late,,35.09166666666668
167021,,,66.97500000000001,late,,
167022,,,81.98850000000002,late,,
167023,,,54.95050000000001,late,,
167024,,37.796166666666664,17.372666666666667,late,,20.423499999999997
167025,67.0,41.896,23.379166666666663,late,43.62083333333334,18.516833333333338
167026,,113.0,58.34583333333333,late,,54.65416666666667
167027,151.0,64.76,36.87200000000001,late,114.12799999999999,27.887999999999998
167028,114.0,65.73183333333333,40.86133333333334,late,73.13866666666667,24.870499999999986
167029,36.0,36.0,13.329166666666666,late,22.670833333333334,22.670833333333334
167030,62.0,46.884,22.075,late,39.925,24.809
167031,,42.13016666666667,19.85316666666667,late,,22.276999999999997
167032,81.0,52.461,30.69916666666667,late,50.30083333333333,21.76183333333333
167033,,,64.85000000000001,late,,
167034,,68.48166666666667,40.593666666666664,late,,27.888000000000005
167035,110.0,110.0,54.175,late,55.825,55.825
167036,,59.347,40.494666666666674,late,,18.852333333333327
167037,54.0,41.71216666666667,22.859833333333334,late,31.140166666666666,18.852333333333334
167038,102.0,60.51566666666667,39.412499999999994,late,62.587500000000006,21.103166666666674
167039,94.0,94.0,50.08958333333334,late,43.91041666666666,43.91041666666666
167040,93.0,93.0,51.55833333333334,late,41.44166666666666,41.44166666666666
167041,118.0,58.001333333333335,38.19375,late,79.80625,19.807583333333334
167042,,50.116666666666674,30.06875,late,,20.047916666666673
167043,,88.5455,46.35033333333333,late,,42.19516666666667
167044,113.0,66.48983333333334,38.56783333333333,late,74.43216666666666,27.922000000000004
167045,143.0,74.42216666666667,45.7545,late,97.24549999999999,28.66766666666667
167046,144.0,71.35133333333334,42.68366666666666,late,101.31633333333335,28.667666666666683
167047,,,69.4265,late,,
167048,,113.444,43.5765,late,,69.8675
167049,,,84.80266666666667,late,,
167050,131.0,52.20983333333334,25.583333333333332,late,105.41666666666667,26.62650000000001
167051,,86.83500000000001,48.21300000000001,late,,38.622
167052,137.0,137.0,55.366666666666674,late,81.63333333333333,81.63333333333333
167053,131.0,54.727,32.96516666666667,late,98.03483333333332,21.76183333333333
167054,,37.545,15.783166666666668,late,,21.761833333333335
167055,,,62.958333333333336,late,,
167056,,,77.30983333333334,late,,
167057,,50.02816666666667,28.004166666666663,late,,22.024000000000008
167058,120.0,120.0,60.322916666666664,late,59.677083333333336,59.677083333333336
167059,,,52.99583333333334,late,,
167060,,103.67883333333334,50.825,late,,52.85383333333334
167061,,66.5365,38.6485,late,,27.888000000000005
167062,161.0,161.0,57.45300000000001,late,103.547,103.547
167063,,,77.63616666666667,late,,
167064,129.0,129.0,59.22766666666667,late,69.77233333333334,69.77233333333334
167065,69.0,66.3725,40.962500000000006,late,28.037499999999994,25.409999999999997
167066,64.0,64.0,39.166666666666664,late,24.833333333333336,24.833333333333336
167067,,,60.61550000000001,late,,
167068,151.0,151.0,50.940999999999995,late,100.059,100.059
167069,106.0,106.0,47.19916666666667,late,58.80083333333333,58.80083333333333
167070,237.0,237.0,74.74316666666668,late,162.2568333333333,162.2568333333333
167071,164.0,63.51533333333334,40.94375,late,123.05625,22.571583333333336
167072,,,51.43050000000001,late,,
167073,,45.712500000000006,26.860166666666668,late,,18.852333333333338
167074,,48.976333333333336,31.425,late,,17.551333333333336
167075,,109.04766666666669,48.046166666666664,late,,61.00150000000002
167076,,101.21666666666668,48.02708333333334,late,,53.189583333333346
167077,211.0,53.639833333333335,32.917500000000004,late,178.08249999999998,20.72233333333333
167078,59.0,46.21533333333334,21.43333333333333,late,37.56666666666667,24.78200000000001
167079,,29.3665,7.604666666666667,late,,21.761833333333332
167080,,59.090333333333334,33.38333333333333,late,,25.707
167081,111.0,69.12516666666667,41.237166666666674,late,69.76283333333333,27.887999999999998
167082,91.0,69.10133333333334,42.05,late,48.95,27.051333333333346
167083,,103.027,47.7565,late,,55.2705
167084,,,50.53216666666667,late,,
167085,126.0,51.04983333333333,34.614583333333336,late,91.38541666666666,16.435249999999996
167086,,,71.0435,late,,
167087,82.0,44.022166666666664,21.99816666666667,late,60.00183333333333,22.023999999999994
167088,82.0,58.34416666666667,32.39791666666667,late,49.60208333333333,25.946250000000006
167089,,,57.3,late,,
167090,82.0,57.148833333333336,35.124833333333335,late,46.875166666666665,22.024
167091,82.0,57.02783333333334,35.00383333333333,late,46.99616666666667,22.024000000000008
167092,,,66.38316666666668,late,,
177001,,,60.87400000000001,late,,
177002,,,65.989,late,,
177003,,,43.09616666666666,late,,
177004,,,55.00000000000001,late,,
177005,,,45.10366666666667,late,,
177006,,,44.92400000000001,late,,
177007,,52.221833333333336,24.8105,late,,27.411333333333335
177008,,,58.485166666666665,late,,
177009,,,42.900000000000006,late,,
177010,,66.06533333333334,38.654,late,,27.41133333333334
177011,,,70.93533333333333,late,,
177012,,58.409333333333336,28.233333333333334,late,,30.176000000000002
177013,,,56.070666666666675,late,,
177014,,68.03066666666668,37.854666666666674,late,,30.176000000000002
177015,,,49.08016666666667,late,,
177016,87.0,57.566,30.15466666666667,late,56.84533333333333,27.41133333333333
177017,84.0,56.0535,28.642166666666668,late,55.35783333333333,27.41133333333333
177018,151.0,61.262,31.086,late,119.914,30.176000000000002
177019,151.0,61.83583333333334,31.65983333333334,late,119.34016666666666,30.176000000000002
177020,,,46.7445,late,,
177021,,68.41749999999999,36.47416666666667,late,,31.94333333333332
177022,,,68.72983333333335,late,,
177023,,,74.62766666666667,late,,
177024,210.0,210.0,72.18383333333334,late,137.81616666666667,137.81616666666667
177025,151.0,151.0,41.13816666666667,late,109.86183333333332,109.86183333333332
177026,,,58.70883333333334,late,,
177027,,,50.644000000000005,late,,
177028,,,52.10516666666667,late,,
177029,,66.81883333333333,36.642833333333336,late,,30.175999999999995
177030,,61.85783333333333,31.681833333333337,late,,30.175999999999995
177031,,,76.3455,late,,
177032,,,59.506333333333345,late,,
177033,,,73.65783333333333,late,,
177034,,58.80166666666667,29.718333333333337,late,,29.083333333333332
177035,,,67.936,late,,
177036,,63.41066666666667,35.88566666666667,late,,27.525
177037,,,43.376666666666665,late,,
177038,176.0,66.07633333333334,38.665,late,137.335,27.41133333333334
177039,,,64.10066666666667,late,,
177040,,,77.52616666666667,late,,
177041,,,63.20416666666667,late,,
177042,231.0,231.0,62.786166666666674,late,168.21383333333333,168.21383333333333
177043,,,56.943333333333335,late,,
177044,,65.06066666666666,37.64933333333334,late,,27.411333333333324
177045,,,67.12383333333334,late,,
177046,,140.96300000000002,57.627166666666675,late,,83.33583333333334
177047,,,44.4675,late,,
177048,84.0,53.5125,23.3365,late,60.6635,30.176000000000002
177049,,,66.21083333333334,late,,
177050,,,66.71683333333334,late,,
177052,,,63.1125,late,,
177053,,55.463166666666666,25.287166666666668,late,,30.176
177054,,59.08583333333334,28.90983333333334,late,,30.176000000000002
177055,,,42.03466666666667,late,,
177056,,,53.53333333333334,late,,
177057,,59.77883333333334,32.36750000000001,late,,27.41133333333333
177058,163.0,163.0,53.17033333333334,late,109.82966666666667,109.82966666666667
177059,151.0,151.0,51.68900000000001,late,99.31099999999999,99.31099999999999
177060,,69.68616666666668,36.56216666666666,late,,33.12400000000002
177061,,,66.429,late,,
177062,,,48.550333333333334,late,,
177063,,,43.80200000000001,late,,
177064,,,66.6545,late,,
177065,,,76.04116666666667,late,,
177066,,,77.15766666666669,late,,
177067,,,65.24283333333334,late,,
177068,,,64.6085,late,,
177069,,,52.58733333333333,late,,
177070,,,48.19650000000001,late,,
187001,,170.96883333333332,62.56616666666667,late,,108.40266666666665
187003,,181.11633333333333,59.202000000000005,late,,121.91433333333333
187004,207.0,89.41266666666667,45.145833333333336,late,161.85416666666666,44.26683333333333
187005,,86.28066666666666,41.72666666666667,late,,44.553999999999995
187006,191.0,41.8805,28.93733333333334,late,162.06266666666667,12.94316666666666
187007,207.0,88.18983333333334,50.3745,late,156.6255,37.81533333333334
187008,,97.34933333333332,58.54016666666667,late,,38.80916666666665
187009,139.0,51.5,37.99033333333333,late,101.00966666666667,13.509666666666668
187010,,177.29383333333334,65.96883333333335,late,,111.32499999999999
187011,,42.447,29.503833333333333,late,,12.94316666666667
187012,139.0,110.99583333333334,45.48866666666667,late,93.51133333333334,65.50716666666668
187013,139.0,107.65733333333333,42.15016666666667,late,96.84983333333332,65.50716666666665
187014,,100.34683333333334,56.813166666666675,late,,43.53366666666666
187015,,47.44833333333334,33.93866666666667,late,,13.509666666666668
187016,,180.8725,64.7185,late,,116.154
187017,,50.08833333333334,37.14516666666667,late,,12.94316666666667
187018,82.0,37.0185,24.075333333333337,late,57.92466666666667,12.943166666666666
187019,139.0,42.755,29.245333333333335,late,109.75466666666667,13.509666666666668
187020,,92.69983333333334,54.8845,late,,37.81533333333334
187021,,45.1145,31.60483333333334,late,,13.50966666666666
187022,,89.69683333333333,51.8815,late,,37.81533333333333
187023,,95.93866666666668,51.77333333333334,late,,44.165333333333336
187024,,99.40533333333336,49.45050000000001,late,,49.95483333333335
187025,,176.8135,75.64333333333335,late,,101.17016666666666
187026,207.0,94.67916666666667,50.51383333333334,late,156.48616666666666,44.165333333333336
187027,,96.69216666666668,45.866333333333344,late,,50.825833333333335
187028,,,49.6595,late,,
187029,,81.47533333333334,40.43050000000001,late,,41.04483333333333
187030,,29.8575,16.347833333333337,late,,13.509666666666664
187031,,178.51850000000002,50.94650000000001,late,,127.572
187032,,100.14983333333332,45.615166666666674,late,,54.534666666666645
187033,,171.13566666666668,69.9655,late,,101.17016666666667
187034,,42.79166666666667,29.8485,late,,12.94316666666667
187035,,74.71733333333333,46.39983333333333,late,,28.317499999999995
187036,121.0,59.552333333333344,40.7,late,80.3,18.85233333333334
187037,,105.241,44.792,late,,60.449
187039,,173.03316666666666,57.51533333333333,late,,115.51783333333333
187040,155.0,37.2605,23.750833333333333,late,131.24916666666667,13.509666666666668
187041,,40.44133333333333,26.93166666666667,late,,13.509666666666664
187042,,87.28716666666666,43.121833333333335,late,,44.16533333333333
187043,,151.50916666666666,70.66033333333334,late,,80.84883333333332
187044,82.0,29.764000000000003,16.820833333333333,late,65.17916666666667,12.94316666666667
187045,159.0,99.89033333333332,54.582,late,104.418,45.308333333333316
187046,,31.690833333333337,18.181166666666662,late,,13.509666666666675
187047,,48.022166666666664,34.5125,late,,13.50966666666666
187048,,95.7095,51.348000000000006,late,,44.3615
187049,,171.72416666666666,49.549499999999995,late,,122.17466666666667
187050,,51.866666666666674,38.357,late,,13.509666666666675
187051,,31.50016666666667,18.557,late,,12.94316666666667
187052,,83.32533333333333,42.9495,late,,40.37583333333333
187053,,89.247,43.8625,late,,45.3845
187054,,86.46583333333334,43.211666666666666,late,,43.25416666666667
187055,,109.93066666666668,49.324000000000005,late,,60.606666666666676
187056,182.0,103.877,54.13283333333334,late,127.86716666666666,49.74416666666666
187057,,104.515,51.10783333333334,late,,53.40716666666666
187058,,86.7855,42.51866666666667,late,,44.26683333333333
187059,,52.068333333333335,38.55866666666666,late,,13.509666666666675
187060,,98.157,54.882666666666665,late,,43.27433333333333
187061,139.0,40.87766666666667,27.368,late,111.632,13.509666666666671
187062,,198.94183333333336,44.093500000000006,late,,154.84833333333336
187063,,88.36583333333334,50.55050000000001,late,,37.815333333333335
187064,,97.01483333333334,52.8495,late,,44.16533333333334
187065,,112.8915,43.35283333333333,late,,69.53866666666667
187066,,169.95866666666666,61.174666666666674,late,,108.78399999999999
187067,,41.59816666666667,28.088500000000003,late,,13.509666666666668
187068,,93.57916666666668,49.413833333333336,late,,44.16533333333334
187069,111.0,89.85283333333334,51.28933333333334,late,59.71066666666666,38.5635
187070,,48.6785,35.73533333333334,late,,12.943166666666663
187071,,102.5405,58.37516666666667,late,,44.16533333333332
187072,,102.7165,58.55116666666667,late,,44.16533333333333
187073,,91.27833333333334,52.35816666666667,late,,38.92016666666667
187074,,175.49716666666666,65.9945,late,,109.50266666666666
187075,,80.65416666666667,42.52966666666667,late,,38.1245
187076,,111.4285,55.154,late,,56.274499999999996
187077,,47.69216666666667,34.182500000000005,late,,13.509666666666668
187078,,49.036,35.52633333333333,late,,13.509666666666668
187079,150.0,150.0,57.739,late,92.261,92.261
187080,203.0,43.822,30.878833333333336,late,172.12116666666665,12.943166666666666
187081,178.0,42.70366666666667,29.19400000000001,late,148.80599999999998,13.50966666666666
187082,,182.73333333333335,74.5195,late,,108.21383333333335
187083,,35.759,22.815833333333337,late,,12.943166666666663
187084,,49.99483333333334,37.05166666666667,late,,12.94316666666667
187085,,188.25716666666665,64.92016666666667,late,,123.33699999999997
187086,83.0,48.4255,35.48233333333334,late,47.51766666666666,12.943166666666663
187087,82.0,49.78216666666667,36.839000000000006,late,45.160999999999994,12.943166666666663
237001,,48.0515,35.108333333333334,late,,12.943166666666663
237002,,33.13366666666667,20.190500000000004,late,,12.943166666666666
237003,5.0,5.0,0.9386666666666668,late,4.061333333333334,4.061333333333334
237004,21.0,16.842666666666666,3.785833333333334,late,17.214166666666667,13.056833333333332
237005,20.0,17.209333333333333,5.474333333333335,late,14.525666666666666,11.735
237006,,36.85716666666667,23.914000000000005,late,,12.943166666666666
237007,146.0,127.54233333333332,57.278833333333345,late,88.72116666666665,70.26349999999996
237008,,143.40800000000002,66.81216666666667,late,,76.59583333333335
237009,,49.74,36.79683333333334,late,,12.943166666666663
237010,,38.99483333333333,26.05166666666667,late,,12.943166666666663
237011,,139.54333333333335,68.67116666666666,late,,70.87216666666669
237012,,45.25933333333333,32.31616666666667,late,,12.943166666666663
237013,146.0,39.213,26.269833333333334,late,119.73016666666666,12.943166666666666
237014,,50.2075,37.26433333333333,late,,12.94316666666667
237015,,142.48766666666666,58.80966666666668,late,,83.67799999999997
237016,,31.872333333333337,18.929166666666667,late,,12.94316666666667
237017,,92.04533333333332,45.46116666666667,late,,46.58416666666665
237018,,145.46483333333333,65.802,late,,79.66283333333332
237019,,133.38150000000002,63.173,late,,70.20850000000002
237020,,30.689833333333336,17.746666666666666,late,,12.94316666666667
237021,,92.48166666666668,41.35266666666667,late,,51.12900000000001
237022,103.0,72.15433333333334,43.83683333333334,late,59.16316666666666,28.317500000000003
237023,,33.089666666666666,19.58,late,,13.509666666666668
237024,85.0,52.38366666666666,39.44050000000001,late,45.55949999999999,12.943166666666656
237025,,92.13066666666668,41.3875,late,,50.74316666666668
237026,,92.138,41.39483333333334,late,,50.74316666666667
237027,,88.68666666666667,50.064666666666675,late,,38.62199999999999
237028,,142.73516666666666,72.52666666666667,late,,70.20849999999999
237029,112.0,46.837833333333336,33.894666666666666,late,78.10533333333333,12.94316666666667
237030,,92.2855,53.6635,late,,38.622
237031,181.0,135.66766666666666,66.19616666666667,late,114.80383333333333,69.47149999999999
237032,,143.13833333333332,63.47550000000001,late,,79.66283333333331
237033,,140.04566666666668,70.57416666666667,late,,69.4715
237034,,141.77633333333333,61.16183333333334,late,,80.61449999999999
237035,109.0,109.0,62.63033333333333,late,46.36966666666667,46.36966666666667
237036,,74.09216666666667,45.774666666666675,late,,28.317499999999995
237037,,35.95883333333333,23.01566666666667,late,,12.94316666666666
237038,147.0,32.367333333333335,19.42416666666667,late,127.57583333333332,12.943166666666663
237039,148.0,92.62383333333334,41.88066666666668,late,106.11933333333332,50.74316666666666
237040,,130.82583333333332,42.95316666666667,late,,87.87266666666665
237041,,92.09666666666666,53.47466666666668,late,,38.621999999999986
237042,,137.29933333333332,67.82783333333333,late,,69.47149999999999
237043,,151.0895,71.42666666666668,late,,79.66283333333331
237044,,142.4345,72.96300000000001,late,,69.4715
237045,,141.67733333333334,72.20583333333335,late,,69.47149999999999
237046,,88.9855,45.650000000000006,late,,43.335499999999996
237047,157.0,24.975333333333335,12.032166666666669,late,144.96783333333332,12.943166666666666
237048,,132.57483333333334,55.331833333333336,late,,77.24300000000001
237049,,146.71716666666669,72.06466666666668,late,,74.6525
237050,,97.15033333333334,44.50783333333334,late,,52.6425
237051,,74.11966666666667,45.80216666666667,late,,28.317500000000003
237052,,58.82816666666667,39.97583333333334,late,,18.852333333333327
237053,,,81.30833333333335,late,,
237054,105.0,57.25333333333334,38.401,late,66.59899999999999,18.852333333333334
237055,141.0,98.47033333333334,47.72716666666667,late,93.27283333333332,50.743166666666674
237056,,74.677,46.3595,late,,28.31750000000001
237057,,92.15816666666667,41.415,late,,50.743166666666674
237058,87.0,39.86750000000001,26.924333333333337,late,60.07566666666666,12.94316666666667
237059,,129.57,48.45316666666667,late,,81.11683333333332
237060,193.0,139.558,69.3495,late,123.6505,70.20849999999999
237061,,45.90833333333334,32.96516666666667,late,,12.94316666666667
237062,,44.832166666666666,31.889000000000006,late,,12.94316666666666
237063,,38.895833333333336,25.952666666666666,late,,12.94316666666667
237064,129.0,129.0,62.29375,late,66.70625,66.70625
237065,144.0,72.87666666666667,44.55916666666667,late,99.44083333333333,28.317499999999995
237066,,133.06066666666666,62.85216666666667,late,,70.20849999999999
237067,,136.22866666666667,66.75716666666668,late,,69.47149999999999
237068,85.0,52.6095,33.75716666666667,late,51.24283333333333,18.852333333333327
237069,174.0,137.6605,68.18900000000001,late,105.81099999999999,69.4715
237070,,147.26716666666667,72.86766666666666,late,,74.3995
237071,,93.7485,55.12650000000001,late,,38.622
237072,,133.37783333333334,63.706500000000005,late,,69.67133333333334
237073,,44.632333333333335,31.68916666666667,late,,12.943166666666666
237074,,96.318,47.0855,late,,49.232499999999995
237075,82.0,31.258166666666668,18.315,late,63.685,12.943166666666666
237076,198.0,35.718666666666664,22.7755,late,175.2245,12.943166666666663
237077,41.0,20.371833333333335,7.428666666666667,late,33.571333333333335,12.943166666666666
237078,,46.26583333333333,33.32266666666667,late,,12.943166666666663
237079,109.0,87.35016666666667,48.72816666666667,late,60.27183333333333,38.622
237080,112.0,87.836,49.214000000000006,late,62.785999999999994,38.62199999999999
237081,,130.27583333333334,60.6045,late,,69.67133333333334
237082,,45.033833333333334,32.09066666666667,late,,12.943166666666663
237083,,38.09283333333333,25.14966666666667,late,,12.943166666666663
237084,,86.2685,47.64650000000001,late,,38.62199999999999
237085,,139.68266666666665,44.84883333333334,late,,94.8338333333333
237086,,124.19466666666666,62.42866666666667,late,,61.76599999999999
237087,147.0,89.55933333333334,50.937333333333335,late,96.06266666666667,38.62200000000001
237088,,91.5,42.799166666666665,late,,48.700833333333335
237089,,98.98,42.3445,late,,56.63550000000001
237090,143.0,127.71266666666666,49.489,late,93.511,78.22366666666667
237091,151.0,91.28266666666669,52.66066666666667,late,98.33933333333333,38.622000000000014
237092,,139.04466666666667,68.83616666666667,late,,70.2085
237093,,93.16,53.153833333333345,late,,40.00616666666665
237094,,98.5345,40.282,late,,58.2525
237095,,122.20916666666668,51.568000000000005,late,,70.64116666666666
237096,,129.4655,59.99400000000001,late,,69.47149999999999
237097,,40.16816666666667,27.225,late,,12.94316666666667
237098,,143.39133333333334,65.16766666666668,late,,78.22366666666666
237099,,129.74783333333335,60.27633333333334,late,,69.4715
237100,,45.49216666666667,32.549,late,,12.94316666666667
237101,,22.2565,8.746833333333335,late,,13.509666666666664
237102,,93.0335,53.73866666666667,late,,39.29483333333334
237103,,44.346333333333334,31.40316666666667,late,,12.943166666666663
237104,,42.2875,29.344333333333335,late,,12.943166666666666
237105,,91.54666666666668,52.924666666666674,late,,38.62200000000001
237106,113.0,88.2265,49.6045,late,63.3955,38.622
257001,,70.804,38.39183333333333,late,,32.41216666666667
257002,,69.72999999999999,39.55625,late,,30.17374999999999
257003,,106.82966666666668,73.53125,late,,33.29841666666668
257004,87.0,87.0,63.895833333333336,late,23.104166666666664,23.104166666666664
257005,153.0,112.183,64.21983333333334,late,88.78016666666666,47.963166666666666
257006,,121.17183333333332,68.37916666666666,late,,52.79266666666666
257007,,125.73133333333334,75.07916666666668,late,,50.65216666666666
257008,,125.00166666666668,66.12708333333333,late,,58.87458333333335
257009,,133.974,46.627166666666675,late,,87.34683333333331
257010,,128.36033333333333,60.401,late,,67.95933333333332
257011,,,59.79600000000001,late,,
257012,,111.63483333333332,63.56875000000001,late,,48.06608333333331
257013,,128.78566666666666,56.800333333333334,late,,71.98533333333333
257014,,97.79983333333334,53.59166666666667,late,,44.20816666666667
257015,191.0,64.512,32.32533333333333,late,158.67466666666667,32.18666666666667
257016,75.0,55.95816666666667,29.039583333333336,late,45.96041666666666,26.918583333333334
257017,60.0,47.65533333333334,22.90208333333333,late,37.09791666666667,24.75325000000001
257018,217.0,117.422,53.875,late,163.125,63.547
257019,,58.38,31.791666666666668,late,,26.588333333333335
257020,,65.32816666666668,34.55416666666666,late,,30.774000000000015
257021,,126.98716666666668,51.05833333333334,late,,75.92883333333334
257022,199.0,136.13733333333334,44.39416666666667,late,154.60583333333332,91.74316666666667
257023,,,56.2815,late,,
257024,,128.11283333333333,52.382,late,,75.73083333333332
257025,,116.51333333333334,63.18333333333334,late,,53.33
257026,,,45.42816666666667,late,,
257027,84.0,52.97566666666667,28.947916666666668,late,55.05208333333333,24.02775
257028,,140.201,45.64266666666667,late,,94.55833333333332
257029,,106.797,54.88633333333334,late,,51.91066666666666
257030,,97.3195,53.04583333333333,late,,44.27366666666668
257031,98.0,89.26533333333333,49.02708333333334,late,48.97291666666666,40.238249999999994
257032,,96.3845,51.983333333333334,late,,44.40116666666667
257033,114.0,72.256,40.0455,late,73.9545,32.2105
257034,,142.6155,48.057166666666674,late,,94.55833333333332
257035,,109.389,57.00833333333334,late,,52.380666666666656
257036,91.0,48.045833333333334,23.34583333333333,late,67.65416666666667,24.700000000000003
257037,,202.91966666666667,45.95208333333333,late,,156.96758333333335
257038,,84.03533333333334,44.39583333333333,late,,39.63950000000001
257039,76.0,54.89333333333334,31.12708333333333,late,44.87291666666667,23.766250000000007
257040,,63.016000000000005,30.8055,late,,32.21050000000001
257041,,97.029,44.14791666666667,late,,52.88108333333333
257042,,141.19833333333332,46.80133333333334,late,,94.39699999999999
257043,,,61.49733333333334,late,,
257044,,,51.205,late,,
257045,158.0,116.26216666666669,64.04933333333334,late,93.95066666666666,52.21283333333335
257046,73.0,49.061166666666665,21.202083333333334,late,51.797916666666666,27.85908333333333
257047,111.0,104.71583333333334,63.14375,late,47.85625,41.57208333333334
257048,92.0,53.37166666666667,29.397916666666664,late,62.60208333333334,23.973750000000006
257049,194.0,66.75233333333334,34.34016666666667,late,159.65983333333332,32.41216666666667
257050,217.0,77.18016666666668,42.927083333333336,late,174.07291666666666,34.25308333333334
257051,58.0,46.3115,21.375,late,36.625,24.936500000000002
257052,,121.08933333333331,62.11150000000001,late,,58.97783333333331
257053,,200.4355,68.96458333333334,late,,131.47091666666665
257054,,104.6905,43.59375,late,,61.09675
257055,,,61.40625,late,,
257056,,,47.587833333333336,late,,
257057,,96.37533333333332,51.97291666666666,late,,44.40241666666665
257058,94.0,64.86066666666667,34.02291666666666,late,59.97708333333334,30.837750000000014
257059,82.0,52.61266666666667,28.535416666666663,late,53.46458333333334,24.077250000000006
257060,,84.76866666666666,45.229166666666664,late,,39.5395
257061,,111.65316666666666,67.61666666666667,late,,44.03649999999999
257062,,54.47533333333333,30.65208333333333,late,,23.82325
257063,,61.71983333333334,29.307666666666663,late,,32.41216666666668
257064,,,50.20400000000001,late,,
257065,171.0,114.89816666666668,56.94166666666666,late,114.05833333333334,57.95650000000002
257066,,117.41116666666667,46.431,late,,70.98016666666668
257067,173.0,74.53483333333334,42.12266666666667,late,130.87733333333333,32.41216666666667
257068,119.0,73.66766666666666,41.481,late,77.519,32.18666666666666
257069,,69.37950000000001,37.19283333333334,late,,32.18666666666667
257070,,70.551,38.340500000000006,late,,32.210499999999996
257071,152.0,126.81666666666666,48.876666666666665,late,103.12333333333333,77.94
257072,,99.823,47.32291666666667,late,,52.50008333333332
257073,,104.08366666666667,44.15,late,,59.933666666666674
257074,,69.05533333333334,38.78958333333334,late,,30.265749999999997
257075,,126.97433333333332,64.78750000000001,late,,62.18683333333331
257076,,70.89933333333335,38.71266666666667,late,,32.186666666666675
257077,97.0,83.59533333333334,43.895833333333336,late,53.104166666666664,39.69950000000001
257078,92.0,86.39433333333332,45.764583333333334,late,46.235416666666666,40.62974999999999
257079,87.0,87.0,60.50208333333333,late,26.49791666666667,26.49791666666667
257080,46.0,42.28366666666667,16.797916666666666,late,29.202083333333334,25.485750000000003
257081,57.0,45.448,20.39375,late,36.60625,25.05425
257082,53.0,44.32783333333334,19.12083333333333,late,33.87916666666667,25.207000000000008
267001,41.0,32.498333333333335,13.685416666666663,late,27.31458333333334,18.812916666666673
267002,93.0,46.22266666666667,29.12916666666667,late,63.87083333333333,17.0935
267003,85.0,46.29416666666667,29.210416666666667,late,55.78958333333333,17.083750000000002
267004,45.0,34.707499999999996,18.770833333333336,late,26.229166666666664,15.93666666666666
267005,35.0,30.384500000000003,13.858333333333334,late,21.141666666666666,16.52616666666667
267006,44.0,41.385333333333335,11.291666666666666,late,32.708333333333336,30.09366666666667
267007,40.0,34.4095,15.622916666666669,late,24.37708333333333,18.786583333333333
267008,40.0,35.1025,16.410416666666666,late,23.589583333333334,18.692083333333333
267009,36.0,33.40483333333333,14.48125,late,21.51875,18.92358333333333
267010,42.0,34.581833333333336,18.33958333333333,late,23.66041666666667,16.242250000000006
267011,34.0,32.9795,14.627083333333331,late,19.37291666666667,18.35241666666667
267012,40.0,33.20316666666667,16.391666666666666,late,23.608333333333334,16.811500000000002
267013,38.0,33.70916666666667,14.322916666666668,late,23.677083333333332,19.38625
267014,123.0,43.161,25.65,late,97.35,17.511000000000003
267015,41.0,39.08266666666667,10.283333333333331,late,30.71666666666667,28.799333333333337
267016,,48.50150000000001,31.71875,late,,16.782750000000007
267017,36.0,32.402,8.11875,late,27.88125,24.283250000000002
267018,34.0,31.555000000000003,7.972916666666666,late,26.027083333333334,23.582083333333337
267019,17.0,17.0,7.591666666666667,late,9.408333333333333,9.408333333333333
267020,28.0,28.0,9.795833333333334,late,18.204166666666666,18.204166666666666
267021,30.0,29.8115,9.389583333333334,late,20.610416666666666,20.421916666666664
267022,13.0,13.0,5.964583333333334,late,7.035416666666666,7.035416666666666
267023,30.0,30.0,7.660416666666666,late,22.339583333333334,22.339583333333334
267024,24.0,24.0,4.643750000000001,late,19.35625,19.35625
267025,38.0,29.875666666666667,8.458333333333334,late,29.541666666666664,21.417333333333332
267026,25.0,25.0,8.045833333333333,late,16.954166666666666,16.954166666666666
267027,29.0,29.0,7.039583333333333,late,21.960416666666667,21.960416666666667
267028,22.0,22.0,9.34375,late,12.65625,12.65625
267029,7.0,7.0,2.1625,late,4.8375,4.8375
267030,25.0,25.0,6.633333333333333,late,18.366666666666667,18.366666666666667
267031,22.0,22.0,5.625,late,16.375,16.375
267032,24.0,24.0,5.902083333333334,late,18.097916666666666,18.097916666666666
267033,20.0,20.0,5.577083333333333,late,14.422916666666666,14.422916666666666
267034,29.0,29.0,6.625,late,22.375,22.375
267035,,40.712500000000006,12.010416666666666,late,,28.70208333333334
267036,37.0,36.92483333333334,8.454166666666667,late,28.545833333333334,28.470666666666673
267037,41.0,39.035,10.489583333333334,late,30.510416666666664,28.54541666666666
267038,48.0,40.19733333333334,14.370833333333334,late,33.62916666666666,25.826500000000006
267039,32.0,32.0,5.63125,late,26.36875,26.36875
267040,26.0,26.0,8.272916666666667,late,17.727083333333333,17.727083333333333
267041,25.0,25.0,9.441666666666666,late,15.558333333333334,15.558333333333334
267042,39.0,31.181,14.658333333333331,late,24.34166666666667,16.52266666666667
267043,38.0,29.78216666666667,14.595833333333337,late,23.40416666666666,15.186333333333332
267044,39.0,31.039833333333338,14.497916666666663,late,24.50208333333334,16.541916666666673
267045,40.0,29.899500000000003,14.852083333333333,late,25.147916666666667,15.04741666666667
267046,25.0,25.0,12.6875,late,12.3125,12.3125
267047,34.0,34.0,10.733333333333334,late,23.266666666666666,23.266666666666666
267048,49.0,38.184000000000005,18.775,late,30.225,19.409000000000006
267049,51.0,37.59,16.254166666666666,late,34.74583333333334,21.335833333333337
267050,38.0,34.022333333333336,14.952083333333334,late,23.047916666666666,19.07025
267051,49.0,35.19200000000001,15.375,late,33.625,19.817000000000007
267052,48.0,35.69066666666667,15.941666666666666,late,32.05833333333334,19.749000000000006
267053,41.0,35.86483333333334,13.316666666666668,late,27.68333333333333,22.548166666666667
267054,117.0,44.818333333333335,26.90833333333333,late,90.09166666666667,17.910000000000004
267055,27.0,27.0,11.033333333333331,late,15.966666666666669,15.966666666666669
267056,10.0,10.0,4.552083333333333,late,5.447916666666667,5.447916666666667
267057,23.0,23.0,11.810416666666663,late,11.189583333333337,11.189583333333337
267058,21.0,21.0,8.177083333333334,late,12.822916666666666,12.822916666666666
267059,25.0,25.0,10.9875,late,14.0125,14.0125
267060,55.0,41.46183333333333,10.59375,late,44.40625,30.86808333333333
267061,51.0,40.16066666666667,8.683333333333334,late,42.31666666666666,31.477333333333338
267062,40.0,38.97816666666667,7.90625,late,32.09375,31.071916666666667
267063,50.0,38.5395,9.445833333333333,late,40.55416666666667,29.093666666666664
267064,48.0,40.90083333333334,10.341666666666669,late,37.65833333333333,30.55916666666667
267065,72.0,39.586,21.5875,late,50.4125,17.9985
267066,36.0,31.809000000000005,12.25,late,23.75,19.559000000000005
267067,29.0,29.0,7.597916666666666,late,21.402083333333334,21.402083333333334
267068,35.0,35.0,7.0125,late,27.9875,27.9875
267069,17.0,17.0,4.2,late,12.8,12.8
267070,13.0,13.0,3.80625,late,9.19375,9.19375
267071,13.0,13.0,3.9166666666666665,late,9.083333333333334,9.083333333333334
267072,27.0,27.0,4.902083333333334,late,22.097916666666666,22.097916666666666
267073,33.0,33.0,6.916666666666666,late,26.083333333333336,26.083333333333336
267074,14.0,14.0,3.6020833333333337,late,10.397916666666667,10.397916666666667
267075,25.0,25.0,5.9624999999999995,late,19.0375,19.0375
267076,43.0,37.41566666666667,8.31875,late,34.68125,29.096916666666665
267077,21.0,21.0,6.1104166666666675,late,14.889583333333333,14.889583333333333
267078,36.0,33.6065,14.477083333333333,late,21.522916666666667,19.129416666666664
267079,30.0,30.0,11.345833333333331,late,18.65416666666667,18.65416666666667
267080,38.0,34.58366666666667,15.441666666666666,late,22.558333333333334,19.142000000000007
267081,29.0,29.0,13.81875,late,15.18125,15.18125
267082,32.0,29.914166666666667,11.5625,late,20.4375,18.351666666666667
267083,42.0,34.558,19.13125,late,22.86875,15.426749999999998
267084,26.0,26.0,10.770833333333334,late,15.229166666666666,15.229166666666666
267085,33.0,33.0,18.8625,late,14.1375,14.1375
267086,33.0,33.0,14.029166666666663,late,18.97083333333334,18.97083333333334
267087,26.0,26.0,6.3895833333333325,late,19.610416666666666,19.610416666666666
267088,36.0,34.6515,9.064583333333331,late,26.93541666666667,25.586916666666667
267089,27.0,27.0,6.25,late,20.75,20.75
267090,39.0,34.7175,10.545833333333333,late,28.454166666666666,24.171666666666667
267091,196.0,48.5125,30.897916666666664,late,165.10208333333333,17.61458333333334
267092,40.0,36.109,15.208333333333332,late,24.791666666666668,20.90066666666667
267093,126.0,49.48416666666667,32.83541666666666,late,93.16458333333334,16.648750000000007
267094,85.0,48.11833333333333,31.28333333333333,late,53.71666666666667,16.835
267095,58.0,42.64033333333334,28.84166666666667,late,29.15833333333333,13.79866666666667
267096,49.0,43.22416666666667,12.164583333333333,late,36.83541666666667,31.059583333333336
267097,48.0,40.49433333333333,11.983333333333334,late,36.016666666666666,28.510999999999996
267098,129.0,41.613666666666674,23.489583333333336,late,105.51041666666666,18.12408333333334
267099,57.0,34.999,16.375,late,40.625,18.624000000000002
267100,41.0,36.158166666666666,16.47291666666667,late,24.52708333333333,19.685249999999996
267101,47.0,36.76583333333333,17.913500000000003,late,29.086499999999997,18.85233333333333
267102,56.0,37.3305,17.445833333333333,late,38.55416666666667,19.884666666666668
267103,47.0,33.00933333333333,14.157000000000002,late,32.842999999999996,18.852333333333327
267104,81.0,41.269000000000005,23.5,late,57.5,17.769000000000005
267105,65.0,42.515666666666675,26.802083333333332,late,38.19791666666667,15.713583333333343
267106,52.0,37.605999999999995,19.972916666666663,late,32.02708333333334,17.63308333333333
267107,53.0,40.01816666666667,21.165833333333335,late,31.834166666666665,18.852333333333338
267108,31.0,29.055833333333336,12.547916666666666,late,18.452083333333334,16.50791666666667
267109,38.0,34.332166666666666,15.460416666666667,late,22.539583333333333,18.87175
267110,61.0,39.43933333333334,24.147916666666664,late,36.85208333333334,15.291416666666674
267111,52.0,36.16316666666667,20.425,late,31.575,15.738166666666668
267112,63.0,41.385000000000005,19.672916666666666,late,43.327083333333334,21.71208333333334
267113,35.0,31.797000000000004,13.2,late,21.8,18.597000000000005
267114,41.0,30.587000000000003,14.8125,late,26.1875,15.774500000000003
267115,47.0,31.8575,16.256249999999998,late,30.743750000000002,15.601250000000004
267116,45.0,32.158166666666666,16.597916666666666,late,28.402083333333334,15.56025
267117,39.0,28.36866666666667,12.291666666666668,late,26.708333333333332,16.077
267118,89.0,47.401500000000006,30.46875,late,58.53125,16.932750000000006
267119,38.0,38.0,14.685416666666669,late,23.31458333333333,23.31458333333333
267120,45.0,41.59433333333334,15.958333333333334,late,29.041666666666664,25.636000000000003
267121,46.0,42.69983333333334,15.462500000000002,late,30.537499999999998,27.237333333333336
267122,47.0,47.0,24.95625,late,22.04375,22.04375
267123,81.0,50.8005,34.33125,late,46.66875,16.469250000000002
267124,25.0,25.0,10.164583333333333,late,14.835416666666667,14.835416666666667
267125,35.0,31.25616666666667,11.80625,late,23.19375,19.449916666666667
267126,24.0,24.0,10.845833333333337,late,13.154166666666663,13.154166666666663
267127,23.0,23.0,11.377083333333331,late,11.622916666666669,11.622916666666669
267128,18.0,18.0,7.708333333333334,late,10.291666666666666,10.291666666666666
267129,28.0,28.0,8.920833333333334,late,19.079166666666666,19.079166666666666
267130,39.0,31.739333333333335,16.454166666666666,late,22.545833333333334,15.285166666666669
267131,68.0,37.30166666666667,18.991666666666667,late,49.00833333333333,18.310000000000002
267132,51.0,34.32066666666667,15.604166666666666,late,35.395833333333336,18.716500000000003
267133,68.0,40.004000000000005,22.0625,late,45.9375,17.941500000000005
267134,58.0,34.94033333333334,16.30833333333333,late,41.69166666666667,18.632000000000012
267135,57.0,36.12650000000001,17.65625,late,39.34375,18.470250000000007
267136,23.0,23.0,9.116666666666667,late,13.883333333333333,13.883333333333333
267137,25.0,25.0,8.954166666666666,late,16.045833333333334,16.045833333333334
267138,30.0,30.0,12.054166666666667,late,17.945833333333333,17.945833333333333
267139,19.0,19.0,7.55,late,11.45,11.45
267140,41.0,41.0,14.102083333333333,late,26.897916666666667,26.897916666666667
267141,25.0,25.0,10.420833333333333,late,14.579166666666667,14.579166666666667
267142,28.0,28.0,10.7375,late,17.2625,17.2625
267143,25.0,25.0,8.216666666666667,late,16.78333333333333,16.78333333333333
267144,21.0,21.0,7.602083333333333,late,13.397916666666667,13.397916666666667
267145,21.0,21.0,8.518749999999999,late,12.481250000000001,12.481250000000001
267146,14.0,14.0,8.70625,late,5.293749999999999,5.293749999999999
267147,20.0,20.0,8.645833333333334,late,11.354166666666666,11.354166666666666
267148,27.0,27.0,12.193749999999998,late,14.806250000000002,14.806250000000002
267149,38.0,32.369,12.4,late,25.6,19.969
267150,40.0,28.790333333333336,12.770833333333334,late,27.229166666666664,16.0195
267151,35.0,31.914333333333335,14.837500000000002,late,20.162499999999998,17.076833333333333
267152,35.0,30.533833333333337,13.39375,late,21.60625,17.140083333333337
267153,34.0,31.214,12.41875,late,21.58125,18.79525
267154,35.0,29.46866666666667,13.333333333333332,late,21.666666666666668,16.13533333333334
267155,35.0,30.559500000000003,14.5875,late,20.4125,15.972000000000003
267156,39.0,29.683166666666665,13.785416666666668,late,25.21458333333333,15.897749999999997
267157,38.0,32.97033333333333,15.547916666666666,late,22.452083333333334,17.422416666666663
267158,41.0,38.035,9.477083333333333,late,31.522916666666667,28.557916666666664
267159,,41.1525,26.26875,late,,14.883750000000003
267160,34.0,28.290833333333335,8.752083333333333,late,25.24791666666667,19.53875
268001,12.0,12.0,2.814583333333333,late,9.185416666666667,9.185416666666667
268002,5.0,5.0,4.79375,late,0.20624999999999982,0.20624999999999982
268003,9.0,9.0,2.1166666666666663,late,6.883333333333334,6.883333333333334
268004,23.0,23.0,5.00625,late,17.99375,17.99375
268005,13.0,13.0,5.1,late,7.9,7.9
268006,33.0,27.733,10.635416666666666,late,22.364583333333336,17.097583333333333
268007,26.0,24.961,7.485416666666667,late,18.514583333333334,17.475583333333333
268008,33.0,29.313833333333335,12.641666666666666,late,20.358333333333334,16.67216666666667
268009,18.0,18.0,6.316666666666666,late,11.683333333333334,11.683333333333334
268010,26.0,18.673166666666667,5.702083333333333,late,20.297916666666666,12.971083333333333
268011,16.0,16.0,4.652083333333334,late,11.347916666666666,11.347916666666666
268012,36.0,26.3475,10.235416666666667,late,25.764583333333334,16.11208333333333
268013,26.0,26.0,6.6937500000000005,late,19.30625,19.30625
268014,29.0,24.921166666666668,7.466666666666666,late,21.533333333333335,17.454500000000003
268015,28.0,28.0,8.0125,late,19.9875,19.9875
268016,27.0,27.0,7.122916666666667,late,19.87708333333333,19.87708333333333
268017,21.0,21.0,7.064583333333334,late,13.935416666666665,13.935416666666665
268018,24.0,24.0,5.4520833333333325,late,18.547916666666666,18.547916666666666
268019,23.0,23.0,5.302083333333333,late,17.697916666666668,17.697916666666668
268020,27.0,27.0,6.03125,late,20.96875,20.96875
268021,26.0,25.34466666666667,5.404166666666667,late,20.59583333333333,19.9405
268022,30.0,26.613333333333337,7.535416666666666,late,22.464583333333334,19.07791666666667
268023,20.0,20.0,8.025,late,11.975,11.975
268024,22.0,22.0,8.31875,late,13.68125,13.68125
268025,19.0,19.0,6.481250000000001,late,12.518749999999999,12.518749999999999
268026,26.0,25.2255,5.852083333333333,late,20.147916666666667,19.373416666666667
268027,26.0,24.750666666666667,9.0875,late,16.9125,15.663166666666667
268028,27.0,20.787,6.689583333333334,late,20.310416666666665,14.097416666666664
268029,27.0,19.573333333333338,6.85625,late,20.14375,12.717083333333338
268030,15.0,15.0,5.6000000000000005,late,9.399999999999999,9.399999999999999
268031,17.0,17.0,4.152083333333334,late,12.847916666666666,12.847916666666666
268032,13.0,13.0,2.5625,late,10.4375,10.4375
268033,20.0,20.0,7.741666666666667,late,12.258333333333333,12.258333333333333
268034,25.0,22.115666666666662,6.697916666666667,late,18.302083333333332,15.417749999999995
268035,24.0,23.356833333333334,4.997916666666667,late,19.00208333333333,18.358916666666666
268036,24.0,24.0,5.239583333333333,late,18.760416666666668,18.760416666666668
268037,29.0,27.1785,10.01875,late,18.98125,17.15975
268038,44.0,36.50833333333333,21.016666666666666,late,22.983333333333334,15.491666666666667
268039,37.0,30.394166666666667,14.068749999999998,late,22.931250000000002,16.32541666666667
268040,40.0,32.471333333333334,16.429166666666667,late,23.570833333333333,16.042166666666667
268041,29.0,26.71966666666667,10.75,late,18.25,15.969666666666669
268042,38.0,26.3035,11.410416666666666,late,26.589583333333334,14.893083333333333
268043,29.0,24.3675,9.241666666666667,late,19.758333333333333,15.125833333333333
268044,22.0,22.0,7.735416666666667,late,14.264583333333334,14.264583333333334
268045,22.0,22.0,7.435416666666667,late,14.564583333333333,14.564583333333333
268046,21.0,21.0,8.016666666666666,late,12.983333333333334,12.983333333333334
268047,17.0,17.0,5.7354166666666675,late,11.264583333333333,11.264583333333333
268048,12.0,12.0,3.885416666666667,late,8.114583333333332,8.114583333333332
268049,13.0,13.0,5.847916666666666,late,7.152083333333334,7.152083333333334
268050,8.0,8.0,3.51875,late,4.48125,4.48125
268051,25.0,25.0,8.256250000000001,late,16.74375,16.74375
268052,24.0,24.0,6.34375,late,17.65625,17.65625
268053,22.0,22.0,6.320833333333333,late,15.679166666666667,15.679166666666667
268054,26.0,26.0,8.310416666666665,late,17.689583333333335,17.689583333333335
268055,26.0,26.0,8.918750000000001,late,17.081249999999997,17.081249999999997
268056,32.0,29.0195,10.985416666666666,late,21.014583333333334,18.034083333333335
268057,28.0,27.272,10.520833333333332,late,17.479166666666668,16.751166666666666
268058,27.0,21.623,6.86875,late,20.13125,14.75425
268059,24.0,21.16466666666667,8.897916666666667,late,15.102083333333333,12.266750000000002
268060,23.0,21.964,6.795833333333333,late,16.204166666666666,15.168166666666664
268061,35.0,29.829500000000003,13.427083333333334,late,21.572916666666664,16.402416666666667
268062,32.0,28.070833333333333,11.277083333333334,late,20.722916666666666,16.79375
268063,38.0,29.709833333333336,11.577083333333334,late,26.422916666666666,18.13275
268064,32.0,28.0305,9.66875,late,22.33125,18.36175
268065,31.0,27.46216666666667,8.097916666666666,late,22.902083333333334,19.364250000000002
268066,34.0,28.371,11.004166666666668,late,22.99583333333333,17.366833333333332
268067,31.0,26.092666666666663,10.6125,late,20.3875,15.480166666666662
268068,33.0,27.7715,10.841666666666669,late,22.15833333333333,16.92983333333333
268069,35.0,25.470666666666663,9.491666666666667,late,25.508333333333333,15.978999999999996
268070,19.0,19.0,5.597916666666666,late,13.402083333333334,13.402083333333334
268071,32.0,29.396333333333335,12.735416666666666,late,19.264583333333334,16.66091666666667
268072,38.0,32.403000000000006,16.15208333333333,late,21.84791666666667,16.250916666666676
268073,38.0,32.206833333333336,15.991666666666667,late,22.008333333333333,16.21516666666667
268074,38.0,29.8015,14.252083333333337,late,23.74791666666666,15.549416666666664
268075,36.0,29.499,13.908333333333331,late,22.09166666666667,15.590666666666667
268076,24.0,24.0,9.85625,late,14.14375,14.14375
268077,29.0,27.2825,11.389583333333334,late,17.610416666666666,15.892916666666665
268078,24.0,24.0,7.135416666666666,late,16.864583333333336,16.864583333333336
268079,27.0,27.0,10.102083333333333,late,16.897916666666667,16.897916666666667
268080,20.0,18.5595,3.756250000000001,late,16.24375,14.803249999999998
268081,16.0,16.0,4.810416666666667,late,11.189583333333333,11.189583333333333
268082,13.0,13.0,3.76875,late,9.23125,9.23125
268083,24.0,24.0,8.264583333333333,late,15.735416666666667,15.735416666666667
268084,20.0,20.0,7.129166666666666,late,12.870833333333334,12.870833333333334
268085,17.0,17.0,5.120833333333334,late,11.879166666666666,11.879166666666666
268086,29.0,29.0,12.135416666666668,late,16.864583333333332,16.864583333333332
268087,30.0,27.377833333333335,10.266666666666666,late,19.733333333333334,17.11116666666667
268088,36.0,26.697666666666667,6.941666666666666,late,29.058333333333334,19.756
268089,29.0,27.764666666666667,10.8,late,18.2,16.964666666666666
268090,33.0,27.675666666666668,10.366666666666667,late,22.633333333333333,17.309
268091,28.0,26.300666666666668,9.122916666666669,late,18.87708333333333,17.17775
268092,28.0,26.383166666666668,10.035416666666666,late,17.964583333333334,16.34775
268093,32.0,26.650833333333335,10.235416666666667,late,21.764583333333334,16.415416666666665
268094,38.0,28.346666666666668,11.635416666666668,late,26.364583333333332,16.71125
268095,32.0,30.317166666666665,13.98125,late,18.01875,16.335916666666666
268096,10.0,10.0,3.6604166666666664,late,6.339583333333334,6.339583333333334
268097,11.0,11.0,7.106250000000001,late,3.893749999999999,3.893749999999999
268098,5.0,5.0,2.814583333333333,late,2.185416666666667,2.185416666666667
268099,7.0,7.0,2.7333333333333334,late,4.266666666666667,4.266666666666667
268100,9.0,9.0,2.872916666666667,late,6.127083333333333,6.127083333333333
268101,16.0,16.0,4.625,late,11.375,11.375
268102,19.0,19.0,5.316666666666666,late,13.683333333333334,13.683333333333334
268103,19.0,19.0,5.814583333333334,late,13.185416666666665,13.185416666666665
268104,18.0,18.0,7.929166666666667,late,10.070833333333333,10.070833333333333
268105,22.0,17.637333333333334,6.135416666666666,late,15.864583333333334,11.501916666666668
268106,13.0,13.0,8.55,late,4.449999999999999,4.449999999999999
268107,16.0,16.0,5.945833333333333,late,10.054166666666667,10.054166666666667
268108,26.0,18.502666666666663,8.333333333333334,late,17.666666666666664,10.169333333333329
268109,20.0,16.7885,6.435416666666666,late,13.564583333333335,10.353083333333334
268110,24.0,18.879333333333335,7.475,late,16.525,11.404333333333335
268111,29.0,21.226,10.141666666666666,late,18.858333333333334,11.084333333333333
268112,32.0,24.003500000000003,9.572916666666666,late,22.427083333333336,14.430583333333336
268113,17.0,17.0,6.072916666666667,late,10.927083333333332,10.927083333333332
268114,26.0,21.563333333333333,8.112499999999999,late,17.887500000000003,13.450833333333334
268115,20.0,18.166166666666665,6.664583333333333,late,13.335416666666667,11.501583333333333
268116,24.0,20.234166666666667,8.102083333333333,late,15.897916666666667,12.132083333333334
268117,21.0,19.95916666666667,6.675,late,14.325,13.284166666666668
268118,30.0,25.8805,7.245833333333334,late,22.754166666666666,18.634666666666668
268119,33.0,32.170166666666674,15.8875,late,17.1125,16.282666666666675
268120,31.0,28.1625,11.333333333333332,late,19.666666666666668,16.82916666666667
268121,47.0,30.59166666666667,12.38125,late,34.61875,18.210416666666667
268122,37.0,30.478,13.416666666666666,late,23.583333333333336,17.061333333333337
268123,35.0,29.059,10.639583333333334,late,24.360416666666666,18.419416666666667
268124,36.0,29.6145,14.039583333333333,late,21.960416666666667,15.574916666666667
268125,38.0,31.174666666666667,15.8125,late,22.1875,15.362166666666667
268126,34.0,28.257833333333338,12.497916666666669,late,21.50208333333333,15.759916666666669
268127,33.0,26.562833333333337,11.275000000000002,late,21.724999999999998,15.287833333333335
268128,17.0,17.0,6.887500000000001,late,10.112499999999999,10.112499999999999
268129,28.0,24.452666666666666,8.235416666666667,late,19.764583333333334,16.21725
268130,15.0,15.0,10.66875,late,4.331250000000001,4.331250000000001
268131,15.0,15.0,9.325,late,5.675000000000001,5.675000000000001
268132,25.0,23.272,6.5,late,18.5,16.772
268133,15.0,15.0,7.554166666666667,late,7.445833333333333,7.445833333333333
268134,24.0,24.0,10.74375,late,13.25625,13.25625
268135,26.0,25.158500000000004,10.86875,late,15.13125,14.289750000000003
268136,28.0,26.0605,9.85625,late,18.14375,16.204250000000002
268137,25.0,24.24,8.9125,late,16.0875,15.327499999999999
268138,19.0,17.322000000000003,6.106250000000001,late,12.893749999999999,11.215750000000002
268139,15.0,15.0,6.785416666666666,late,8.214583333333334,8.214583333333334
268140,10.0,10.0,7.939583333333334,late,2.060416666666666,2.060416666666666
268141,2.0,2.0,4.7041666666666675,late,-2.7041666666666675,-2.7041666666666675
268142,7.0,7.0,6.483333333333333,late,0.5166666666666666,0.5166666666666666
268143,13.0,13.0,4.591666666666667,late,8.408333333333333,8.408333333333333
268144,27.0,24.813833333333335,8.252083333333335,late,18.747916666666665,16.56175
268145,35.0,26.82866666666667,10.541666666666668,late,24.458333333333332,16.287000000000003
268146,39.0,27.958,11.825,late,27.175,16.133
268147,36.0,27.943333333333335,11.808333333333332,late,24.19166666666667,16.135000000000005
268148,17.0,17.0,5.637500000000001,late,11.362499999999999,11.362499999999999
268149,4.0,4.0,1.4083333333333332,late,2.591666666666667,2.591666666666667
268150,10.0,10.0,3.0625,late,6.9375,6.9375
268151,20.0,20.0,5.725,late,14.275,14.275
268152,18.0,18.0,5.135416666666667,late,12.864583333333332,12.864583333333332
268153,13.0,13.0,3.5,late,9.5,9.5
268154,34.0,30.005833333333335,12.037499999999998,late,21.962500000000002,17.968333333333337
268155,32.0,29.186333333333337,11.345833333333331,late,20.65416666666667,17.840500000000006
268156,37.0,30.121333333333332,13.145833333333334,late,23.854166666666664,16.975499999999997
268157,4.0,4.0,5.645833333333333,late,-1.645833333333333,-1.645833333333333
268158,6.0,6.0,2.908333333333333,late,3.091666666666667,3.091666666666667
268159,22.0,22.0,6.9125000000000005,late,15.087499999999999,15.087499999999999
268160,22.0,22.0,4.558333333333334,late,17.441666666666666,17.441666666666666
268161,10.0,10.0,5.15625,late,4.84375,4.84375
268162,15.0,15.0,5.31875,late,9.68125,9.68125
