origin_id,am_any_hei,am_university,am_maynooth,am_regional_hei,most_accessible,most_accessible_inst,best_rt,n_within_30,n_within_45,n_within_60,n_within_75,n_within_90,schedule,mode,cohort,county
017001,25.61533333333334,25.61533333333334,81.34316666666666,25.61533333333334,SETU Carlow,SETU,53.09360000000001,1,1,1,1,2,late,car,25,Carlow
017002,8.570833333333335,8.570833333333335,71.92533333333334,8.570833333333335,SETU Carlow,SETU,17.765,1,1,1,2,5,late,car,46,Carlow
017003,34.37683333333334,34.37683333333334,87.03566666666666,34.37683333333334,SETU Carlow,SETU,71.2538,0,1,1,1,2,late,car,26,Carlow
017004,25.015833333333337,25.015833333333337,79.31183333333335,25.015833333333337,SETU Carlow,SETU,51.851,1,1,1,1,2,late,car,42,Carlow
017005,30.433333333333337,30.433333333333337,88.66916666666667,30.433333333333337,SETU Carlow,SETU,63.080000000000005,0,1,1,1,2,late,car,17,Carlow
017006,26.77950000000001,26.77950000000001,85.01533333333333,26.77950000000001,SETU Carlow,SETU,55.506600000000006,1,1,1,1,2,late,car,15,Carlow
017007,48.634666666666675,48.634666666666675,106.8705,48.634666666666675,SETU Carlow,SETU,100.8064,0,0,1,1,1,late,car,11,Carlow
017008,34.82966666666667,34.82966666666667,93.0655,34.82966666666667,SETU Carlow,SETU,72.19239999999999,0,1,1,1,1,late,car,15,Carlow
017009,16.831833333333336,16.831833333333336,65.83316666666667,16.831833333333336,SETU Carlow,SETU,34.8878,1,1,1,3,8,late,car,31,Carlow
017010,6.145333333333334,6.145333333333334,66.41066666666667,6.145333333333334,SETU Carlow,SETU,12.7376,1,1,1,2,8,late,car,661,Carlow
017011,4.112166666666668,4.112166666666668,66.47666666666667,4.112166666666668,SETU Carlow,SETU,8.523400000000002,1,1,1,2,8,late,car,131,Carlow
017012,14.422833333333337,14.422833333333337,76.21350000000002,14.422833333333337,SETU Carlow,SETU,29.894600000000004,1,1,1,1,3,late,car,29,Carlow
017013,36.444833333333335,36.444833333333335,90.74083333333331,36.444833333333335,SETU Carlow,SETU,75.5402,0,1,1,1,1,late,car,45,Carlow
017014,43.93400000000001,43.93400000000001,95.46716666666669,43.93400000000001,SETU Carlow,SETU,91.06320000000002,0,1,1,1,1,late,car,26,Carlow
017015,49.22866666666667,49.22866666666667,107.4645,49.22866666666667,SETU Carlow,SETU,102.0376,0,0,1,1,1,late,car,9,Carlow
017016,32.56,32.56,90.79583333333336,32.56,SETU Carlow,SETU,67.488,0,1,1,1,1,late,car,29,Carlow
017017,38.885000000000005,38.885000000000005,93.181,38.885000000000005,SETU Carlow,SETU,80.59800000000001,0,1,1,1,1,late,car,56,Carlow
017018,26.200166666666668,26.200166666666668,80.49616666666667,26.200166666666668,SETU Carlow,SETU,54.3058,1,1,1,1,2,late,car,21,Carlow
017019,34.3035,34.3035,88.70766666666668,34.3035,SETU Carlow,SETU,71.1018,0,1,1,1,2,late,car,29,Carlow
017020,57.6235,57.6235,115.85933333333334,57.6235,SETU Carlow,SETU,119.4378,0,0,1,1,1,late,car,13,Carlow
017021,16.76216666666667,16.76216666666667,74.39116666666666,16.76216666666667,SETU Carlow,SETU,34.7434,1,1,1,2,5,late,car,27,Carlow
017022,38.20666666666667,38.20666666666667,80.06533333333333,38.20666666666667,SETU Carlow,SETU,79.19200000000001,0,1,1,1,3,late,car,51,Carlow
017023,30.545166666666667,30.545166666666667,82.07833333333333,30.545166666666667,SETU Carlow,SETU,63.3118,0,1,1,1,3,late,car,11,Carlow
017024,12.2705,12.2705,66.62150000000001,12.2705,SETU Carlow,SETU,25.4334,1,1,1,2,8,late,car,30,Carlow
017025,12.191666666666668,12.191666666666668,66.48766666666667,12.191666666666668,SETU Carlow,SETU,25.270000000000003,1,1,1,2,8,late,car,42,Carlow
017026,30.460833333333337,30.460833333333337,84.75683333333335,30.460833333333337,SETU Carlow,SETU,63.137,0,1,1,1,2,late,car,14,Carlow
017027,40.67616666666667,40.67616666666667,98.912,40.67616666666667,SETU Carlow,SETU,84.3106,0,1,1,1,1,late,car,13,Carlow
017028,17.277333333333335,17.277333333333335,67.43183333333333,17.277333333333335,SETU Carlow,SETU,35.8112,1,1,1,2,7,late,car,31,Carlow
017029,26.752,26.752,78.28516666666668,26.752,SETU Carlow,SETU,55.4496,1,1,1,1,3,late,car,7,Carlow
017030,41.36366666666667,41.36366666666667,99.5995,41.36366666666667,SETU Carlow,SETU,85.7356,0,1,1,1,1,late,car,23,Carlow
017031,16.567833333333336,16.567833333333336,74.80366666666667,16.567833333333336,SETU Carlow,SETU,34.3406,1,1,1,2,3,late,car,71,Carlow
017032,46.84166666666667,46.84166666666667,105.0775,46.84166666666667,SETU Carlow,SETU,97.09,0,0,1,1,1,late,car,24,Carlow
017033,23.358500000000003,23.358500000000003,81.59433333333335,23.358500000000003,SETU Carlow,SETU,48.4158,1,1,1,1,2,late,car,22,Carlow
017034,21.935833333333335,21.935833333333335,80.17166666666668,21.935833333333335,SETU Carlow,SETU,45.467,1,1,1,1,2,late,car,106,Carlow
017035,34.800333333333334,34.800333333333334,89.09633333333335,34.800333333333334,SETU Carlow,SETU,72.13159999999999,0,1,1,1,2,late,car,28,Carlow
017036,16.358833333333333,16.358833333333333,74.40583333333333,16.358833333333333,SETU Carlow,SETU,33.907399999999996,1,1,1,2,5,late,car,35,Carlow
017037,20.758833333333335,20.758833333333335,78.99466666666667,20.758833333333335,SETU Carlow,SETU,43.0274,1,1,1,1,3,late,car,27,Carlow
017038,26.121333333333336,26.121333333333336,71.36250000000001,26.121333333333336,SETU Carlow,SETU,54.1424,1,1,1,3,5,late,car,35,Carlow
017039,43.92666666666667,43.92666666666667,102.1625,43.92666666666667,SETU Carlow,SETU,91.048,0,1,1,1,1,late,car,5,Carlow
017041,27.4945,27.4945,81.79050000000001,27.4945,SETU Carlow,SETU,56.988600000000005,1,1,1,1,2,late,car,68,Carlow
017042,27.419333333333334,27.419333333333334,71.15716666666667,27.419333333333334,SETU Carlow,SETU,56.8328,1,1,1,3,6,late,car,23,Carlow
017043,29.157333333333337,29.157333333333337,87.39316666666666,29.157333333333337,SETU Carlow,SETU,60.4352,1,1,1,1,2,late,car,22,Carlow
017044,33.078833333333336,33.078833333333336,87.37483333333333,33.078833333333336,SETU Carlow,SETU,68.5634,0,1,1,1,2,late,car,24,Carlow
017045,28.545,28.545,86.78083333333333,28.545,SETU Carlow,SETU,59.166,1,1,1,1,2,late,car,20,Carlow
017046,21.924833333333336,21.924833333333336,73.45800000000001,21.924833333333336,SETU Carlow,SETU,45.4442,1,1,1,2,5,late,car,16,Carlow
017047,16.749333333333336,16.749333333333336,71.04533333333333,16.749333333333336,SETU Carlow,SETU,34.716800000000006,1,1,1,2,5,late,car,24,Carlow
017048,44.95333333333334,44.95333333333334,78.69766666666668,44.95333333333334,SETU Carlow,SETU,93.176,0,1,1,1,3,late,car,20,Carlow
017049,49.69616666666666,49.69616666666666,107.932,49.69616666666666,SETU Carlow,SETU,103.0066,0,0,1,1,1,late,car,29,Carlow
017050,28.625666666666667,28.625666666666667,81.21116666666667,28.625666666666667,SETU Carlow,SETU,59.3332,1,1,1,1,2,late,car,31,Carlow
017051,23.382333333333335,23.382333333333335,75.96783333333335,23.382333333333335,SETU Carlow,SETU,48.4652,1,1,1,1,3,late,car,187,Carlow
017052,21.0265,21.0265,78.342,21.0265,SETU Carlow,SETU,43.5822,1,1,1,1,3,late,car,27,Carlow
017053,26.44216666666667,26.44216666666667,77.858,26.44216666666667,SETU Carlow,SETU,54.8074,1,1,1,1,3,late,car,18,Carlow
017054,2.4695,2.4695,67.89200000000001,2.4695,SETU Carlow,SETU,5.118599999999999,1,1,1,2,7,late,car,41,Carlow
087001,23.910333333333337,23.910333333333337,57.7885,23.910333333333337,SETU Carlow,SETU,49.5596,1,1,2,5,12,late,car,225,Kildare
087002,24.667500000000004,24.667500000000004,59.87116666666667,24.667500000000004,SETU Carlow,SETU,51.129000000000005,1,1,2,5,12,late,car,147,Kildare
087003,14.149666666666668,14.149666666666668,63.017166666666675,14.149666666666668,SETU Carlow,SETU,29.3284,1,1,1,3,11,late,car,6,Kildare
087004,25.648333333333333,25.648333333333333,51.205,25.648333333333333,SETU Carlow,SETU,53.162,1,1,3,9,12,late,car,57,Kildare
087005,41.73216666666668,41.73216666666668,57.57766666666667,41.73216666666668,SETU Carlow,SETU,86.49940000000001,0,1,2,5,13,late,car,20,Kildare
087006,41.954166666666666,41.954166666666666,46.904,48.95183333333333,TU Dublin Tallaght,TU Dublin,90.621,0,1,6,12,12,late,car,58,Kildare
087007,24.189000000000004,24.189000000000004,24.189000000000004,64.13916666666667,Maynooth University,MU,50.13720000000001,1,2,7,12,13,late,car,27,Kildare
087008,42.4545,42.4545,43.389500000000005,42.4545,SETU Carlow,SETU,87.9966,0,2,6,12,12,late,car,81,Kildare
087009,45.32916666666667,45.32916666666667,46.18716666666668,45.32916666666667,SETU Carlow,SETU,93.955,0,0,5,12,12,late,car,50,Kildare
087010,38.687,38.687,44.10083333333334,38.687,SETU Carlow,SETU,80.18759999999999,0,2,5,12,12,late,car,107,Kildare
087011,12.569333333333336,12.569333333333336,12.569333333333336,60.40466666666667,Maynooth University,MU,26.0528,1,4,11,12,13,late,car,305,Kildare
087012,25.44666666666667,25.44666666666667,58.707,25.44666666666667,SETU Carlow,SETU,52.744,1,1,2,5,12,late,car,19,Kildare
087013,33.403333333333336,33.403333333333336,64.27300000000001,33.403333333333336,SETU Carlow,SETU,69.236,0,1,1,3,9,late,car,6,Kildare
087014,25.917833333333338,25.917833333333338,25.917833333333338,52.77433333333334,Maynooth University,MU,53.720600000000005,1,4,12,12,12,late,car,268,Kildare
087015,29.31866666666667,29.31866666666667,54.484833333333334,29.31866666666667,SETU Carlow,SETU,60.7696,1,1,2,7,12,late,car,16,Kildare
087016,26.532000000000004,26.532000000000004,26.532000000000004,65.03933333333333,Maynooth University,MU,54.9936,1,1,7,12,13,late,car,92,Kildare
087017,32.89916666666667,32.89916666666667,32.89916666666667,67.84433333333334,Maynooth University,MU,68.191,0,1,3,12,13,late,car,100,Kildare
087018,41.983333333333334,41.983333333333334,44.935,41.983333333333334,SETU Carlow,SETU,87.02,0,2,6,12,12,late,car,102,Kildare
087019,31.9935,31.9935,31.9935,49.52566666666667,Maynooth University,MU,66.3138,0,2,11,12,12,late,car,122,Kildare
087020,43.085166666666666,43.085166666666666,43.085166666666666,60.292833333333334,Maynooth University,MU,89.3038,0,1,1,7,13,late,car,23,Kildare
087021,36.2285,36.2285,66.58666666666667,36.2285,SETU Carlow,SETU,75.09179999999999,0,1,1,2,8,late,car,23,Kildare
087022,15.884,15.884,59.13783333333333,15.884,SETU Carlow,SETU,32.923199999999994,1,1,2,5,12,late,car,83,Kildare
087023,11.616,11.616,11.616,69.76566666666668,Maynooth University,MU,24.0768,2,9,11,12,14,late,car,711,Kildare
087024,29.252666666666663,29.252666666666663,66.00183333333334,29.252666666666663,SETU Carlow,SETU,60.6328,1,1,1,2,8,late,car,34,Kildare
087025,18.423166666666667,18.423166666666667,18.423166666666667,54.95416666666667,Maynooth University,MU,38.1862,1,4,11,12,13,late,car,349,Kildare
087026,24.596,24.596,24.596,72.391,Maynooth University,MU,50.9808,1,1,7,12,13,late,car,84,Kildare
087027,44.37583333333334,44.37583333333334,44.37583333333334,67.6225,Maynooth University,MU,91.979,0,1,1,6,13,late,car,23,Kildare
087028,20.98616666666667,20.98616666666667,20.98616666666667,67.39516666666667,Maynooth University,MU,43.4986,1,1,7,13,13,late,car,46,Kildare
087029,13.726166666666668,13.726166666666668,13.726166666666668,66.726,Maynooth University,MU,28.4506,2,9,11,12,14,late,car,292,Kildare
087030,31.091500000000003,31.091500000000003,31.091500000000003,53.13183333333333,Maynooth University,MU,64.4442,0,1,8,12,12,late,car,36,Kildare
087031,22.016500000000004,22.016500000000004,22.016500000000004,55.97533333333333,Maynooth University,MU,45.63420000000001,1,1,8,12,13,late,car,143,Kildare
087032,35.50983333333333,35.50983333333333,35.50983333333333,74.01716666666668,Maynooth University,MU,73.6022,0,1,2,10,13,late,car,11,Kildare
087033,41.944833333333335,41.944833333333335,42.8285,41.944833333333335,SETU Carlow,SETU,86.9402,0,2,6,12,12,late,car,174,Kildare
087034,39.14900000000001,39.14900000000001,39.14900000000001,47.22666666666667,Maynooth University,MU,81.14520000000002,0,2,8,12,12,late,car,241,Kildare
087035,29.863166666666668,29.863166666666668,29.863166666666668,68.3705,Maynooth University,MU,61.8982,1,1,6,12,13,late,car,32,Kildare
087036,15.5375,15.5375,65.16216666666668,15.5375,SETU Carlow,SETU,32.205,1,1,1,3,9,late,car,13,Kildare
087037,51.557,51.557,51.557,59.05533333333333,Maynooth University,MU,106.8636,0,0,3,9,13,late,car,24,Kildare
087038,44.24566666666667,44.24566666666667,44.24566666666667,58.465,Maynooth University,MU,91.7092,0,1,3,9,12,late,car,25,Kildare
087039,34.1275,34.1275,50.182,34.1275,SETU Carlow,SETU,70.737,0,1,3,10,12,late,car,19,Kildare
087040,43.13283333333334,43.13283333333334,47.03966666666667,43.13283333333334,SETU Carlow,SETU,89.4026,0,1,5,12,12,late,car,45,Kildare
087041,23.9415,23.9415,66.3905,23.9415,SETU Carlow,SETU,49.6242,1,1,1,2,8,late,car,28,Kildare
087042,21.367500000000003,21.367500000000003,59.693333333333335,21.367500000000003,SETU Carlow,SETU,44.289,1,1,2,5,12,late,car,30,Kildare
087044,32.90833333333334,32.90833333333334,51.318666666666665,32.90833333333334,SETU Carlow,SETU,68.21000000000001,0,1,3,9,12,late,car,12,Kildare
087045,17.68066666666667,17.68066666666667,63.39483333333334,17.68066666666667,SETU Carlow,SETU,36.647200000000005,1,1,1,3,10,late,car,13,Kildare
087046,33.311666666666675,33.311666666666675,62.68900000000001,33.311666666666675,SETU Carlow,SETU,69.046,0,1,1,3,12,late,car,27,Kildare
087047,8.158333333333335,8.158333333333335,8.158333333333335,69.33116666666666,Maynooth University,MU,16.910000000000004,1,6,11,13,13,late,car,342,Kildare
087048,35.196333333333335,35.196333333333335,39.10316666666667,35.196333333333335,SETU Carlow,SETU,72.9524,0,3,8,12,12,late,car,169,Kildare
087049,46.69500000000001,46.69500000000001,52.82933333333334,46.69500000000001,SETU Carlow,SETU,96.786,0,0,2,8,13,late,car,46,Kildare
087050,44.511500000000005,44.511500000000005,44.511500000000005,52.51583333333334,Maynooth University,MU,92.2602,0,1,5,12,13,late,car,550,Kildare
087051,22.201666666666668,22.201666666666668,59.037,22.201666666666668,SETU Carlow,SETU,46.018,1,1,2,5,12,late,car,20,Kildare
087052,30.891666666666666,30.891666666666666,33.11183333333334,53.76800000000001,TU Dublin Tallaght,TU Dublin,66.726,0,7,12,12,12,late,car,234,Kildare
087053,40.205,40.205,40.205,51.73116666666667,Maynooth University,MU,83.334,0,2,9,12,12,late,car,12,Kildare
087054,52.38016666666667,52.38016666666667,52.38016666666667,65.88816666666668,Maynooth University,MU,108.5698,0,0,1,5,13,late,car,21,Kildare
087055,31.1685,31.1685,31.1685,60.98766666666668,Maynooth University,MU,64.60379999999999,0,1,4,12,13,late,car,129,Kildare
087056,33.43816666666667,33.43816666666667,33.43816666666667,57.839833333333345,Maynooth University,MU,69.3082,0,1,5,12,13,late,car,115,Kildare
087057,42.51316666666667,42.51316666666667,42.51316666666667,72.33233333333335,Maynooth University,MU,88.1182,0,1,1,5,13,late,car,37,Kildare
087058,45.5455,45.5455,45.5455,66.84333333333333,Maynooth University,MU,94.4034,0,0,1,4,13,late,car,42,Kildare
087059,40.64683333333334,40.64683333333334,50.537666666666674,40.64683333333334,SETU Carlow,SETU,84.24980000000001,0,1,3,9,12,late,car,37,Kildare
087060,28.09791666666667,28.09791666666667,37.34866666666667,61.609166666666674,TU Dublin Tallaght,TU Dublin,60.691500000000005,1,6,11,12,12,late,car,31,Kildare
087061,56.943333333333335,56.943333333333335,56.943333333333335,62.01983333333334,Maynooth University,MU,118.028,0,0,1,6,13,late,car,44,Kildare
087062,42.5315,42.5315,42.5315,48.733666666666664,Maynooth University,MU,88.1562,0,1,7,12,12,late,car,64,Kildare
087064,10.963333333333336,10.963333333333336,10.963333333333336,74.21516666666668,Maynooth University,MU,22.724,5,11,11,12,14,late,car,584,Kildare
087065,40.58083333333334,40.58083333333334,40.58083333333334,70.4,Maynooth University,MU,84.113,0,1,1,6,13,late,car,10,Kildare
087066,3.0965000000000003,3.0965000000000003,3.0965000000000003,70.92066666666666,Maynooth University,MU,6.418200000000001,2,9,11,12,14,late,car,577,Kildare
087067,48.21116666666667,48.21116666666667,49.49633333333334,48.21116666666667,SETU Carlow,SETU,99.9286,0,0,3,12,13,late,car,216,Kildare
087068,22.040333333333336,22.040333333333336,65.29416666666667,22.040333333333336,SETU Carlow,SETU,45.683600000000006,1,1,1,3,9,late,car,17,Kildare
087069,40.06016666666667,40.06016666666667,40.06016666666667,48.21116666666667,Maynooth University,MU,83.03379999999999,0,1,8,12,12,late,car,784,Kildare
087070,27.63566666666667,27.63566666666667,27.63566666666667,46.794,Maynooth University,MU,57.2812,1,5,12,12,12,late,car,121,Kildare
087071,30.968666666666667,30.968666666666667,30.968666666666667,46.91316666666667,Maynooth University,MU,64.1896,0,5,12,12,12,late,car,1002,Kildare
087072,34.04866666666667,34.04866666666667,52.145500000000006,34.04866666666667,SETU Carlow,SETU,70.5736,0,1,3,9,12,late,car,47,Kildare
087073,33.893750000000004,33.893750000000004,49.22866666666667,59.458666666666666,TU Dublin Tallaght,TU Dublin,73.2105,0,1,11,12,12,late,car,51,Kildare
087074,42.966,42.966,51.608333333333334,42.966,SETU Carlow,SETU,89.0568,0,1,3,9,13,late,car,55,Kildare
087075,41.261,41.261,41.261,53.0035,Maynooth University,MU,85.52279999999999,0,1,7,12,12,late,car,49,Kildare
087076,25.5145,25.5145,25.5145,56.32183333333334,Maynooth University,MU,52.8846,2,9,12,12,12,late,car,40,Kildare
087077,44.352,44.352,44.352,53.42516666666668,Maynooth University,MU,91.9296,0,1,5,12,12,late,car,19,Kildare
087078,59.889500000000005,59.889500000000005,61.14900000000001,59.889500000000005,SETU Carlow,SETU,124.1346,0,0,1,5,13,late,car,5,Kildare
087079,48.19650000000001,48.19650000000001,48.19650000000001,61.7045,Maynooth University,MU,99.8982,0,0,1,6,13,late,car,100,Kildare
087080,37.22766666666667,37.22766666666667,37.22766666666667,57.98650000000001,Maynooth University,MU,77.1628,0,1,5,12,12,late,car,29,Kildare
087081,35.61875,35.61875,38.71816666666667,56.73616666666667,TU Dublin Tallaght,TU Dublin,76.9365,0,4,12,12,12,late,car,60,Kildare
087082,30.233500000000003,30.233500000000003,30.233500000000003,60.052666666666674,Maynooth University,MU,62.6658,0,1,4,12,13,late,car,103,Kildare
087083,34.37316666666667,34.37316666666667,54.032,34.37316666666667,SETU Carlow,SETU,71.2462,0,1,2,7,12,late,car,44,Kildare
087084,11.379500000000002,11.379500000000002,11.379500000000002,60.47616666666667,Maynooth University,MU,23.586600000000004,1,7,11,12,14,late,car,93,Kildare
087085,52.257333333333335,52.257333333333335,52.257333333333335,59.73,Maynooth University,MU,108.3152,0,0,2,6,13,late,car,58,Kildare
087086,32.2685,32.2685,32.2685,68.96266666666668,Maynooth University,MU,66.88380000000001,0,1,2,8,13,late,car,55,Kildare
087087,31.447166666666668,31.447166666666668,31.447166666666668,61.27550000000001,Maynooth University,MU,65.1814,0,1,4,12,13,late,car,39,Kildare
087088,34.243,34.243,45.93783333333333,34.243,SETU Carlow,SETU,70.9764,0,1,5,12,12,late,car,29,Kildare
087089,37.54116666666667,37.54116666666667,37.54116666666667,70.26433333333334,Maynooth University,MU,77.8126,0,1,2,9,13,late,car,79,Kildare
087090,26.2185,26.2185,58.01766666666667,26.2185,SETU Carlow,SETU,54.343799999999995,1,1,2,5,12,late,car,175,Kildare
097001,46.673,46.673,104.12416666666668,46.673,SETU Carlow,SETU,96.7404,0,0,1,1,1,late,car,16,Kilkenny
097002,59.81983333333334,59.81983333333334,117.27100000000002,59.81983333333334,SETU Carlow,SETU,123.99020000000002,0,0,1,1,1,late,car,54,Kilkenny
097003,39.534000000000006,39.534000000000006,88.79383333333334,39.534000000000006,SETU Carlow,SETU,81.94320000000002,0,1,1,1,2,late,car,14,Kilkenny
097004,54.9945,54.9945,104.47983333333332,54.9945,SETU Carlow,SETU,113.9886,0,0,1,1,1,late,car,21,Kilkenny
097005,48.97566666666667,48.97566666666667,106.42683333333336,48.97566666666667,SETU Carlow,SETU,101.5132,0,0,1,1,1,late,car,20,Kilkenny
097006,66.51333333333334,66.51333333333334,123.9645,66.51333333333334,SETU Carlow,SETU,137.864,0,0,0,1,1,late,car,14,Kilkenny
097007,63.281166666666664,63.281166666666664,112.1175,63.281166666666664,SETU Carlow,SETU,131.1646,0,0,0,1,1,late,car,12,Kilkenny
097008,46.43466666666668,46.43466666666668,103.88583333333334,46.43466666666668,SETU Carlow,SETU,96.24640000000002,0,0,1,1,1,late,car,21,Kilkenny
097009,44.044,44.044,90.75733333333334,44.044,SETU Carlow,SETU,91.2912,0,1,1,1,1,late,car,5,Kilkenny
097010,47.41,47.41,104.86116666666668,47.41,SETU Carlow,SETU,98.268,0,0,1,1,1,late,car,15,Kilkenny
097011,38.544,38.544,93.40100000000002,38.544,SETU Carlow,SETU,79.8912,0,1,1,1,1,late,car,59,Kilkenny
097012,56.0175,56.0175,113.46866666666668,56.0175,SETU Carlow,SETU,116.109,0,0,1,1,1,late,car,12,Kilkenny
097013,71.06183333333333,71.06183333333333,104.67416666666668,71.06183333333333,SETU Carlow,SETU,147.29179999999997,0,0,0,1,1,late,car,4,Kilkenny
097014,41.04466666666668,41.04466666666668,98.49583333333337,41.04466666666668,SETU Carlow,SETU,85.07440000000003,0,1,1,1,1,late,car,44,Kilkenny
097015,51.57533333333333,51.57533333333333,109.0265,51.57533333333333,SETU Carlow,SETU,106.9016,0,0,1,1,1,late,car,6,Kilkenny
097016,33.693000000000005,33.693000000000005,91.14416666666668,33.693000000000005,SETU Carlow,SETU,69.8364,0,1,1,1,1,late,car,21,Kilkenny
097017,60.51466666666667,60.51466666666667,117.96583333333334,60.51466666666667,SETU Carlow,SETU,125.4304,0,0,0,1,1,late,car,8,Kilkenny
097018,39.937333333333335,39.937333333333335,97.38850000000002,39.937333333333335,SETU Carlow,SETU,82.7792,0,1,1,1,1,late,car,46,Kilkenny
097019,50.83466666666668,50.83466666666668,108.28583333333334,50.83466666666668,SETU Carlow,SETU,105.3664,0,0,1,1,1,late,car,84,Kilkenny
097020,50.682500000000005,50.682500000000005,108.13366666666668,50.682500000000005,SETU Carlow,SETU,105.051,0,0,1,1,1,late,car,77,Kilkenny
097021,52.127166666666675,52.127166666666675,109.57833333333332,52.127166666666675,SETU Carlow,SETU,108.0454,0,0,1,1,1,late,car,8,Kilkenny
097022,28.037166666666668,28.037166666666668,86.36466666666668,28.037166666666668,SETU Carlow,SETU,58.1134,1,1,1,1,2,late,car,78,Kilkenny
097023,55.1705,55.1705,112.62166666666668,55.1705,SETU Carlow,SETU,114.3534,0,0,1,1,1,late,car,4,Kilkenny
097024,35.178000000000004,35.178000000000004,92.62916666666666,35.178000000000004,SETU Carlow,SETU,72.9144,0,1,1,1,1,late,car,18,Kilkenny
097025,25.223000000000003,25.223000000000003,82.89783333333334,25.223000000000003,SETU Carlow,SETU,52.2804,1,1,1,1,2,late,car,33,Kilkenny
097026,37.3945,37.3945,95.722,37.3945,SETU Carlow,SETU,77.5086,0,1,1,1,1,late,car,11,Kilkenny
097027,56.62800000000001,56.62800000000001,101.50983333333336,56.62800000000001,SETU Carlow,SETU,117.3744,0,0,1,1,1,late,car,15,Kilkenny
097028,58.2175,58.2175,115.66866666666668,58.2175,SETU Carlow,SETU,120.669,0,0,1,1,1,late,car,24,Kilkenny
097029,42.15566666666667,42.15566666666667,99.60683333333336,42.15566666666667,SETU Carlow,SETU,87.37720000000002,0,1,1,1,1,late,car,24,Kilkenny
097030,54.48116666666667,54.48116666666667,112.717,54.48116666666667,SETU Carlow,SETU,112.9246,0,0,1,1,1,late,car,14,Kilkenny
097031,36.34033333333334,36.34033333333334,93.7915,36.34033333333334,SETU Carlow,SETU,75.3236,0,1,1,1,1,late,car,22,Kilkenny
097032,32.78183333333334,32.78183333333334,90.233,32.78183333333334,SETU Carlow,SETU,67.9478,0,1,1,1,1,late,car,18,Kilkenny
097033,61.34516666666667,61.34516666666667,118.79633333333337,61.34516666666667,SETU Carlow,SETU,127.1518,0,0,0,1,1,late,car,45,Kilkenny
097034,35.5795,35.5795,93.03066666666666,35.5795,SETU Carlow,SETU,73.7466,0,1,1,1,1,late,car,25,Kilkenny
097035,45.7875,45.7875,103.23866666666666,45.7875,SETU Carlow,SETU,94.905,0,0,1,1,1,late,car,23,Kilkenny
097036,65.94683333333334,65.94683333333334,123.39800000000002,65.94683333333334,SETU Carlow,SETU,136.6898,0,0,0,1,1,late,car,12,Kilkenny
097037,44.18333333333334,44.18333333333334,101.6345,44.18333333333334,SETU Carlow,SETU,91.58,0,1,1,1,1,late,car,11,Kilkenny
097038,37.385333333333335,37.385333333333335,94.8365,37.385333333333335,SETU Carlow,SETU,77.4896,0,1,1,1,1,late,car,27,Kilkenny
097039,49.9345,49.9345,107.38566666666668,49.9345,SETU Carlow,SETU,103.5006,0,0,1,1,1,late,car,13,Kilkenny
097040,55.425333333333334,55.425333333333334,112.8765,55.425333333333334,SETU Carlow,SETU,114.8816,0,0,1,1,1,late,car,15,Kilkenny
097041,67.37133333333334,67.37133333333334,124.8225,67.37133333333334,SETU Carlow,SETU,139.6424,0,0,0,1,1,late,car,56,Kilkenny
097042,50.27366666666667,50.27366666666667,108.5095,50.27366666666667,SETU Carlow,SETU,104.2036,0,0,1,1,1,late,car,11,Kilkenny
097043,49.99683333333334,49.99683333333334,100.947,49.99683333333334,SETU Carlow,SETU,103.62980000000002,0,0,1,1,1,late,car,38,Kilkenny
097044,65.94866666666667,65.94866666666667,99.61233333333332,65.94866666666667,SETU Carlow,SETU,136.6936,0,0,0,1,1,late,car,11,Kilkenny
097045,61.235166666666665,61.235166666666665,96.85683333333336,61.235166666666665,SETU Carlow,SETU,126.9238,0,0,0,1,1,late,car,18,Kilkenny
097046,30.02266666666667,30.02266666666667,88.25850000000001,30.02266666666667,SETU Carlow,SETU,62.22880000000001,0,1,1,1,2,late,car,9,Kilkenny
097047,27.984000000000005,27.984000000000005,85.43516666666667,27.984000000000005,SETU Carlow,SETU,58.00320000000001,1,1,1,1,2,late,car,84,Kilkenny
097048,44.97533333333333,44.97533333333333,103.21116666666668,44.97533333333333,SETU Carlow,SETU,93.2216,0,1,1,1,1,late,car,76,Kilkenny
097049,40.586333333333336,40.586333333333336,98.0375,40.586333333333336,SETU Carlow,SETU,84.12440000000001,0,1,1,1,1,late,car,40,Kilkenny
097050,55.31716666666667,55.31716666666667,112.76833333333336,55.31716666666667,SETU Carlow,SETU,114.6574,0,0,1,1,1,late,car,33,Kilkenny
097051,45.868166666666674,45.868166666666674,103.31933333333336,45.868166666666674,SETU Carlow,SETU,95.0722,0,0,1,1,1,late,car,37,Kilkenny
097052,58.21933333333333,58.21933333333333,115.6705,58.21933333333333,SETU Carlow,SETU,120.6728,0,0,1,1,1,late,car,27,Kilkenny
097053,64.867,64.867,98.47933333333334,64.867,SETU Carlow,SETU,134.45159999999998,0,0,0,1,1,late,car,32,Kilkenny
097054,42.69650000000001,42.69650000000001,100.14766666666668,42.69650000000001,SETU Carlow,SETU,88.49820000000001,0,1,1,1,1,late,car,38,Kilkenny
097055,52.07583333333334,52.07583333333334,109.527,52.07583333333334,SETU Carlow,SETU,107.939,0,0,1,1,1,late,car,9,Kilkenny
097056,62.08400000000001,62.08400000000001,119.53516666666668,62.08400000000001,SETU Carlow,SETU,128.6832,0,0,0,1,1,late,car,29,Kilkenny
097057,66.75716666666668,66.75716666666668,124.20833333333334,66.75716666666668,SETU Carlow,SETU,138.3694,0,0,0,1,1,late,car,27,Kilkenny
097058,64.05483333333333,64.05483333333333,121.506,64.05483333333333,SETU Carlow,SETU,132.7682,0,0,0,1,1,late,car,234,Kilkenny
097059,40.76783333333333,40.76783333333333,98.219,40.76783333333333,SETU Carlow,SETU,84.50059999999999,0,1,1,1,1,late,car,13,Kilkenny
097060,51.47266666666667,51.47266666666667,108.92383333333336,51.47266666666667,SETU Carlow,SETU,106.6888,0,0,1,1,1,late,car,18,Kilkenny
097061,37.83083333333334,37.83083333333334,95.282,37.83083333333334,SETU Carlow,SETU,78.41300000000001,0,1,1,1,1,late,car,169,Kilkenny
097062,35.04416666666667,35.04416666666667,92.49533333333332,35.04416666666667,SETU Carlow,SETU,72.637,0,1,1,1,1,late,car,89,Kilkenny
097063,34.46483333333334,34.46483333333334,91.916,34.46483333333334,SETU Carlow,SETU,71.43620000000001,0,1,1,1,1,late,car,862,Kilkenny
097064,41.2775,41.2775,99.605,41.2775,SETU Carlow,SETU,85.557,0,1,1,1,1,late,car,53,Kilkenny
097065,53.78633333333334,53.78633333333334,111.2375,53.78633333333334,SETU Carlow,SETU,111.4844,0,0,1,1,1,late,car,16,Kilkenny
097066,62.99883333333334,62.99883333333334,120.45,62.99883333333334,SETU Carlow,SETU,130.57940000000002,0,0,0,1,1,late,car,12,Kilkenny
097067,37.27533333333334,37.27533333333334,95.60283333333334,37.27533333333334,SETU Carlow,SETU,77.26160000000002,0,1,1,1,1,late,car,24,Kilkenny
097068,46.86550000000001,46.86550000000001,104.31666666666666,46.86550000000001,SETU Carlow,SETU,97.13940000000002,0,0,1,1,1,late,car,30,Kilkenny
097069,69.57133333333334,69.57133333333334,127.0225,69.57133333333334,SETU Carlow,SETU,144.2024,0,0,0,1,1,late,car,15,Kilkenny
097070,53.93483333333334,53.93483333333334,111.386,53.93483333333334,SETU Carlow,SETU,111.7922,0,0,1,1,1,late,car,28,Kilkenny
097071,48.84550000000001,48.84550000000001,106.29666666666668,48.84550000000001,SETU Carlow,SETU,101.2434,0,0,1,1,1,late,car,7,Kilkenny
097072,41.28666666666667,41.28666666666667,98.73783333333334,41.28666666666667,SETU Carlow,SETU,85.576,0,1,1,1,1,late,car,30,Kilkenny
097073,49.4725,49.4725,97.57183333333334,49.4725,SETU Carlow,SETU,102.543,0,0,1,1,1,late,car,9,Kilkenny
097074,60.48166666666667,60.48166666666667,117.93283333333332,60.48166666666667,SETU Carlow,SETU,125.362,0,0,0,1,1,late,car,16,Kilkenny
097075,49.562333333333335,49.562333333333335,107.01350000000002,49.562333333333335,SETU Carlow,SETU,102.7292,0,0,1,1,1,late,car,2,Kilkenny
097076,22.650833333333335,22.650833333333335,80.97833333333334,22.650833333333335,SETU Carlow,SETU,46.949,1,1,1,1,2,late,car,44,Kilkenny
097077,29.46716666666667,29.46716666666667,87.70300000000002,29.46716666666667,SETU Carlow,SETU,61.0774,1,1,1,1,2,late,car,27,Kilkenny
097078,60.52016666666667,60.52016666666667,117.97133333333336,60.52016666666667,SETU Carlow,SETU,125.4418,0,0,0,1,1,late,car,13,Kilkenny
097079,33.788333333333334,33.788333333333334,92.11583333333331,33.788333333333334,SETU Carlow,SETU,70.03399999999999,0,1,1,1,1,late,car,32,Kilkenny
097080,44.34466666666667,44.34466666666667,101.79583333333336,44.34466666666667,SETU Carlow,SETU,91.9144,0,1,1,1,1,late,car,15,Kilkenny
097081,38.58983333333334,38.58983333333334,96.041,38.58983333333334,SETU Carlow,SETU,79.98620000000001,0,1,1,1,1,late,car,35,Kilkenny
097082,22.902,22.902,80.35316666666667,22.902,SETU Carlow,SETU,47.4696,1,1,1,1,2,late,car,62,Kilkenny
097083,63.30133333333334,63.30133333333334,120.7525,63.30133333333334,SETU Carlow,SETU,131.2064,0,0,0,1,1,late,car,95,Kilkenny
097084,51.38833333333334,51.38833333333334,108.8395,51.38833333333334,SETU Carlow,SETU,106.514,0,0,1,1,1,late,car,9,Kilkenny
097085,65.95783333333334,65.95783333333334,123.409,65.95783333333334,SETU Carlow,SETU,136.7126,0,0,0,1,1,late,car,32,Kilkenny
097086,64.69283333333333,64.69283333333333,122.144,64.69283333333333,SETU Carlow,SETU,134.0906,0,0,0,1,1,late,car,54,Kilkenny
097087,35.7995,35.7995,93.25066666666666,35.7995,SETU Carlow,SETU,74.2026,0,1,1,1,1,late,car,19,Kilkenny
097088,45.94883333333334,45.94883333333334,95.90166666666669,45.94883333333334,SETU Carlow,SETU,95.2394,0,0,1,1,1,late,car,17,Kilkenny
097089,38.39366666666667,38.39366666666667,95.84483333333334,38.39366666666667,SETU Carlow,SETU,79.5796,0,1,1,1,1,late,car,34,Kilkenny
097090,53.87983333333334,53.87983333333334,106.27100000000002,53.87983333333334,SETU Carlow,SETU,111.6782,0,0,1,1,1,late,car,13,Kilkenny
097091,63.814666666666675,63.814666666666675,121.26583333333332,63.814666666666675,SETU Carlow,SETU,132.2704,0,0,0,1,1,late,car,40,Kilkenny
097092,71.18833333333335,71.18833333333335,128.6395,71.18833333333335,SETU Carlow,SETU,147.55400000000003,0,0,0,1,1,late,car,19,Kilkenny
097093,61.34883333333334,61.34883333333334,118.8,61.34883333333334,SETU Carlow,SETU,127.1594,0,0,0,1,1,late,car,38,Kilkenny
097094,54.956,54.956,112.40716666666668,54.956,SETU Carlow,SETU,113.9088,0,0,1,1,1,late,car,8,Kilkenny
097095,69.80966666666667,69.80966666666667,127.26083333333334,69.80966666666667,SETU Carlow,SETU,144.6964,0,0,0,1,1,late,car,28,Kilkenny
097096,24.32466666666667,24.32466666666667,81.77583333333334,24.32466666666667,SETU Carlow,SETU,50.418400000000005,1,1,1,1,2,late,car,30,Kilkenny
097097,44.49866666666667,44.49866666666667,101.94983333333332,44.49866666666667,SETU Carlow,SETU,92.2336,0,1,1,1,1,late,car,31,Kilkenny
097098,40.81916666666667,40.81916666666667,98.27033333333333,40.81916666666667,SETU Carlow,SETU,84.607,0,1,1,1,1,late,car,11,Kilkenny
097099,59.13966666666667,59.13966666666667,116.59083333333334,59.13966666666667,SETU Carlow,SETU,122.5804,0,0,1,1,1,late,car,22,Kilkenny
097100,60.74566666666667,60.74566666666667,118.9815,60.74566666666667,SETU Carlow,SETU,125.9092,0,0,0,1,1,late,car,42,Kilkenny
097101,42.76800000000001,42.76800000000001,100.21916666666668,42.76800000000001,SETU Carlow,SETU,88.6464,0,1,1,1,1,late,car,99,Kilkenny
097102,32.103500000000004,32.103500000000004,89.55466666666668,32.103500000000004,SETU Carlow,SETU,66.5418,0,1,1,1,2,late,car,20,Kilkenny
097103,60.10216666666667,60.10216666666667,117.55333333333334,60.10216666666667,SETU Carlow,SETU,124.5754,0,0,0,1,1,late,car,22,Kilkenny
097104,61.82183333333334,61.82183333333334,105.43133333333334,61.82183333333334,SETU Carlow,SETU,128.1398,0,0,0,1,1,late,car,13,Kilkenny
097105,47.883,47.883,105.33416666666668,47.883,SETU Carlow,SETU,99.2484,0,0,1,1,1,late,car,26,Kilkenny
097107,55.55733333333334,55.55733333333334,113.0085,55.55733333333334,SETU Carlow,SETU,115.1552,0,0,1,1,1,late,car,6,Kilkenny
097108,55.438166666666675,55.438166666666675,112.88933333333335,55.438166666666675,SETU Carlow,SETU,114.9082,0,0,1,1,1,late,car,11,Kilkenny
097109,39.083000000000006,39.083000000000006,97.31883333333334,39.083000000000006,SETU Carlow,SETU,81.0084,0,1,1,1,1,late,car,18,Kilkenny
097110,58.16983333333334,58.16983333333334,115.621,58.16983333333334,SETU Carlow,SETU,120.5702,0,0,1,1,1,late,car,44,Kilkenny
097111,65.33266666666667,65.33266666666667,96.2005,65.33266666666667,SETU Carlow,SETU,135.4168,0,0,0,1,1,late,car,60,Kilkenny
097112,64.36283333333334,64.36283333333334,121.814,64.36283333333334,SETU Carlow,SETU,133.4066,0,0,0,1,1,late,car,15,Kilkenny
107001,38.80800000000001,38.80800000000001,75.23633333333335,38.80800000000001,SETU Carlow,SETU,80.4384,0,1,1,1,4,late,car,133,Laois
107002,53.99900000000001,53.99900000000001,90.48050000000002,53.99900000000001,SETU Carlow,SETU,111.92520000000002,0,0,1,1,1,late,car,22,Laois
107003,69.69233333333334,69.69233333333334,94.43316666666666,69.69233333333334,SETU Carlow,SETU,144.4532,0,0,0,1,2,late,car,13,Laois
107004,24.211,24.211,88.18333333333335,24.211,SETU Carlow,SETU,50.18279999999999,1,1,1,1,2,late,car,12,Laois
107005,12.604166666666668,12.604166666666668,72.1545,12.604166666666668,SETU Carlow,SETU,26.125,1,1,1,2,5,late,car,29,Laois
107006,7.412166666666667,7.412166666666667,71.44500000000001,7.412166666666667,SETU Carlow,SETU,15.3634,1,1,1,2,5,late,car,35,Laois
107007,39.16550000000001,39.16550000000001,82.082,39.16550000000001,SETU Carlow,SETU,81.17940000000002,0,1,1,1,3,late,car,23,Laois
107008,21.941333333333333,21.941333333333333,70.65116666666667,21.941333333333333,SETU Carlow,SETU,45.47839999999999,1,1,1,2,6,late,car,30,Laois
107009,47.70516666666667,47.70516666666667,60.648500000000006,47.70516666666667,SETU Carlow,SETU,98.8798,0,0,1,6,13,late,car,51,Laois
107011,33.460166666666666,33.460166666666666,63.730333333333334,33.460166666666666,SETU Carlow,SETU,69.3538,0,1,1,3,10,late,car,14,Laois
107012,58.18266666666667,58.18266666666667,84.86133333333335,58.18266666666667,SETU Carlow,SETU,120.5968,0,0,1,2,3,late,car,38,Laois
107013,18.87416666666667,18.87416666666667,71.6045,18.87416666666667,SETU Carlow,SETU,39.12100000000001,1,1,1,2,5,late,car,5,Laois
107014,17.942833333333336,17.942833333333336,65.53250000000001,17.942833333333336,SETU Carlow,SETU,37.1906,1,1,1,3,8,late,car,86,Laois
107015,40.27283333333333,40.27283333333333,72.941,40.27283333333333,SETU Carlow,SETU,83.4746,0,1,1,2,6,late,car,64,Laois
107016,22.54266666666667,22.54266666666667,63.61116666666667,22.54266666666667,SETU Carlow,SETU,46.7248,1,1,1,3,9,late,car,19,Laois
107017,38.6595,38.6595,80.55116666666666,38.6595,SETU Carlow,SETU,80.13059999999999,0,1,1,1,3,late,car,12,Laois
107018,42.108,42.108,70.2735,42.108,SETU Carlow,SETU,87.2784,0,1,1,3,6,late,car,76,Laois
107019,64.17583333333334,64.17583333333334,88.91666666666667,64.17583333333334,SETU Carlow,SETU,133.019,0,0,0,1,3,late,car,42,Laois
107021,66.68016666666666,66.68016666666666,91.421,66.68016666666666,SETU Carlow,SETU,138.20979999999997,0,0,0,1,2,late,car,6,Laois
107023,45.40983333333334,45.40983333333334,72.23333333333335,45.40983333333334,TUS Athlone,TUS,94.1222,0,0,1,3,3,late,car,21,Laois
107024,61.43500000000001,61.43500000000001,87.84783333333334,61.43500000000001,TUS Athlone,TUS,127.338,0,0,0,2,3,late,car,10,Laois
107025,54.04483333333334,54.04483333333334,80.86833333333334,54.04483333333334,TUS Athlone,TUS,112.0202,0,0,1,2,3,late,car,18,Laois
107026,55.43083333333334,55.43083333333334,80.17166666666668,55.43083333333334,SETU Carlow,SETU,114.893,0,0,1,1,3,late,car,41,Laois
107027,46.95533333333333,46.95533333333333,80.15516666666667,46.95533333333333,SETU Carlow,SETU,97.32559999999998,0,0,1,1,3,late,car,17,Laois
107028,53.417833333333334,53.417833333333334,80.24133333333334,53.417833333333334,TUS Athlone,TUS,110.7206,0,0,1,2,3,late,car,45,Laois
107029,42.05483333333334,42.05483333333334,68.7335,42.05483333333334,SETU Carlow,SETU,87.16820000000001,0,1,1,3,7,late,car,100,Laois
107030,57.68766666666667,57.68766666666667,82.42850000000001,57.68766666666667,SETU Carlow,SETU,119.5708,0,0,1,1,3,late,car,13,Laois
107031,50.154500000000006,50.154500000000006,74.89533333333333,50.154500000000006,SETU Carlow,SETU,103.9566,0,0,1,2,4,late,car,34,Laois
107032,72.50283333333333,72.50283333333333,98.34733333333334,72.50283333333333,SETU Carlow,SETU,150.27859999999998,0,0,0,1,2,late,car,9,Laois
107033,43.847833333333334,43.847833333333334,69.14233333333334,43.847833333333334,SETU Carlow,SETU,90.8846,0,1,1,2,7,late,car,5,Laois
107034,60.089333333333336,60.089333333333336,84.83016666666668,60.089333333333336,SETU Carlow,SETU,124.5488,0,0,0,1,3,late,car,17,Laois
107035,53.447166666666675,53.447166666666675,87.46833333333333,53.447166666666675,SETU Carlow,SETU,110.78140000000002,0,0,1,1,3,late,car,16,Laois
107036,63.18216666666668,63.18216666666668,98.42433333333337,63.18216666666668,SETU Carlow,SETU,130.95940000000002,0,0,0,1,1,late,car,21,Laois
107037,39.940999999999995,39.940999999999995,72.46433333333334,39.940999999999995,SETU Carlow,SETU,82.78679999999999,0,1,1,2,6,late,car,10,Laois
107038,29.425,29.425,73.15366666666667,29.425,SETU Carlow,SETU,60.989999999999995,1,1,1,2,6,late,car,15,Laois
107039,51.39016666666667,51.39016666666667,68.76466666666667,51.39016666666667,SETU Carlow,SETU,106.5178,0,0,2,3,7,late,car,99,Laois
107040,61.5175,61.5175,91.4155,61.5175,SETU Carlow,SETU,127.509,0,0,0,1,2,late,car,14,Laois
107041,55.42716666666667,55.42716666666667,84.28383333333335,55.42716666666667,SETU Carlow,SETU,114.8854,0,0,1,1,3,late,car,23,Laois
107042,22.236500000000003,22.236500000000003,78.49050000000001,22.236500000000003,SETU Carlow,SETU,46.0902,1,1,1,1,3,late,car,34,Laois
107043,46.41083333333334,46.41083333333334,82.89233333333333,46.41083333333334,SETU Carlow,SETU,96.197,0,0,1,1,3,late,car,17,Laois
107044,47.37516666666667,47.37516666666667,85.01899999999999,47.37516666666667,SETU Carlow,SETU,98.1958,0,0,1,1,2,late,car,56,Laois
107045,30.224333333333337,30.224333333333337,84.71100000000001,30.224333333333337,SETU Carlow,SETU,62.6468,0,1,1,1,2,late,car,15,Laois
107046,42.284000000000006,42.284000000000006,59.6585,42.284000000000006,SETU Carlow,SETU,87.64320000000001,0,1,2,6,13,late,car,59,Laois
107047,70.24783333333333,70.24783333333333,100.14583333333334,70.24783333333333,SETU Carlow,SETU,145.6046,0,0,0,1,2,late,car,28,Laois
107048,18.514833333333335,18.514833333333335,71.62833333333333,18.514833333333335,SETU Carlow,SETU,38.3762,1,1,1,2,5,late,car,8,Laois
107049,28.07566666666667,28.07566666666667,80.41733333333333,28.07566666666667,SETU Carlow,SETU,58.1932,1,1,1,1,2,late,car,8,Laois
107050,53.19050000000001,53.19050000000001,80.014,53.19050000000001,TUS Athlone,TUS,110.2494,0,0,1,2,3,late,car,24,Laois
107051,54.48666666666667,54.48666666666667,78.34566666666667,54.48666666666667,TUS Athlone,TUS,112.936,0,0,2,2,4,late,car,10,Laois
107052,3.2908333333333335,3.2908333333333335,68.64550000000001,3.2908333333333335,SETU Carlow,SETU,6.821,1,1,1,2,6,late,car,284,Laois
107053,55.80116666666667,55.80116666666667,88.27866666666667,55.80116666666667,SETU Carlow,SETU,115.6606,0,0,1,1,2,late,car,18,Laois
107054,45.8425,45.8425,54.226333333333336,45.8425,SETU Carlow,SETU,95.019,0,0,2,8,13,late,car,22,Laois
107055,65.71033333333334,65.71033333333334,91.43933333333337,65.71033333333334,SETU Carlow,SETU,136.1996,0,0,0,1,2,late,car,7,Laois
107056,36.206500000000005,36.206500000000005,65.85883333333334,36.206500000000005,SETU Carlow,SETU,75.0462,0,1,1,4,9,late,car,38,Laois
107057,57.83800000000001,57.83800000000001,90.98466666666668,57.83800000000001,SETU Carlow,SETU,119.88240000000002,0,0,1,1,2,late,car,14,Laois
107058,13.4035,13.4035,69.91966666666669,13.4035,SETU Carlow,SETU,27.7818,1,1,1,2,6,late,car,21,Laois
107059,51.139,51.139,86.77900000000001,51.139,SETU Carlow,SETU,105.9972,0,0,1,1,2,late,car,16,Laois
107060,53.09883333333334,53.09883333333334,57.15050000000001,53.09883333333334,SETU Carlow,SETU,110.0594,0,0,2,6,13,late,car,24,Laois
107061,36.56766666666667,36.56766666666667,62.39750000000001,36.56766666666667,SETU Carlow,SETU,75.7948,0,1,1,3,12,late,car,15,Laois
107062,56.870000000000005,56.870000000000005,88.0715,56.870000000000005,SETU Carlow,SETU,117.876,0,0,1,1,2,late,car,16,Laois
107063,68.28066666666668,68.28066666666668,93.0215,68.28066666666668,SETU Carlow,SETU,141.5272,0,0,0,2,2,late,car,7,Laois
107064,72.281,72.281,102.179,72.281,SETU Carlow,SETU,149.8188,0,0,0,1,1,late,car,10,Laois
107065,60.938166666666675,60.938166666666675,85.679,60.938166666666675,SETU Carlow,SETU,126.3082,0,0,0,2,3,late,car,11,Laois
107066,24.61616666666667,24.61616666666667,76.95783333333333,24.61616666666667,SETU Carlow,SETU,51.0226,1,1,1,1,3,late,car,16,Laois
107067,65.25200000000001,65.25200000000001,89.99283333333334,65.25200000000001,SETU Carlow,SETU,135.2496,0,0,0,1,3,late,car,3,Laois
107068,57.60516666666667,57.60516666666667,81.66583333333334,57.60516666666667,TUS Athlone,TUS,119.3998,0,0,2,2,3,late,car,17,Laois
107069,66.15033333333334,66.15033333333334,90.89116666666668,66.15033333333334,SETU Carlow,SETU,137.1116,0,0,0,1,2,late,car,7,Laois
107070,63.46083333333334,63.46083333333334,88.20166666666668,63.46083333333334,SETU Carlow,SETU,131.537,0,0,0,2,3,late,car,4,Laois
107071,49.49266666666667,49.49266666666667,73.06933333333333,49.49266666666667,SETU Carlow,SETU,102.5848,0,0,2,3,6,late,car,39,Laois
107072,51.51116666666667,51.51116666666667,71.55316666666667,51.51116666666667,SETU Carlow,SETU,106.7686,0,0,2,3,6,late,car,115,Laois
107073,50.83650000000001,50.83650000000001,75.57733333333334,50.83650000000001,SETU Carlow,SETU,105.3702,0,0,1,2,4,late,car,113,Laois
107074,35.85266666666667,35.85266666666667,63.853166666666674,35.85266666666667,SETU Carlow,SETU,74.31280000000001,0,1,1,3,10,late,car,15,Laois
107076,17.171000000000003,17.171000000000003,78.91033333333334,17.171000000000003,SETU Carlow,SETU,35.5908,1,1,1,1,3,late,car,18,Laois
107077,50.66416666666667,50.66416666666667,76.56366666666666,50.66416666666667,SETU Carlow,SETU,105.013,0,0,1,2,4,late,car,22,Laois
107078,53.322500000000005,53.322500000000005,62.52400000000001,53.322500000000005,SETU Carlow,SETU,110.523,0,0,1,4,12,late,car,328,Laois
107079,38.886833333333335,38.886833333333335,66.88550000000001,38.886833333333335,SETU Carlow,SETU,80.6018,0,1,1,3,9,late,car,741,Laois
107080,37.54116666666667,37.54116666666667,65.70666666666668,37.54116666666667,SETU Carlow,SETU,77.8126,0,1,1,4,9,late,car,137,Laois
107081,45.884666666666675,45.884666666666675,78.11283333333334,45.884666666666675,SETU Carlow,SETU,95.1064,0,0,1,1,4,late,car,27,Laois
107082,21.246500000000005,21.246500000000005,73.58816666666668,21.246500000000005,SETU Carlow,SETU,44.0382,1,1,1,2,5,late,car,9,Laois
107083,62.06383333333334,62.06383333333334,91.96183333333336,62.06383333333334,SETU Carlow,SETU,128.6414,0,0,0,1,2,late,car,48,Laois
107084,61.625666666666675,61.625666666666675,91.52366666666668,61.625666666666675,SETU Carlow,SETU,127.7332,0,0,0,1,2,late,car,4,Laois
107085,51.221500000000006,51.221500000000006,78.04500000000002,51.221500000000006,TUS Athlone,TUS,106.1682,0,0,1,2,3,late,car,17,Laois
107086,55.62150000000001,55.62150000000001,78.98916666666668,55.62150000000001,SETU Carlow,SETU,115.28820000000002,0,0,2,2,4,late,car,24,Laois
107087,7.375500000000001,7.375500000000001,73.88516666666668,7.375500000000001,SETU Carlow,SETU,15.2874,1,1,1,2,5,late,car,21,Laois
107088,40.07116666666666,40.07116666666666,62.007000000000005,40.07116666666666,SETU Carlow,SETU,83.05659999999999,0,1,1,3,12,late,car,34,Laois
107089,45.36033333333334,45.36033333333334,68.23116666666667,45.36033333333334,SETU Carlow,SETU,94.0196,0,0,1,3,7,late,car,32,Laois
107090,10.9065,10.9065,72.875,10.9065,SETU Carlow,SETU,22.6062,1,1,1,2,5,late,car,15,Laois
107091,26.708,26.708,69.0745,26.708,SETU Carlow,SETU,55.35839999999999,1,1,1,2,7,late,car,83,Laois
107092,19.235333333333337,19.235333333333337,67.397,19.235333333333337,SETU Carlow,SETU,39.869600000000005,1,1,1,2,7,late,car,29,Laois
107093,31.060333333333336,31.060333333333336,74.21333333333334,31.060333333333336,SETU Carlow,SETU,64.3796,0,1,1,2,6,late,car,24,Laois
107094,28.63483333333334,28.63483333333334,74.02816666666668,28.63483333333334,SETU Carlow,SETU,59.35220000000001,1,1,1,2,6,late,car,18,Laois
107095,58.837166666666675,58.837166666666675,85.66066666666666,58.837166666666675,TUS Athlone,TUS,121.95340000000002,0,0,1,2,3,late,car,2,Laois
107096,49.11133333333334,49.11133333333334,73.85216666666668,49.11133333333334,SETU Carlow,SETU,101.7944,0,0,1,2,6,late,car,7,Laois
107097,15.920666666666667,15.920666666666667,76.5875,15.920666666666667,SETU Carlow,SETU,32.9992,1,1,1,1,3,late,car,12,Laois
107098,34.441,34.441,64.53150000000001,34.441,SETU Carlow,SETU,71.3868,0,1,1,3,10,late,car,8,Laois
137001,61.54683333333334,61.54683333333334,84.4195,61.54683333333334,TUS Athlone,TUS,127.5698,0,0,0,1,2,late,car,13,Longford
137002,62.49466666666668,62.49466666666668,90.8985,62.49466666666668,TUS Athlone,TUS,129.5344,0,0,0,1,1,late,car,31,Longford
137003,38.64666666666667,38.64666666666667,76.153,38.64666666666667,TUS Athlone,TUS,80.104,0,1,1,1,2,late,car,28,Longford
137004,40.604666666666674,40.604666666666674,75.14466666666667,40.604666666666674,TUS Athlone,TUS,84.1624,0,1,1,1,2,late,car,26,Longford
137005,48.24416666666667,48.24416666666667,86.14833333333334,48.24416666666667,TUS Athlone,TUS,99.997,0,0,1,1,2,late,car,25,Longford
137006,60.10583333333334,60.10583333333334,85.37833333333333,60.10583333333334,TUS Athlone,TUS,124.583,0,0,0,1,2,late,car,23,Longford
137007,78.75450000000001,78.75450000000001,104.643,78.75450000000001,TUS Athlone,TUS,163.2366,0,0,0,0,1,late,car,35,Longford
137008,72.74483333333335,72.74483333333335,101.16333333333334,72.74483333333335,TUS Athlone,TUS,150.78020000000004,0,0,0,1,1,late,car,23,Longford
137009,27.639333333333333,27.639333333333333,82.357,27.639333333333333,TUS Athlone,TUS,57.288799999999995,1,1,1,1,2,late,car,126,Longford
137010,46.234833333333334,46.234833333333334,66.22550000000001,46.234833333333334,TUS Athlone,TUS,95.8322,0,0,1,2,2,late,car,10,Longford
137011,65.14383333333335,65.14383333333335,93.93266666666668,65.14383333333335,TUS Athlone,TUS,135.02540000000002,0,0,0,1,1,late,car,50,Longford
137012,65.0925,65.0925,90.365,65.0925,TUS Athlone,TUS,134.91899999999998,0,0,0,1,1,late,car,6,Longford
137013,55.26766666666667,55.26766666666667,83.68616666666668,55.26766666666667,TUS Athlone,TUS,114.5548,0,0,1,1,2,late,car,114,Longford
137014,39.4845,39.4845,94.20216666666668,39.4845,TUS Athlone,TUS,81.8406,0,1,1,1,1,late,car,13,Longford
137015,52.16016666666667,52.16016666666667,109.76533333333332,52.16016666666667,TUS Athlone,TUS,108.1138,0,0,1,1,1,late,car,23,Longford
137016,54.0595,54.0595,87.09616666666666,54.0595,TUS Athlone,TUS,112.0506,0,0,1,1,2,late,car,36,Longford
137017,58.479666666666674,58.479666666666674,86.88350000000001,58.479666666666674,TUS Athlone,TUS,121.2124,0,0,1,1,2,late,car,38,Longford
137018,81.63283333333334,81.63283333333334,106.90533333333336,81.63283333333334,TUS Athlone,TUS,169.2026,0,0,0,0,1,late,car,22,Longford
137019,55.39233333333334,55.39233333333334,77.45649999999999,55.39233333333334,TUS Athlone,TUS,114.8132,0,0,1,1,2,late,car,15,Longford
137020,49.50183333333334,49.50183333333334,75.922,49.50183333333334,TUS Athlone,TUS,102.6038,0,0,1,1,2,late,car,21,Longford
137021,63.82016666666667,63.82016666666667,89.09266666666669,63.82016666666667,TUS Athlone,TUS,132.2818,0,0,0,1,2,late,car,20,Longford
137022,47.99483333333334,47.99483333333334,73.26733333333334,47.99483333333334,TUS Athlone,TUS,99.4802,0,0,1,2,2,late,car,10,Longford
137023,56.903000000000006,56.903000000000006,82.885,56.903000000000006,TUS Athlone,TUS,117.9444,0,0,1,1,2,late,car,6,Longford
137024,66.275,66.275,91.5475,66.275,TUS Athlone,TUS,137.37,0,0,0,1,1,late,car,13,Longford
137025,39.00783333333334,39.00783333333334,85.90083333333334,39.00783333333334,TUS Athlone,TUS,80.8526,0,1,1,1,2,late,car,20,Longford
137026,76.79100000000001,76.79100000000001,105.2095,76.79100000000001,TUS Athlone,TUS,159.16680000000002,0,0,0,0,1,late,car,27,Longford
137027,66.04766666666667,66.04766666666667,94.46616666666668,66.04766666666667,TUS Athlone,TUS,136.8988,0,0,0,1,1,late,car,48,Longford
137028,54.38216666666668,54.38216666666668,80.36416666666668,54.38216666666668,TUS Athlone,TUS,112.7194,0,0,1,1,2,late,car,3,Longford
137029,45.04316666666668,45.04316666666668,71.46333333333334,45.04316666666668,TUS Athlone,TUS,93.36220000000002,0,0,1,2,2,late,car,85,Longford
137031,31.744166666666672,31.744166666666672,77.35933333333334,31.744166666666672,TUS Athlone,TUS,65.797,0,1,1,1,2,late,car,75,Longford
137032,45.991,45.991,77.89283333333334,45.991,TUS Athlone,TUS,95.3268,0,0,1,1,2,late,car,19,Longford
137033,68.07533333333333,68.07533333333333,93.34783333333334,68.07533333333333,TUS Athlone,TUS,141.1016,0,0,0,1,1,late,car,20,Longford
137034,57.282500000000006,57.282500000000006,82.555,57.282500000000006,TUS Athlone,TUS,118.731,0,0,1,1,2,late,car,12,Longford
137035,56.270500000000006,56.270500000000006,81.54300000000002,56.270500000000006,TUS Athlone,TUS,116.6334,0,0,1,1,2,late,car,49,Longford
137036,37.19466666666667,37.19466666666667,91.91233333333334,37.19466666666667,TUS Athlone,TUS,77.09440000000001,0,1,1,1,1,late,car,48,Longford
137037,35.93516666666667,35.93516666666667,81.54850000000002,35.93516666666667,TUS Athlone,TUS,74.4838,0,1,1,1,2,late,car,35,Longford
137038,49.303833333333344,49.303833333333344,92.04983333333332,49.303833333333344,TUS Athlone,TUS,102.19340000000004,0,0,1,1,1,late,car,30,Longford
137039,71.6375,71.6375,100.04133333333334,71.6375,TUS Athlone,TUS,148.485,0,0,0,1,1,late,car,22,Longford
137040,51.4855,51.4855,77.4675,51.4855,TUS Athlone,TUS,106.7154,0,0,1,1,2,late,car,7,Longford
137041,34.16416666666667,34.16416666666667,91.76933333333336,34.16416666666667,TUS Athlone,TUS,70.81299999999999,0,1,1,1,1,late,car,20,Longford
137042,67.79116666666667,67.79116666666667,93.06366666666666,67.79116666666667,TUS Athlone,TUS,140.5126,0,0,0,1,1,late,car,8,Longford
137043,51.26916666666667,51.26916666666667,83.31766666666668,51.26916666666667,TUS Athlone,TUS,106.267,0,0,1,1,2,late,car,160,Longford
137044,52.966833333333334,52.966833333333334,82.313,52.966833333333334,TUS Athlone,TUS,109.7858,0,0,1,1,2,late,car,32,Longford
137045,52.56166666666667,52.56166666666667,82.42300000000002,52.56166666666667,TUS Athlone,TUS,108.946,0,0,1,1,2,late,car,255,Longford
137046,51.091333333333345,51.091333333333345,76.36383333333335,51.091333333333345,TUS Athlone,TUS,105.8984,0,0,1,1,2,late,car,19,Longford
137047,50.29566666666667,50.29566666666667,76.71583333333334,50.29566666666667,TUS Athlone,TUS,104.2492,0,0,1,1,2,late,car,15,Longford
137048,48.671333333333344,48.671333333333344,95.21416666666669,48.671333333333344,TUS Athlone,TUS,100.88240000000002,0,0,1,1,1,late,car,11,Longford
137049,46.3045,46.3045,91.17533333333334,46.3045,TUS Athlone,TUS,95.9766,0,0,1,1,1,late,car,47,Longford
137050,80.16616666666667,80.16616666666667,108.58466666666668,80.16616666666667,TUS Athlone,TUS,166.1626,0,0,0,0,1,late,car,13,Longford
137051,68.39983333333333,68.39983333333333,93.67233333333334,68.39983333333333,TUS Athlone,TUS,141.7742,0,0,0,1,1,late,car,11,Longford
137053,57.45483333333334,57.45483333333334,86.24366666666667,57.45483333333334,TUS Athlone,TUS,119.0882,0,0,1,1,2,late,car,31,Longford
137054,48.26983333333334,48.26983333333334,103.46966666666668,48.26983333333334,TUS Athlone,TUS,100.0502,0,0,1,1,1,late,car,47,Longford
147001,28.96666666666667,64.09375,75.16850000000001,28.96666666666667,Dundalk IT,DkIT,60.04,1,1,1,7,12,late,car,155,Louth
147002,26.577833333333334,61.37916666666666,72.97033333333333,26.577833333333334,Dundalk IT,DkIT,55.08860000000001,1,1,1,8,12,late,car,223,Louth
147003,7.091333333333335,73.30416666666666,87.67916666666667,7.091333333333335,Dundalk IT,DkIT,14.698400000000005,1,1,1,2,9,late,car,105,Louth
147004,13.889333333333337,73.98958333333334,88.28233333333334,13.889333333333337,Dundalk IT,DkIT,28.7888,1,1,1,2,8,late,car,42,Louth
147005,23.969000000000005,92.48333333333332,104.55683333333336,23.969000000000005,Dundalk IT,DkIT,49.6812,1,1,1,1,1,late,car,61,Louth
147006,16.701666666666668,57.30416666666667,73.59916666666668,16.701666666666668,Dundalk IT,DkIT,34.618,1,1,2,9,12,late,car,57,Louth
147007,13.187166666666668,75.57083333333334,89.67383333333335,13.187166666666668,Dundalk IT,DkIT,27.3334,1,1,1,1,8,late,car,51,Louth
147008,9.962333333333332,71.0,85.6515,9.962333333333332,Dundalk IT,DkIT,20.6492,1,1,1,2,9,late,car,194,Louth
147009,37.07000000000001,62.483333333333334,75.27300000000001,37.07000000000001,Dundalk IT,DkIT,76.83600000000001,0,1,1,7,12,late,car,165,Louth
147010,31.582833333333337,70.38749999999999,85.11250000000001,31.582833333333337,Dundalk IT,DkIT,65.4626,0,1,1,3,10,late,car,36,Louth
147011,30.957666666666668,52.516666666666666,64.11716666666668,30.957666666666668,Dundalk IT,DkIT,64.1668,0,1,4,11,12,late,car,101,Louth
147012,15.676833333333336,76.02083333333334,90.06983333333334,15.676833333333336,Dundalk IT,DkIT,32.4938,1,1,1,1,7,late,car,37,Louth
147013,17.084833333333336,65.19999999999999,80.5475,17.084833333333336,Dundalk IT,DkIT,35.4122,1,1,1,6,11,late,car,11,Louth
147014,34.81133333333334,44.572916666666664,59.511833333333335,34.81133333333334,Dundalk IT,DkIT,72.15440000000001,0,2,8,12,12,late,car,331,Louth
147015,22.06416666666667,51.7625,68.72250000000001,22.06416666666667,Dundalk IT,DkIT,45.733,1,1,4,11,12,late,car,35,Louth
147016,15.161666666666669,64.04583333333333,79.53183333333335,15.161666666666669,Dundalk IT,DkIT,31.426,1,1,1,7,12,late,car,100,Louth
147017,25.741833333333332,61.46875,77.264,25.741833333333332,Dundalk IT,DkIT,53.355799999999995,1,1,1,7,12,late,car,80,Louth
147018,24.94616666666667,93.07083333333333,105.07383333333335,24.94616666666667,Dundalk IT,DkIT,51.70660000000001,1,1,1,1,1,late,car,79,Louth
147019,4.035166666666667,72.65625,87.10900000000001,4.035166666666667,Dundalk IT,DkIT,8.363800000000001,1,1,1,2,9,late,car,903,Louth
147020,3.674000000000001,69.36666666666666,84.21416666666667,3.674000000000001,Dundalk IT,DkIT,7.6152000000000015,1,1,1,3,10,late,car,43,Louth
147021,21.296,51.71041666666667,68.67666666666666,21.296,Dundalk IT,DkIT,44.1408,1,1,4,11,12,late,car,147,Louth
147022,29.051,61.41041666666666,77.21266666666668,29.051,Dundalk IT,DkIT,60.2148,1,1,1,7,12,late,car,68,Louth
147023,10.336333333333334,78.63333333333333,92.36883333333334,10.336333333333334,Dundalk IT,DkIT,21.4244,1,1,1,1,7,late,car,42,Louth
147024,29.4085,98.66458333333333,109.99633333333334,29.4085,Dundalk IT,DkIT,60.9558,1,1,1,1,1,late,car,74,Louth
147025,9.504,67.8,82.83550000000001,9.504,Dundalk IT,DkIT,19.6992,1,1,1,3,11,late,car,335,Louth
147026,13.126666666666669,80.16250000000001,93.7145,13.126666666666669,Dundalk IT,DkIT,27.208,1,1,1,1,6,late,car,92,Louth
147027,24.7115,78.72916666666667,92.45316666666668,24.7115,Dundalk IT,DkIT,51.2202,1,1,1,1,7,late,car,60,Louth
147028,15.953666666666669,73.34583333333333,87.71583333333334,15.953666666666669,Dundalk IT,DkIT,33.0676,1,1,1,2,9,late,car,82,Louth
147029,19.891666666666666,64.67083333333333,80.08183333333335,19.891666666666666,Dundalk IT,DkIT,41.23,1,1,1,6,11,late,car,39,Louth
147030,32.16583333333334,47.49583333333334,64.96783333333333,32.16583333333334,Dundalk IT,DkIT,66.671,0,1,7,12,12,late,car,63,Louth
147031,26.356,49.2375,66.50050000000002,26.356,Dundalk IT,DkIT,54.6288,1,1,7,11,12,late,car,127,Louth
147032,21.046666666666667,89.1625,101.6345,21.046666666666667,Dundalk IT,DkIT,43.623999999999995,1,1,1,1,2,late,car,59,Louth
147033,14.675833333333337,81.92291666666668,95.26366666666668,14.675833333333337,Dundalk IT,DkIT,30.419,1,1,1,1,4,late,car,55,Louth
147034,34.881,43.73541666666667,58.77483333333333,34.881,Dundalk IT,DkIT,72.2988,0,2,9,12,12,late,car,261,Louth
147035,34.53816666666667,46.25833333333333,63.87883333333335,34.53816666666667,Dundalk IT,DkIT,71.5882,0,1,7,12,12,late,car,637,Louth
147036,24.78666666666667,59.34375,75.39399999999999,24.78666666666667,Dundalk IT,DkIT,51.376000000000005,1,1,2,7,12,late,car,35,Louth
147037,26.007666666666665,68.69583333333334,83.62383333333335,26.007666666666665,Dundalk IT,DkIT,53.90679999999999,1,1,1,3,10,late,car,39,Louth
147038,41.90633333333334,56.21875,69.76016666666666,41.90633333333334,Dundalk IT,DkIT,86.86040000000001,0,1,2,9,12,late,car,177,Louth
147039,37.9775,44.10625,59.10116666666667,37.9775,Dundalk IT,DkIT,78.717,0,2,8,12,12,late,car,134,Louth
147040,3.4063333333333334,71.04791666666668,85.69366666666667,3.4063333333333334,Dundalk IT,DkIT,7.0604,1,1,1,2,9,late,car,55,Louth
147041,2.6766666666666667,72.48333333333333,86.95683333333335,2.6766666666666667,Dundalk IT,DkIT,5.548,1,1,1,2,9,late,car,33,Louth
147042,3.7015000000000007,73.25416666666666,87.63516666666668,3.7015000000000007,Dundalk IT,DkIT,7.6722,1,1,1,2,9,late,car,220,Louth
147043,36.824333333333335,40.541666666666664,55.964333333333336,36.824333333333335,Dundalk IT,DkIT,76.32679999999999,0,3,10,12,12,late,car,375,Louth
167001,47.61533333333333,82.93958333333333,87.22083333333335,47.61533333333333,Dundalk IT,DkIT,98.6936,0,0,1,1,5,late,car,25,Meath
167002,44.416666666666664,44.416666666666664,47.20466666666667,65.626,TU Dublin Blanchardstown,TU Dublin,95.94,0,1,4,10,12,late,car,107,Meath
167003,40.15416666666667,40.15416666666667,47.241333333333344,46.31550000000001,TU Dublin Blanchardstown,TU Dublin,86.733,0,2,10,12,12,late,car,83,Meath
167004,47.55833333333334,47.55833333333334,49.96933333333333,60.324000000000005,TU Dublin Blanchardstown,TU Dublin,102.726,0,0,6,11,12,late,car,52,Meath
167005,38.2195,38.2195,38.2195,54.94500000000001,Maynooth University,MU,79.2186,0,1,2,8,12,late,car,27,Meath
167006,51.14083333333334,51.14083333333334,51.14083333333334,73.15366666666667,Maynooth University,MU,106.001,0,0,2,9,13,late,car,103,Meath
167007,65.25625000000001,65.25625000000001,65.54350000000001,72.34333333333333,TU Dublin Blanchardstown,TU Dublin,135.8538,0,0,0,3,10,late,car,17,Meath
167008,39.33416666666667,39.33416666666667,39.33416666666667,56.54183333333334,Maynooth University,MU,81.529,0,1,2,8,12,late,car,25,Meath
167009,35.1285,35.1285,35.1285,70.61633333333334,Maynooth University,MU,72.8118,0,1,2,10,13,late,car,24,Meath
167010,57.33958333333334,57.33958333333334,58.57683333333333,66.65816666666667,TU Dublin Blanchardstown,TU Dublin,121.4138,0,0,2,6,12,late,car,30,Meath
167011,42.98250000000001,42.98250000000001,42.98250000000001,63.80366666666667,Maynooth University,MU,89.09100000000001,0,2,5,10,12,late,car,65,Meath
167012,55.18124999999999,55.18124999999999,56.6775,63.47733333333334,TU Dublin Blanchardstown,TU Dublin,117.477,0,0,2,7,12,late,car,15,Meath
167013,50.83958333333334,50.83958333333334,52.856833333333334,59.65666666666667,TU Dublin Blanchardstown,TU Dublin,109.5578,0,0,3,10,13,late,car,16,Meath
167014,49.74383333333334,76.90283333333333,76.90283333333333,49.74383333333334,Dundalk IT,DkIT,103.1054,0,0,1,1,3,late,car,19,Meath
167015,52.8,52.8,52.8,64.59566666666667,Maynooth University,MU,109.44,0,0,1,2,8,late,car,24,Meath
167016,61.66666666666667,61.66666666666667,62.384666666666675,67.85533333333333,TU Dublin Blanchardstown,TU Dublin,129.3064,0,0,0,4,10,late,car,17,Meath
167017,32.98533333333334,32.98533333333334,32.98533333333334,64.74600000000001,Maynooth University,MU,68.3696,0,1,3,11,13,late,car,137,Meath
167018,42.964166666666664,60.80416666666666,61.625666666666675,42.964166666666664,Dundalk IT,DkIT,89.053,0,1,1,5,10,late,car,47,Meath
167019,55.70033333333333,55.70033333333333,55.70033333333333,81.58516666666668,Maynooth University,MU,115.45159999999998,0,0,1,2,10,late,car,22,Meath
167020,46.7375,46.7375,47.985666666666674,67.66833333333334,TU Dublin Blanchardstown,TU Dublin,99.4612,0,0,3,10,12,late,car,28,Meath
167021,66.97500000000001,66.97500000000001,67.05600000000001,73.85583333333334,TU Dublin Blanchardstown,TU Dublin,138.98880000000003,0,0,0,3,9,late,car,26,Meath
167022,81.98850000000002,81.98850000000002,81.98850000000002,86.46916666666668,Maynooth University,MU,169.93980000000002,0,0,0,0,2,late,car,11,Meath
167023,54.95050000000001,70.906,70.906,54.95050000000001,Dundalk IT,DkIT,113.89740000000002,0,0,1,3,6,late,car,17,Meath
167024,17.372666666666667,17.372666666666667,17.372666666666667,81.59983333333334,Maynooth University,MU,36.0088,2,8,11,11,14,late,car,40,Meath
167025,23.379166666666663,23.379166666666663,37.9995,60.773166666666675,TU Dublin Blanchardstown,TU Dublin,50.498999999999995,3,10,11,12,13,late,car,512,Meath
167026,58.34583333333333,58.34583333333333,59.46233333333333,59.33766666666667,TU Dublin Blanchardstown,TU Dublin,122.9908,0,0,3,6,11,late,car,97,Meath
167027,36.87200000000001,70.73125,76.4775,36.87200000000001,Dundalk IT,DkIT,76.4256,0,1,1,3,9,late,car,23,Meath
167028,40.86133333333334,43.46249999999999,50.15266666666667,40.86133333333334,Dundalk IT,DkIT,84.6944,0,2,10,12,12,late,car,303,Meath
167029,13.329166666666666,13.329166666666666,16.567833333333336,76.79650000000001,TU Dublin Blanchardstown,TU Dublin,28.790999999999997,5,10,11,11,13,late,car,416,Meath
167030,22.075,22.075,26.460500000000003,70.09566666666667,TU Dublin Blanchardstown,TU Dublin,47.682,2,8,11,12,12,late,car,283,Meath
167031,19.85316666666667,19.85316666666667,19.85316666666667,79.57033333333334,Maynooth University,MU,41.150200000000005,1,2,9,11,14,late,car,44,Meath
167032,30.69916666666667,30.69916666666667,30.69916666666667,73.38466666666667,Maynooth University,MU,63.63100000000001,0,2,9,12,13,late,car,25,Meath
167033,64.85000000000001,64.85000000000001,65.186,74.62216666666667,TU Dublin Blanchardstown,TU Dublin,135.1128,0,0,0,3,10,late,car,20,Meath
167034,40.593666666666664,61.31458333333333,65.86250000000001,40.593666666666664,Dundalk IT,DkIT,84.13959999999999,0,1,1,8,12,late,car,33,Meath
167035,54.175,54.175,54.175,71.17183333333334,Maynooth University,MU,112.29,0,0,2,6,13,late,car,16,Meath
167036,40.494666666666674,40.494666666666674,40.494666666666674,58.710666666666675,Maynooth University,MU,83.93440000000001,0,1,2,7,12,late,car,13,Meath
167037,22.859833333333334,22.859833333333334,22.859833333333334,62.258166666666675,Maynooth University,MU,47.38220000000001,1,2,9,12,13,late,car,201,Meath
167038,39.412499999999994,39.412499999999994,57.8545,47.762,DCU Glasnevin,DCU,85.13099999999999,0,2,10,12,12,late,car,556,Meath
167039,50.08958333333334,50.08958333333334,52.19683333333334,56.80583333333334,TU Dublin Blanchardstown,TU Dublin,108.1898,0,0,3,10,12,late,car,204,Meath
167040,51.55833333333334,51.55833333333334,53.489333333333335,57.29900000000001,TU Dublin Blanchardstown,TU Dublin,110.8688,0,0,3,9,12,late,car,96,Meath
167041,38.19375,38.19375,45.47583333333334,50.71000000000001,TU Dublin Blanchardstown,TU Dublin,82.4985,0,3,11,12,12,late,car,126,Meath
167042,30.06875,30.06875,34.881,60.01233333333334,TU Dublin Blanchardstown,TU Dublin,64.9485,0,7,10,12,12,late,car,157,Meath
167043,46.35033333333333,46.35033333333333,46.35033333333333,73.56066666666668,Maynooth University,MU,96.0716,0,0,2,10,12,late,car,22,Meath
167044,38.56783333333333,38.56783333333333,38.56783333333333,62.39933333333334,Maynooth University,MU,79.94059999999999,0,2,5,12,13,late,car,20,Meath
167045,45.7545,45.7545,45.7545,81.15066666666667,Maynooth University,MU,94.8366,0,0,2,6,13,late,car,60,Meath
167046,42.68366666666666,42.68366666666666,42.68366666666666,69.19,Maynooth University,MU,88.47159999999998,0,1,2,6,12,late,car,121,Meath
167047,69.4265,69.4265,69.4265,76.22633333333334,Maynooth University,MU,143.9022,0,0,0,2,8,late,car,14,Meath
167048,43.5765,69.29166666666666,71.71816666666668,43.5765,Dundalk IT,DkIT,90.3222,0,1,1,5,10,late,car,41,Meath
167049,84.80266666666667,84.80266666666667,84.80266666666667,91.60250000000002,Maynooth University,MU,175.7728,0,0,0,0,2,late,car,13,Meath
167050,25.583333333333332,25.583333333333332,30.448,71.49633333333334,TU Dublin Blanchardstown,TU Dublin,55.25999999999999,1,6,11,12,12,late,car,50,Meath
167051,48.21300000000001,48.21300000000001,48.21300000000001,64.38850000000001,Maynooth University,MU,99.9324,0,0,1,3,10,late,car,31,Meath
167052,55.366666666666674,73.53683333333333,73.53683333333333,55.366666666666674,Dundalk IT,DkIT,114.76,0,0,1,3,5,late,car,35,Meath
167053,32.96516666666667,32.96516666666667,32.96516666666667,72.05550000000002,Maynooth University,MU,68.3278,0,2,9,12,12,late,car,74,Meath
167054,15.783166666666668,15.783166666666668,15.783166666666668,79.00933333333334,Maynooth University,MU,32.7142,2,5,11,11,14,late,car,75,Meath
167055,62.958333333333336,62.958333333333336,63.521333333333345,70.32116666666667,TU Dublin Blanchardstown,TU Dublin,131.6624,0,0,0,3,11,late,car,26,Meath
167056,77.30983333333334,77.30983333333334,77.30983333333334,84.10966666666668,Maynooth University,MU,160.24220000000005,0,0,0,0,3,late,car,12,Meath
167057,28.004166666666663,28.004166666666663,28.004166666666663,76.01366666666667,Maynooth University,MU,58.045,1,2,5,11,13,late,car,28,Meath
167058,60.322916666666664,60.322916666666664,61.20216666666667,65.02466666666668,TU Dublin Blanchardstown,TU Dublin,126.8554,0,0,0,5,10,late,car,27,Meath
167059,52.99583333333334,52.99583333333334,54.754333333333335,57.212833333333336,TU Dublin Blanchardstown,TU Dublin,113.4908,0,0,3,9,12,late,car,12,Meath
167060,50.825,50.825,52.844,68.42183333333334,TU Dublin Blanchardstown,TU Dublin,109.5312,0,0,2,10,12,late,car,34,Meath
167061,38.6485,51.19791666666667,61.32133333333334,38.6485,Dundalk IT,DkIT,80.1078,0,1,5,11,12,late,car,31,Meath
167062,57.45300000000001,72.96116666666667,72.96116666666667,57.45300000000001,Dundalk IT,DkIT,119.08440000000002,0,0,1,3,6,late,car,20,Meath
167063,77.63616666666667,77.63616666666667,77.63616666666667,84.436,Maynooth University,MU,160.9186,0,0,0,0,4,late,car,12,Meath
167064,59.22766666666667,60.5,61.358,59.22766666666667,Dundalk IT,DkIT,122.7628,0,0,1,5,10,late,car,7,Meath
167065,40.962500000000006,40.962500000000006,44.165,55.946000000000005,TU Dublin Blanchardstown,TU Dublin,88.47900000000001,0,2,7,12,12,late,car,1576,Meath
167066,39.166666666666664,39.166666666666664,42.58466666666668,53.656166666666664,TU Dublin Blanchardstown,TU Dublin,84.6,0,2,7,12,12,late,car,94,Meath
167067,60.61550000000001,68.7445,68.7445,60.61550000000001,Dundalk IT,DkIT,125.6394,0,0,0,3,8,late,car,13,Meath
167068,50.940999999999995,56.514583333333334,57.85083333333334,50.940999999999995,Dundalk IT,DkIT,105.58679999999998,0,0,3,6,12,late,car,40,Meath
167069,47.19916666666667,67.88833333333334,67.88833333333334,47.19916666666667,Dundalk IT,DkIT,97.831,0,0,1,3,9,late,car,31,Meath
167070,74.74316666666668,74.74316666666668,74.74316666666668,81.54300000000002,Maynooth University,MU,154.92220000000003,0,0,0,1,6,late,car,103,Meath
167071,40.94375,40.94375,47.93616666666667,46.535500000000006,TU Dublin Blanchardstown,TU Dublin,88.4385,0,2,10,12,12,late,car,52,Meath
167072,51.43050000000001,74.63316666666667,74.63316666666667,51.43050000000001,Dundalk IT,DkIT,106.6014,0,0,1,2,5,late,car,10,Meath
167073,26.860166666666668,26.860166666666668,26.860166666666668,66.2585,Maynooth University,MU,55.6738,1,1,6,12,14,late,car,21,Meath
167074,31.425,31.425,39.55966666666667,52.4095,TU Dublin Blanchardstown,TU Dublin,67.878,0,7,12,12,12,late,car,49,Meath
167075,48.046166666666664,61.49791666666667,62.23616666666667,48.046166666666664,Dundalk IT,DkIT,99.5866,0,0,1,8,11,late,car,26,Meath
167076,48.02708333333334,48.02708333333334,50.38183333333333,68.80316666666667,TU Dublin Blanchardstown,TU Dublin,103.7385,0,0,2,10,12,late,car,52,Meath
167077,32.917500000000004,32.917500000000004,32.917500000000004,74.18583333333333,Maynooth University,MU,68.22900000000001,0,1,3,10,13,late,car,50,Meath
167078,21.43333333333333,21.43333333333333,27.281833333333335,61.71550000000001,TU Dublin Blanchardstown,TU Dublin,46.29599999999999,3,9,11,12,13,late,car,707,Meath
167079,7.604666666666667,7.604666666666667,7.604666666666667,77.35566666666666,Maynooth University,MU,15.7624,1,6,11,11,14,late,car,54,Meath
167080,33.38333333333333,33.38333333333333,37.3285,62.355333333333334,TU Dublin Blanchardstown,TU Dublin,72.108,0,2,9,12,12,late,car,75,Meath
167081,41.237166666666674,49.025,56.939666666666675,41.237166666666674,Dundalk IT,DkIT,85.47340000000001,0,1,7,11,12,late,car,59,Meath
167082,42.05,42.05,60.175500000000014,43.14383333333334,DCU Glasnevin,DCU,89.42540000000001,0,2,8,12,12,late,car,734,Meath
167083,47.7565,57.72083333333333,58.912333333333336,47.7565,Dundalk IT,DkIT,98.9862,0,0,4,10,12,late,car,32,Meath
167084,50.53216666666667,63.50833333333333,64.00533333333333,50.53216666666667,Dundalk IT,DkIT,104.73940000000002,0,0,1,3,10,late,car,18,Meath
167085,34.614583333333336,34.614583333333336,53.63233333333334,49.27816666666667,DCU Glasnevin,DCU,74.7675,0,5,11,12,12,late,car,329,Meath
167086,71.0435,71.0435,71.0435,77.84333333333333,Maynooth University,MU,147.25379999999998,0,0,0,2,6,late,car,6,Meath
167087,21.99816666666667,21.99816666666667,21.99816666666667,77.21633333333335,Maynooth University,MU,45.5962,1,2,9,11,14,late,car,72,Meath
167088,32.39791666666667,32.39791666666667,36.628166666666665,65.46833333333333,TU Dublin Blanchardstown,TU Dublin,69.9795,0,2,9,12,12,late,car,39,Meath
167089,57.3,57.3,58.542,63.13633333333334,TU Dublin Blanchardstown,TU Dublin,121.3416,0,0,2,6,12,late,car,32,Meath
167090,35.124833333333335,35.124833333333335,35.124833333333335,68.0845,Maynooth University,MU,72.80420000000001,0,2,7,12,13,late,car,396,Meath
167091,35.00383333333333,35.00383333333333,35.00383333333333,69.87933333333334,Maynooth University,MU,72.5534,0,2,6,12,13,late,car,32,Meath
167092,66.38316666666668,80.55116666666666,80.55116666666666,66.38316666666668,Dundalk IT,DkIT,137.5942,0,0,0,1,3,late,car,15,Meath
177001,60.87400000000001,123.46666666666664,125.57783333333334,60.87400000000001,Dundalk IT,DkIT,126.1752,0,0,0,1,1,late,car,22,Monaghan
177002,65.989,131.16458333333333,138.59633333333335,65.989,Dundalk IT,DkIT,136.7772,0,0,0,1,1,late,car,63,Monaghan
177003,43.09616666666666,106.30833333333334,116.72283333333334,43.09616666666666,Dundalk IT,DkIT,89.32659999999998,0,1,1,1,1,late,car,24,Monaghan
177004,55.00000000000001,113.17350000000002,113.17350000000002,55.00000000000001,Dundalk IT,DkIT,114.0,0,0,1,1,1,late,car,12,Monaghan
177005,45.10366666666667,105.36458333333334,112.12850000000002,45.10366666666667,Dundalk IT,DkIT,93.4876,0,0,1,1,1,late,car,68,Monaghan
177006,44.92400000000001,104.7875,111.62066666666666,44.92400000000001,Dundalk IT,DkIT,93.11520000000002,0,1,1,1,1,late,car,9,Monaghan
177007,24.8105,78.70416666666668,92.43116666666668,24.8105,Dundalk IT,DkIT,51.4254,1,1,1,1,7,late,car,56,Monaghan
177008,58.485166666666665,122.6375,131.0925,58.485166666666665,Dundalk IT,DkIT,121.22379999999998,0,0,1,1,1,late,car,63,Monaghan
177009,42.900000000000006,95.9375,104.21583333333334,42.900000000000006,Dundalk IT,DkIT,88.92,0,1,1,1,1,late,car,16,Monaghan
177010,38.654,87.69583333333333,100.34383333333334,38.654,Dundalk IT,DkIT,80.1192,0,1,1,1,2,late,car,27,Monaghan
177011,70.93533333333333,136.78541666666666,143.5426666666667,70.93533333333333,Dundalk IT,DkIT,147.0296,0,0,0,1,1,late,car,14,Monaghan
177012,28.233333333333334,86.57916666666667,99.36116666666668,28.233333333333334,Dundalk IT,DkIT,58.52,1,1,1,1,2,late,car,46,Monaghan
177013,56.070666666666675,118.00833333333333,124.982,56.070666666666675,Dundalk IT,DkIT,116.2192,0,0,1,1,1,late,car,28,Monaghan
177014,37.854666666666674,100.83333333333334,111.90483333333331,37.854666666666674,Dundalk IT,DkIT,78.4624,0,1,1,1,1,late,car,22,Monaghan
177015,49.08016666666667,105.57291666666666,116.07566666666666,49.08016666666667,Dundalk IT,DkIT,101.7298,0,0,1,1,1,late,car,20,Monaghan
177016,30.15466666666667,79.65416666666667,93.26716666666668,30.15466666666667,Dundalk IT,DkIT,62.5024,0,1,1,1,6,late,car,212,Monaghan
177017,28.642166666666668,77.93541666666667,91.75466666666668,28.642166666666668,Dundalk IT,DkIT,59.3674,1,1,1,1,7,late,car,89,Monaghan
177018,31.086,93.53125,105.479,31.086,Dundalk IT,DkIT,64.4328,0,1,1,1,1,late,car,26,Monaghan
177019,31.65983333333334,94.18333333333334,106.05283333333334,31.65983333333334,Dundalk IT,DkIT,65.6222,0,1,1,1,1,late,car,160,Monaghan
177020,46.7445,109.29583333333332,119.35183333333336,46.7445,Dundalk IT,DkIT,96.8886,0,0,1,1,1,late,car,49,Monaghan
177021,36.47416666666667,101.6625,112.6345,36.47416666666667,Dundalk IT,DkIT,75.601,0,1,1,1,1,late,car,31,Monaghan
177022,68.72983333333335,122.584,133.3108333333333,68.72983333333335,Dundalk IT,DkIT,142.4582,0,0,0,1,1,late,car,24,Monaghan
177023,74.62766666666667,110.10633333333334,120.83316666666668,74.62766666666667,Dundalk IT,DkIT,154.6828,0,0,0,1,1,late,car,42,Monaghan
177024,72.18383333333334,107.6625,118.38933333333335,72.18383333333334,Dundalk IT,DkIT,149.6174,0,0,0,1,1,late,car,18,Monaghan
177025,41.13816666666667,102.92499999999998,113.7455,41.13816666666667,Dundalk IT,DkIT,85.26820000000001,0,1,1,1,1,late,car,31,Monaghan
177026,58.70883333333334,109.81483333333334,109.81483333333334,58.70883333333334,Dundalk IT,DkIT,121.6874,0,0,1,1,1,late,car,17,Monaghan
177027,50.644000000000005,99.52983333333331,99.52983333333331,50.644000000000005,Dundalk IT,DkIT,104.9712,0,0,1,1,1,late,car,17,Monaghan
177028,52.10516666666667,106.52033333333334,106.52033333333334,52.10516666666667,Dundalk IT,DkIT,107.9998,0,0,1,1,1,late,car,29,Monaghan
177029,36.642833333333336,97.81666666666666,109.25016666666669,36.642833333333336,Dundalk IT,DkIT,75.95060000000001,0,1,1,1,1,late,car,55,Monaghan
177030,31.681833333333337,83.88958333333333,96.99433333333336,31.681833333333337,Dundalk IT,DkIT,65.6678,0,1,1,1,3,late,car,28,Monaghan
177031,76.3455,101.959,111.6335,76.3455,Dundalk IT,DkIT,158.2434,0,0,0,0,1,late,car,30,Monaghan
177032,59.506333333333345,111.94333333333334,111.94333333333334,59.506333333333345,Dundalk IT,DkIT,123.34040000000002,0,0,1,1,1,late,car,35,Monaghan
177033,73.65783333333333,138.74791666666664,145.26966666666667,73.65783333333333,Dundalk IT,DkIT,152.6726,0,0,0,1,1,late,car,9,Monaghan
177034,29.718333333333337,84.18333333333334,97.25283333333334,29.718333333333337,Dundalk IT,DkIT,61.598,1,1,1,1,3,late,car,34,Monaghan
177035,67.936,116.1655,116.1655,67.936,Dundalk IT,DkIT,140.81279999999998,0,0,0,1,1,late,car,14,Monaghan
177036,35.88566666666667,75.27708333333334,89.41533333333334,35.88566666666667,Dundalk IT,DkIT,74.3812,0,1,1,1,8,late,car,31,Monaghan
177037,43.376666666666665,92.598,92.598,43.376666666666665,Dundalk IT,DkIT,89.90799999999999,0,1,1,1,1,late,car,26,Monaghan
177038,38.665,89.32500000000002,98.2575,38.665,Dundalk IT,DkIT,80.142,0,1,1,1,2,late,car,38,Monaghan
177039,64.10066666666667,124.35316666666668,127.05733333333332,64.10066666666667,Dundalk IT,DkIT,132.8632,0,0,0,1,1,late,car,34,Monaghan
177040,77.52616666666667,100.82600000000002,111.55283333333334,77.52616666666667,Dundalk IT,DkIT,160.6906,0,0,0,0,1,late,car,5,Monaghan
177041,63.20416666666667,120.42066666666668,131.77816666666666,63.20416666666667,Dundalk IT,DkIT,131.005,0,0,0,1,1,late,car,44,Monaghan
177042,62.786166666666674,127.525,135.39350000000002,62.786166666666674,Dundalk IT,DkIT,130.1386,0,0,0,1,1,late,car,49,Monaghan
177043,56.943333333333335,120.88541666666666,129.55066666666667,56.943333333333335,Dundalk IT,DkIT,118.028,0,0,1,1,1,late,car,18,Monaghan
177044,37.64933333333334,86.01266666666669,86.01266666666669,37.64933333333334,Dundalk IT,DkIT,78.0368,0,1,1,1,4,late,car,26,Monaghan
177045,67.12383333333334,132.45416666666668,139.73116666666667,67.12383333333334,Dundalk IT,DkIT,139.1294,0,0,0,1,1,late,car,27,Monaghan
177046,57.627166666666675,121.6625,130.2345,57.627166666666675,Dundalk IT,DkIT,119.4454,0,0,1,1,1,late,car,24,Monaghan
177047,44.4675,104.375,115.0215,44.4675,Dundalk IT,DkIT,92.169,0,1,1,1,1,late,car,17,Monaghan
177048,23.3365,84.725,97.7295,23.3365,Dundalk IT,DkIT,48.3702,1,1,1,1,3,late,car,49,Monaghan
177049,66.21083333333334,115.18833333333336,122.92866666666669,66.21083333333334,Dundalk IT,DkIT,137.23700000000002,0,0,0,1,1,late,car,14,Monaghan
177050,66.71683333333334,131.99166666666667,139.32416666666668,66.71683333333334,Dundalk IT,DkIT,138.2858,0,0,0,1,1,late,car,23,Monaghan
177052,63.1125,124.20833333333331,127.58166666666668,63.1125,Dundalk IT,DkIT,130.815,0,0,0,1,1,late,car,24,Monaghan
177053,25.287166666666668,86.94166666666666,99.68016666666668,25.287166666666668,Dundalk IT,DkIT,52.4134,1,1,1,1,2,late,car,38,Monaghan
177054,28.90983333333334,91.05833333333334,103.30283333333334,28.90983333333334,Dundalk IT,DkIT,59.9222,1,1,1,1,1,late,car,28,Monaghan
177055,42.03466666666667,99.74166666666667,110.94416666666667,42.03466666666667,Dundalk IT,DkIT,87.12640000000002,0,1,1,1,1,late,car,30,Monaghan
177056,53.53333333333334,115.125,118.24633333333334,53.53333333333334,Dundalk IT,DkIT,110.96,0,0,1,1,1,late,car,26,Monaghan
177057,32.36750000000001,81.54375,93.25983333333336,32.36750000000001,Dundalk IT,DkIT,67.089,0,1,1,1,4,late,car,32,Monaghan
177058,53.17033333333334,116.59791666666666,125.77766666666668,53.17033333333334,Dundalk IT,DkIT,110.2076,0,0,1,1,1,late,car,288,Monaghan
177059,51.68900000000001,114.91458333333333,124.29633333333337,51.68900000000001,Dundalk IT,DkIT,107.1372,0,0,1,1,1,late,car,53,Monaghan
177060,36.56216666666666,104.98541666666668,115.55866666666668,36.56216666666666,Dundalk IT,DkIT,75.7834,0,1,1,1,1,late,car,12,Monaghan
177061,66.429,111.92316666666666,121.59766666666668,66.429,Dundalk IT,DkIT,137.6892,0,0,0,1,1,late,car,39,Monaghan
177062,48.550333333333334,111.34791666666666,121.15766666666669,48.550333333333334,Dundalk IT,DkIT,100.6316,0,0,1,1,1,late,car,43,Monaghan
177063,43.80200000000001,95.1625,100.69766666666668,43.80200000000001,Dundalk IT,DkIT,90.7896,0,1,1,1,1,late,car,11,Monaghan
177064,66.6545,129.68083333333334,139.26183333333336,66.6545,Dundalk IT,DkIT,138.1566,0,0,0,1,1,late,car,60,Monaghan
177065,76.04116666666667,142.58749999999998,148.64850000000004,76.04116666666667,Dundalk IT,DkIT,157.6126,0,0,0,0,1,late,car,9,Monaghan
177066,77.15766666666669,128.45983333333334,139.18666666666667,77.15766666666669,Dundalk IT,DkIT,159.9268,0,0,0,0,1,late,car,39,Monaghan
177067,65.24283333333334,114.22216666666668,124.949,65.24283333333334,Dundalk IT,DkIT,135.23059999999998,0,0,0,1,1,late,car,15,Monaghan
177068,64.6085,129.59583333333336,137.21583333333334,64.6085,Dundalk IT,DkIT,133.9158,0,0,0,1,1,late,car,42,Monaghan
177069,52.58733333333333,115.93541666666664,125.19466666666668,52.58733333333333,Dundalk IT,DkIT,108.9992,0,0,1,1,1,late,car,45,Monaghan
177070,48.19650000000001,110.94583333333333,120.80383333333334,48.19650000000001,Dundalk IT,DkIT,99.8982,0,0,1,1,1,late,car,30,Monaghan
187001,62.56616666666667,62.56616666666667,105.47350000000002,62.56616666666667,TUS Athlone,TUS,129.6826,0,0,0,1,2,late,car,6,Offaly
187003,59.202000000000005,59.202000000000005,113.40816666666667,59.202000000000005,TUS Athlone,TUS,122.7096,0,0,1,1,1,late,car,7,Offaly
187004,45.145833333333336,45.145833333333336,50.79066666666667,45.145833333333336,TUS Athlone,TUS,93.575,0,0,2,3,9,late,car,56,Offaly
187005,41.72666666666667,41.72666666666667,68.55016666666667,41.72666666666667,TUS Athlone,TUS,86.488,0,1,1,2,3,late,car,21,Offaly
187006,28.93733333333334,28.93733333333334,74.57083333333334,28.93733333333334,TUS Athlone,TUS,59.979200000000006,1,1,1,2,2,late,car,35,Offaly
187007,50.3745,50.3745,50.3745,51.14633333333334,Maynooth University,MU,104.4126,0,0,2,3,10,late,car,32,Offaly
187008,58.54016666666667,58.54016666666667,65.46283333333334,58.54016666666667,TUS Athlone,TUS,121.3378,0,0,2,3,6,late,car,19,Offaly
187009,37.99033333333333,37.99033333333333,101.37783333333334,37.99033333333333,TUS Athlone,TUS,78.74359999999999,0,1,1,1,1,late,car,92,Offaly
187010,65.96883333333335,65.96883333333335,110.30066666666669,65.96883333333335,TUS Athlone,TUS,136.73540000000003,0,0,0,1,2,late,car,7,Offaly
187011,29.503833333333333,29.503833333333333,72.83283333333333,29.503833333333333,TUS Athlone,TUS,61.1534,1,1,1,2,2,late,car,23,Offaly
187012,45.48866666666667,45.48866666666667,99.69483333333334,45.48866666666667,TUS Athlone,TUS,94.2856,0,0,1,1,1,late,car,27,Offaly
187013,42.15016666666667,42.15016666666667,96.35633333333334,42.15016666666667,TUS Athlone,TUS,87.36580000000001,0,1,1,1,1,late,car,185,Offaly
187014,56.813166666666675,56.813166666666675,56.813166666666675,62.49650000000001,Maynooth University,MU,117.7582,0,0,1,4,10,late,car,49,Offaly
187015,33.93866666666667,33.93866666666667,85.34899999999999,33.93866666666667,TUS Athlone,TUS,70.3456,0,1,1,1,3,late,car,5,Offaly
187016,64.7185,64.7185,116.63666666666668,64.7185,TUS Athlone,TUS,134.1438,0,0,0,1,1,late,car,9,Offaly
187017,37.14516666666667,37.14516666666667,63.968666666666664,37.14516666666667,TUS Athlone,TUS,76.9918,0,1,1,3,4,late,car,88,Offaly
187018,24.075333333333337,24.075333333333337,64.80466666666668,24.075333333333337,TUS Athlone,TUS,49.9016,1,1,1,2,3,late,car,181,Offaly
187019,29.245333333333335,29.245333333333335,90.39066666666668,29.245333333333335,TUS Athlone,TUS,60.6176,1,1,1,1,1,late,car,36,Offaly
187020,54.8845,54.8845,54.8845,63.5195,Maynooth University,MU,113.7606,0,0,1,3,9,late,car,38,Offaly
187021,31.60483333333334,31.60483333333334,96.46083333333334,31.60483333333334,TUS Athlone,TUS,65.50820000000002,0,1,1,1,1,late,car,12,Offaly
187022,51.8815,51.8815,51.8815,55.32083333333333,Maynooth University,MU,107.5362,0,0,2,2,9,late,car,17,Offaly
187023,51.77333333333334,51.77333333333334,74.34166666666667,51.77333333333334,TUS Athlone,TUS,107.312,0,0,2,3,6,late,car,35,Offaly
187024,49.45050000000001,49.45050000000001,59.752,49.45050000000001,TUS Athlone,TUS,102.4974,0,0,2,2,5,late,car,28,Offaly
187025,75.64333333333335,75.64333333333335,103.7025,75.64333333333335,TUS Athlone,TUS,156.788,0,0,0,0,2,late,car,21,Offaly
187026,50.51383333333334,50.51383333333334,62.23066666666668,50.51383333333334,TUS Athlone,TUS,104.7014,0,0,1,2,4,late,car,49,Offaly
187027,45.866333333333344,45.866333333333344,85.39116666666666,45.866333333333344,TUS Athlone,TUS,95.06840000000004,0,0,1,1,3,late,car,8,Offaly
187028,49.6595,49.6595,108.93116666666668,49.6595,TUS Athlone,TUS,102.9306,0,0,1,1,1,late,car,16,Offaly
187029,40.43050000000001,40.43050000000001,76.71766666666667,40.43050000000001,TUS Athlone,TUS,83.8014,0,1,1,1,3,late,car,14,Offaly
187030,16.347833333333337,16.347833333333337,79.1395,16.347833333333337,TUS Athlone,TUS,33.884600000000006,1,1,1,1,2,late,car,17,Offaly
187031,50.94650000000001,50.94650000000001,103.92983333333332,50.94650000000001,TUS Athlone,TUS,105.59820000000002,0,0,1,1,1,late,car,22,Offaly
187032,45.615166666666674,45.615166666666674,88.84883333333335,45.615166666666674,TUS Athlone,TUS,94.5478,0,0,1,1,2,late,car,24,Offaly
187033,69.9655,69.9655,103.77033333333333,69.9655,TUS Athlone,TUS,145.01940000000002,0,0,0,1,2,late,car,18,Offaly
187034,29.8485,29.8485,56.672,29.8485,TUS Athlone,TUS,61.867799999999995,1,1,2,2,8,late,car,34,Offaly
187035,46.39983333333333,46.39983333333333,46.39983333333333,66.60133333333334,Maynooth University,MU,96.17419999999998,0,0,1,4,12,late,car,47,Offaly
187036,40.7,40.7,40.7,58.787666666666674,Maynooth University,MU,84.36,0,1,2,7,13,late,car,373,Offaly
187037,44.792,44.792,93.94,44.792,TUS Athlone,TUS,92.8416,0,1,1,1,1,late,car,4,Offaly
187039,57.51533333333333,57.51533333333333,108.72216666666668,57.51533333333333,TUS Athlone,TUS,119.2136,0,0,1,1,2,late,car,16,Offaly
187040,23.750833333333333,23.750833333333333,84.92916666666667,23.750833333333333,TUS Athlone,TUS,49.229,1,1,1,1,2,late,car,49,Offaly
187041,26.93166666666667,26.93166666666667,90.31916666666667,26.93166666666667,TUS Athlone,TUS,55.822,1,1,1,1,1,late,car,29,Offaly
187042,43.121833333333335,43.121833333333335,69.94533333333334,43.121833333333335,TUS Athlone,TUS,89.3798,0,1,1,3,3,late,car,55,Offaly
187043,70.66033333333334,70.66033333333334,97.83583333333334,70.66033333333334,TUS Athlone,TUS,146.4596,0,0,0,2,2,late,car,13,Offaly
187044,16.820833333333333,16.820833333333333,62.623000000000005,16.820833333333333,TUS Athlone,TUS,34.864999999999995,1,1,1,2,3,late,car,23,Offaly
187045,54.582,54.582,71.95650000000002,54.582,SETU Carlow,SETU,113.1336,0,0,2,3,6,late,car,26,Offaly
187046,18.181166666666662,18.181166666666662,83.03716666666666,18.181166666666662,TUS Athlone,TUS,37.6846,1,1,1,1,2,late,car,6,Offaly
187047,34.5125,34.5125,97.9,34.5125,TUS Athlone,TUS,71.535,0,1,1,1,1,late,car,17,Offaly
187048,51.348000000000006,51.348000000000006,64.07683333333334,51.348000000000006,TUS Athlone,TUS,106.4304,0,0,1,2,4,late,car,26,Offaly
187049,49.549499999999995,49.549499999999995,103.75566666666668,49.549499999999995,TUS Athlone,TUS,102.7026,0,0,1,1,2,late,car,21,Offaly
187050,38.357,38.357,80.45583333333335,38.357,TUS Athlone,TUS,79.50359999999999,0,1,1,1,3,late,car,55,Offaly
187051,18.557,18.557,64.47466666666668,18.557,TUS Athlone,TUS,38.4636,1,1,1,2,2,late,car,20,Offaly
187052,42.9495,42.9495,69.77300000000001,42.9495,TUS Athlone,TUS,89.02259999999998,0,1,1,3,3,late,car,67,Offaly
187053,43.8625,43.8625,77.94600000000001,43.8625,TUS Athlone,TUS,90.915,0,1,1,1,3,late,car,11,Offaly
187054,43.211666666666666,43.211666666666666,75.16483333333333,43.211666666666666,TUS Athlone,TUS,89.566,0,1,1,1,3,late,car,26,Offaly
187055,49.324000000000005,49.324000000000005,98.62966666666668,49.324000000000005,TUS Athlone,TUS,102.2352,0,0,1,1,2,late,car,12,Offaly
187056,54.13283333333334,54.13283333333334,91.78033333333336,54.13283333333334,TUS Athlone,TUS,112.2026,0,0,1,1,2,late,car,13,Offaly
187057,51.10783333333334,51.10783333333334,92.41833333333334,51.10783333333334,TUS Athlone,TUS,105.9326,0,0,1,1,2,late,car,11,Offaly
187058,42.51866666666667,42.51866666666667,48.1635,42.51866666666667,TUS Athlone,TUS,88.1296,0,1,2,3,11,late,car,11,Offaly
187059,38.55866666666666,38.55866666666666,82.49816666666666,38.55866666666666,TUS Athlone,TUS,79.92159999999998,0,1,1,1,3,late,car,20,Offaly
187060,54.882666666666665,54.882666666666665,86.06033333333333,54.882666666666665,TUS Athlone,TUS,113.7568,0,0,1,1,3,late,car,6,Offaly
187061,27.368,27.368,92.224,27.368,TUS Athlone,TUS,56.7264,1,1,1,1,1,late,car,11,Offaly
187062,44.093500000000006,44.093500000000006,107.48100000000002,44.093500000000006,TUS Athlone,TUS,91.3938,0,1,1,1,1,late,car,22,Offaly
187063,50.55050000000001,50.55050000000001,50.55050000000001,56.826,Maynooth University,MU,104.7774,0,0,2,3,9,late,car,41,Offaly
187064,52.8495,52.8495,58.55300000000001,52.8495,TUS Athlone,TUS,109.5426,0,0,2,2,5,late,car,15,Offaly
187065,43.35283333333333,43.35283333333333,101.5905,43.35283333333333,TUS Athlone,TUS,89.8586,0,1,1,1,1,late,car,13,Offaly
187066,61.174666666666674,61.174666666666674,105.72283333333334,61.174666666666674,TUS Athlone,TUS,126.79840000000002,0,0,0,1,2,late,car,99,Offaly
187067,28.088500000000003,28.088500000000003,91.476,28.088500000000003,TUS Athlone,TUS,58.219800000000006,1,1,1,1,1,late,car,23,Offaly
187068,49.413833333333336,49.413833333333336,71.47983333333335,49.413833333333336,TUS Athlone,TUS,102.4214,0,0,1,3,4,late,car,7,Offaly
187069,51.28933333333334,51.28933333333334,63.46816666666667,51.28933333333334,SETU Carlow,SETU,106.3088,0,0,1,4,11,late,car,85,Offaly
187070,35.73533333333334,35.73533333333334,71.599,35.73533333333334,TUS Athlone,TUS,74.06960000000001,0,1,1,2,3,late,car,35,Offaly
187071,58.37516666666667,58.37516666666667,67.02483333333333,58.37516666666667,TUS Athlone,TUS,120.9958,0,0,1,3,3,late,car,16,Offaly
187072,58.55116666666667,58.55116666666667,65.6645,58.55116666666667,TUS Athlone,TUS,121.3606,0,0,1,3,3,late,car,26,Offaly
187073,52.35816666666667,52.35816666666667,79.18166666666667,52.35816666666667,TUS Athlone,TUS,108.5242,0,0,1,1,3,late,car,22,Offaly
187074,65.9945,65.9945,103.88583333333334,65.9945,TUS Athlone,TUS,136.7886,0,0,0,1,2,late,car,11,Offaly
187075,42.52966666666667,42.52966666666667,69.35316666666667,42.52966666666667,TUS Athlone,TUS,88.1524,0,1,1,3,3,late,car,75,Offaly
187076,55.154,55.154,99.33183333333336,55.154,TUS Athlone,TUS,114.3192,0,0,1,1,2,late,car,15,Offaly
187077,34.182500000000005,34.182500000000005,99.0385,34.182500000000005,TUS Athlone,TUS,70.851,0,1,1,1,1,late,car,8,Offaly
187078,35.52633333333333,35.52633333333333,98.91383333333334,35.52633333333333,TUS Athlone,TUS,73.63640000000001,0,1,1,1,1,late,car,14,Offaly
187079,57.739,57.739,109.74883333333337,57.739,TUS Athlone,TUS,119.6772,0,0,1,1,2,late,car,44,Offaly
187080,30.878833333333336,30.878833333333336,63.985166666666665,30.878833333333336,TUS Athlone,TUS,64.0034,0,1,1,2,4,late,car,33,Offaly
187081,29.19400000000001,29.19400000000001,80.74000000000001,29.19400000000001,TUS Athlone,TUS,60.51120000000001,1,1,1,1,2,late,car,26,Offaly
187082,74.5195,74.5195,109.62233333333334,74.5195,TUS Athlone,TUS,154.4586,0,0,0,1,2,late,car,7,Offaly
187083,22.815833333333337,22.815833333333337,68.61800000000001,22.815833333333337,TUS Athlone,TUS,47.291,1,1,1,2,2,late,car,18,Offaly
187084,37.05166666666667,37.05166666666667,63.87516666666667,37.05166666666667,TUS Athlone,TUS,76.798,0,1,1,2,4,late,car,25,Offaly
187085,64.92016666666667,64.92016666666667,103.02966666666669,64.92016666666667,TUS Athlone,TUS,134.5618,0,0,0,1,2,late,car,5,Offaly
187086,35.48233333333334,35.48233333333334,63.26283333333333,35.48233333333334,TUS Athlone,TUS,73.5452,0,1,1,2,4,late,car,131,Offaly
187087,36.839000000000006,36.839000000000006,63.66250000000001,36.839000000000006,TUS Athlone,TUS,76.3572,0,1,1,3,4,late,car,423,Offaly
237001,35.108333333333334,35.108333333333334,61.93183333333334,35.108333333333334,TUS Athlone,TUS,72.77000000000001,0,1,1,2,4,late,car,19,Westmeath
237002,20.190500000000004,20.190500000000004,88.64350000000002,20.190500000000004,TUS Athlone,TUS,41.8494,1,1,1,1,2,late,car,20,Westmeath
237003,0.9386666666666668,0.9386666666666668,76.14383333333333,0.9386666666666668,TUS Athlone,TUS,1.9456,1,1,1,1,2,late,car,123,Westmeath
237004,3.785833333333334,3.785833333333334,77.26583333333333,3.785833333333334,TUS Athlone,TUS,7.847000000000001,1,1,1,1,2,late,car,296,Westmeath
237005,5.474333333333335,5.474333333333335,80.28166666666668,5.474333333333335,TUS Athlone,TUS,11.346800000000002,1,1,1,1,2,late,car,94,Westmeath
237006,23.914000000000005,23.914000000000005,92.367,23.914000000000005,TUS Athlone,TUS,49.56720000000001,1,1,1,1,1,late,car,38,Westmeath
237007,57.278833333333345,57.278833333333345,57.871,57.278833333333345,TUS Athlone,TUS,118.72340000000004,0,0,2,2,4,late,car,71,Westmeath
237008,66.81216666666667,66.81216666666667,66.81216666666667,77.68016666666668,Maynooth University,MU,138.48340000000002,0,0,0,2,7,late,car,6,Westmeath
237009,36.79683333333334,36.79683333333334,67.44650000000001,36.79683333333334,TUS Athlone,TUS,76.2698,0,1,1,2,2,late,car,12,Westmeath
237010,26.05166666666667,26.05166666666667,72.08116666666668,26.05166666666667,TUS Athlone,TUS,53.998000000000005,1,1,1,2,2,late,car,7,Westmeath
237011,68.67116666666666,68.67116666666666,68.67116666666666,73.81550000000001,Maynooth University,MU,142.33659999999998,0,0,0,3,7,late,car,12,Westmeath
237012,32.31616666666667,32.31616666666667,45.49233333333334,32.31616666666667,TUS Athlone,TUS,66.98259999999999,0,1,2,4,13,late,car,39,Westmeath
237013,26.269833333333334,26.269833333333334,74.62950000000001,26.269833333333334,TUS Athlone,TUS,54.45020000000001,1,1,1,2,2,late,car,26,Westmeath
237014,37.26433333333333,37.26433333333333,60.30016666666668,37.26433333333333,TUS Athlone,TUS,77.2388,0,1,1,2,4,late,car,14,Westmeath
237015,58.80966666666668,58.80966666666668,58.80966666666668,73.96583333333334,Maynooth University,MU,121.8964,0,0,1,2,4,late,car,22,Westmeath
237016,18.929166666666667,18.929166666666667,69.74733333333334,18.929166666666667,TUS Athlone,TUS,39.235,1,1,1,2,2,late,car,29,Westmeath
237017,45.46116666666667,45.46116666666667,53.42333333333334,45.46116666666667,TUS Athlone,TUS,94.2286,0,0,2,2,7,late,car,18,Westmeath
237018,65.802,65.802,80.83716666666668,65.802,TUS Athlone,TUS,136.3896,0,0,0,1,2,late,car,17,Westmeath
237019,63.173,63.173,63.173,67.65366666666667,Maynooth University,MU,130.9404,0,0,0,2,6,late,car,13,Westmeath
237020,17.746666666666666,17.746666666666666,82.09116666666667,17.746666666666666,TUS Athlone,TUS,36.784,1,1,1,1,2,late,car,35,Westmeath
237021,41.35266666666667,41.35266666666667,53.85966666666667,41.35266666666667,TUS Athlone,TUS,85.7128,0,1,2,2,7,late,car,15,Westmeath
237022,43.83683333333334,43.83683333333334,43.83683333333334,47.45033333333333,Maynooth University,MU,90.8618,0,1,2,6,12,late,car,41,Westmeath
237023,19.58,19.58,76.51966666666667,19.58,TUS Athlone,TUS,40.584,1,1,1,1,2,late,car,32,Westmeath
237024,39.44050000000001,39.44050000000001,44.154,39.44050000000001,TUS Athlone,TUS,81.74940000000001,0,2,2,5,12,late,car,88,Westmeath
237025,41.3875,41.3875,67.42083333333333,41.3875,TUS Athlone,TUS,85.785,0,1,1,2,2,late,car,39,Westmeath
237026,41.39483333333334,41.39483333333334,63.8,41.39483333333334,TUS Athlone,TUS,85.8002,0,1,1,2,3,late,car,22,Westmeath
237027,50.064666666666675,50.064666666666675,50.064666666666675,54.54533333333334,Maynooth University,MU,103.7704,0,0,2,3,10,late,car,28,Westmeath
237028,72.52666666666667,72.52666666666667,72.52666666666667,77.00733333333334,Maynooth University,MU,150.328,0,0,0,1,4,late,car,26,Westmeath
237029,33.894666666666666,33.894666666666666,46.401666666666664,33.894666666666666,TUS Athlone,TUS,70.2544,0,1,2,4,12,late,car,33,Westmeath
237030,53.6635,53.6635,53.6635,58.14416666666667,Maynooth University,MU,111.22979999999998,0,0,2,2,8,late,car,21,Westmeath
237031,66.19616666666667,66.19616666666667,66.19616666666667,70.67683333333333,Maynooth University,MU,137.20659999999998,0,0,0,2,4,late,car,25,Westmeath
237032,63.47550000000001,63.47550000000001,74.51766666666667,63.47550000000001,TUS Athlone,TUS,131.56740000000002,0,0,0,2,2,late,car,10,Westmeath
237033,70.57416666666667,70.57416666666667,70.57416666666667,75.05483333333335,Maynooth University,MU,146.281,0,0,0,1,2,late,car,7,Westmeath
237034,61.16183333333334,61.16183333333334,61.16183333333334,76.04850000000002,Maynooth University,MU,126.7718,0,0,0,2,11,late,car,5,Westmeath
237035,62.63033333333333,62.63033333333333,62.63033333333333,67.111,Maynooth University,MU,129.8156,0,0,0,3,9,late,car,44,Westmeath
237036,45.774666666666675,45.774666666666675,45.774666666666675,60.93083333333334,Maynooth University,MU,94.8784,0,0,1,4,11,late,car,17,Westmeath
237037,23.01566666666667,23.01566666666667,90.13766666666668,23.01566666666667,TUS Athlone,TUS,47.705200000000005,1,1,1,1,1,late,car,18,Westmeath
237038,19.42416666666667,19.42416666666667,81.27350000000001,19.42416666666667,TUS Athlone,TUS,40.26100000000001,1,1,1,1,2,late,car,14,Westmeath
237039,41.88066666666668,41.88066666666668,61.41850000000001,41.88066666666668,TUS Athlone,TUS,86.80720000000002,0,1,1,2,3,late,car,13,Westmeath
237040,42.95316666666667,42.95316666666667,69.73266666666667,42.95316666666667,TUS Athlone,TUS,89.03020000000001,0,1,1,2,2,late,car,7,Westmeath
237041,53.47466666666668,53.47466666666668,53.47466666666668,53.90916666666667,Maynooth University,MU,110.8384,0,0,2,2,7,late,car,23,Westmeath
237042,67.82783333333333,67.82783333333333,67.82783333333333,72.30850000000001,Maynooth University,MU,140.5886,0,0,0,2,2,late,car,17,Westmeath
237043,71.42666666666668,71.42666666666668,84.60833333333335,71.42666666666668,TUS Athlone,TUS,148.048,0,0,0,1,2,late,car,10,Westmeath
237044,72.96300000000001,72.96300000000001,72.96300000000001,77.44366666666667,Maynooth University,MU,151.23239999999998,0,0,0,1,3,late,car,14,Westmeath
237045,72.20583333333335,72.20583333333335,72.20583333333335,76.6865,Maynooth University,MU,149.663,0,0,0,1,2,late,car,21,Westmeath
237046,45.650000000000006,45.650000000000006,50.3635,45.650000000000006,TUS Athlone,TUS,94.62,0,0,2,3,9,late,car,15,Westmeath
237047,12.032166666666669,12.032166666666669,80.48516666666667,12.032166666666669,TUS Athlone,TUS,24.9394,1,1,1,1,2,late,car,14,Westmeath
237048,55.331833333333336,55.331833333333336,62.9035,55.331833333333336,TUS Athlone,TUS,114.6878,0,0,1,2,3,late,car,8,Westmeath
237049,72.06466666666668,72.06466666666668,77.24566666666666,72.06466666666668,TUS Athlone,TUS,149.37040000000002,0,0,0,1,2,late,car,8,Westmeath
237050,44.50783333333334,44.50783333333334,59.64566666666668,44.50783333333334,TUS Athlone,TUS,92.2526,0,1,2,2,4,late,car,11,Westmeath
237051,45.80216666666667,45.80216666666667,45.80216666666667,54.2685,Maynooth University,MU,94.93540000000002,0,0,2,4,11,late,car,29,Westmeath
237052,39.97583333333334,39.97583333333334,39.97583333333334,53.043833333333346,Maynooth University,MU,82.85900000000001,0,1,2,8,12,late,car,31,Westmeath
237053,81.30833333333335,81.30833333333335,81.30833333333335,84.94933333333334,Maynooth University,MU,168.53000000000003,0,0,0,0,2,late,car,13,Westmeath
237054,38.401,38.401,38.401,51.610166666666665,Maynooth University,MU,79.59479999999999,0,1,2,8,12,late,car,13,Westmeath
237055,47.72716666666667,47.72716666666667,55.608666666666664,47.72716666666667,TUS Athlone,TUS,98.9254,0,0,2,2,7,late,car,25,Westmeath
237056,46.3595,46.3595,46.3595,59.4275,Maynooth University,MU,96.0906,0,0,2,4,11,late,car,22,Westmeath
237057,41.415,41.415,73.65233333333333,41.415,TUS Athlone,TUS,85.84199999999998,0,1,1,2,2,late,car,8,Westmeath
237058,26.924333333333337,26.924333333333337,53.2565,26.924333333333337,TUS Athlone,TUS,55.8068,1,1,2,2,8,late,car,73,Westmeath
237059,48.45316666666667,48.45316666666667,68.47683333333333,48.45316666666667,TUS Athlone,TUS,100.4302,0,0,1,2,2,late,car,33,Westmeath
237060,69.3495,69.3495,69.3495,73.83016666666667,Maynooth University,MU,143.74259999999998,0,0,0,2,4,late,car,8,Westmeath
237061,32.96516666666667,32.96516666666667,78.21183333333335,32.96516666666667,TUS Athlone,TUS,68.3278,0,1,1,1,2,late,car,15,Westmeath
237062,31.889000000000006,31.889000000000006,75.38666666666667,31.889000000000006,TUS Athlone,TUS,66.0972,0,1,1,1,2,late,car,18,Westmeath
237063,25.952666666666666,25.952666666666666,94.40566666666666,25.952666666666666,TUS Athlone,TUS,53.79279999999999,1,1,1,1,1,late,car,19,Westmeath
237064,62.29375,62.29375,62.93650000000001,69.73633333333333,TU Dublin Blanchardstown,TU Dublin,130.4502,0,0,0,3,11,late,car,52,Westmeath
237065,44.55916666666667,44.55916666666667,44.55916666666667,59.715333333333334,Maynooth University,MU,92.359,0,1,2,5,12,late,car,82,Westmeath
237066,62.85216666666667,62.85216666666667,62.85216666666667,67.33283333333334,Maynooth University,MU,130.2754,0,0,0,2,4,late,car,28,Westmeath
237067,66.75716666666668,66.75716666666668,66.75716666666668,71.23783333333334,Maynooth University,MU,138.3694,0,0,0,2,2,late,car,7,Westmeath
237068,33.75716666666667,33.75716666666667,33.75716666666667,48.91333333333334,Maynooth University,MU,69.96940000000001,0,1,4,11,12,late,car,166,Westmeath
237069,68.18900000000001,68.18900000000001,68.18900000000001,72.66966666666667,Maynooth University,MU,141.3372,0,0,0,2,2,late,car,73,Westmeath
237070,72.86766666666666,72.86766666666666,77.79566666666666,72.86766666666666,TUS Athlone,TUS,151.0348,0,0,0,1,2,late,car,7,Westmeath
237071,55.12650000000001,55.12650000000001,55.12650000000001,59.60716666666668,Maynooth University,MU,114.2622,0,0,2,2,7,late,car,25,Westmeath
237072,63.706500000000005,63.706500000000005,63.706500000000005,64.74966666666667,Maynooth University,MU,132.0462,0,0,0,2,3,late,car,7,Westmeath
237073,31.68916666666667,31.68916666666667,58.083666666666666,31.68916666666667,TUS Athlone,TUS,65.683,0,1,2,2,5,late,car,8,Westmeath
237074,47.0855,47.0855,60.606333333333346,47.0855,TUS Athlone,TUS,97.5954,0,0,1,2,3,late,car,12,Westmeath
237075,18.315,18.315,65.24283333333334,18.315,TUS Athlone,TUS,37.962,1,1,1,2,2,late,car,117,Westmeath
237076,22.7755,22.7755,76.85883333333334,22.7755,TUS Athlone,TUS,47.20739999999999,1,1,1,1,2,late,car,36,Westmeath
237077,7.428666666666667,7.428666666666667,75.88166666666667,7.428666666666667,TUS Athlone,TUS,15.3976,1,1,1,1,2,late,car,127,Westmeath
237078,33.32266666666667,33.32266666666667,101.77566666666668,33.32266666666667,TUS Athlone,TUS,69.06880000000001,0,1,1,1,1,late,car,9,Westmeath
237079,48.72816666666667,48.72816666666667,48.72816666666667,50.16916666666667,Maynooth University,MU,101.0002,0,0,2,3,10,late,car,544,Westmeath
237080,49.214000000000006,49.214000000000006,49.214000000000006,49.487166666666674,Maynooth University,MU,102.0072,0,0,2,3,10,late,car,127,Westmeath
237081,60.6045,60.6045,60.6045,65.08516666666667,Maynooth University,MU,125.6166,0,0,0,2,3,late,car,22,Westmeath
237082,32.09066666666667,32.09066666666667,49.254333333333335,32.09066666666667,TUS Athlone,TUS,66.51520000000001,0,1,2,3,11,late,car,11,Westmeath
237083,25.14966666666667,25.14966666666667,85.83666666666667,25.14966666666667,TUS Athlone,TUS,52.1284,1,1,1,1,2,late,car,21,Westmeath
237084,47.64650000000001,47.64650000000001,47.64650000000001,52.127166666666675,Maynooth University,MU,98.75820000000002,0,0,2,3,10,late,car,10,Westmeath
237085,44.84883333333334,44.84883333333334,78.5895,44.84883333333334,TUS Athlone,TUS,92.9594,0,1,1,1,2,late,car,5,Westmeath
237086,62.42866666666667,62.42866666666667,63.10150000000001,62.42866666666667,TUS Athlone,TUS,129.3976,0,0,0,2,3,late,car,15,Westmeath
237087,50.937333333333335,50.937333333333335,50.937333333333335,66.0935,Maynooth University,MU,105.5792,0,0,1,3,8,late,car,30,Westmeath
237088,42.799166666666665,42.799166666666665,57.08816666666667,42.799166666666665,TUS Athlone,TUS,88.71099999999998,0,1,2,2,7,late,car,7,Westmeath
237089,42.3445,42.3445,63.108833333333344,42.3445,TUS Athlone,TUS,87.76859999999999,0,1,1,2,3,late,car,19,Westmeath
237090,49.489,49.489,62.97133333333334,49.489,TUS Athlone,TUS,102.5772,0,0,1,2,3,late,car,17,Westmeath
237091,52.66066666666667,52.66066666666667,52.66066666666667,67.81683333333334,Maynooth University,MU,109.1512,0,0,1,3,8,late,car,36,Westmeath
237092,68.83616666666667,68.83616666666667,68.83616666666667,73.31683333333335,Maynooth University,MU,142.67860000000002,0,0,0,3,7,late,car,16,Westmeath
237093,53.153833333333345,53.153833333333345,54.53800000000001,53.153833333333345,TUS Athlone,TUS,110.17340000000002,0,0,2,2,7,late,car,25,Westmeath
237094,40.282,40.282,68.77566666666667,40.282,TUS Athlone,TUS,83.4936,0,1,1,2,2,late,car,17,Westmeath
237095,51.568000000000005,51.568000000000005,61.116,51.568000000000005,TUS Athlone,TUS,106.8864,0,0,1,2,3,late,car,12,Westmeath
237096,59.99400000000001,59.99400000000001,59.99400000000001,64.47466666666668,Maynooth University,MU,124.3512,0,0,1,2,4,late,car,12,Westmeath
237097,27.225,27.225,65.505,27.225,TUS Athlone,TUS,56.43,1,1,1,2,2,late,car,23,Westmeath
237098,65.16766666666668,65.16766666666668,74.84033333333333,65.16766666666668,TUS Athlone,TUS,135.0748,0,0,0,2,2,late,car,9,Westmeath
237099,60.27633333333334,60.27633333333334,60.27633333333334,64.757,Maynooth University,MU,124.9364,0,0,0,2,4,late,car,25,Westmeath
237100,32.549,32.549,70.72633333333334,32.549,TUS Athlone,TUS,67.4652,0,1,1,2,2,late,car,10,Westmeath
237101,8.746833333333335,8.746833333333335,75.7625,8.746833333333335,TUS Athlone,TUS,18.129800000000003,1,1,1,1,2,late,car,32,Westmeath
237102,53.73866666666667,53.73866666666667,54.41150000000001,53.73866666666667,TUS Athlone,TUS,111.3856,0,0,2,2,7,late,car,22,Westmeath
237103,31.40316666666667,31.40316666666667,77.57933333333334,31.40316666666667,TUS Athlone,TUS,65.09020000000001,0,1,1,1,2,late,car,12,Westmeath
237104,29.344333333333335,29.344333333333335,81.05716666666667,29.344333333333335,TUS Athlone,TUS,60.8228,1,1,1,1,2,late,car,6,Westmeath
237105,52.924666666666674,52.924666666666674,52.924666666666674,57.40533333333333,Maynooth University,MU,109.6984,0,0,2,2,8,late,car,11,Westmeath
237106,49.6045,49.6045,49.6045,51.61566666666667,Maynooth University,MU,102.8166,0,0,2,3,10,late,car,211,Westmeath
257001,38.39183333333333,38.39183333333333,90.97733333333332,38.39183333333333,SETU Carlow,SETU,79.57579999999999,0,1,1,1,1,late,car,13,Wicklow
257002,39.55625,46.37708333333333,61.18933333333334,97.96416666666669,IADT Dun Laoghaire,IADT,85.44149999999999,0,1,7,11,11,late,car,11,Wicklow
257003,73.53125,80.35208333333333,91.08733333333332,83.19850000000001,IADT Dun Laoghaire,IADT,158.8275,0,0,0,1,5,late,car,63,Wicklow
257004,63.895833333333336,70.71666666666667,82.60816666666666,81.3395,IADT Dun Laoghaire,IADT,138.015,0,0,0,3,11,late,car,475,Wicklow
257005,64.21983333333334,64.21983333333334,91.2615,64.21983333333334,SETU Carlow,SETU,133.11020000000002,0,0,0,2,5,late,car,117,Wicklow
257006,68.37916666666666,75.19999999999999,86.55350000000001,76.95233333333334,IADT Dun Laoghaire,IADT,147.699,0,0,0,1,9,late,car,30,Wicklow
257007,75.07916666666668,77.76816666666666,92.4495,77.76816666666666,IADT Dun Laoghaire,IADT,161.19219999999996,0,0,0,0,4,late,car,21,Wicklow
257008,66.12708333333333,72.94791666666667,84.57166666666669,89.06516666666667,IADT Dun Laoghaire,IADT,142.8345,0,0,0,2,11,late,car,27,Wicklow
257009,46.627166666666675,46.627166666666675,100.92316666666666,46.627166666666675,SETU Carlow,SETU,96.6454,0,0,1,1,1,late,car,14,Wicklow
257010,60.401,60.401,101.7555,60.401,SETU Carlow,SETU,125.1948,0,0,0,1,1,late,car,5,Wicklow
257011,59.79600000000001,59.79600000000001,88.66916666666667,59.79600000000001,SETU Carlow,SETU,123.9408,0,0,1,1,3,late,car,5,Wicklow
257012,63.56875000000001,70.38958333333332,82.32033333333334,79.4695,IADT Dun Laoghaire,IADT,137.3085,0,0,0,3,11,late,car,46,Wicklow
257013,56.800333333333334,56.800333333333334,98.15483333333331,56.800333333333334,SETU Carlow,SETU,117.7316,0,0,1,1,1,late,car,7,Wicklow
257014,53.59166666666667,60.41250000000001,73.54050000000001,93.91800000000002,IADT Dun Laoghaire,IADT,115.758,0,0,1,8,11,late,car,14,Wicklow
257015,32.32533333333333,32.32533333333333,62.41583333333334,32.32533333333333,SETU Carlow,SETU,67.0016,0,1,1,3,12,late,car,109,Wicklow
257016,29.039583333333336,29.039583333333336,44.957,59.907833333333336,TU Dublin Tallaght,TU Dublin,62.72550000000001,1,4,12,12,12,late,car,216,Wicklow
257017,22.90208333333333,29.722916666666663,46.53366666666666,88.74800000000002,IADT Dun Laoghaire,IADT,49.46849999999999,2,7,11,11,12,late,car,199,Wicklow
257018,53.875,60.69583333333333,73.78983333333333,71.90883333333335,IADT Dun Laoghaire,IADT,116.37,0,0,1,9,12,late,car,27,Wicklow
257019,31.791666666666668,31.791666666666668,47.37883333333335,55.80300000000001,TU Dublin Tallaght,TU Dublin,68.67,0,3,12,12,12,late,car,109,Wicklow
257020,34.55416666666666,41.375,56.7875,94.0115,IADT Dun Laoghaire,IADT,74.63699999999999,0,2,10,11,11,late,car,10,Wicklow
257021,51.05833333333334,51.05833333333334,103.64383333333332,51.05833333333334,SETU Carlow,SETU,105.83,0,0,1,1,1,late,car,88,Wicklow
257022,44.39416666666667,44.39416666666667,96.97966666666667,44.39416666666667,SETU Carlow,SETU,92.017,0,1,1,1,1,late,car,11,Wicklow
257023,56.2815,56.2815,96.73766666666668,56.2815,SETU Carlow,SETU,116.6562,0,0,1,1,1,late,car,23,Wicklow
257024,52.382,52.382,100.562,52.382,SETU Carlow,SETU,108.5736,0,0,1,1,1,late,car,19,Wicklow
257025,63.18333333333334,70.00416666666666,81.98116666666668,84.34800000000001,IADT Dun Laoghaire,IADT,136.476,0,0,0,3,11,late,car,22,Wicklow
257026,45.42816666666667,45.42816666666667,98.01366666666668,45.42816666666667,SETU Carlow,SETU,94.1602,0,0,1,1,1,late,car,5,Wicklow
257027,28.947916666666668,35.768750000000004,51.854000000000006,94.06833333333334,IADT Dun Laoghaire,IADT,62.5275,1,4,11,11,11,late,car,338,Wicklow
257028,45.64266666666667,45.64266666666667,66.69483333333334,45.64266666666667,SETU Carlow,SETU,94.6048,0,0,2,5,12,late,car,22,Wicklow
257029,54.88633333333334,54.88633333333334,63.7175,54.88633333333334,SETU Carlow,SETU,113.7644,0,0,2,7,12,late,car,28,Wicklow
257030,53.04583333333333,59.86666666666666,73.06016666666667,99.70583333333336,IADT Dun Laoghaire,IADT,114.57899999999998,0,0,2,8,11,late,car,28,Wicklow
257031,49.02708333333334,55.84791666666666,69.52366666666667,86.69466666666668,IADT Dun Laoghaire,IADT,105.8985,0,0,3,10,12,late,car,30,Wicklow
257032,51.983333333333334,58.80416666666666,72.12516666666667,88.36116666666668,IADT Dun Laoghaire,IADT,112.284,0,0,2,9,12,late,car,18,Wicklow
257033,40.0455,40.0455,52.616666666666674,40.0455,SETU Carlow,SETU,83.0034,0,1,3,11,12,late,car,70,Wicklow
257034,48.057166666666674,48.057166666666674,74.26283333333335,48.057166666666674,SETU Carlow,SETU,99.60940000000002,0,0,1,3,11,late,car,8,Wicklow
257035,57.00833333333334,63.82916666666667,76.54716666666668,93.5385,IADT Dun Laoghaire,IADT,123.138,0,0,1,6,11,late,car,16,Wicklow
257036,23.34583333333333,30.166666666666664,46.92416666666667,89.13850000000002,IADT Dun Laoghaire,IADT,50.42699999999999,1,7,11,11,12,late,car,126,Wicklow
257037,45.95208333333333,45.95208333333333,58.31283333333334,86.86516666666667,TU Dublin Tallaght,TU Dublin,99.2565,0,0,9,11,12,late,car,17,Wicklow
257038,44.39583333333333,51.21666666666667,65.44816666666668,98.15116666666668,IADT Dun Laoghaire,IADT,95.89499999999998,0,1,4,11,11,late,car,135,Wicklow
257039,31.12708333333333,37.94791666666667,53.77166666666667,95.98600000000002,IADT Dun Laoghaire,IADT,67.2345,0,3,11,11,11,late,car,333,Wicklow
257040,30.8055,30.8055,56.406166666666664,30.8055,SETU Carlow,SETU,63.8514,0,1,2,6,12,late,car,17,Wicklow
257041,44.14791666666667,44.14791666666667,53.9495,51.33883333333334,TU Dublin Tallaght,TU Dublin,95.3595,0,1,5,12,12,late,car,40,Wicklow
257042,46.80133333333334,46.80133333333334,75.67450000000001,46.80133333333334,SETU Carlow,SETU,97.0064,0,0,1,1,3,late,car,8,Wicklow
257043,61.49733333333334,61.49733333333334,77.05683333333334,61.49733333333334,SETU Carlow,SETU,127.4672,0,0,0,2,7,late,car,7,Wicklow
257044,51.205,51.205,70.02050000000001,51.205,SETU Carlow,SETU,106.134,0,0,1,5,12,late,car,3,Wicklow
257045,64.04933333333334,64.04933333333334,95.39016666666669,64.04933333333334,SETU Carlow,SETU,132.7568,0,0,0,1,4,late,car,14,Wicklow
257046,21.202083333333334,21.202083333333334,38.06,63.22983333333334,TU Dublin Tallaght,TU Dublin,45.796499999999995,1,10,11,12,12,late,car,22,Wicklow
257047,63.14375,69.96458333333334,81.94633333333334,85.063,IADT Dun Laoghaire,IADT,136.39049999999995,0,0,0,3,11,late,car,30,Wicklow
257048,29.397916666666664,36.21875,52.25000000000001,94.46433333333336,IADT Dun Laoghaire,IADT,63.4995,1,4,11,11,11,late,car,511,Wicklow
257049,34.34016666666667,34.34016666666667,86.92566666666667,34.34016666666667,SETU Carlow,SETU,71.17779999999999,0,1,1,1,2,late,car,15,Wicklow
257050,42.927083333333336,49.74791666666667,64.15566666666668,98.55266666666668,IADT Dun Laoghaire,IADT,92.7225,0,1,5,11,11,late,car,60,Wicklow
257051,21.375,28.195833333333336,45.18983333333334,87.40416666666667,IADT Dun Laoghaire,IADT,46.17,2,8,11,11,12,late,car,664,Wicklow
257052,62.11150000000001,62.11150000000001,101.23483333333334,62.11150000000001,SETU Carlow,SETU,128.74020000000002,0,0,0,1,2,late,car,19,Wicklow
257053,68.96458333333334,75.78541666666666,87.06866666666667,78.64266666666668,IADT Dun Laoghaire,IADT,148.9635,0,0,0,1,9,late,car,13,Wicklow
257054,43.59375,43.59375,57.76466666666667,64.88533333333334,TU Dublin Tallaght,TU Dublin,94.1625,0,1,4,12,12,late,car,28,Wicklow
257055,61.40625,61.40625,69.13683333333334,66.52616666666667,TU Dublin Tallaght,TU Dublin,132.6375,0,0,0,5,12,late,car,11,Wicklow
257056,47.587833333333336,47.587833333333336,100.17333333333332,47.587833333333336,SETU Carlow,SETU,98.6366,0,0,1,1,1,late,car,6,Wicklow
257057,51.97291666666666,58.79375,72.11600000000001,90.761,IADT Dun Laoghaire,IADT,112.26149999999998,0,0,2,9,11,late,car,15,Wicklow
257058,34.02291666666666,40.84375,56.32000000000001,98.53433333333334,IADT Dun Laoghaire,IADT,73.48949999999999,0,3,10,11,11,late,car,87,Wicklow
257059,28.535416666666663,35.35625,51.491,93.70533333333334,IADT Dun Laoghaire,IADT,61.6365,1,4,11,11,11,late,car,180,Wicklow
257060,45.229166666666664,52.05,66.1815,83.72466666666666,IADT Dun Laoghaire,IADT,97.695,0,0,3,11,12,late,car,20,Wicklow
257061,67.61666666666667,74.4375,85.88250000000001,79.33933333333336,IADT Dun Laoghaire,IADT,146.05200000000002,0,0,0,2,10,late,car,26,Wicklow
257062,30.65208333333333,35.45,49.071000000000005,91.28533333333334,IADT Dun Laoghaire,IADT,66.20849999999999,0,5,11,11,11,late,car,17,Wicklow
257063,29.307666666666663,29.307666666666663,81.89316666666666,29.307666666666663,SETU Carlow,SETU,60.74679999999999,1,1,1,1,2,late,car,8,Wicklow
257064,50.20400000000001,50.20400000000001,84.13533333333334,50.20400000000001,SETU Carlow,SETU,104.0592,0,0,1,1,3,late,car,20,Wicklow
257065,56.94166666666666,63.7625,76.48850000000002,79.88933333333335,IADT Dun Laoghaire,IADT,122.994,0,0,1,6,12,late,car,131,Wicklow
257066,46.431,46.431,63.19683333333334,46.431,SETU Carlow,SETU,96.2388,0,0,1,3,11,late,car,19,Wicklow
257067,42.12266666666667,42.12266666666667,94.70816666666668,42.12266666666667,SETU Carlow,SETU,87.30879999999999,0,1,1,1,1,late,car,33,Wicklow
257068,41.481,41.481,65.087,41.481,SETU Carlow,SETU,85.9788,0,1,2,6,12,late,car,4,Wicklow
257069,37.19283333333334,37.19283333333334,68.29716666666668,37.19283333333334,SETU Carlow,SETU,77.0906,0,1,1,3,8,late,car,18,Wicklow
257070,38.340500000000006,38.340500000000006,63.94116666666667,38.340500000000006,SETU Carlow,SETU,79.46940000000001,0,1,1,3,11,late,car,14,Wicklow
257071,48.876666666666665,48.876666666666665,90.24033333333334,48.876666666666665,SETU Carlow,SETU,101.308,0,0,1,1,1,late,car,86,Wicklow
257072,47.32291666666667,47.32291666666667,56.7435,50.788833333333336,TU Dublin Tallaght,TU Dublin,102.2175,0,0,5,12,12,late,car,25,Wicklow
257073,44.15,44.15,58.25416666666668,61.094,TU Dublin Tallaght,TU Dublin,95.364,0,1,4,12,12,late,car,23,Wicklow
257074,38.78958333333334,45.61041666666667,60.51466666666667,88.06050000000002,IADT Dun Laoghaire,IADT,83.78550000000001,0,1,7,11,12,late,car,77,Wicklow
257075,64.78750000000001,71.60833333333332,83.39283333333334,88.2695,IADT Dun Laoghaire,IADT,139.94100000000003,0,0,0,3,11,late,car,18,Wicklow
257076,38.71266666666667,38.71266666666667,67.74716666666667,38.71266666666667,SETU Carlow,SETU,80.24080000000001,0,1,1,5,12,late,car,19,Wicklow
257077,43.895833333333336,50.71666666666667,65.00816666666668,99.37583333333336,IADT Dun Laoghaire,IADT,94.815,0,1,4,11,11,late,car,498,Wicklow
257078,45.764583333333334,52.58541666666667,66.65266666666668,100.50333333333332,IADT Dun Laoghaire,IADT,98.8515,0,0,3,11,11,late,car,288,Wicklow
257079,60.50208333333333,67.32291666666667,79.62166666666668,83.79616666666666,IADT Dun Laoghaire,IADT,130.6845,0,0,0,3,12,late,car,121,Wicklow
257080,16.797916666666666,23.61875,41.162,83.37633333333333,IADT Dun Laoghaire,IADT,36.2835,3,11,11,11,12,late,car,51,Wicklow
257081,20.39375,27.21458333333333,44.32633333333334,86.54066666666667,IADT Dun Laoghaire,IADT,44.0505,2,10,11,11,12,late,car,234,Wicklow
257082,19.12083333333333,25.941666666666663,43.20616666666667,85.4205,IADT Dun Laoghaire,IADT,41.300999999999995,3,10,11,11,12,late,car,107,Wicklow
267001,13.685416666666663,13.685416666666663,36.501666666666665,65.516,DCU Glasnevin,DCU,29.5605,7,11,11,12,13,late,car,103,Fingal
267002,29.12916666666667,29.12916666666667,48.80516666666667,47.928833333333344,DCU Glasnevin,DCU,62.919,1,6,12,12,12,late,car,1077,Fingal
267003,29.210416666666667,29.210416666666667,48.876666666666665,48.00033333333333,DCU Glasnevin,DCU,63.0945,1,6,12,12,12,late,car,349,Fingal
267004,18.770833333333336,19.485416666666666,40.01800000000001,70.015,Marino Institute of Education,Marino,40.545,6,10,11,12,13,late,car,285,Fingal
267005,13.858333333333334,14.56875,35.69133333333333,65.68833333333335,Marino Institute of Education,Marino,29.934,7,11,11,12,13,late,car,210,Fingal
267006,11.291666666666666,11.291666666666666,32.321666666666665,67.52716666666667,TU Dublin Tallaght,TU Dublin,24.39,3,11,11,12,13,late,car,41,South Dublin
267007,15.622916666666669,15.622916666666669,35.282500000000006,77.49683333333334,UCD Belfield,UCD,33.7455,8,11,11,11,13,late,car,199,Dún Laoghaire-Rathdown
267008,16.410416666666666,16.410416666666666,35.724333333333334,77.93866666666666,UCD Belfield,UCD,35.4465,8,11,11,11,13,late,car,65,Dún Laoghaire-Rathdown
267009,14.48125,14.48125,34.27783333333334,76.49216666666668,UCD Belfield,UCD,31.2795,8,11,11,11,13,late,car,78,Dún Laoghaire-Rathdown
267010,18.33958333333333,18.33958333333333,34.257666666666665,76.47200000000001,UCD Belfield,UCD,39.613499999999995,8,11,11,11,13,late,car,68,Dún Laoghaire-Rathdown
267011,14.627083333333331,14.627083333333331,35.7995,78.01383333333334,UCD Belfield,UCD,31.594499999999996,9,11,11,11,13,late,car,50,Dún Laoghaire-Rathdown
267012,16.391666666666666,16.391666666666666,35.992000000000004,78.20633333333333,UCD Belfield,UCD,35.406,8,11,11,11,13,late,car,67,Dún Laoghaire-Rathdown
267013,14.322916666666668,14.322916666666668,29.771500000000003,71.98583333333333,TU Dublin Tallaght,TU Dublin,30.9375,9,11,11,12,13,late,car,184,South Dublin
267014,25.65,25.65,44.403333333333336,58.861,DCU Glasnevin,DCU,55.404,2,9,12,12,12,late,car,75,Fingal
267015,10.283333333333331,19.925,42.8065,85.02083333333334,IADT Dun Laoghaire,IADT,22.212,4,11,11,11,12,late,car,112,Dún Laoghaire-Rathdown
267016,31.71875,31.71875,51.08400000000001,42.42700000000001,DCU Glasnevin,DCU,68.51249999999999,0,7,12,12,12,late,car,26,Fingal
267017,8.11875,13.925,42.94033333333333,84.337,IADT Dun Laoghaire,IADT,17.5365,8,11,11,11,13,late,car,95,Dún Laoghaire-Rathdown
267018,7.972916666666666,12.962500000000002,42.093333333333334,83.49000000000001,IADT Dun Laoghaire,IADT,17.2215,8,11,11,11,13,late,car,46,Dún Laoghaire-Rathdown
267019,7.591666666666667,7.591666666666667,42.67816666666667,82.78416666666668,UCD Belfield,UCD,16.398,9,11,11,11,13,late,car,108,Dún Laoghaire-Rathdown
267020,9.795833333333334,12.433333333333332,40.423166666666674,82.6375,IADT Dun Laoghaire,IADT,21.159,8,11,11,11,13,late,car,178,Dún Laoghaire-Rathdown
267021,9.389583333333334,9.389583333333334,42.26566666666667,82.19383333333333,UCD Belfield,UCD,20.2815,9,11,11,11,13,late,car,108,Dún Laoghaire-Rathdown
267022,5.964583333333334,5.964583333333334,41.724833333333336,80.65016666666668,UCD Belfield,UCD,12.8835,9,11,11,11,13,late,car,70,Dún Laoghaire-Rathdown
267023,7.660416666666666,11.712500000000002,39.2095,81.42383333333335,IADT Dun Laoghaire,IADT,16.546499999999998,8,11,11,11,13,late,car,77,Dún Laoghaire-Rathdown
267024,4.643750000000001,12.552083333333332,40.553333333333335,82.76766666666668,IADT Dun Laoghaire,IADT,10.0305,8,11,11,11,13,late,car,87,Dún Laoghaire-Rathdown
267025,8.458333333333334,11.054166666666667,41.97233333333334,81.81066666666666,IADT Dun Laoghaire,IADT,18.27,9,11,11,11,13,late,car,72,Dún Laoghaire-Rathdown
267026,8.045833333333333,8.045833333333333,41.9815,80.27433333333335,UCD Belfield,UCD,17.378999999999998,9,11,11,11,13,late,car,98,Dún Laoghaire-Rathdown
267027,7.039583333333333,7.039583333333333,26.042500000000004,71.35516666666666,TU Dublin Blanchardstown,TU Dublin,15.2055,9,11,11,12,13,late,car,217,Fingal
267028,9.34375,9.34375,22.539000000000005,75.7625,TU Dublin Blanchardstown,TU Dublin,20.182499999999997,6,11,11,11,13,late,car,2095,Fingal
267029,2.1625,2.1625,22.8085,71.09116666666667,TU Dublin Blanchardstown,TU Dublin,4.670999999999999,9,11,11,12,13,late,car,475,Fingal
267030,6.633333333333333,6.633333333333333,25.296333333333333,72.73566666666667,TU Dublin Blanchardstown,TU Dublin,14.328,8,11,11,12,13,late,car,150,Fingal
267031,5.625,5.625,25.422833333333337,71.68516666666667,TU Dublin Blanchardstown,TU Dublin,12.15,9,11,11,12,13,late,car,165,Fingal
267032,5.902083333333334,5.902083333333334,24.652833333333337,72.09216666666669,TU Dublin Blanchardstown,TU Dublin,12.7485,8,11,11,12,13,late,car,225,Fingal
267033,5.577083333333333,5.577083333333333,24.216500000000003,68.8435,TU Dublin Blanchardstown,TU Dublin,12.0465,9,11,11,13,13,late,car,29,Fingal
267034,6.625,6.625,24.229333333333333,72.29383333333334,TU Dublin Blanchardstown,TU Dublin,14.31,8,11,11,12,13,late,car,273,Fingal
267035,12.010416666666666,12.010416666666666,32.681,72.754,TU Dublin Tallaght,TU Dublin,25.942499999999995,6,11,11,12,13,late,car,273,South Dublin
267036,8.454166666666667,17.472916666666666,42.757,84.97133333333335,IADT Dun Laoghaire,IADT,18.261000000000003,6,11,11,11,12,late,car,108,Dún Laoghaire-Rathdown
267037,10.489583333333334,19.870833333333337,41.36916666666667,83.5835,IADT Dun Laoghaire,IADT,22.6575,4,11,11,11,12,late,car,116,Dún Laoghaire-Rathdown
267038,14.370833333333334,21.191666666666663,40.44883333333334,82.66316666666667,IADT Dun Laoghaire,IADT,31.041,4,11,11,11,12,late,car,186,Dún Laoghaire-Rathdown
267039,5.63125,16.595833333333335,42.7845,84.99883333333335,IADT Dun Laoghaire,IADT,12.1635,6,11,11,11,13,late,car,183,Dún Laoghaire-Rathdown
267040,8.272916666666667,8.272916666666667,26.48616666666667,74.01533333333333,TU Dublin Blanchardstown,TU Dublin,17.869500000000002,9,11,11,12,13,late,car,751,Fingal
267041,9.441666666666666,9.441666666666666,23.915833333333335,70.55583333333334,TU Dublin Blanchardstown,TU Dublin,20.394,9,11,11,13,13,late,car,165,Fingal
267042,14.658333333333331,14.658333333333331,34.978166666666674,77.19250000000001,UCD Belfield,UCD,31.662,10,11,11,11,13,late,car,50,Dún Laoghaire-Rathdown
267043,14.595833333333337,14.595833333333337,34.936,77.15033333333335,UCD Belfield,UCD,31.527,10,11,11,11,13,late,car,61,Dún Laoghaire-Rathdown
267044,14.497916666666663,14.497916666666663,34.48133333333334,76.69566666666667,UCD Belfield,UCD,31.315499999999997,10,11,11,11,13,late,car,98,Dún Laoghaire-Rathdown
267045,14.852083333333333,14.925,35.053333333333335,77.26766666666668,NCAD (Thomas St),NCAD,32.0805,10,11,11,11,13,late,car,61,Dún Laoghaire-Rathdown
267046,12.6875,12.6875,37.00950000000001,79.22383333333335,UCD Belfield,UCD,27.405,9,11,11,11,13,late,car,39,Dún Laoghaire-Rathdown
267047,10.733333333333334,10.733333333333334,26.004,66.45100000000001,TU Dublin Tallaght,TU Dublin,23.184000000000005,10,11,11,12,13,late,car,82,South Dublin
267048,18.775,18.775,20.753333333333337,67.54366666666667,TU Dublin Blanchardstown,TU Dublin,40.554,6,11,11,12,14,late,car,145,South Dublin
267049,16.254166666666666,16.254166666666666,24.535500000000003,66.90016666666668,TU Dublin Tallaght,TU Dublin,35.108999999999995,7,11,11,12,13,late,car,565,South Dublin
267050,14.952083333333334,14.952083333333334,24.346666666666668,66.14483333333334,TU Dublin Tallaght,TU Dublin,32.2965,10,11,11,12,13,late,car,373,South Dublin
267051,15.375,15.375,20.46916666666667,69.28533333333334,TU Dublin Blanchardstown,TU Dublin,33.21,7,11,11,12,14,late,car,314,South Dublin
267052,15.941666666666666,15.941666666666666,20.967833333333335,70.19466666666668,TU Dublin Blanchardstown,TU Dublin,34.434,7,11,11,12,14,late,car,161,South Dublin
267053,13.316666666666668,13.316666666666668,24.515333333333334,64.97516666666668,TU Dublin Tallaght,TU Dublin,28.764000000000003,8,11,11,12,13,late,car,342,South Dublin
267054,26.90833333333333,26.90833333333333,41.72116666666666,58.90133333333334,DCU Glasnevin,DCU,58.12199999999999,2,9,12,12,12,late,car,25,Fingal
267055,11.033333333333331,11.033333333333331,40.15733333333334,82.03616666666667,UCD Belfield,UCD,23.832,9,11,11,11,13,late,car,101,Dún Laoghaire-Rathdown
267056,4.552083333333333,4.552083333333333,41.33800000000001,81.99033333333334,UCD Belfield,UCD,9.8325,9,11,11,11,13,late,car,51,Dún Laoghaire-Rathdown
267057,11.810416666666663,11.810416666666663,38.2085,80.42283333333334,UCD Belfield,UCD,25.510499999999997,9,11,11,11,13,late,car,52,Dún Laoghaire-Rathdown
267058,8.177083333333334,8.177083333333334,40.5295,82.74383333333334,UCD Belfield,UCD,17.6625,9,11,11,11,13,late,car,114,Dún Laoghaire-Rathdown
267059,10.9875,10.9875,39.00783333333334,81.22216666666668,UCD Belfield,UCD,23.732999999999997,9,11,11,11,13,late,car,72,Dún Laoghaire-Rathdown
267060,10.59375,23.329166666666666,46.96816666666667,89.1825,IADT Dun Laoghaire,IADT,22.8825,2,10,11,11,12,late,car,49,Dún Laoghaire-Rathdown
267061,8.683333333333334,21.418749999999996,46.36133333333334,88.57566666666666,IADT Dun Laoghaire,IADT,18.756,2,10,11,11,12,late,car,88,Dún Laoghaire-Rathdown
267062,7.90625,19.981250000000003,43.307,85.52133333333335,IADT Dun Laoghaire,IADT,17.0775,4,11,11,11,12,late,car,56,Dún Laoghaire-Rathdown
267063,9.445833333333333,22.018750000000004,47.52366666666667,89.738,IADT Dun Laoghaire,IADT,20.403,2,10,11,11,12,late,car,60,Dún Laoghaire-Rathdown
267064,10.341666666666669,23.077083333333334,48.08283333333333,90.29716666666668,IADT Dun Laoghaire,IADT,22.338,2,10,11,11,11,late,car,39,Dún Laoghaire-Rathdown
267065,21.5875,21.5875,42.1685,60.7695,DCU Glasnevin,DCU,46.629,3,10,11,12,12,late,car,552,Fingal
267066,12.25,12.25,28.711833333333335,67.26866666666666,DCU Glasnevin,DCU,26.46,9,11,11,12,13,late,car,349,Fingal
267067,7.597916666666666,18.914583333333333,46.47133333333334,88.68566666666666,IADT Dun Laoghaire,IADT,16.411499999999997,4,10,11,11,13,late,car,68,Dún Laoghaire-Rathdown
267068,7.0125,19.585416666666667,45.95616666666667,88.1705,IADT Dun Laoghaire,IADT,15.147000000000002,4,10,11,11,13,late,car,109,Dún Laoghaire-Rathdown
267069,4.2,16.93541666666667,43.48116666666667,85.69550000000001,IADT Dun Laoghaire,IADT,9.072,6,11,11,11,13,late,car,150,Dún Laoghaire-Rathdown
267070,3.80625,14.058333333333334,41.600166666666674,83.8145,IADT Dun Laoghaire,IADT,8.221499999999999,8,11,11,11,13,late,car,64,Dún Laoghaire-Rathdown
267071,3.9166666666666665,15.477083333333333,43.231833333333334,85.44616666666667,IADT Dun Laoghaire,IADT,8.459999999999999,6,11,11,11,13,late,car,80,Dún Laoghaire-Rathdown
267072,4.902083333333334,17.637500000000003,43.47933333333334,85.69366666666667,IADT Dun Laoghaire,IADT,10.5885,6,11,11,11,13,late,car,120,Dún Laoghaire-Rathdown
267073,6.916666666666666,17.9,43.13283333333334,85.34716666666668,IADT Dun Laoghaire,IADT,14.94,6,11,11,11,13,late,car,38,Dún Laoghaire-Rathdown
267074,3.6020833333333337,16.720833333333335,42.955,85.16933333333336,IADT Dun Laoghaire,IADT,7.780500000000001,6,11,11,11,13,late,car,137,Dún Laoghaire-Rathdown
267075,5.9624999999999995,15.677083333333332,44.48216666666668,85.87883333333335,IADT Dun Laoghaire,IADT,12.878999999999998,6,11,11,11,13,late,car,56,Dún Laoghaire-Rathdown
267076,8.31875,20.891666666666666,46.6235,88.83783333333335,IADT Dun Laoghaire,IADT,17.9685,3,10,11,11,12,late,car,151,Dún Laoghaire-Rathdown
267077,6.1104166666666675,17.43333333333333,45.162333333333336,87.37666666666668,IADT Dun Laoghaire,IADT,13.1985,5,10,11,11,13,late,car,63,Dún Laoghaire-Rathdown
267078,14.477083333333333,14.477083333333333,35.87283333333333,78.08716666666668,UCD Belfield,UCD,31.2705,8,11,11,11,13,late,car,200,Dún Laoghaire-Rathdown
267079,11.345833333333331,11.345833333333331,36.21383333333333,78.42816666666667,UCD Belfield,UCD,24.507,9,11,11,11,13,late,car,120,Dún Laoghaire-Rathdown
267080,15.441666666666666,15.441666666666666,37.41466666666667,79.629,UCD Belfield,UCD,33.354,7,11,11,11,13,late,car,256,Dún Laoghaire-Rathdown
267081,13.81875,13.81875,37.115833333333335,79.33016666666668,UCD Belfield,UCD,29.8485,8,11,11,11,13,late,car,78,Dún Laoghaire-Rathdown
267082,11.5625,11.5625,39.090333333333334,81.30466666666668,UCD Belfield,UCD,24.975,9,11,11,11,13,late,car,112,Dún Laoghaire-Rathdown
267083,19.13125,19.13125,33.962500000000006,76.17683333333335,TU Dublin Tallaght,TU Dublin,41.3235,8,11,11,11,13,late,car,204,South Dublin
267084,10.770833333333334,10.770833333333334,28.5505,70.76483333333334,TU Dublin Tallaght,TU Dublin,23.265,10,11,11,12,13,late,car,573,South Dublin
267085,18.8625,20.058333333333337,36.28166666666667,78.49600000000001,IADT Dun Laoghaire,IADT,40.742999999999995,6,11,11,11,13,late,car,365,South Dublin
267086,14.029166666666663,14.029166666666663,29.47266666666667,71.68700000000001,TU Dublin Tallaght,TU Dublin,30.302999999999997,9,11,11,12,13,late,car,103,South Dublin
267087,6.3895833333333325,13.94375,39.65133333333333,81.86566666666667,IADT Dun Laoghaire,IADT,13.801499999999995,7,11,11,11,13,late,car,92,Dún Laoghaire-Rathdown
267088,9.064583333333331,14.889583333333334,38.61916666666667,80.8335,IADT Dun Laoghaire,IADT,19.5795,6,11,11,11,13,late,car,264,Dún Laoghaire-Rathdown
267089,6.25,13.766666666666666,39.49550000000001,81.70983333333334,IADT Dun Laoghaire,IADT,13.5,7,11,11,11,13,late,car,103,Dún Laoghaire-Rathdown
267090,10.545833333333333,14.964583333333332,37.22766666666667,79.44200000000001,IADT Dun Laoghaire,IADT,22.778999999999996,6,11,11,11,13,late,car,51,Dún Laoghaire-Rathdown
267091,30.897916666666664,30.897916666666664,44.616,57.31000000000001,TU Dublin Blanchardstown,TU Dublin,66.73949999999999,0,7,12,12,12,late,car,103,Fingal
267092,15.208333333333332,16.545833333333334,36.00116666666667,78.2155,IADT Dun Laoghaire,IADT,32.849999999999994,7,11,11,11,13,late,car,960,Dún Laoghaire-Rathdown
267093,32.83541666666666,32.83541666666666,51.88883333333334,50.71916666666667,DCU Glasnevin,DCU,70.9245,0,6,12,12,12,late,car,68,Fingal
267094,31.28333333333333,31.28333333333333,50.70083333333334,57.029500000000006,DCU Glasnevin,DCU,67.572,0,6,12,12,12,late,car,120,Fingal
267095,28.84166666666667,31.233333333333334,51.318666666666665,81.31566666666667,Marino Institute of Education,Marino,62.298,1,7,11,11,12,late,car,317,Fingal
267096,12.164583333333333,24.9,45.994666666666674,88.209,IADT Dun Laoghaire,IADT,26.275499999999997,2,10,11,11,12,late,car,144,Dún Laoghaire-Rathdown
267097,11.983333333333334,21.52916666666667,41.94666666666667,84.16100000000002,IADT Dun Laoghaire,IADT,25.884,3,11,11,11,12,late,car,251,Dún Laoghaire-Rathdown
267098,23.489583333333336,23.489583333333336,38.71266666666667,68.0845,DCU Glasnevin,DCU,50.7375,4,10,11,12,13,late,car,98,Fingal
267099,16.375,16.375,37.581500000000005,62.205000000000005,DCU Glasnevin,DCU,35.37,6,11,11,12,13,late,car,375,Fingal
267100,16.47291666666667,16.47291666666667,17.897000000000002,68.75550000000001,TU Dublin Blanchardstown,TU Dublin,35.581500000000005,7,11,11,12,14,late,car,1890,South Dublin
267101,17.913500000000003,17.913500000000003,17.913500000000003,76.59666666666668,Maynooth University,MU,37.1298,6,11,11,11,14,late,car,186,South Dublin
267102,17.445833333333333,17.445833333333333,18.478166666666667,76.65166666666667,TU Dublin Blanchardstown,TU Dublin,37.683,6,11,11,11,14,late,car,117,Fingal
267103,14.157000000000002,14.157000000000002,14.157000000000002,71.50366666666667,Maynooth University,MU,29.3436,6,11,11,12,14,late,car,581,South Dublin
267104,23.5,23.5,43.85150000000001,54.54533333333334,DCU Glasnevin,DCU,50.760000000000005,2,10,12,12,12,late,car,563,Fingal
267105,26.802083333333332,26.802083333333332,46.45666666666667,68.31366666666668,DCU Glasnevin,DCU,57.8925,2,8,11,12,12,late,car,316,Fingal
267106,19.972916666666663,19.972916666666663,40.74766666666667,62.00150000000001,DCU Glasnevin,DCU,43.1415,5,10,11,12,12,late,car,185,Fingal
267107,21.165833333333335,21.165833333333335,21.165833333333335,61.49916666666667,Maynooth University,MU,43.871,4,11,11,12,13,late,car,155,South Dublin
267108,12.547916666666666,13.252083333333331,20.66166666666667,70.8675,NCAD (Thomas St),NCAD,27.103499999999997,10,11,11,13,14,late,car,103,South Dublin
267109,15.460416666666667,15.460416666666667,20.544333333333334,73.172,TU Dublin Blanchardstown,TU Dublin,33.3945,7,11,11,12,14,late,car,383,South Dublin
267110,24.147916666666664,24.410416666666663,44.352,70.97383333333335,Marino Institute of Education,Marino,52.159499999999994,2,9,11,12,12,late,car,121,Fingal
267111,20.425,21.135416666666668,41.470000000000006,70.82533333333335,Marino Institute of Education,Marino,44.117999999999995,5,10,11,12,12,late,car,96,Fingal
267112,19.672916666666666,19.672916666666666,28.82,57.630833333333335,TU Dublin Tallaght,TU Dublin,42.4935,5,11,12,12,13,late,car,197,South Dublin
267113,13.2,13.2,29.19766666666667,71.412,TU Dublin Tallaght,TU Dublin,28.512,11,11,11,12,13,late,car,92,South Dublin
267114,14.8125,15.425,31.15566666666667,73.37,NCAD (Thomas St),NCAD,31.994999999999997,10,11,11,12,13,late,car,118,South Dublin
267115,16.256249999999998,18.797916666666666,34.15133333333333,76.36566666666667,NCAD (Thomas St),NCAD,35.113499999999995,10,11,11,11,13,late,car,164,South Dublin
267116,16.597916666666666,18.37916666666667,33.30066666666667,75.51500000000001,NCAD (Thomas St),NCAD,35.8515,10,11,11,11,13,late,car,114,South Dublin
267117,12.291666666666668,17.025000000000002,32.56366666666667,74.778,NCAD (Thomas St),NCAD,26.550000000000004,10,11,11,12,13,late,car,91,South Dublin
267118,30.46875,30.46875,49.98400000000001,63.03916666666667,DCU Glasnevin,DCU,65.8125,0,6,11,12,12,late,car,545,Fingal
267119,14.685416666666669,14.685416666666669,28.51566666666667,59.290000000000006,TU Dublin Tallaght,TU Dublin,31.7205,5,11,12,12,13,late,car,189,South Dublin
267120,15.958333333333334,22.77916666666667,43.2795,85.49383333333334,IADT Dun Laoghaire,IADT,34.47,3,11,11,11,12,late,car,242,Dún Laoghaire-Rathdown
267121,15.462500000000002,24.03541666666667,45.06516666666667,87.2795,IADT Dun Laoghaire,IADT,33.399,2,10,11,11,12,late,car,129,Dún Laoghaire-Rathdown
267122,24.95625,31.777083333333337,48.341333333333345,90.55566666666668,IADT Dun Laoghaire,IADT,53.9055,1,7,11,11,11,late,car,187,Dún Laoghaire-Rathdown
267123,34.33125,34.33125,53.383,58.807833333333335,DCU Glasnevin,DCU,74.15549999999999,0,5,11,12,12,late,car,379,Fingal
267124,10.164583333333333,10.164583333333333,39.512,81.72633333333334,UCD Belfield,UCD,21.9555,8,11,11,11,13,late,car,124,Dún Laoghaire-Rathdown
267125,11.80625,11.80625,37.62550000000001,79.83983333333333,UCD Belfield,UCD,25.5015,8,11,11,11,13,late,car,115,Dún Laoghaire-Rathdown
267126,10.845833333333337,11.220833333333331,36.7345,78.94883333333335,IADT Dun Laoghaire,IADT,23.427000000000003,8,11,11,11,13,late,car,75,Dún Laoghaire-Rathdown
267127,11.377083333333331,11.464583333333332,38.322166666666675,80.53649999999999,IADT Dun Laoghaire,IADT,24.5745,8,11,11,11,13,late,car,118,Dún Laoghaire-Rathdown
267128,7.708333333333334,7.708333333333334,39.88416666666667,82.09850000000002,UCD Belfield,UCD,16.65,9,11,11,11,13,late,car,111,Dún Laoghaire-Rathdown
267129,8.920833333333334,8.920833333333334,38.6595,80.87383333333335,UCD Belfield,UCD,19.269,9,11,11,11,13,late,car,72,Dún Laoghaire-Rathdown
267130,16.454166666666666,18.84583333333333,42.43616666666667,72.43316666666666,Marino Institute of Education,Marino,35.541,6,11,11,12,12,late,car,203,Fingal
267131,18.991666666666667,18.991666666666667,39.66966666666668,60.74933333333334,DCU Glasnevin,DCU,41.022,6,11,11,12,13,late,car,330,Fingal
267132,15.604166666666666,15.604166666666666,36.90316666666667,60.57883333333334,DCU Glasnevin,DCU,33.705,6,11,11,12,13,late,car,590,Fingal
267133,22.0625,22.0625,42.31333333333334,59.98116666666667,DCU Glasnevin,DCU,47.655,2,10,12,12,12,late,car,519,Fingal
267134,16.30833333333333,16.30833333333333,37.52283333333333,59.3175,DCU Glasnevin,DCU,35.226,6,11,12,12,13,late,car,272,Fingal
267135,17.65625,17.65625,38.70900000000001,59.19466666666668,DCU Glasnevin,DCU,38.1375,6,11,12,12,13,late,car,53,Fingal
267136,9.116666666666667,9.116666666666667,27.457833333333333,69.67216666666668,TU Dublin Tallaght,TU Dublin,19.692,10,11,11,12,13,late,car,61,South Dublin
267137,8.954166666666666,8.954166666666666,26.2845,64.658,TU Dublin Tallaght,TU Dublin,19.341,10,11,11,12,13,late,car,44,South Dublin
267138,12.054166666666667,12.054166666666667,29.835666666666672,63.49383333333334,TU Dublin Tallaght,TU Dublin,26.037,5,11,11,12,13,late,car,561,South Dublin
267139,7.55,7.55,27.327666666666666,68.82883333333335,TU Dublin Tallaght,TU Dublin,16.308,10,11,11,12,13,late,car,55,South Dublin
267140,14.102083333333333,14.102083333333333,30.702833333333334,64.119,TU Dublin Tallaght,TU Dublin,30.4605,3,11,11,12,13,late,car,1001,South Dublin
267141,10.420833333333333,10.420833333333333,31.555333333333337,66.76083333333334,TU Dublin Tallaght,TU Dublin,22.509,4,11,11,12,13,late,car,188,South Dublin
267142,10.7375,10.7375,28.792500000000004,68.35216666666668,TU Dublin Tallaght,TU Dublin,23.193,7,11,11,12,13,late,car,131,South Dublin
267143,8.216666666666667,8.216666666666667,30.376500000000004,68.00566666666667,TU Dublin Tallaght,TU Dublin,17.747999999999998,8,11,11,12,13,late,car,492,South Dublin
267144,7.602083333333333,7.602083333333333,26.033333333333335,65.593,TU Dublin Tallaght,TU Dublin,16.420499999999997,10,11,11,12,13,late,car,126,South Dublin
267145,8.518749999999999,8.518749999999999,28.76316666666667,69.68133333333334,TU Dublin Tallaght,TU Dublin,18.400499999999997,9,11,11,12,13,late,car,104,South Dublin
267146,8.70625,8.70625,30.251833333333337,69.84633333333335,TU Dublin Tallaght,TU Dublin,18.8055,8,11,11,12,13,late,car,132,South Dublin
267147,8.645833333333334,8.645833333333334,29.333333333333336,67.13300000000001,TU Dublin Tallaght,TU Dublin,18.675,8,11,11,12,13,late,car,327,South Dublin
267148,12.193749999999998,12.193749999999998,28.834666666666667,70.16166666666668,TU Dublin Tallaght,TU Dublin,26.338499999999996,9,11,11,12,13,late,car,168,South Dublin
267149,12.4,12.4,28.49366666666667,70.70800000000001,TU Dublin Tallaght,TU Dublin,26.784,11,11,11,12,13,late,car,90,South Dublin
267150,12.770833333333334,14.43125,30.281166666666667,72.4955,NCAD (Thomas St),NCAD,27.585,10,11,11,12,13,late,car,167,South Dublin
267151,14.837500000000002,14.837500000000002,28.77416666666667,70.9885,TU Dublin Tallaght,TU Dublin,32.04900000000001,11,11,11,12,13,late,car,130,South Dublin
267152,13.39375,13.39375,29.36816666666667,71.58250000000001,TU Dublin Tallaght,TU Dublin,28.9305,11,11,11,12,13,late,car,51,South Dublin
267153,12.41875,12.41875,28.51016666666667,70.7245,TU Dublin Tallaght,TU Dublin,26.8245,11,11,11,12,13,late,car,67,South Dublin
267154,13.333333333333332,13.333333333333332,29.315,71.52933333333334,TU Dublin Tallaght,TU Dublin,28.799999999999997,11,11,11,12,13,late,car,70,South Dublin
267155,14.5875,15.70625,28.32316666666667,70.02416666666667,NCAD (Thomas St),NCAD,31.509,10,11,11,12,13,late,car,57,South Dublin
267156,13.785416666666668,16.03125,30.14,71.84100000000001,NCAD (Thomas St),NCAD,29.7765,10,11,11,12,13,late,car,87,South Dublin
267157,15.547916666666666,16.666666666666668,29.168333333333333,70.86933333333333,NCAD (Thomas St),NCAD,33.5835,11,11,11,12,13,late,car,72,South Dublin
267158,9.477083333333333,9.477083333333333,27.571500000000004,70.29733333333334,TU Dublin Blanchardstown,TU Dublin,20.4705,7,11,11,12,13,late,car,664,Fingal
267159,26.26875,26.26875,40.557,82.77133333333335,UCD Belfield,UCD,56.7405,5,11,11,11,12,late,car,24,Dún Laoghaire-Rathdown
267160,8.752083333333333,8.752083333333333,32.660833333333336,62.57166666666667,DCU Glasnevin,DCU,18.9045,8,11,11,12,13,late,car,54,Fingal
268001,2.814583333333333,2.814583333333333,32.352833333333336,70.57050000000001,TU Dublin Grangegorman,TU Dublin,6.0794999999999995,9,11,11,12,13,late,car,34,Dublin City
268002,4.79375,4.79375,31.421500000000005,72.56333333333335,TU Dublin Grangegorman,TU Dublin,10.3545,9,11,11,12,13,late,car,241,Dublin City
268003,2.1166666666666663,6.285416666666666,28.887833333333337,72.69533333333334,NCAD (Thomas St),NCAD,4.571999999999999,10,11,11,12,13,late,car,60,Dublin City
268004,5.00625,5.664583333333333,29.01616666666667,74.27933333333334,NCAD (Thomas St),NCAD,10.8135,10,11,11,12,13,late,car,31,Dublin City
268005,5.1,5.1,31.009000000000004,73.78250000000001,TU Dublin Grangegorman,TU Dublin,11.015999999999998,9,11,11,12,13,late,car,65,Dublin City
268006,10.635416666666666,10.635416666666666,27.50916666666667,74.14916666666667,TU Dublin Grangegorman,TU Dublin,22.972499999999997,10,11,11,12,13,late,car,301,Dublin City
268007,7.485416666666667,7.485416666666667,26.313833333333335,72.95383333333335,TU Dublin Grangegorman,TU Dublin,16.168499999999998,10,11,11,12,13,late,car,63,Dublin City
268008,12.641666666666666,14.758333333333333,36.9875,66.9845,Marino Institute of Education,Marino,27.305999999999997,8,11,11,12,13,late,car,217,Dublin City
268009,6.316666666666666,7.079166666666667,35.643666666666675,68.84166666666667,Marino Institute of Education,Marino,13.643999999999998,9,11,11,12,13,late,car,102,Dublin City
268010,5.702083333333333,5.702083333333333,34.43183333333334,69.13683333333334,TU Dublin Grangegorman,TU Dublin,12.3165,9,11,11,12,13,late,car,65,Dublin City
268011,4.652083333333334,4.652083333333334,31.973333333333336,67.04866666666668,DCU Glasnevin,DCU,10.0485,8,11,11,12,13,late,car,110,Dublin City
268012,10.235416666666667,10.235416666666667,29.37,69.27066666666667,DCU Glasnevin,DCU,22.1085,10,11,11,12,13,late,car,100,Dublin City
268013,6.6937500000000005,6.6937500000000005,30.235333333333337,68.84533333333334,DCU Glasnevin,DCU,14.4585,9,11,11,12,13,late,car,66,Dublin City
268014,7.466666666666666,7.466666666666666,30.80366666666667,68.88933333333334,DCU Glasnevin,DCU,16.127999999999997,8,11,11,12,13,late,car,72,Dublin City
268015,8.0125,8.0125,28.139833333333335,65.09066666666666,DCU Glasnevin,DCU,17.307,9,11,11,12,13,late,car,212,Dublin City
268016,7.122916666666667,7.122916666666667,29.95666666666667,64.30783333333333,DCU Glasnevin,DCU,15.3855,9,11,11,12,13,late,car,152,Dublin City
268017,7.064583333333334,7.064583333333334,30.812833333333337,63.86966666666668,DCU Glasnevin,DCU,15.259500000000005,7,11,11,12,13,late,car,197,Dublin City
268018,5.4520833333333325,5.4520833333333325,31.124500000000005,65.47566666666667,DCU Glasnevin,DCU,11.7765,8,11,11,12,13,late,car,49,Dublin City
268019,5.302083333333333,5.302083333333333,30.471833333333333,67.62066666666668,DCU Glasnevin,DCU,11.4525,9,11,11,12,13,late,car,53,Dublin City
268020,6.03125,6.03125,29.205,68.26233333333333,DCU Glasnevin,DCU,13.0275,10,11,11,12,13,late,car,68,Dublin City
268021,5.404166666666667,5.404166666666667,34.4025,64.72216666666668,DCU Glasnevin,DCU,11.673,8,11,11,12,13,late,car,71,Dublin City
268022,7.535416666666666,7.535416666666666,36.38433333333334,66.29516666666667,DCU Glasnevin,DCU,16.2765,8,11,11,12,13,late,car,141,Dublin City
268023,8.025,9.045833333333333,36.06166666666667,65.97250000000001,Marino Institute of Education,Marino,17.334,8,11,11,12,13,late,car,104,Dublin City
268024,8.31875,8.31875,37.50083333333334,67.61883333333334,DCU Glasnevin,DCU,17.9685,8,11,11,12,13,late,car,55,Dublin City
268025,6.481250000000001,6.481250000000001,36.113,66.02383333333334,DCU Glasnevin,DCU,13.9995,8,11,11,12,13,late,car,58,Dublin City
268026,5.852083333333333,5.852083333333333,35.559333333333335,65.47016666666667,DCU Glasnevin,DCU,12.6405,8,11,11,12,13,late,car,117,Dublin City
268027,9.0875,9.0875,33.54633333333334,73.447,TU Dublin Grangegorman,TU Dublin,19.629,8,11,11,12,13,late,car,76,Dublin City
268028,6.689583333333334,6.689583333333334,34.039500000000004,67.58766666666668,TU Dublin Grangegorman,TU Dublin,14.4495,8,11,11,12,13,late,car,91,Dublin City
268029,6.85625,6.85625,33.7535,68.49516666666666,TU Dublin Grangegorman,TU Dublin,14.8095,8,11,11,12,13,late,car,78,Dublin City
268030,5.6000000000000005,5.6000000000000005,32.42983333333334,71.65766666666667,TU Dublin Grangegorman,TU Dublin,12.096,8,11,11,12,13,late,car,115,Dublin City
268031,4.152083333333334,4.152083333333334,30.77983333333334,71.79516666666667,TU Dublin Grangegorman,TU Dublin,8.9685,9,11,11,12,13,late,car,89,Dublin City
268032,2.5625,2.5625,29.645000000000003,71.54950000000001,TU Dublin Grangegorman,TU Dublin,5.535,10,11,11,12,13,late,car,92,Dublin City
268033,7.741666666666667,7.741666666666667,30.048333333333336,73.15550000000002,TU Dublin Grangegorman,TU Dublin,16.722,9,11,11,12,13,late,car,40,Dublin City
268034,6.697916666666667,6.697916666666667,29.821,73.73116666666668,TU Dublin Grangegorman,TU Dublin,14.4675,10,11,11,12,13,late,car,67,Dublin City
268035,4.997916666666667,4.997916666666667,29.338833333333337,73.38466666666667,TU Dublin Grangegorman,TU Dublin,10.7955,10,11,11,12,13,late,car,72,Dublin City
268036,5.239583333333333,5.239583333333333,29.712833333333336,73.90533333333335,TU Dublin Grangegorman,TU Dublin,11.3175,10,11,11,12,13,late,car,77,Dublin City
268037,10.01875,11.91875,22.674666666666667,72.57433333333333,NCAD (Thomas St),NCAD,21.640499999999996,10,11,11,12,14,late,car,63,Dublin City
268038,21.016666666666666,23.808333333333337,28.295666666666673,74.20783333333333,NCAD (Thomas St),NCAD,45.396,6,11,11,12,13,late,car,147,Dublin City
268039,14.068749999999998,17.28541666666667,23.496,72.78150000000001,NCAD (Thomas St),NCAD,30.388499999999997,10,11,11,12,14,late,car,100,Dublin City
268040,16.429166666666667,19.645833333333332,26.392666666666667,72.37266666666667,NCAD (Thomas St),NCAD,35.487,9,11,11,12,13,late,car,200,Dublin City
268041,10.75,13.141666666666666,41.31966666666668,71.23050000000002,Marino Institute of Education,Marino,23.22,8,11,11,12,12,late,car,133,Dublin City
268042,11.410416666666666,13.802083333333332,42.55533333333333,72.46616666666667,Marino Institute of Education,Marino,24.6465,7,11,11,12,12,late,car,201,Dublin City
268043,9.241666666666667,11.810416666666663,40.80266666666667,70.7135,Marino Institute of Education,Marino,19.962,8,11,11,12,12,late,car,133,Dublin City
268044,7.735416666666667,11.05,40.133500000000005,70.04433333333333,Marino Institute of Education,Marino,16.7085,8,11,11,12,13,late,car,107,Dublin City
268045,7.435416666666667,9.827083333333333,39.05733333333334,68.96816666666668,Marino Institute of Education,Marino,16.060499999999998,8,11,11,12,13,late,car,62,Dublin City
268046,8.016666666666666,10.133333333333333,38.35516666666667,68.266,Marino Institute of Education,Marino,17.316,8,11,11,12,13,late,car,118,Dublin City
268047,5.7354166666666675,7.875,37.3395,67.25033333333333,Marino Institute of Education,Marino,12.3885,8,11,11,12,13,late,car,49,Dublin City
268048,3.885416666666667,9.472916666666666,38.60633333333334,68.65650000000001,Marino Institute of Education,Marino,8.3925,8,11,11,12,13,late,car,101,Dublin City
268049,5.847916666666666,10.333333333333334,38.62650000000001,69.8335,Marino Institute of Education,Marino,12.6315,9,11,11,12,13,late,car,48,Dublin City
268050,3.51875,8.079166666666667,37.37983333333334,67.43,Marino Institute of Education,Marino,7.600499999999999,8,11,11,12,13,late,car,69,Dublin City
268051,8.256250000000001,13.502083333333337,28.51566666666667,70.82350000000001,NCAD (Thomas St),NCAD,17.8335,10,11,11,12,13,late,car,111,Dublin City
268052,6.34375,11.589583333333334,27.731,72.83650000000002,NCAD (Thomas St),NCAD,13.7025,11,11,11,12,13,late,car,99,Dublin City
268053,6.320833333333333,12.787499999999998,28.8255,72.875,NCAD (Thomas St),NCAD,13.653,11,11,11,12,13,late,car,75,Dublin City
268054,8.310416666666665,13.960416666666667,28.941000000000003,70.64200000000001,NCAD (Thomas St),NCAD,17.950499999999998,11,11,11,12,13,late,car,110,Dublin City
268055,8.918750000000001,14.164583333333333,29.019833333333334,70.72083333333335,NCAD (Thomas St),NCAD,19.2645,10,11,11,12,13,late,car,95,Dublin City
268056,10.985416666666666,16.097916666666666,28.128833333333333,69.82983333333334,NCAD (Thomas St),NCAD,23.728499999999997,10,11,11,12,13,late,car,88,Dublin City
268057,10.520833333333332,13.7375,24.47316666666667,70.56500000000001,NCAD (Thomas St),NCAD,22.725,10,11,11,12,13,late,car,101,Dublin City
268058,6.86875,7.822916666666667,37.24966666666666,67.20450000000001,Marino Institute of Education,Marino,14.8365,8,11,11,12,13,late,car,123,Dublin City
268059,8.897916666666667,9.214583333333334,37.52283333333333,70.125,Marino Institute of Education,Marino,19.219500000000004,8,11,11,12,13,late,car,29,Dublin City
268060,6.795833333333333,6.795833333333333,34.131166666666665,66.21083333333334,DCU Glasnevin,DCU,14.678999999999998,8,11,11,12,13,late,car,92,Dublin City
268061,13.427083333333334,16.64375,24.033166666666673,72.23333333333335,NCAD (Thomas St),NCAD,29.0025,10,11,11,12,13,late,car,130,Dublin City
268062,11.277083333333334,13.39375,37.81066666666667,67.7215,Marino Institute of Education,Marino,24.3585,8,11,11,12,13,late,car,81,Dublin City
268063,11.577083333333334,11.577083333333334,28.19116666666667,68.09183333333334,DCU Glasnevin,DCU,25.006500000000003,9,11,11,12,13,late,car,122,Dublin City
268064,9.66875,9.66875,27.368,67.26866666666666,DCU Glasnevin,DCU,20.884500000000003,10,11,11,12,13,late,car,104,Dublin City
268065,8.097916666666666,8.097916666666666,28.31216666666667,68.10466666666667,DCU Glasnevin,DCU,17.491500000000002,10,11,11,12,13,late,car,131,Dublin City
268066,11.004166666666668,11.004166666666668,29.670666666666673,69.57133333333334,DCU Glasnevin,DCU,23.769000000000005,9,11,11,12,13,late,car,118,Dublin City
268067,10.6125,10.6125,29.7055,69.60616666666667,TU Dublin Grangegorman,TU Dublin,22.923,10,11,11,12,13,late,car,210,Dublin City
268068,10.841666666666669,10.841666666666669,29.67616666666667,69.57683333333334,DCU Glasnevin,DCU,23.418,10,11,11,12,13,late,car,120,Dublin City
268069,9.491666666666667,9.491666666666667,30.19316666666667,70.61449999999999,TU Dublin Grangegorman,TU Dublin,20.502,9,11,11,12,13,late,car,132,Dublin City
268070,5.597916666666666,8.462499999999999,37.71716666666667,67.76733333333334,Marino Institute of Education,Marino,12.0915,8,11,11,12,13,late,car,198,Dublin City
268071,12.735416666666666,13.45,34.706833333333336,64.70383333333335,Marino Institute of Education,Marino,27.5085,7,11,11,12,13,late,car,451,Dublin City
268072,16.15208333333333,16.866666666666667,37.7135,67.71050000000001,Marino Institute of Education,Marino,34.88849999999999,6,11,11,12,13,late,car,189,Dublin City
268073,15.991666666666667,17.252083333333335,38.05266666666667,68.04966666666668,Marino Institute of Education,Marino,34.542,7,11,11,12,13,late,car,96,Dublin City
268074,14.252083333333337,16.64375,39.67333333333334,69.67033333333333,Marino Institute of Education,Marino,30.7845,7,11,11,12,13,late,car,113,Dublin City
268075,13.908333333333331,16.299999999999997,39.4185,69.41550000000001,Marino Institute of Education,Marino,30.042,7,11,11,12,13,late,car,90,Dublin City
268076,9.85625,11.972916666666668,38.0545,67.96533333333333,Marino Institute of Education,Marino,21.289500000000004,8,11,11,12,13,late,car,87,Dublin City
268077,11.389583333333334,13.743750000000002,40.8265,70.73733333333334,Marino Institute of Education,Marino,24.6015,8,11,11,12,12,late,car,116,Dublin City
268078,7.135416666666666,11.958333333333332,26.365166666666664,69.63366666666667,NCAD (Thomas St),NCAD,15.412499999999998,10,11,11,12,13,late,car,72,Dublin City
268079,10.102083333333333,14.925,26.761166666666668,68.88933333333334,NCAD (Thomas St),NCAD,21.8205,10,11,11,12,13,late,car,117,Dublin City
268080,3.756250000000001,3.756250000000001,32.719500000000004,68.46400000000001,TU Dublin Grangegorman,TU Dublin,8.113500000000002,9,11,11,12,13,late,car,35,Dublin City
268081,4.810416666666667,4.810416666666667,33.066,69.63550000000001,TU Dublin Grangegorman,TU Dublin,10.3905,9,11,11,12,13,late,car,119,Dublin City
268082,3.76875,5.591666666666666,30.961333333333332,70.312,NCAD (Thomas St),NCAD,8.140500000000001,9,11,11,12,13,late,car,92,Dublin City
268083,8.264583333333333,11.48125,24.900333333333336,72.64216666666668,NCAD (Thomas St),NCAD,17.851499999999998,10,11,11,12,13,late,car,66,Dublin City
268084,7.129166666666666,10.345833333333337,23.87183333333333,72.50283333333333,NCAD (Thomas St),NCAD,15.399,10,11,11,12,13,late,car,41,Dublin City
268085,5.120833333333334,10.4625,26.2405,71.46150000000002,NCAD (Thomas St),NCAD,11.061,10,11,11,12,13,late,car,124,Dublin City
268086,12.135416666666668,12.135416666666668,36.41366666666667,66.3245,DCU Glasnevin,DCU,26.2125,7,11,11,12,13,late,car,67,Dublin City
268087,10.266666666666666,10.266666666666666,34.76916666666667,64.68,DCU Glasnevin,DCU,22.176,8,11,11,12,13,late,car,73,Dublin City
268088,6.941666666666666,6.941666666666666,31.84316666666667,61.754000000000005,DCU Glasnevin,DCU,14.993999999999998,8,11,11,12,13,late,car,116,Dublin City
268089,10.8,10.8,34.793,64.70383333333335,DCU Glasnevin,DCU,23.327999999999996,8,11,11,12,13,late,car,101,Dublin City
268090,10.366666666666667,16.016666666666666,29.910833333333336,71.61183333333334,NCAD (Thomas St),NCAD,22.392,10,11,11,12,13,late,car,74,Dublin City
268091,9.122916666666669,14.760416666666668,30.037333333333336,71.73833333333334,NCAD (Thomas St),NCAD,19.7055,10,11,11,12,13,late,car,100,Dublin City
268092,10.035416666666666,15.670833333333334,34.672000000000004,78.04866666666668,NCAD (Thomas St),NCAD,21.676499999999997,10,11,11,11,13,late,car,84,Dublin City
268093,10.235416666666667,15.872916666666663,31.500333333333337,73.74766666666667,NCAD (Thomas St),NCAD,22.1085,10,11,11,12,13,late,car,49,Dublin City
268094,11.635416666666668,17.272916666666667,30.23166666666667,71.93266666666668,NCAD (Thomas St),NCAD,25.1325,9,11,11,12,13,late,car,99,Dublin City
268095,13.98125,17.197916666666664,25.554833333333335,73.35900000000001,NCAD (Thomas St),NCAD,30.1995,10,11,11,12,13,late,car,95,Dublin City
268096,3.6604166666666664,3.6604166666666664,35.40533333333334,72.52300000000001,Trinity College Dublin,TCD,7.906499999999999,10,11,11,12,13,late,car,172,Dublin City
268097,7.106250000000001,8.78125,36.42283333333334,75.76433333333335,RCSI (St Stephen's Green),RCSI,15.3495,9,11,11,11,13,late,car,13,Dublin City
268098,2.814583333333333,7.783333333333334,29.445166666666665,73.54050000000001,NCAD (Thomas St),NCAD,6.0794999999999995,10,11,11,12,13,late,car,58,Dublin City
268099,2.7333333333333334,9.627083333333331,31.476500000000005,74.51766666666667,NCAD (Thomas St),NCAD,5.904,10,11,11,12,13,late,car,58,Dublin City
268100,2.872916666666667,9.339583333333334,30.206,74.26466666666667,NCAD (Thomas St),NCAD,6.205500000000001,10,11,11,13,13,late,car,63,Dublin City
268101,4.625,11.30625,31.027333333333335,75.27666666666667,NCAD (Thomas St),NCAD,9.99,10,11,11,11,13,late,car,33,Dublin City
268102,5.316666666666666,10.952083333333334,31.861500000000003,75.68366666666667,NCAD (Thomas St),NCAD,11.483999999999998,10,11,11,11,13,late,car,48,Dublin City
268103,5.814583333333334,12.28125,30.026333333333337,74.22066666666667,NCAD (Thomas St),NCAD,12.559500000000002,10,11,11,12,13,late,car,59,Dublin City
268104,7.929166666666667,7.929166666666667,36.39900000000001,71.01050000000001,Trinity College Dublin,TCD,17.127000000000002,9,11,11,12,13,late,car,157,Dublin City
268105,6.135416666666666,6.135416666666666,34.81316666666667,69.51266666666668,TU Dublin Grangegorman,TU Dublin,13.252499999999998,9,11,11,12,13,late,car,86,Dublin City
268106,8.55,9.258333333333333,35.16883333333334,72.23700000000001,NCAD (Thomas St),NCAD,18.468,8,11,11,12,13,late,car,120,Dublin City
268107,5.945833333333333,7.525,36.84816666666667,69.6025,Marino Institute of Education,Marino,12.842999999999998,9,11,11,12,13,late,car,24,Dublin City
268108,8.333333333333334,8.383333333333333,37.744666666666674,68.44566666666668,Marino Institute of Education,Marino,18.0,9,11,11,12,13,late,car,241,Dublin City
268109,6.435416666666666,6.435416666666666,36.27433333333334,70.3395,Trinity College Dublin,TCD,13.900499999999996,9,11,11,12,13,late,car,76,Dublin City
268110,7.475,7.475,37.54116666666667,72.35616666666668,Trinity College Dublin,TCD,16.146,10,11,11,12,13,late,car,137,Dublin City
268111,10.141666666666666,10.141666666666666,38.94916666666667,73.733,Trinity College Dublin,TCD,21.906,9,11,11,12,13,late,car,125,Dublin City
268112,9.572916666666666,9.572916666666666,40.71466666666667,76.10350000000001,UCD Belfield,UCD,20.6775,8,11,11,11,13,late,car,112,Dublin City
268113,6.072916666666667,6.072916666666667,39.9575,79.6895,UCD Belfield,UCD,13.1175,9,11,11,11,13,late,car,122,Dublin City
268114,8.112499999999999,8.112499999999999,37.61450000000001,76.11816666666667,UCD Belfield,UCD,17.522999999999996,9,11,11,11,13,late,car,93,Dublin City
268115,6.664583333333333,6.664583333333333,35.249500000000005,72.721,Trinity College Dublin,TCD,14.395499999999998,10,11,11,12,13,late,car,85,Dublin City
268116,8.102083333333333,8.333333333333334,35.968166666666676,74.789,RCSI (St Stephen's Green),RCSI,17.5005,9,11,11,12,13,late,car,59,Dublin City
268117,6.675,8.46875,34.496,74.8385,RCSI (St Stephen's Green),RCSI,14.418,10,11,11,12,13,late,car,71,Dublin City
268118,7.245833333333334,8.80625,31.9055,77.044,NCAD (Thomas St),NCAD,15.651,9,11,11,11,13,late,car,15,Dublin City
268119,15.8875,17.474999999999998,38.346,68.343,Marino Institute of Education,Marino,34.317,7,11,11,12,13,late,car,202,Dublin City
268120,11.333333333333332,11.660416666666668,35.069833333333335,65.06683333333334,Marino Institute of Education,Marino,24.479999999999997,8,11,11,12,13,late,car,105,Dublin City
268121,12.38125,12.38125,33.8635,63.8605,DCU Glasnevin,DCU,26.743499999999997,7,11,11,12,13,late,car,70,Dublin City
268122,13.416666666666666,13.416666666666666,34.77466666666667,64.77166666666668,DCU Glasnevin,DCU,28.979999999999997,7,11,11,12,13,late,car,133,Dublin City
268123,10.639583333333334,10.639583333333334,33.5005,63.49750000000001,DCU Glasnevin,DCU,22.9815,8,11,11,12,13,late,car,120,Dublin City
268124,14.039583333333333,16.431250000000002,42.126333333333335,72.12333333333333,Marino Institute of Education,Marino,30.3255,6,11,11,12,12,late,car,105,Dublin City
268125,15.8125,18.204166666666666,41.04466666666668,71.04166666666667,Marino Institute of Education,Marino,34.155,7,11,11,12,12,late,car,72,Dublin City
268126,12.497916666666669,14.889583333333334,41.20783333333333,71.11866666666667,Marino Institute of Education,Marino,26.9955,8,11,11,12,12,late,car,111,Dublin City
268127,11.275000000000002,13.191666666666668,33.96066666666667,76.17500000000001,NCAD (Thomas St),NCAD,24.354000000000006,10,11,11,11,13,late,car,143,Dublin City
268128,6.887500000000001,9.68125,34.17883333333334,76.55633333333334,RCSI (St Stephen's Green),RCSI,14.877000000000002,10,11,11,11,13,late,car,100,Dublin City
268129,8.235416666666667,8.235416666666667,36.36966666666667,79.00750000000001,UCD Belfield,UCD,17.7885,9,11,11,11,13,late,car,128,Dublin City
268130,10.66875,12.502083333333331,35.95166666666667,78.23933333333335,RCSI (St Stephen's Green),RCSI,23.0445,10,11,11,11,13,late,car,113,Dublin City
268131,9.325,10.86875,35.141333333333336,78.70133333333334,RCSI (St Stephen's Green),RCSI,20.142,10,11,11,11,13,late,car,73,Dublin City
268132,6.5,12.135416666666668,31.560833333333335,75.86149999999999,NCAD (Thomas St),NCAD,14.04,10,11,11,11,13,late,car,86,Dublin City
268133,7.554166666666667,10.347916666666666,32.98166666666667,77.26216666666667,RCSI (St Stephen's Green),RCSI,16.317,10,11,11,11,13,late,car,63,Dublin City
268134,10.74375,12.577083333333334,35.1285,79.42366666666668,RCSI (St Stephen's Green),RCSI,23.2065,10,11,11,11,13,late,car,162,Dublin City
268135,10.86875,13.416666666666666,34.5895,77.08250000000001,NCAD (Thomas St),NCAD,23.4765,10,11,11,11,13,late,car,83,Dublin City
268136,9.85625,14.441666666666668,33.264,76.09066666666668,NCAD (Thomas St),NCAD,21.289500000000004,10,11,11,11,13,late,car,103,Dublin City
268137,8.9125,12.372916666666669,33.066,75.89266666666668,NCAD (Thomas St),NCAD,19.251,10,11,11,11,13,late,car,68,Dublin City
268138,6.106250000000001,6.106250000000001,33.75900000000001,69.37700000000001,TU Dublin Grangegorman,TU Dublin,13.189500000000002,10,11,11,12,13,late,car,159,Dublin City
268139,6.785416666666666,6.785416666666666,33.839666666666666,70.06083333333335,TU Dublin Grangegorman,TU Dublin,14.656499999999998,9,11,11,12,13,late,car,52,Dublin City
268140,7.939583333333334,13.575,34.95066666666667,77.99183333333335,NCAD (Thomas St),NCAD,17.149500000000003,9,11,11,11,13,late,car,69,Dublin City
268141,4.7041666666666675,10.14375,32.103500000000004,75.14466666666667,NCAD (Thomas St),NCAD,10.161,10,11,11,11,13,late,car,44,Dublin City
268142,6.483333333333333,10.23125,31.830333333333336,76.03750000000001,NCAD (Thomas St),NCAD,14.004,10,11,11,11,13,late,car,67,Dublin City
268143,4.591666666666667,4.591666666666667,36.224833333333336,71.016,Trinity College Dublin,TCD,9.918,10,11,11,12,13,late,car,111,Dublin City
268144,8.252083333333335,13.8875,31.590166666666665,74.41683333333334,NCAD (Thomas St),NCAD,17.8245,10,11,11,12,13,late,car,84,Dublin City
268145,10.541666666666668,16.177083333333332,32.945,75.02733333333333,NCAD (Thomas St),NCAD,22.770000000000003,10,11,11,11,13,late,car,85,Dublin City
268146,11.825,16.28125,31.909166666666668,74.1235,NCAD (Thomas St),NCAD,25.542,10,11,11,12,13,late,car,76,Dublin City
268147,11.808333333333332,15.75,31.441666666666663,73.656,NCAD (Thomas St),NCAD,25.505999999999997,10,11,11,12,13,late,car,26,Dublin City
268148,5.637500000000001,10.527083333333334,29.32233333333334,76.85516666666668,NCAD (Thomas St),NCAD,12.177000000000003,10,11,11,11,13,late,car,39,Dublin City
268149,1.4083333333333332,9.3125,30.046500000000005,74.24083333333333,NCAD (Thomas St),NCAD,3.042,9,11,11,12,13,late,car,67,Dublin City
268150,3.0625,11.118750000000002,29.69816666666667,74.86600000000001,NCAD (Thomas St),NCAD,6.615,11,11,11,12,13,late,car,109,Dublin City
268151,5.725,11.96875,28.064666666666668,73.5625,NCAD (Thomas St),NCAD,12.366,11,11,11,12,13,late,car,47,Dublin City
268152,5.135416666666667,11.379166666666666,27.545833333333334,72.61833333333334,NCAD (Thomas St),NCAD,11.0925,11,11,11,12,13,late,car,53,Dublin City
268153,3.5,10.754166666666666,26.995833333333337,72.94833333333334,NCAD (Thomas St),NCAD,7.56,11,11,11,12,13,late,car,70,Dublin City
268154,12.037499999999998,15.872916666666663,25.939833333333336,67.64083333333333,NCAD (Thomas St),NCAD,26.001,11,11,11,12,13,late,car,95,Dublin City
268155,11.345833333333331,16.256249999999998,26.89316666666667,68.59416666666667,NCAD (Thomas St),NCAD,24.507,10,11,11,12,13,late,car,59,Dublin City
268156,13.145833333333334,16.089583333333334,28.660500000000003,70.3615,NCAD (Thomas St),NCAD,28.395000000000003,10,11,11,12,13,late,car,71,Dublin City
268157,5.645833333333333,5.645833333333333,36.78033333333334,69.55483333333333,DCU Glasnevin,DCU,12.195,8,11,11,12,13,late,car,98,Dublin City
268158,2.908333333333333,2.908333333333333,33.68383333333333,64.79,DCU Glasnevin,DCU,6.282,8,11,11,12,13,late,car,103,Dublin City
268159,6.9125000000000005,6.9125000000000005,32.87166666666667,63.19133333333335,DCU Glasnevin,DCU,14.931,8,11,11,12,13,late,car,85,Dublin City
268160,4.558333333333334,4.558333333333334,34.420833333333334,64.33166666666668,DCU Glasnevin,DCU,9.846,8,11,11,12,13,late,car,57,Dublin City
268161,5.15625,10.791666666666666,32.501333333333335,75.5425,NCAD (Thomas St),NCAD,11.1375,10,11,11,11,13,late,car,52,Dublin City
268162,5.31875,10.954166666666666,30.9595,75.16666666666667,NCAD (Thomas St),NCAD,11.488499999999998,10,11,11,11,13,late,car,76,Dublin City
017001,,,,,,,,0,0,0,0,0,late,pt,25,Carlow
017002,,,,,,,,0,0,0,0,0,late,pt,46,Carlow
017003,,,,,,,,0,0,0,0,0,late,pt,26,Carlow
017004,211.0,211.0,,,RCSI (St Stephen's Green),RCSI,371.0,0,0,0,0,0,late,pt,42,Carlow
017005,,,,,,,,0,0,0,0,0,late,pt,17,Carlow
017006,,,,,,,,0,0,0,0,0,late,pt,15,Carlow
017007,,,,,,,,0,0,0,0,0,late,pt,11,Carlow
017008,173.0,173.0,,173.0,SETU Carlow,SETU,289.0,0,0,0,0,0,late,pt,15,Carlow
017009,,,,,,,,0,0,0,0,0,late,pt,31,Carlow
017010,44.0,44.0,151.0,44.0,SETU Carlow,SETU,91.0,0,1,1,1,1,late,pt,661,Carlow
017011,22.0,22.0,142.0,22.0,SETU Carlow,SETU,44.0,1,1,1,1,1,late,pt,131,Carlow
017012,,,,,,,,0,0,0,0,0,late,pt,29,Carlow
017013,,,,,,,,0,0,0,0,0,late,pt,45,Carlow
017014,,,,,,,,0,0,0,0,0,late,pt,26,Carlow
017015,,,,,,,,0,0,0,0,0,late,pt,9,Carlow
017016,,,,,,,,0,0,0,0,0,late,pt,29,Carlow
017017,,,,,,,,0,0,0,0,0,late,pt,56,Carlow
017018,,,,,,,,0,0,0,0,0,late,pt,21,Carlow
017019,,,,,,,,0,0,0,0,0,late,pt,29,Carlow
017020,189.0,189.0,,189.0,SETU Carlow,SETU,342.0,0,0,0,0,0,late,pt,13,Carlow
017021,,,,,,,,0,0,0,0,0,late,pt,27,Carlow
017022,,,,,,,,0,0,0,0,0,late,pt,51,Carlow
017023,,,,,,,,0,0,0,0,0,late,pt,11,Carlow
017024,,,,,,,,0,0,0,0,0,late,pt,30,Carlow
017025,,,,,,,,0,0,0,0,0,late,pt,42,Carlow
017026,,,,,,,,0,0,0,0,0,late,pt,14,Carlow
017027,,,,,,,,0,0,0,0,0,late,pt,13,Carlow
017028,,,,,,,,0,0,0,0,0,late,pt,31,Carlow
017029,,,,,,,,0,0,0,0,0,late,pt,7,Carlow
017030,,,,,,,,0,0,0,0,0,late,pt,23,Carlow
017031,136.0,136.0,,136.0,SETU Carlow,SETU,240.0,0,0,0,0,0,late,pt,71,Carlow
017032,,,,,,,,0,0,0,0,0,late,pt,24,Carlow
017033,133.0,133.0,,133.0,SETU Carlow,SETU,226.0,0,0,0,0,0,late,pt,22,Carlow
017034,113.0,113.0,237.0,113.0,SETU Carlow,SETU,192.0,0,0,0,0,0,late,pt,106,Carlow
017035,,,,,,,,0,0,0,0,0,late,pt,28,Carlow
017036,,,,,,,,0,0,0,0,0,late,pt,35,Carlow
017037,,,,,,,,0,0,0,0,0,late,pt,27,Carlow
017038,214.0,214.0,,,TU Dublin Tallaght,TU Dublin,369.0,0,0,0,0,0,late,pt,35,Carlow
017039,,,,,,,,0,0,0,0,0,late,pt,5,Carlow
017041,,,,,,,,0,0,0,0,0,late,pt,68,Carlow
017042,214.0,214.0,,,TU Dublin Tallaght,TU Dublin,345.0,0,0,0,0,0,late,pt,23,Carlow
017043,,,,,,,,0,0,0,0,0,late,pt,22,Carlow
017044,,,,,,,,0,0,0,0,0,late,pt,24,Carlow
017045,198.0,198.0,,198.0,SETU Carlow,SETU,306.0,0,0,0,0,0,late,pt,20,Carlow
017046,,,,,,,,0,0,0,0,0,late,pt,16,Carlow
017047,,,,,,,,0,0,0,0,0,late,pt,24,Carlow
017048,,,,,,,,0,0,0,0,0,late,pt,20,Carlow
017049,,,,,,,,0,0,0,0,0,late,pt,29,Carlow
017050,,,,,,,,0,0,0,0,0,late,pt,31,Carlow
017051,193.0,193.0,,,Trinity College Dublin,TCD,338.0,0,0,0,0,0,late,pt,187,Carlow
017052,,,,,,,,0,0,0,0,0,late,pt,27,Carlow
017053,,,,,,,,0,0,0,0,0,late,pt,18,Carlow
017054,15.0,15.0,152.0,15.0,SETU Carlow,SETU,30.0,1,1,1,1,1,late,pt,41,Carlow
087001,117.0,127.0,129.0,135.0,NCAD (Thomas St),NCAD,226.0,0,0,0,0,0,late,pt,225,Kildare
087002,117.0,127.0,130.0,135.0,NCAD (Thomas St),NCAD,229.0,0,0,0,0,0,late,pt,147,Kildare
087003,,,,,,,,0,0,0,0,0,late,pt,6,Kildare
087004,98.0,98.0,147.0,98.0,SETU Carlow,SETU,191.0,0,0,0,0,0,late,pt,57,Kildare
087005,149.0,155.0,,,NCAD (Thomas St),NCAD,277.0,0,0,0,0,0,late,pt,20,Kildare
087006,78.0,78.0,134.0,,TU Dublin Tallaght,TU Dublin,191.0,0,0,0,0,1,late,pt,58,Kildare
087007,81.0,81.0,81.0,192.0,Maynooth University,MU,152.0,0,0,0,0,1,late,pt,27,Kildare
087008,158.0,158.0,201.0,209.0,TU Dublin Tallaght,TU Dublin,282.0,0,0,0,0,0,late,pt,81,Kildare
087009,,,,,,,,0,0,0,0,0,late,pt,50,Kildare
087010,116.0,116.0,130.0,116.0,SETU Carlow,SETU,212.0,0,0,0,0,0,late,pt,107,Kildare
087011,54.0,54.0,54.0,201.0,Maynooth University,MU,113.0,0,0,1,1,2,late,pt,305,Kildare
087012,,,,,,,,0,0,0,0,0,late,pt,19,Kildare
087013,,,,,,,,0,0,0,0,0,late,pt,6,Kildare
087014,94.0,94.0,94.0,215.0,Maynooth University,MU,192.0,0,0,0,0,0,late,pt,268,Kildare
087015,,,,,,,,0,0,0,0,0,late,pt,16,Kildare
087016,,,,,,,,0,0,0,0,0,late,pt,92,Kildare
087017,114.0,114.0,114.0,205.0,Maynooth University,MU,237.0,0,0,0,0,0,late,pt,100,Kildare
087018,131.0,131.0,131.0,207.0,Maynooth University,MU,253.0,0,0,0,0,0,late,pt,102,Kildare
087019,216.0,216.0,223.0,,TU Dublin Blanchardstown,TU Dublin,334.0,0,0,0,0,0,late,pt,122,Kildare
087020,,,,,,,,0,0,0,0,0,late,pt,23,Kildare
087021,,,,,,,,0,0,0,0,0,late,pt,23,Kildare
087022,88.0,88.0,227.0,88.0,SETU Carlow,SETU,164.0,0,0,0,0,1,late,pt,83,Kildare
087023,41.0,41.0,41.0,172.0,Maynooth University,MU,83.0,0,1,1,3,7,late,pt,711,Kildare
087024,,,,,,,,0,0,0,0,0,late,pt,34,Kildare
087025,56.0,56.0,56.0,200.0,Maynooth University,MU,117.0,0,0,1,1,3,late,pt,349,Kildare
087026,,,,,,,,0,0,0,0,0,late,pt,84,Kildare
087027,,,,,,,,0,0,0,0,0,late,pt,23,Kildare
087028,,,,,,,,0,0,0,0,0,late,pt,46,Kildare
087029,48.0,48.0,48.0,161.0,Maynooth University,MU,101.0,0,0,1,6,8,late,pt,292,Kildare
087030,,,,,,,,0,0,0,0,0,late,pt,36,Kildare
087031,82.0,82.0,82.0,208.0,Maynooth University,MU,167.0,0,0,0,0,1,late,pt,143,Kildare
087032,,,,,,,,0,0,0,0,0,late,pt,11,Kildare
087033,120.0,126.0,126.0,219.0,NCAD (Thomas St),NCAD,239.0,0,0,0,0,0,late,pt,174,Kildare
087034,82.0,87.0,92.0,146.0,NCAD (Thomas St),NCAD,144.0,0,0,0,0,2,late,pt,241,Kildare
087035,,,,,,,,0,0,0,0,0,late,pt,32,Kildare
087036,,,,,,,,0,0,0,0,0,late,pt,13,Kildare
087037,,,,,,,,0,0,0,0,0,late,pt,24,Kildare
087038,,,,,,,,0,0,0,0,0,late,pt,25,Kildare
087039,154.0,154.0,154.0,,Maynooth University,MU,313.0,0,0,0,0,0,late,pt,19,Kildare
087040,121.0,121.0,,,TU Dublin Tallaght,TU Dublin,257.0,0,0,0,0,0,late,pt,45,Kildare
087041,,,,,,,,0,0,0,0,0,late,pt,28,Kildare
087042,,,,,,,,0,0,0,0,0,late,pt,30,Kildare
087044,,,,,,,,0,0,0,0,0,late,pt,12,Kildare
087045,,,,,,,,0,0,0,0,0,late,pt,13,Kildare
087046,128.0,138.0,,,NCAD (Thomas St),NCAD,242.0,0,0,0,0,0,late,pt,27,Kildare
087047,31.0,31.0,31.0,173.0,Maynooth University,MU,62.0,0,1,1,2,6,late,pt,342,Kildare
087048,117.0,118.0,118.0,186.0,NCAD (Thomas St),NCAD,222.0,0,0,0,0,0,late,pt,169,Kildare
087049,,,,,,,,0,0,0,0,0,late,pt,46,Kildare
087050,76.0,84.0,101.0,135.0,NCAD (Thomas St),NCAD,138.0,0,0,0,0,4,late,pt,550,Kildare
087051,,,,,,,,0,0,0,0,0,late,pt,20,Kildare
087052,84.0,84.0,111.0,198.0,TU Dublin Tallaght,TU Dublin,167.0,0,0,0,0,1,late,pt,234,Kildare
087053,,,,,,,,0,0,0,0,0,late,pt,12,Kildare
087054,,,,,,,,0,0,0,0,0,late,pt,21,Kildare
087055,104.0,104.0,104.0,224.0,Maynooth University,MU,214.0,0,0,0,0,0,late,pt,129,Kildare
087056,122.0,128.0,128.0,221.0,NCAD (Thomas St),NCAD,258.0,0,0,0,0,0,late,pt,115,Kildare
087057,,,,,,,,0,0,0,0,0,late,pt,37,Kildare
087058,,,,,,,,0,0,0,0,0,late,pt,42,Kildare
087059,,,,,,,,0,0,0,0,0,late,pt,37,Kildare
087060,,,,,,,,0,0,0,0,0,late,pt,31,Kildare
087061,,,,,,,,0,0,0,0,0,late,pt,44,Kildare
087062,,,,,,,,0,0,0,0,0,late,pt,64,Kildare
087064,36.0,36.0,36.0,154.0,Maynooth University,MU,69.0,0,1,3,7,9,late,pt,584,Kildare
087065,148.0,148.0,148.0,,Maynooth University,MU,365.0,0,0,0,0,0,late,pt,10,Kildare
087066,11.0,11.0,11.0,175.0,Maynooth University,MU,22.0,1,1,2,5,9,late,pt,577,Kildare
087067,113.0,121.0,122.0,137.0,NCAD (Thomas St),NCAD,202.0,0,0,0,0,0,late,pt,216,Kildare
087068,,,,,,,,0,0,0,0,0,late,pt,17,Kildare
087069,85.0,90.0,96.0,149.0,NCAD (Thomas St),NCAD,151.0,0,0,0,0,2,late,pt,784,Kildare
087070,72.0,73.0,73.0,154.0,NCAD (Thomas St),NCAD,142.0,0,0,0,2,7,late,pt,121,Kildare
087071,75.0,75.0,79.0,155.0,TU Dublin Tallaght,TU Dublin,151.0,0,0,0,1,3,late,pt,1002,Kildare
087072,119.0,119.0,150.0,119.0,SETU Carlow,SETU,232.0,0,0,0,0,0,late,pt,47,Kildare
087073,,,,,,,,0,0,0,0,0,late,pt,51,Kildare
087074,150.0,157.0,,,NCAD (Thomas St),NCAD,260.0,0,0,0,0,0,late,pt,55,Kildare
087075,,,,,,,,0,0,0,0,0,late,pt,49,Kildare
087076,,,,,,,,0,0,0,0,0,late,pt,40,Kildare
087077,,,,,,,,0,0,0,0,0,late,pt,19,Kildare
087078,,,,,,,,0,0,0,0,0,late,pt,5,Kildare
087079,140.0,140.0,140.0,162.0,Maynooth University,MU,274.0,0,0,0,0,0,late,pt,100,Kildare
087080,132.0,138.0,138.0,231.0,NCAD (Thomas St),NCAD,286.0,0,0,0,0,0,late,pt,29,Kildare
087081,117.0,117.0,,,TU Dublin Tallaght,TU Dublin,232.0,0,0,0,0,0,late,pt,60,Kildare
087082,104.0,104.0,104.0,230.0,Maynooth University,MU,216.0,0,0,0,0,0,late,pt,103,Kildare
087083,144.0,144.0,144.0,230.0,Maynooth University,MU,294.0,0,0,0,0,0,late,pt,44,Kildare
087084,69.0,69.0,69.0,194.0,Maynooth University,MU,140.0,0,0,0,1,4,late,pt,93,Kildare
087085,166.0,166.0,166.0,,Maynooth University,MU,357.0,0,0,0,0,0,late,pt,58,Kildare
087086,,,,,,,,0,0,0,0,0,late,pt,55,Kildare
087087,,,,,,,,0,0,0,0,0,late,pt,39,Kildare
087088,,,,,,,,0,0,0,0,0,late,pt,29,Kildare
087089,110.0,110.0,110.0,215.0,Maynooth University,MU,229.0,0,0,0,0,0,late,pt,79,Kildare
087090,111.0,121.0,126.0,130.0,NCAD (Thomas St),NCAD,211.0,0,0,0,0,0,late,pt,175,Kildare
097001,,,,,,,,0,0,0,0,0,late,pt,16,Kilkenny
097002,,,,,,,,0,0,0,0,0,late,pt,54,Kilkenny
097003,,,,,,,,0,0,0,0,0,late,pt,14,Kilkenny
097004,,,,,,,,0,0,0,0,0,late,pt,21,Kilkenny
097005,,,,,,,,0,0,0,0,0,late,pt,20,Kilkenny
097006,,,,,,,,0,0,0,0,0,late,pt,14,Kilkenny
097007,,,,,,,,0,0,0,0,0,late,pt,12,Kilkenny
097008,,,,,,,,0,0,0,0,0,late,pt,21,Kilkenny
097009,,,,,,,,0,0,0,0,0,late,pt,5,Kilkenny
097010,143.0,143.0,,143.0,SETU Carlow,SETU,273.0,0,0,0,0,0,late,pt,15,Kilkenny
097011,,,,,,,,0,0,0,0,0,late,pt,59,Kilkenny
097012,,,,,,,,0,0,0,0,0,late,pt,12,Kilkenny
097013,,,,,,,,0,0,0,0,0,late,pt,4,Kilkenny
097014,,,,,,,,0,0,0,0,0,late,pt,44,Kilkenny
097015,,,,,,,,0,0,0,0,0,late,pt,6,Kilkenny
097016,,,,,,,,0,0,0,0,0,late,pt,21,Kilkenny
097017,,,,,,,,0,0,0,0,0,late,pt,8,Kilkenny
097018,,,,,,,,0,0,0,0,0,late,pt,46,Kilkenny
097019,191.0,191.0,237.0,195.0,TU Dublin Tallaght,TU Dublin,329.0,0,0,0,0,0,late,pt,84,Kilkenny
097020,191.0,191.0,237.0,195.0,TU Dublin Tallaght,TU Dublin,324.0,0,0,0,0,0,late,pt,77,Kilkenny
097021,,,,,,,,0,0,0,0,0,late,pt,8,Kilkenny
097022,,,,,,,,0,0,0,0,0,late,pt,78,Kilkenny
097023,,,,,,,,0,0,0,0,0,late,pt,4,Kilkenny
097024,,,,,,,,0,0,0,0,0,late,pt,18,Kilkenny
097025,205.0,213.0,,,NCAD (Thomas St),NCAD,413.0,0,0,0,0,0,late,pt,33,Kilkenny
097026,,,,,,,,0,0,0,0,0,late,pt,11,Kilkenny
097027,,,,,,,,0,0,0,0,0,late,pt,15,Kilkenny
097028,,,,,,,,0,0,0,0,0,late,pt,24,Kilkenny
097029,,,,,,,,0,0,0,0,0,late,pt,24,Kilkenny
097030,,,,,,,,0,0,0,0,0,late,pt,14,Kilkenny
097031,195.0,195.0,,195.0,SETU Carlow,SETU,359.0,0,0,0,0,0,late,pt,22,Kilkenny
097032,,,,,,,,0,0,0,0,0,late,pt,18,Kilkenny
097033,,,,,,,,0,0,0,0,0,late,pt,45,Kilkenny
097034,119.0,119.0,237.0,119.0,SETU Carlow,SETU,259.0,0,0,0,0,0,late,pt,25,Kilkenny
097035,195.0,195.0,,195.0,SETU Carlow,SETU,382.0,0,0,0,0,0,late,pt,23,Kilkenny
097036,,,,,,,,0,0,0,0,0,late,pt,12,Kilkenny
097037,,,,,,,,0,0,0,0,0,late,pt,11,Kilkenny
097038,195.0,195.0,,195.0,SETU Carlow,SETU,348.0,0,0,0,0,0,late,pt,27,Kilkenny
097039,,,,,,,,0,0,0,0,0,late,pt,13,Kilkenny
097040,,,,,,,,0,0,0,0,0,late,pt,15,Kilkenny
097041,173.0,173.0,,173.0,SETU Carlow,SETU,373.0,0,0,0,0,0,late,pt,56,Kilkenny
097042,,,,,,,,0,0,0,0,0,late,pt,11,Kilkenny
097043,,,,,,,,0,0,0,0,0,late,pt,38,Kilkenny
097044,,,,,,,,0,0,0,0,0,late,pt,11,Kilkenny
097045,,,,,,,,0,0,0,0,0,late,pt,18,Kilkenny
097046,,,,,,,,0,0,0,0,0,late,pt,9,Kilkenny
097047,195.0,195.0,,195.0,SETU Carlow,SETU,309.0,0,0,0,0,0,late,pt,84,Kilkenny
097048,173.0,173.0,,173.0,SETU Carlow,SETU,319.0,0,0,0,0,0,late,pt,76,Kilkenny
097049,,,,,,,,0,0,0,0,0,late,pt,40,Kilkenny
097050,,,,,,,,0,0,0,0,0,late,pt,33,Kilkenny
097051,145.0,145.0,,145.0,SETU Carlow,SETU,277.0,0,0,0,0,0,late,pt,37,Kilkenny
097052,,,,,,,,0,0,0,0,0,late,pt,27,Kilkenny
097053,,,,,,,,0,0,0,0,0,late,pt,32,Kilkenny
097054,195.0,195.0,,195.0,SETU Carlow,SETU,354.0,0,0,0,0,0,late,pt,38,Kilkenny
097055,,,,,,,,0,0,0,0,0,late,pt,9,Kilkenny
097056,,,,,,,,0,0,0,0,0,late,pt,29,Kilkenny
097057,,,,,,,,0,0,0,0,0,late,pt,27,Kilkenny
097058,153.0,153.0,,153.0,SETU Carlow,SETU,300.0,0,0,0,0,0,late,pt,234,Kilkenny
097059,,,,,,,,0,0,0,0,0,late,pt,13,Kilkenny
097060,,,,,,,,0,0,0,0,0,late,pt,18,Kilkenny
097061,127.0,127.0,197.0,127.0,SETU Carlow,SETU,235.0,0,0,0,0,0,late,pt,169,Kilkenny
097062,117.0,117.0,187.0,117.0,SETU Carlow,SETU,211.0,0,0,0,0,0,late,pt,89,Kilkenny
097063,115.0,115.0,180.0,115.0,SETU Carlow,SETU,206.0,0,0,0,0,0,late,pt,862,Kilkenny
097064,,,,,,,,0,0,0,0,0,late,pt,53,Kilkenny
097065,164.0,164.0,,164.0,SETU Carlow,SETU,317.0,0,0,0,0,0,late,pt,16,Kilkenny
097066,,,,,,,,0,0,0,0,0,late,pt,12,Kilkenny
097067,,,,,,,,0,0,0,0,0,late,pt,24,Kilkenny
097068,192.0,192.0,,192.0,SETU Carlow,SETU,373.0,0,0,0,0,0,late,pt,30,Kilkenny
097069,,,,,,,,0,0,0,0,0,late,pt,15,Kilkenny
097070,,,,,,,,0,0,0,0,0,late,pt,28,Kilkenny
097071,,,,,,,,0,0,0,0,0,late,pt,7,Kilkenny
097072,,,,,,,,0,0,0,0,0,late,pt,30,Kilkenny
097073,,,,,,,,0,0,0,0,0,late,pt,9,Kilkenny
097074,,,,,,,,0,0,0,0,0,late,pt,16,Kilkenny
097075,,,,,,,,0,0,0,0,0,late,pt,2,Kilkenny
097076,,,,,,,,0,0,0,0,0,late,pt,44,Kilkenny
097077,,,,,,,,0,0,0,0,0,late,pt,27,Kilkenny
097078,,,,,,,,0,0,0,0,0,late,pt,13,Kilkenny
097079,,,,,,,,0,0,0,0,0,late,pt,32,Kilkenny
097080,,,,,,,,0,0,0,0,0,late,pt,15,Kilkenny
097081,,,,,,,,0,0,0,0,0,late,pt,35,Kilkenny
097082,96.0,96.0,220.0,96.0,SETU Carlow,SETU,186.0,0,0,0,0,0,late,pt,62,Kilkenny
097083,173.0,173.0,,173.0,SETU Carlow,SETU,364.0,0,0,0,0,0,late,pt,95,Kilkenny
097084,,,,,,,,0,0,0,0,0,late,pt,9,Kilkenny
097085,173.0,173.0,,173.0,SETU Carlow,SETU,406.0,0,0,0,0,0,late,pt,32,Kilkenny
097086,,,,,,,,0,0,0,0,0,late,pt,54,Kilkenny
097087,,,,,,,,0,0,0,0,0,late,pt,19,Kilkenny
097088,,,,,,,,0,0,0,0,0,late,pt,17,Kilkenny
097089,,,,,,,,0,0,0,0,0,late,pt,34,Kilkenny
097090,,,,,,,,0,0,0,0,0,late,pt,13,Kilkenny
097091,,,,,,,,0,0,0,0,0,late,pt,40,Kilkenny
097092,195.0,195.0,,195.0,SETU Carlow,SETU,348.0,0,0,0,0,0,late,pt,19,Kilkenny
097093,,,,,,,,0,0,0,0,0,late,pt,38,Kilkenny
097094,,,,,,,,0,0,0,0,0,late,pt,8,Kilkenny
097095,,,,,,,,0,0,0,0,0,late,pt,28,Kilkenny
097096,91.0,91.0,215.0,91.0,SETU Carlow,SETU,176.0,0,0,0,0,0,late,pt,30,Kilkenny
097097,,,,,,,,0,0,0,0,0,late,pt,31,Kilkenny
097098,,,,,,,,0,0,0,0,0,late,pt,11,Kilkenny
097099,,,,,,,,0,0,0,0,0,late,pt,22,Kilkenny
097100,,,,,,,,0,0,0,0,0,late,pt,42,Kilkenny
097101,135.0,135.0,237.0,135.0,SETU Carlow,SETU,247.0,0,0,0,0,0,late,pt,99,Kilkenny
097102,,,,,,,,0,0,0,0,0,late,pt,20,Kilkenny
097103,,,,,,,,0,0,0,0,0,late,pt,22,Kilkenny
097104,,,,,,,,0,0,0,0,0,late,pt,13,Kilkenny
097105,,,,,,,,0,0,0,0,0,late,pt,26,Kilkenny
097107,190.0,190.0,,190.0,SETU Carlow,SETU,384.0,0,0,0,0,0,late,pt,6,Kilkenny
097108,,,,,,,,0,0,0,0,0,late,pt,11,Kilkenny
097109,,,,,,,,0,0,0,0,0,late,pt,18,Kilkenny
097110,,,,,,,,0,0,0,0,0,late,pt,44,Kilkenny
097111,,,,,,,,0,0,0,0,0,late,pt,60,Kilkenny
097112,,,,,,,,0,0,0,0,0,late,pt,15,Kilkenny
107001,160.0,166.0,169.0,170.0,NCAD (Thomas St),NCAD,291.0,0,0,0,0,0,late,pt,133,Laois
107002,,,,,,,,0,0,0,0,0,late,pt,22,Laois
107003,,,,,,,,0,0,0,0,0,late,pt,13,Laois
107004,,,,,,,,0,0,0,0,0,late,pt,12,Laois
107005,182.0,182.0,,182.0,SETU Carlow,SETU,354.0,0,0,0,0,0,late,pt,29,Laois
107006,92.0,92.0,,92.0,SETU Carlow,SETU,314.0,0,0,0,0,0,late,pt,35,Laois
107007,200.0,212.0,,,NCAD (Thomas St),NCAD,367.0,0,0,0,0,0,late,pt,23,Laois
107008,,,,,,,,0,0,0,0,0,late,pt,30,Laois
107009,,,,,,,,0,0,0,0,0,late,pt,51,Laois
107011,,,,,,,,0,0,0,0,0,late,pt,14,Laois
107012,,,,,,,,0,0,0,0,0,late,pt,38,Laois
107013,,,,,,,,0,0,0,0,0,late,pt,5,Laois
107014,182.0,182.0,,182.0,SETU Carlow,SETU,352.0,0,0,0,0,0,late,pt,86,Laois
107015,,,,,,,,0,0,0,0,0,late,pt,64,Laois
107016,,,,,,,,0,0,0,0,0,late,pt,19,Laois
107017,,,,,,,,0,0,0,0,0,late,pt,12,Laois
107018,132.0,139.0,142.0,142.0,NCAD (Thomas St),NCAD,259.0,0,0,0,0,0,late,pt,76,Laois
107019,194.0,206.0,,,NCAD (Thomas St),NCAD,347.0,0,0,0,0,0,late,pt,42,Laois
107021,,,,,,,,0,0,0,0,0,late,pt,6,Laois
107023,,,,,,,,0,0,0,0,0,late,pt,21,Laois
107024,,,,,,,,0,0,0,0,0,late,pt,10,Laois
107025,,,,,,,,0,0,0,0,0,late,pt,18,Laois
107026,193.0,205.0,,,NCAD (Thomas St),NCAD,343.0,0,0,0,0,0,late,pt,41,Laois
107027,,,,,,,,0,0,0,0,0,late,pt,17,Laois
107028,163.0,172.0,,,NCAD (Thomas St),NCAD,324.0,0,0,0,0,0,late,pt,45,Laois
107029,139.0,142.0,158.0,142.0,NCAD (Thomas St),NCAD,268.0,0,0,0,0,0,late,pt,100,Laois
107030,,,,,,,,0,0,0,0,0,late,pt,13,Laois
107031,,,,,,,,0,0,0,0,0,late,pt,34,Laois
107032,,,,,,,,0,0,0,0,0,late,pt,9,Laois
107033,,,,,,,,0,0,0,0,0,late,pt,5,Laois
107034,,,,,,,,0,0,0,0,0,late,pt,17,Laois
107035,,,,,,,,0,0,0,0,0,late,pt,16,Laois
107036,,,,,,,,0,0,0,0,0,late,pt,21,Laois
107037,,,,,,,,0,0,0,0,0,late,pt,10,Laois
107038,,,,,,,,0,0,0,0,0,late,pt,15,Laois
107039,154.0,162.0,192.0,,NCAD (Thomas St),NCAD,287.0,0,0,0,0,0,late,pt,99,Laois
107040,,,,,,,,0,0,0,0,0,late,pt,14,Laois
107041,,,,,,,,0,0,0,0,0,late,pt,23,Laois
107042,208.0,218.0,,,NCAD (Thomas St),NCAD,416.0,0,0,0,0,0,late,pt,34,Laois
107043,,,,,,,,0,0,0,0,0,late,pt,17,Laois
107044,207.0,219.0,,,NCAD (Thomas St),NCAD,356.0,0,0,0,0,0,late,pt,56,Laois
107045,,,,,,,,0,0,0,0,0,late,pt,15,Laois
107046,,,,,,,,0,0,0,0,0,late,pt,59,Laois
107047,,,,,,,,0,0,0,0,0,late,pt,28,Laois
107048,,,,,,,,0,0,0,0,0,late,pt,8,Laois
107049,,,,,,,,0,0,0,0,0,late,pt,8,Laois
107050,,,,,,,,0,0,0,0,0,late,pt,24,Laois
107051,,,,,,,,0,0,0,0,0,late,pt,10,Laois
107052,19.0,19.0,159.0,19.0,SETU Carlow,SETU,38.0,1,1,1,1,1,late,pt,284,Laois
107053,,,,,,,,0,0,0,0,0,late,pt,18,Laois
107054,,,,,,,,0,0,0,0,0,late,pt,22,Laois
107055,,,,,,,,0,0,0,0,0,late,pt,7,Laois
107056,,,,,,,,0,0,0,0,0,late,pt,38,Laois
107057,,,,,,,,0,0,0,0,0,late,pt,14,Laois
107058,,,,,,,,0,0,0,0,0,late,pt,21,Laois
107059,,,,,,,,0,0,0,0,0,late,pt,16,Laois
107060,,,,,,,,0,0,0,0,0,late,pt,24,Laois
107061,,,,,,,,0,0,0,0,0,late,pt,15,Laois
107062,,,,,,,,0,0,0,0,0,late,pt,16,Laois
107063,,,,,,,,0,0,0,0,0,late,pt,7,Laois
107064,,,,,,,,0,0,0,0,0,late,pt,10,Laois
107065,,,,,,,,0,0,0,0,0,late,pt,11,Laois
107066,,,,,,,,0,0,0,0,0,late,pt,16,Laois
107067,,,,,,,,0,0,0,0,0,late,pt,3,Laois
107068,,,,,,,,0,0,0,0,0,late,pt,17,Laois
107069,,,,,,,,0,0,0,0,0,late,pt,7,Laois
107070,,,,,,,,0,0,0,0,0,late,pt,4,Laois
107071,,,,,,,,0,0,0,0,0,late,pt,39,Laois
107072,146.0,155.0,185.0,178.0,NCAD (Thomas St),NCAD,263.0,0,0,0,0,0,late,pt,115,Laois
107073,161.0,168.0,,,NCAD (Thomas St),NCAD,288.0,0,0,0,0,0,late,pt,113,Laois
107074,,,,,,,,0,0,0,0,0,late,pt,15,Laois
107076,193.0,198.0,,,NCAD (Thomas St),NCAD,416.0,0,0,0,0,0,late,pt,18,Laois
107077,,,,,,,,0,0,0,0,0,late,pt,22,Laois
107078,100.0,104.0,120.0,104.0,NCAD (Thomas St),NCAD,190.0,0,0,0,0,0,late,pt,328,Laois
107079,132.0,138.0,141.0,142.0,NCAD (Thomas St),NCAD,245.0,0,0,0,0,0,late,pt,741,Laois
107080,122.0,128.0,131.0,142.0,NCAD (Thomas St),NCAD,220.0,0,0,0,0,0,late,pt,137,Laois
107081,,,,,,,,0,0,0,0,0,late,pt,27,Laois
107082,,,,,,,,0,0,0,0,0,late,pt,9,Laois
107083,,,,,,,,0,0,0,0,0,late,pt,48,Laois
107084,,,,,,,,0,0,0,0,0,late,pt,4,Laois
107085,,,,,,,,0,0,0,0,0,late,pt,17,Laois
107086,,,,,,,,0,0,0,0,0,late,pt,24,Laois
107087,,,,,,,,0,0,0,0,0,late,pt,21,Laois
107088,,,,,,,,0,0,0,0,0,late,pt,34,Laois
107089,,,,,,,,0,0,0,0,0,late,pt,32,Laois
107090,,,,,,,,0,0,0,0,0,late,pt,15,Laois
107091,,,,,,,,0,0,0,0,0,late,pt,83,Laois
107092,,,,,,,,0,0,0,0,0,late,pt,29,Laois
107093,,,,,,,,0,0,0,0,0,late,pt,24,Laois
107094,,,,,,,,0,0,0,0,0,late,pt,18,Laois
107095,,,,,,,,0,0,0,0,0,late,pt,2,Laois
107096,,,,,,,,0,0,0,0,0,late,pt,7,Laois
107097,,,,,,,,0,0,0,0,0,late,pt,12,Laois
107098,,,,,,,,0,0,0,0,0,late,pt,8,Laois
137001,,,,,,,,0,0,0,0,0,late,pt,13,Longford
137002,,,,,,,,0,0,0,0,0,late,pt,31,Longford
137003,,,,,,,,0,0,0,0,0,late,pt,28,Longford
137004,,,,,,,,0,0,0,0,0,late,pt,26,Longford
137005,,,,,,,,0,0,0,0,0,late,pt,25,Longford
137006,,,,,,,,0,0,0,0,0,late,pt,23,Longford
137007,,,,,,,,0,0,0,0,0,late,pt,35,Longford
137008,,,,,,,,0,0,0,0,0,late,pt,23,Longford
137009,157.0,157.0,167.0,157.0,TUS Athlone,TUS,250.0,0,0,0,0,0,late,pt,126,Longford
137010,,,,,,,,0,0,0,0,0,late,pt,10,Longford
137011,,,,,,,,0,0,0,0,0,late,pt,50,Longford
137012,,,,,,,,0,0,0,0,0,late,pt,6,Longford
137013,,,,,,,,0,0,0,0,0,late,pt,114,Longford
137014,,,,,,,,0,0,0,0,0,late,pt,13,Longford
137015,,,,,,,,0,0,0,0,0,late,pt,23,Longford
137016,,,,,,,,0,0,0,0,0,late,pt,36,Longford
137017,,,,,,,,0,0,0,0,0,late,pt,38,Longford
137018,,,,,,,,0,0,0,0,0,late,pt,22,Longford
137019,,,,,,,,0,0,0,0,0,late,pt,15,Longford
137020,,,,,,,,0,0,0,0,0,late,pt,21,Longford
137021,,,,,,,,0,0,0,0,0,late,pt,20,Longford
137022,,,,,,,,0,0,0,0,0,late,pt,10,Longford
137023,,,,,,,,0,0,0,0,0,late,pt,6,Longford
137024,,,,,,,,0,0,0,0,0,late,pt,13,Longford
137025,,,,,,,,0,0,0,0,0,late,pt,20,Longford
137026,,,,,,,,0,0,0,0,0,late,pt,27,Longford
137027,,,,,,,,0,0,0,0,0,late,pt,48,Longford
137028,,,,,,,,0,0,0,0,0,late,pt,3,Longford
137029,141.0,141.0,141.0,157.0,Maynooth University,MU,269.0,0,0,0,0,0,late,pt,85,Longford
137031,,,,,,,,0,0,0,0,0,late,pt,75,Longford
137032,,,,,,,,0,0,0,0,0,late,pt,19,Longford
137033,,,,,,,,0,0,0,0,0,late,pt,20,Longford
137034,,,,,,,,0,0,0,0,0,late,pt,12,Longford
137035,157.0,157.0,206.0,157.0,TUS Athlone,TUS,318.0,0,0,0,0,0,late,pt,49,Longford
137036,157.0,157.0,162.0,157.0,TUS Athlone,TUS,265.0,0,0,0,0,0,late,pt,48,Longford
137037,,,,,,,,0,0,0,0,0,late,pt,35,Longford
137038,146.0,146.0,146.0,162.0,Maynooth University,MU,294.0,0,0,0,0,0,late,pt,30,Longford
137039,,,,,,,,0,0,0,0,0,late,pt,22,Longford
137040,,,,,,,,0,0,0,0,0,late,pt,7,Longford
137041,,,,,,,,0,0,0,0,0,late,pt,20,Longford
137042,,,,,,,,0,0,0,0,0,late,pt,8,Longford
137043,141.0,141.0,141.0,157.0,Maynooth University,MU,261.0,0,0,0,0,0,late,pt,160,Longford
137044,146.0,146.0,146.0,157.0,Maynooth University,MU,283.0,0,0,0,0,0,late,pt,32,Longford
137045,141.0,141.0,141.0,157.0,Maynooth University,MU,274.0,0,0,0,0,0,late,pt,255,Longford
137046,,,,,,,,0,0,0,0,0,late,pt,19,Longford
137047,,,,,,,,0,0,0,0,0,late,pt,15,Longford
137048,170.0,170.0,170.0,186.0,Maynooth University,MU,340.0,0,0,0,0,0,late,pt,11,Longford
137049,,,,,,,,0,0,0,0,0,late,pt,47,Longford
137050,,,,,,,,0,0,0,0,0,late,pt,13,Longford
137051,,,,,,,,0,0,0,0,0,late,pt,11,Longford
137053,,,,,,,,0,0,0,0,0,late,pt,31,Longford
137054,,,,,,,,0,0,0,0,0,late,pt,47,Longford
147001,87.0,147.0,217.0,87.0,Dundalk IT,DkIT,166.0,0,0,0,0,1,late,pt,155,Louth
147002,84.0,137.0,208.0,84.0,Dundalk IT,DkIT,156.0,0,0,0,0,1,late,pt,223,Louth
147003,73.0,,,73.0,Dundalk IT,DkIT,161.0,0,0,0,1,1,late,pt,105,Louth
147004,,,,,,,,0,0,0,0,0,late,pt,42,Louth
147005,99.0,,,99.0,Dundalk IT,DkIT,220.0,0,0,0,0,0,late,pt,61,Louth
147006,59.0,132.0,167.0,59.0,Dundalk IT,DkIT,124.0,0,0,1,1,1,late,pt,57,Louth
147007,84.0,,,84.0,Dundalk IT,DkIT,191.0,0,0,0,0,1,late,pt,51,Louth
147008,,,,,,,,0,0,0,0,0,late,pt,194,Louth
147009,130.0,172.0,,130.0,Dundalk IT,DkIT,267.0,0,0,0,0,0,late,pt,165,Louth
147010,,,,,,,,0,0,0,0,0,late,pt,36,Louth
147011,98.0,139.0,210.0,98.0,Dundalk IT,DkIT,205.0,0,0,0,0,0,late,pt,101,Louth
147012,,,,,,,,0,0,0,0,0,late,pt,37,Louth
147013,,,,,,,,0,0,0,0,0,late,pt,11,Louth
147014,81.0,92.0,131.0,81.0,Dundalk IT,DkIT,155.0,0,0,0,0,1,late,pt,331,Louth
147015,,,,,,,,0,0,0,0,0,late,pt,35,Louth
147016,71.0,160.0,218.0,71.0,Dundalk IT,DkIT,178.0,0,0,0,1,1,late,pt,100,Louth
147017,,,,,,,,0,0,0,0,0,late,pt,80,Louth
147018,,,,,,,,0,0,0,0,0,late,pt,79,Louth
147019,19.0,124.0,168.0,19.0,Dundalk IT,DkIT,38.0,1,1,1,1,1,late,pt,903,Louth
147020,22.0,113.0,152.0,22.0,Dundalk IT,DkIT,44.0,1,1,1,1,1,late,pt,43,Louth
147021,103.0,184.0,,103.0,Dundalk IT,DkIT,225.0,0,0,0,0,0,late,pt,147,Louth
147022,,,,,,,,0,0,0,0,0,late,pt,68,Louth
147023,,,,,,,,0,0,0,0,0,late,pt,42,Louth
147024,,,,,,,,0,0,0,0,0,late,pt,74,Louth
147025,55.0,147.0,205.0,55.0,Dundalk IT,DkIT,124.0,0,0,1,1,1,late,pt,335,Louth
147026,,,,,,,,0,0,0,0,0,late,pt,92,Louth
147027,,,,,,,,0,0,0,0,0,late,pt,60,Louth
147028,66.0,150.0,208.0,66.0,Dundalk IT,DkIT,130.0,0,0,0,1,1,late,pt,82,Louth
147029,,,,,,,,0,0,0,0,0,late,pt,39,Louth
147030,,,,,,,,0,0,0,0,0,late,pt,63,Louth
147031,96.0,144.0,,96.0,Dundalk IT,DkIT,196.0,0,0,0,0,0,late,pt,127,Louth
147032,,,,,,,,0,0,0,0,0,late,pt,59,Louth
147033,138.0,,,138.0,Dundalk IT,DkIT,237.0,0,0,0,0,0,late,pt,55,Louth
147034,78.0,84.0,129.0,78.0,Dundalk IT,DkIT,151.0,0,0,0,0,4,late,pt,261,Louth
147035,92.0,106.0,141.0,92.0,Dundalk IT,DkIT,174.0,0,0,0,0,0,late,pt,637,Louth
147036,,,,,,,,0,0,0,0,0,late,pt,35,Louth
147037,,,,,,,,0,0,0,0,0,late,pt,39,Louth
147038,132.0,162.0,233.0,132.0,Dundalk IT,DkIT,262.0,0,0,0,0,0,late,pt,177,Louth
147039,78.0,83.0,125.0,78.0,Dundalk IT,DkIT,161.0,0,0,0,0,4,late,pt,134,Louth
147040,18.0,118.0,158.0,18.0,Dundalk IT,DkIT,36.0,1,1,1,1,1,late,pt,55,Louth
147041,15.0,123.0,164.0,15.0,Dundalk IT,DkIT,30.0,1,1,1,1,1,late,pt,33,Louth
147042,11.0,120.0,169.0,11.0,Dundalk IT,DkIT,22.0,1,1,1,1,1,late,pt,220,Louth
147043,78.0,85.0,129.0,78.0,Dundalk IT,DkIT,156.0,0,0,0,0,4,late,pt,375,Louth
167001,,,,,,,,0,0,0,0,0,late,pt,25,Meath
167002,,,,,,,,0,0,0,0,0,late,pt,107,Meath
167003,,,,,,,,0,0,0,0,0,late,pt,83,Meath
167004,,,,,,,,0,0,0,0,0,late,pt,52,Meath
167005,85.0,85.0,85.0,196.0,Maynooth University,MU,166.0,0,0,0,0,1,late,pt,27,Meath
167006,89.0,89.0,89.0,196.0,Maynooth University,MU,193.0,0,0,0,0,1,late,pt,103,Meath
167007,,,,,,,,0,0,0,0,0,late,pt,17,Meath
167008,,,,,,,,0,0,0,0,0,late,pt,25,Meath
167009,,,,,,,,0,0,0,0,0,late,pt,24,Meath
167010,,,,,,,,0,0,0,0,0,late,pt,30,Meath
167011,141.0,141.0,141.0,222.0,Maynooth University,MU,253.0,0,0,0,0,0,late,pt,65,Meath
167012,,,,,,,,0,0,0,0,0,late,pt,15,Meath
167013,,,,,,,,0,0,0,0,0,late,pt,16,Meath
167014,,,,,,,,0,0,0,0,0,late,pt,19,Meath
167015,,,,,,,,0,0,0,0,0,late,pt,24,Meath
167016,,,,,,,,0,0,0,0,0,late,pt,17,Meath
167017,141.0,141.0,141.0,196.0,Maynooth University,MU,230.0,0,0,0,0,0,late,pt,137,Meath
167018,121.0,121.0,,,TU Dublin Blanchardstown,TU Dublin,235.0,0,0,0,0,0,late,pt,47,Meath
167019,,,,,,,,0,0,0,0,0,late,pt,22,Meath
167020,,,,,,,,0,0,0,0,0,late,pt,28,Meath
167021,,,,,,,,0,0,0,0,0,late,pt,26,Meath
167022,,,,,,,,0,0,0,0,0,late,pt,11,Meath
167023,,,,,,,,0,0,0,0,0,late,pt,17,Meath
167024,,,,,,,,0,0,0,0,0,late,pt,40,Meath
167025,67.0,67.0,114.0,155.0,TU Dublin Grangegorman,TU Dublin,131.0,0,0,0,2,7,late,pt,512,Meath
167026,,,,,,,,0,0,0,0,0,late,pt,97,Meath
167027,151.0,176.0,237.0,151.0,Dundalk IT,DkIT,338.0,0,0,0,0,0,late,pt,23,Meath
167028,114.0,128.0,141.0,114.0,Dundalk IT,DkIT,239.0,0,0,0,0,0,late,pt,303,Meath
167029,36.0,36.0,80.0,170.0,TU Dublin Blanchardstown,TU Dublin,71.0,0,1,1,4,9,late,pt,416,Meath
167030,62.0,62.0,97.0,181.0,TU Dublin Blanchardstown,TU Dublin,109.0,0,0,0,1,5,late,pt,283,Meath
167031,,,,,,,,0,0,0,0,0,late,pt,44,Meath
167032,81.0,81.0,126.0,196.0,TU Dublin Blanchardstown,TU Dublin,144.0,0,0,0,0,1,late,pt,25,Meath
167033,,,,,,,,0,0,0,0,0,late,pt,20,Meath
167034,,,,,,,,0,0,0,0,0,late,pt,33,Meath
167035,110.0,110.0,110.0,196.0,Maynooth University,MU,236.0,0,0,0,0,0,late,pt,16,Meath
167036,,,,,,,,0,0,0,0,0,late,pt,13,Meath
167037,54.0,54.0,54.0,152.0,Maynooth University,MU,104.0,0,0,1,1,2,late,pt,201,Meath
167038,102.0,102.0,149.0,112.0,Trinity College Dublin,TCD,184.0,0,0,0,0,0,late,pt,556,Meath
167039,94.0,94.0,114.0,143.0,TU Dublin Blanchardstown,TU Dublin,180.0,0,0,0,0,0,late,pt,204,Meath
167040,93.0,93.0,113.0,143.0,TU Dublin Blanchardstown,TU Dublin,179.0,0,0,0,0,0,late,pt,96,Meath
167041,118.0,118.0,141.0,121.0,TU Dublin Grangegorman,TU Dublin,224.0,0,0,0,0,0,late,pt,126,Meath
167042,,,,,,,,0,0,0,0,0,late,pt,157,Meath
167043,,,,,,,,0,0,0,0,0,late,pt,22,Meath
167044,113.0,113.0,153.0,188.0,TU Dublin Blanchardstown,TU Dublin,230.0,0,0,0,0,0,late,pt,20,Meath
167045,143.0,143.0,153.0,,TU Dublin Blanchardstown,TU Dublin,314.0,0,0,0,0,0,late,pt,60,Meath
167046,144.0,144.0,195.0,195.0,TU Dublin Blanchardstown,TU Dublin,272.0,0,0,0,0,0,late,pt,121,Meath
167047,,,,,,,,0,0,0,0,0,late,pt,14,Meath
167048,,,,,,,,0,0,0,0,0,late,pt,41,Meath
167049,,,,,,,,0,0,0,0,0,late,pt,13,Meath
167050,131.0,131.0,196.0,222.0,TU Dublin Blanchardstown,TU Dublin,269.0,0,0,0,0,0,late,pt,50,Meath
167051,,,,,,,,0,0,0,0,0,late,pt,31,Meath
167052,137.0,137.0,,,TU Dublin Blanchardstown,TU Dublin,257.0,0,0,0,0,0,late,pt,35,Meath
167053,131.0,131.0,196.0,222.0,TU Dublin Blanchardstown,TU Dublin,257.0,0,0,0,0,0,late,pt,74,Meath
167054,,,,,,,,0,0,0,0,0,late,pt,75,Meath
167055,,,,,,,,0,0,0,0,0,late,pt,26,Meath
167056,,,,,,,,0,0,0,0,0,late,pt,12,Meath
167057,,,,,,,,0,0,0,0,0,late,pt,28,Meath
167058,120.0,120.0,187.0,,TU Dublin Blanchardstown,TU Dublin,233.0,0,0,0,0,0,late,pt,27,Meath
167059,,,,,,,,0,0,0,0,0,late,pt,12,Meath
167060,,,,,,,,0,0,0,0,0,late,pt,34,Meath
167061,,,,,,,,0,0,0,0,0,late,pt,31,Meath
167062,161.0,161.0,,,TU Dublin Blanchardstown,TU Dublin,297.0,0,0,0,0,0,late,pt,20,Meath
167063,,,,,,,,0,0,0,0,0,late,pt,12,Meath
167064,129.0,129.0,,,TU Dublin Blanchardstown,TU Dublin,254.0,0,0,0,0,0,late,pt,7,Meath
167065,69.0,69.0,105.0,126.0,TU Dublin Blanchardstown,TU Dublin,136.0,0,0,0,1,2,late,pt,1576,Meath
167066,64.0,64.0,97.0,115.0,TU Dublin Blanchardstown,TU Dublin,121.0,0,0,0,1,2,late,pt,94,Meath
167067,,,,,,,,0,0,0,0,0,late,pt,13,Meath
167068,151.0,180.0,228.0,151.0,Dundalk IT,DkIT,306.0,0,0,0,0,0,late,pt,40,Meath
167069,106.0,106.0,116.0,138.0,TU Dublin Blanchardstown,TU Dublin,189.0,0,0,0,0,0,late,pt,31,Meath
167070,237.0,237.0,,,TU Dublin Blanchardstown,TU Dublin,394.0,0,0,0,0,0,late,pt,103,Meath
167071,164.0,164.0,212.0,227.0,Trinity College Dublin,TCD,273.0,0,0,0,0,0,late,pt,52,Meath
167072,,,,,,,,0,0,0,0,0,late,pt,10,Meath
167073,,,,,,,,0,0,0,0,0,late,pt,21,Meath
167074,,,,,,,,0,0,0,0,0,late,pt,49,Meath
167075,,,,,,,,0,0,0,0,0,late,pt,26,Meath
167076,,,,,,,,0,0,0,0,0,late,pt,52,Meath
167077,211.0,211.0,211.0,,Maynooth University,MU,387.0,0,0,0,0,0,late,pt,50,Meath
167078,59.0,59.0,103.0,173.0,TU Dublin Blanchardstown,TU Dublin,118.0,0,0,1,1,5,late,pt,707,Meath
167079,,,,,,,,0,0,0,0,0,late,pt,54,Meath
167080,,,,,,,,0,0,0,0,0,late,pt,75,Meath
167081,111.0,111.0,154.0,112.0,TU Dublin Grangegorman,TU Dublin,219.0,0,0,0,0,0,late,pt,59,Meath
167082,91.0,91.0,133.0,93.0,Trinity College Dublin,TCD,177.0,0,0,0,0,0,late,pt,734,Meath
167083,,,,,,,,0,0,0,0,0,late,pt,32,Meath
167084,,,,,,,,0,0,0,0,0,late,pt,18,Meath
167085,126.0,126.0,196.0,162.0,Trinity College Dublin,TCD,223.0,0,0,0,0,0,late,pt,329,Meath
167086,,,,,,,,0,0,0,0,0,late,pt,6,Meath
167087,82.0,82.0,82.0,,Maynooth University,MU,164.0,0,0,0,0,1,late,pt,72,Meath
167088,82.0,82.0,110.0,176.0,TU Dublin Blanchardstown,TU Dublin,151.0,0,0,0,0,1,late,pt,39,Meath
167089,,,,,,,,0,0,0,0,0,late,pt,32,Meath
167090,82.0,82.0,82.0,178.0,Maynooth University,MU,148.0,0,0,0,0,2,late,pt,396,Meath
167091,82.0,82.0,82.0,182.0,Maynooth University,MU,162.0,0,0,0,0,1,late,pt,32,Meath
167092,,,,,,,,0,0,0,0,0,late,pt,15,Meath
177001,,,,,,,,0,0,0,0,0,late,pt,22,Monaghan
177002,,,,,,,,0,0,0,0,0,late,pt,63,Monaghan
177003,,,,,,,,0,0,0,0,0,late,pt,24,Monaghan
177004,,,,,,,,0,0,0,0,0,late,pt,12,Monaghan
177005,,,,,,,,0,0,0,0,0,late,pt,68,Monaghan
177006,,,,,,,,0,0,0,0,0,late,pt,9,Monaghan
177007,,,,,,,,0,0,0,0,0,late,pt,56,Monaghan
177008,,,,,,,,0,0,0,0,0,late,pt,63,Monaghan
177009,,,,,,,,0,0,0,0,0,late,pt,16,Monaghan
177010,,,,,,,,0,0,0,0,0,late,pt,27,Monaghan
177011,,,,,,,,0,0,0,0,0,late,pt,14,Monaghan
177012,,,,,,,,0,0,0,0,0,late,pt,46,Monaghan
177013,,,,,,,,0,0,0,0,0,late,pt,28,Monaghan
177014,,,,,,,,0,0,0,0,0,late,pt,22,Monaghan
177015,,,,,,,,0,0,0,0,0,late,pt,20,Monaghan
177016,87.0,166.0,224.0,87.0,Dundalk IT,DkIT,169.0,0,0,0,0,1,late,pt,212,Monaghan
177017,84.0,166.0,224.0,84.0,Dundalk IT,DkIT,161.0,0,0,0,0,1,late,pt,89,Monaghan
177018,151.0,187.0,237.0,151.0,Dundalk IT,DkIT,229.0,0,0,0,0,0,late,pt,26,Monaghan
177019,151.0,187.0,237.0,151.0,Dundalk IT,DkIT,240.0,0,0,0,0,0,late,pt,160,Monaghan
177020,,,,,,,,0,0,0,0,0,late,pt,49,Monaghan
177021,,,,,,,,0,0,0,0,0,late,pt,31,Monaghan
177022,,,,,,,,0,0,0,0,0,late,pt,24,Monaghan
177023,,,,,,,,0,0,0,0,0,late,pt,42,Monaghan
177024,210.0,210.0,,229.0,Trinity College Dublin,TCD,423.0,0,0,0,0,0,late,pt,18,Monaghan
177025,151.0,187.0,,151.0,Dundalk IT,DkIT,325.0,0,0,0,0,0,late,pt,31,Monaghan
177026,,,,,,,,0,0,0,0,0,late,pt,17,Monaghan
177027,,,,,,,,0,0,0,0,0,late,pt,17,Monaghan
177028,,,,,,,,0,0,0,0,0,late,pt,29,Monaghan
177029,,,,,,,,0,0,0,0,0,late,pt,55,Monaghan
177030,,,,,,,,0,0,0,0,0,late,pt,28,Monaghan
177031,,,,,,,,0,0,0,0,0,late,pt,30,Monaghan
177032,,,,,,,,0,0,0,0,0,late,pt,35,Monaghan
177033,,,,,,,,0,0,0,0,0,late,pt,9,Monaghan
177034,,,,,,,,0,0,0,0,0,late,pt,34,Monaghan
177035,,,,,,,,0,0,0,0,0,late,pt,14,Monaghan
177036,,,,,,,,0,0,0,0,0,late,pt,31,Monaghan
177037,,,,,,,,0,0,0,0,0,late,pt,26,Monaghan
177038,176.0,,,176.0,Dundalk IT,DkIT,328.0,0,0,0,0,0,late,pt,38,Monaghan
177039,,,,,,,,0,0,0,0,0,late,pt,34,Monaghan
177040,,,,,,,,0,0,0,0,0,late,pt,5,Monaghan
177041,,,,,,,,0,0,0,0,0,late,pt,44,Monaghan
177042,231.0,231.0,,236.0,DCU Glasnevin,DCU,434.0,0,0,0,0,0,late,pt,49,Monaghan
177043,,,,,,,,0,0,0,0,0,late,pt,18,Monaghan
177044,,,,,,,,0,0,0,0,0,late,pt,26,Monaghan
177045,,,,,,,,0,0,0,0,0,late,pt,27,Monaghan
177046,,,,,,,,0,0,0,0,0,late,pt,24,Monaghan
177047,,,,,,,,0,0,0,0,0,late,pt,17,Monaghan
177048,84.0,,,84.0,Dundalk IT,DkIT,199.0,0,0,0,0,1,late,pt,49,Monaghan
177049,,,,,,,,0,0,0,0,0,late,pt,14,Monaghan
177050,,,,,,,,0,0,0,0,0,late,pt,23,Monaghan
177052,,,,,,,,0,0,0,0,0,late,pt,24,Monaghan
177053,,,,,,,,0,0,0,0,0,late,pt,38,Monaghan
177054,,,,,,,,0,0,0,0,0,late,pt,28,Monaghan
177055,,,,,,,,0,0,0,0,0,late,pt,30,Monaghan
177056,,,,,,,,0,0,0,0,0,late,pt,26,Monaghan
177057,,,,,,,,0,0,0,0,0,late,pt,32,Monaghan
177058,163.0,199.0,,163.0,Dundalk IT,DkIT,288.0,0,0,0,0,0,late,pt,288,Monaghan
177059,151.0,176.0,237.0,151.0,Dundalk IT,DkIT,264.0,0,0,0,0,0,late,pt,53,Monaghan
177060,,,,,,,,0,0,0,0,0,late,pt,12,Monaghan
177061,,,,,,,,0,0,0,0,0,late,pt,39,Monaghan
177062,,,,,,,,0,0,0,0,0,late,pt,43,Monaghan
177063,,,,,,,,0,0,0,0,0,late,pt,11,Monaghan
177064,,,,,,,,0,0,0,0,0,late,pt,60,Monaghan
177065,,,,,,,,0,0,0,0,0,late,pt,9,Monaghan
177066,,,,,,,,0,0,0,0,0,late,pt,39,Monaghan
177067,,,,,,,,0,0,0,0,0,late,pt,15,Monaghan
177068,,,,,,,,0,0,0,0,0,late,pt,42,Monaghan
177069,,,,,,,,0,0,0,0,0,late,pt,45,Monaghan
177070,,,,,,,,0,0,0,0,0,late,pt,30,Monaghan
187001,,,,,,,,0,0,0,0,0,late,pt,6,Offaly
187003,,,,,,,,0,0,0,0,0,late,pt,7,Offaly
187004,207.0,207.0,,207.0,TUS Athlone,TUS,397.0,0,0,0,0,0,late,pt,56,Offaly
187005,,,,,,,,0,0,0,0,0,late,pt,21,Offaly
187006,191.0,191.0,,191.0,TUS Athlone,TUS,346.0,0,0,0,0,0,late,pt,35,Offaly
187007,207.0,207.0,,207.0,TUS Athlone,TUS,400.0,0,0,0,0,0,late,pt,32,Offaly
187008,,,,,,,,0,0,0,0,0,late,pt,19,Offaly
187009,139.0,139.0,,139.0,TUS Athlone,TUS,280.0,0,0,0,0,0,late,pt,92,Offaly
187010,,,,,,,,0,0,0,0,0,late,pt,7,Offaly
187011,,,,,,,,0,0,0,0,0,late,pt,23,Offaly
187012,139.0,139.0,234.0,139.0,TUS Athlone,TUS,302.0,0,0,0,0,0,late,pt,27,Offaly
187013,139.0,139.0,232.0,139.0,TUS Athlone,TUS,234.0,0,0,0,0,0,late,pt,185,Offaly
187014,,,,,,,,0,0,0,0,0,late,pt,49,Offaly
187015,,,,,,,,0,0,0,0,0,late,pt,5,Offaly
187016,,,,,,,,0,0,0,0,0,late,pt,9,Offaly
187017,,,,,,,,0,0,0,0,0,late,pt,88,Offaly
187018,82.0,82.0,201.0,82.0,TUS Athlone,TUS,166.0,0,0,0,0,1,late,pt,181,Offaly
187019,139.0,139.0,,139.0,TUS Athlone,TUS,230.0,0,0,0,0,0,late,pt,36,Offaly
187020,,,,,,,,0,0,0,0,0,late,pt,38,Offaly
187021,,,,,,,,0,0,0,0,0,late,pt,12,Offaly
187022,,,,,,,,0,0,0,0,0,late,pt,17,Offaly
187023,,,,,,,,0,0,0,0,0,late,pt,35,Offaly
187024,,,,,,,,0,0,0,0,0,late,pt,28,Offaly
187025,,,,,,,,0,0,0,0,0,late,pt,21,Offaly
187026,207.0,207.0,,207.0,TUS Athlone,TUS,409.0,0,0,0,0,0,late,pt,49,Offaly
187027,,,,,,,,0,0,0,0,0,late,pt,8,Offaly
187028,,,,,,,,0,0,0,0,0,late,pt,16,Offaly
187029,,,,,,,,0,0,0,0,0,late,pt,14,Offaly
187030,,,,,,,,0,0,0,0,0,late,pt,17,Offaly
187031,,,,,,,,0,0,0,0,0,late,pt,22,Offaly
187032,,,,,,,,0,0,0,0,0,late,pt,24,Offaly
187033,,,,,,,,0,0,0,0,0,late,pt,18,Offaly
187034,,,,,,,,0,0,0,0,0,late,pt,34,Offaly
187035,,,,,,,,0,0,0,0,0,late,pt,47,Offaly
187036,121.0,121.0,121.0,207.0,Maynooth University,MU,251.0,0,0,0,0,0,late,pt,373,Offaly
187037,,,,,,,,0,0,0,0,0,late,pt,4,Offaly
187039,,,,,,,,0,0,0,0,0,late,pt,16,Offaly
187040,155.0,155.0,,155.0,TUS Athlone,TUS,247.0,0,0,0,0,0,late,pt,49,Offaly
187041,,,,,,,,0,0,0,0,0,late,pt,29,Offaly
187042,,,,,,,,0,0,0,0,0,late,pt,55,Offaly
187043,,,,,,,,0,0,0,0,0,late,pt,13,Offaly
187044,82.0,82.0,214.0,82.0,TUS Athlone,TUS,160.0,0,0,0,0,1,late,pt,23,Offaly
187045,159.0,168.0,201.0,,NCAD (Thomas St),NCAD,309.0,0,0,0,0,0,late,pt,26,Offaly
187046,,,,,,,,0,0,0,0,0,late,pt,6,Offaly
187047,,,,,,,,0,0,0,0,0,late,pt,17,Offaly
187048,,,,,,,,0,0,0,0,0,late,pt,26,Offaly
187049,,,,,,,,0,0,0,0,0,late,pt,21,Offaly
187050,,,,,,,,0,0,0,0,0,late,pt,55,Offaly
187051,,,,,,,,0,0,0,0,0,late,pt,20,Offaly
187052,,,,,,,,0,0,0,0,0,late,pt,67,Offaly
187053,,,,,,,,0,0,0,0,0,late,pt,11,Offaly
187054,,,,,,,,0,0,0,0,0,late,pt,26,Offaly
187055,,,,,,,,0,0,0,0,0,late,pt,12,Offaly
187056,182.0,191.0,,,NCAD (Thomas St),NCAD,364.0,0,0,0,0,0,late,pt,13,Offaly
187057,,,,,,,,0,0,0,0,0,late,pt,11,Offaly
187058,,,,,,,,0,0,0,0,0,late,pt,11,Offaly
187059,,,,,,,,0,0,0,0,0,late,pt,20,Offaly
187060,,,,,,,,0,0,0,0,0,late,pt,6,Offaly
187061,139.0,139.0,,139.0,TUS Athlone,TUS,274.0,0,0,0,0,0,late,pt,11,Offaly
187062,,,,,,,,0,0,0,0,0,late,pt,22,Offaly
187063,,,,,,,,0,0,0,0,0,late,pt,41,Offaly
187064,,,,,,,,0,0,0,0,0,late,pt,15,Offaly
187065,,,,,,,,0,0,0,0,0,late,pt,13,Offaly
187066,,,,,,,,0,0,0,0,0,late,pt,99,Offaly
187067,,,,,,,,0,0,0,0,0,late,pt,23,Offaly
187068,,,,,,,,0,0,0,0,0,late,pt,7,Offaly
187069,111.0,118.0,126.0,184.0,NCAD (Thomas St),NCAD,218.0,0,0,0,0,0,late,pt,85,Offaly
187070,,,,,,,,0,0,0,0,0,late,pt,35,Offaly
187071,,,,,,,,0,0,0,0,0,late,pt,16,Offaly
187072,,,,,,,,0,0,0,0,0,late,pt,26,Offaly
187073,,,,,,,,0,0,0,0,0,late,pt,22,Offaly
187074,,,,,,,,0,0,0,0,0,late,pt,11,Offaly
187075,,,,,,,,0,0,0,0,0,late,pt,75,Offaly
187076,,,,,,,,0,0,0,0,0,late,pt,15,Offaly
187077,,,,,,,,0,0,0,0,0,late,pt,8,Offaly
187078,,,,,,,,0,0,0,0,0,late,pt,14,Offaly
187079,150.0,150.0,,150.0,TUS Athlone,TUS,330.0,0,0,0,0,0,late,pt,44,Offaly
187080,203.0,203.0,,203.0,TUS Athlone,TUS,338.0,0,0,0,0,0,late,pt,33,Offaly
187081,178.0,178.0,,178.0,TUS Athlone,TUS,344.0,0,0,0,0,0,late,pt,26,Offaly
187082,,,,,,,,0,0,0,0,0,late,pt,7,Offaly
187083,,,,,,,,0,0,0,0,0,late,pt,18,Offaly
187084,,,,,,,,0,0,0,0,0,late,pt,25,Offaly
187085,,,,,,,,0,0,0,0,0,late,pt,5,Offaly
187086,83.0,83.0,113.0,83.0,TUS Athlone,TUS,173.0,0,0,0,0,1,late,pt,131,Offaly
187087,82.0,82.0,111.0,82.0,TUS Athlone,TUS,170.0,0,0,0,0,1,late,pt,423,Offaly
237001,,,,,,,,0,0,0,0,0,late,pt,19,Westmeath
237002,,,,,,,,0,0,0,0,0,late,pt,20,Westmeath
237003,5.0,5.0,147.0,5.0,TUS Athlone,TUS,10.0,1,1,1,1,1,late,pt,123,Westmeath
237004,21.0,21.0,164.0,21.0,TUS Athlone,TUS,42.0,1,1,1,1,1,late,pt,296,Westmeath
237005,20.0,20.0,168.0,20.0,TUS Athlone,TUS,40.0,1,1,1,1,1,late,pt,94,Westmeath
237006,,,,,,,,0,0,0,0,0,late,pt,38,Westmeath
237007,146.0,148.0,151.0,184.0,NCAD (Thomas St),NCAD,315.0,0,0,0,0,0,late,pt,71,Westmeath
237008,,,,,,,,0,0,0,0,0,late,pt,6,Westmeath
237009,,,,,,,,0,0,0,0,0,late,pt,12,Westmeath
237010,,,,,,,,0,0,0,0,0,late,pt,7,Westmeath
237011,,,,,,,,0,0,0,0,0,late,pt,12,Westmeath
237012,,,,,,,,0,0,0,0,0,late,pt,39,Westmeath
237013,146.0,146.0,146.0,196.0,Maynooth University,MU,263.0,0,0,0,0,0,late,pt,26,Westmeath
237014,,,,,,,,0,0,0,0,0,late,pt,14,Westmeath
237015,,,,,,,,0,0,0,0,0,late,pt,22,Westmeath
237016,,,,,,,,0,0,0,0,0,late,pt,29,Westmeath
237017,,,,,,,,0,0,0,0,0,late,pt,18,Westmeath
237018,,,,,,,,0,0,0,0,0,late,pt,17,Westmeath
237019,,,,,,,,0,0,0,0,0,late,pt,13,Westmeath
237020,,,,,,,,0,0,0,0,0,late,pt,35,Westmeath
237021,,,,,,,,0,0,0,0,0,late,pt,15,Westmeath
237022,103.0,103.0,103.0,172.0,Maynooth University,MU,200.0,0,0,0,0,0,late,pt,41,Westmeath
237023,,,,,,,,0,0,0,0,0,late,pt,32,Westmeath
237024,85.0,85.0,85.0,100.0,Maynooth University,MU,173.0,0,0,0,0,1,late,pt,88,Westmeath
237025,,,,,,,,0,0,0,0,0,late,pt,39,Westmeath
237026,,,,,,,,0,0,0,0,0,late,pt,22,Westmeath
237027,,,,,,,,0,0,0,0,0,late,pt,28,Westmeath
237028,,,,,,,,0,0,0,0,0,late,pt,26,Westmeath
237029,112.0,112.0,115.0,112.0,TUS Athlone,TUS,224.0,0,0,0,0,0,late,pt,33,Westmeath
237030,,,,,,,,0,0,0,0,0,late,pt,21,Westmeath
237031,181.0,181.0,211.0,181.0,TUS Athlone,TUS,374.0,0,0,0,0,0,late,pt,25,Westmeath
237032,,,,,,,,0,0,0,0,0,late,pt,10,Westmeath
237033,,,,,,,,0,0,0,0,0,late,pt,7,Westmeath
237034,,,,,,,,0,0,0,0,0,late,pt,5,Westmeath
237035,109.0,109.0,169.0,151.0,TU Dublin Blanchardstown,TU Dublin,233.0,0,0,0,0,0,late,pt,44,Westmeath
237036,,,,,,,,0,0,0,0,0,late,pt,17,Westmeath
237037,,,,,,,,0,0,0,0,0,late,pt,18,Westmeath
237038,147.0,147.0,147.0,196.0,Maynooth University,MU,256.0,0,0,0,0,0,late,pt,14,Westmeath
237039,148.0,148.0,148.0,196.0,Maynooth University,MU,316.0,0,0,0,0,0,late,pt,13,Westmeath
237040,,,,,,,,0,0,0,0,0,late,pt,7,Westmeath
237041,,,,,,,,0,0,0,0,0,late,pt,23,Westmeath
237042,,,,,,,,0,0,0,0,0,late,pt,17,Westmeath
237043,,,,,,,,0,0,0,0,0,late,pt,10,Westmeath
237044,,,,,,,,0,0,0,0,0,late,pt,14,Westmeath
237045,,,,,,,,0,0,0,0,0,late,pt,21,Westmeath
237046,,,,,,,,0,0,0,0,0,late,pt,15,Westmeath
237047,157.0,157.0,,157.0,TUS Athlone,TUS,242.0,0,0,0,0,0,late,pt,14,Westmeath
237048,,,,,,,,0,0,0,0,0,late,pt,8,Westmeath
237049,,,,,,,,0,0,0,0,0,late,pt,8,Westmeath
237050,,,,,,,,0,0,0,0,0,late,pt,11,Westmeath
237051,,,,,,,,0,0,0,0,0,late,pt,29,Westmeath
237052,,,,,,,,0,0,0,0,0,late,pt,31,Westmeath
237053,,,,,,,,0,0,0,0,0,late,pt,13,Westmeath
237054,105.0,105.0,105.0,191.0,Maynooth University,MU,212.0,0,0,0,0,0,late,pt,13,Westmeath
237055,141.0,141.0,141.0,196.0,Maynooth University,MU,305.0,0,0,0,0,0,late,pt,25,Westmeath
237056,,,,,,,,0,0,0,0,0,late,pt,22,Westmeath
237057,,,,,,,,0,0,0,0,0,late,pt,8,Westmeath
237058,87.0,87.0,96.0,87.0,TUS Athlone,TUS,165.0,0,0,0,0,1,late,pt,73,Westmeath
237059,,,,,,,,0,0,0,0,0,late,pt,33,Westmeath
237060,193.0,193.0,211.0,193.0,TUS Athlone,TUS,405.0,0,0,0,0,0,late,pt,8,Westmeath
237061,,,,,,,,0,0,0,0,0,late,pt,15,Westmeath
237062,,,,,,,,0,0,0,0,0,late,pt,18,Westmeath
237063,,,,,,,,0,0,0,0,0,late,pt,19,Westmeath
237064,129.0,129.0,196.0,151.0,TU Dublin Blanchardstown,TU Dublin,273.0,0,0,0,0,0,late,pt,52,Westmeath
237065,144.0,144.0,190.0,190.0,TU Dublin Blanchardstown,TU Dublin,297.0,0,0,0,0,0,late,pt,82,Westmeath
237066,,,,,,,,0,0,0,0,0,late,pt,28,Westmeath
237067,,,,,,,,0,0,0,0,0,late,pt,7,Westmeath
237068,85.0,85.0,85.0,104.0,Maynooth University,MU,160.0,0,0,0,0,1,late,pt,166,Westmeath
237069,174.0,174.0,206.0,174.0,TUS Athlone,TUS,368.0,0,0,0,0,0,late,pt,73,Westmeath
237070,,,,,,,,0,0,0,0,0,late,pt,7,Westmeath
237071,,,,,,,,0,0,0,0,0,late,pt,25,Westmeath
237072,,,,,,,,0,0,0,0,0,late,pt,7,Westmeath
237073,,,,,,,,0,0,0,0,0,late,pt,8,Westmeath
237074,,,,,,,,0,0,0,0,0,late,pt,12,Westmeath
237075,82.0,82.0,201.0,82.0,TUS Athlone,TUS,125.0,0,0,0,0,1,late,pt,117,Westmeath
237076,198.0,198.0,,198.0,TUS Athlone,TUS,275.0,0,0,0,0,0,late,pt,36,Westmeath
237077,41.0,41.0,220.0,41.0,TUS Athlone,TUS,80.0,0,1,1,1,1,late,pt,127,Westmeath
237078,,,,,,,,0,0,0,0,0,late,pt,9,Westmeath
237079,109.0,109.0,109.0,112.0,Maynooth University,MU,193.0,0,0,0,0,0,late,pt,544,Westmeath
237080,112.0,112.0,112.0,130.0,Maynooth University,MU,203.0,0,0,0,0,0,late,pt,127,Westmeath
237081,,,,,,,,0,0,0,0,0,late,pt,22,Westmeath
237082,,,,,,,,0,0,0,0,0,late,pt,11,Westmeath
237083,,,,,,,,0,0,0,0,0,late,pt,21,Westmeath
237084,,,,,,,,0,0,0,0,0,late,pt,10,Westmeath
237085,,,,,,,,0,0,0,0,0,late,pt,5,Westmeath
237086,,,,,,,,0,0,0,0,0,late,pt,15,Westmeath
237087,147.0,147.0,196.0,196.0,TU Dublin Blanchardstown,TU Dublin,306.0,0,0,0,0,0,late,pt,30,Westmeath
237088,,,,,,,,0,0,0,0,0,late,pt,7,Westmeath
237089,,,,,,,,0,0,0,0,0,late,pt,19,Westmeath
237090,143.0,145.0,148.0,178.0,NCAD (Thomas St),NCAD,310.0,0,0,0,0,0,late,pt,17,Westmeath
237091,151.0,151.0,196.0,196.0,TU Dublin Blanchardstown,TU Dublin,315.0,0,0,0,0,0,late,pt,36,Westmeath
237092,,,,,,,,0,0,0,0,0,late,pt,16,Westmeath
237093,,,,,,,,0,0,0,0,0,late,pt,25,Westmeath
237094,,,,,,,,0,0,0,0,0,late,pt,17,Westmeath
237095,,,,,,,,0,0,0,0,0,late,pt,12,Westmeath
237096,,,,,,,,0,0,0,0,0,late,pt,12,Westmeath
237097,,,,,,,,0,0,0,0,0,late,pt,23,Westmeath
237098,,,,,,,,0,0,0,0,0,late,pt,9,Westmeath
237099,,,,,,,,0,0,0,0,0,late,pt,25,Westmeath
237100,,,,,,,,0,0,0,0,0,late,pt,10,Westmeath
237101,,,,,,,,0,0,0,0,0,late,pt,32,Westmeath
237102,,,,,,,,0,0,0,0,0,late,pt,22,Westmeath
237103,,,,,,,,0,0,0,0,0,late,pt,12,Westmeath
237104,,,,,,,,0,0,0,0,0,late,pt,6,Westmeath
237105,,,,,,,,0,0,0,0,0,late,pt,11,Westmeath
237106,113.0,113.0,113.0,133.0,Maynooth University,MU,202.0,0,0,0,0,0,late,pt,211,Westmeath
257001,,,,,,,,0,0,0,0,0,late,pt,13,Wicklow
257002,,,,,,,,0,0,0,0,0,late,pt,11,Wicklow
257003,,,,,,,,0,0,0,0,0,late,pt,63,Wicklow
257004,87.0,87.0,164.0,198.0,UCD Belfield,UCD,192.0,0,0,0,0,1,late,pt,475,Wicklow
257005,153.0,153.0,,,Trinity College Dublin,TCD,364.0,0,0,0,0,0,late,pt,117,Wicklow
257006,,,,,,,,0,0,0,0,0,late,pt,30,Wicklow
257007,,,,,,,,0,0,0,0,0,late,pt,21,Wicklow
257008,,,,,,,,0,0,0,0,0,late,pt,27,Wicklow
257009,,,,,,,,0,0,0,0,0,late,pt,14,Wicklow
257010,,,,,,,,0,0,0,0,0,late,pt,5,Wicklow
257011,,,,,,,,0,0,0,0,0,late,pt,5,Wicklow
257012,,,,,,,,0,0,0,0,0,late,pt,46,Wicklow
257013,,,,,,,,0,0,0,0,0,late,pt,7,Wicklow
257014,,,,,,,,0,0,0,0,0,late,pt,14,Wicklow
257015,191.0,191.0,,,TU Dublin Tallaght,TU Dublin,317.0,0,0,0,0,0,late,pt,109,Wicklow
257016,75.0,75.0,127.0,,TU Dublin Tallaght,TU Dublin,152.0,0,0,0,1,1,late,pt,216,Wicklow
257017,60.0,60.0,136.0,186.0,UCD Belfield,UCD,130.0,0,0,1,2,4,late,pt,199,Wicklow
257018,217.0,217.0,,,UCD Belfield,UCD,391.0,0,0,0,0,0,late,pt,27,Wicklow
257019,,,,,,,,0,0,0,0,0,late,pt,109,Wicklow
257020,,,,,,,,0,0,0,0,0,late,pt,10,Wicklow
257021,,,,,,,,0,0,0,0,0,late,pt,88,Wicklow
257022,199.0,199.0,,,Trinity College Dublin,TCD,395.0,0,0,0,0,0,late,pt,11,Wicklow
257023,,,,,,,,0,0,0,0,0,late,pt,23,Wicklow
257024,,,,,,,,0,0,0,0,0,late,pt,19,Wicklow
257025,,,,,,,,0,0,0,0,0,late,pt,22,Wicklow
257026,,,,,,,,0,0,0,0,0,late,pt,5,Wicklow
257027,84.0,84.0,152.0,203.0,UCD Belfield,UCD,174.0,0,0,0,0,2,late,pt,338,Wicklow
257028,,,,,,,,0,0,0,0,0,late,pt,22,Wicklow
257029,,,,,,,,0,0,0,0,0,late,pt,28,Wicklow
257030,,,,,,,,0,0,0,0,0,late,pt,28,Wicklow
257031,98.0,98.0,168.0,,UCD Belfield,UCD,310.0,0,0,0,0,0,late,pt,30,Wicklow
257032,,,,,,,,0,0,0,0,0,late,pt,18,Wicklow
257033,114.0,114.0,,,TU Dublin Tallaght,TU Dublin,244.0,0,0,0,0,0,late,pt,70,Wicklow
257034,,,,,,,,0,0,0,0,0,late,pt,8,Wicklow
257035,,,,,,,,0,0,0,0,0,late,pt,16,Wicklow
257036,91.0,91.0,155.0,210.0,UCD Belfield,UCD,186.0,0,0,0,0,0,late,pt,126,Wicklow
257037,,,,,,,,0,0,0,0,0,late,pt,17,Wicklow
257038,,,,,,,,0,0,0,0,0,late,pt,135,Wicklow
257039,76.0,76.0,139.0,194.0,UCD Belfield,UCD,160.0,0,0,0,0,3,late,pt,333,Wicklow
257040,,,,,,,,0,0,0,0,0,late,pt,17,Wicklow
257041,,,,,,,,0,0,0,0,0,late,pt,40,Wicklow
257042,,,,,,,,0,0,0,0,0,late,pt,8,Wicklow
257043,,,,,,,,0,0,0,0,0,late,pt,7,Wicklow
257044,,,,,,,,0,0,0,0,0,late,pt,3,Wicklow
257045,158.0,158.0,,,Trinity College Dublin,TCD,372.0,0,0,0,0,0,late,pt,14,Wicklow
257046,73.0,73.0,142.0,,TU Dublin Tallaght,TU Dublin,144.0,0,0,0,1,1,late,pt,22,Wicklow
257047,111.0,111.0,189.0,,UCD Belfield,UCD,214.0,0,0,0,0,0,late,pt,30,Wicklow
257048,92.0,92.0,155.0,206.0,UCD Belfield,UCD,194.0,0,0,0,0,0,late,pt,511,Wicklow
257049,194.0,194.0,,,Trinity College Dublin,TCD,369.0,0,0,0,0,0,late,pt,15,Wicklow
257050,217.0,217.0,,,UCD Belfield,UCD,391.0,0,0,0,0,0,late,pt,60,Wicklow
257051,58.0,58.0,140.0,189.0,UCD Belfield,UCD,128.0,0,0,1,2,4,late,pt,664,Wicklow
257052,,,,,,,,0,0,0,0,0,late,pt,19,Wicklow
257053,,,,,,,,0,0,0,0,0,late,pt,13,Wicklow
257054,,,,,,,,0,0,0,0,0,late,pt,28,Wicklow
257055,,,,,,,,0,0,0,0,0,late,pt,11,Wicklow
257056,,,,,,,,0,0,0,0,0,late,pt,6,Wicklow
257057,,,,,,,,0,0,0,0,0,late,pt,15,Wicklow
257058,94.0,94.0,171.0,212.0,UCD Belfield,UCD,181.0,0,0,0,0,0,late,pt,87,Wicklow
257059,82.0,82.0,162.0,205.0,UCD Belfield,UCD,156.0,0,0,0,0,1,late,pt,180,Wicklow
257060,,,,,,,,0,0,0,0,0,late,pt,20,Wicklow
257061,,,,,,,,0,0,0,0,0,late,pt,26,Wicklow
257062,,,,,,,,0,0,0,0,0,late,pt,17,Wicklow
257063,,,,,,,,0,0,0,0,0,late,pt,8,Wicklow
257064,,,,,,,,0,0,0,0,0,late,pt,20,Wicklow
257065,171.0,171.0,,,UCD Belfield,UCD,306.0,0,0,0,0,0,late,pt,131,Wicklow
257066,,,,,,,,0,0,0,0,0,late,pt,19,Wicklow
257067,173.0,173.0,,,Trinity College Dublin,TCD,352.0,0,0,0,0,0,late,pt,33,Wicklow
257068,119.0,119.0,,,TU Dublin Tallaght,TU Dublin,255.0,0,0,0,0,0,late,pt,4,Wicklow
257069,,,,,,,,0,0,0,0,0,late,pt,18,Wicklow
257070,,,,,,,,0,0,0,0,0,late,pt,14,Wicklow
257071,152.0,152.0,,,Trinity College Dublin,TCD,334.0,0,0,0,0,0,late,pt,86,Wicklow
257072,,,,,,,,0,0,0,0,0,late,pt,25,Wicklow
257073,,,,,,,,0,0,0,0,0,late,pt,23,Wicklow
257074,,,,,,,,0,0,0,0,0,late,pt,77,Wicklow
257075,,,,,,,,0,0,0,0,0,late,pt,18,Wicklow
257076,,,,,,,,0,0,0,0,0,late,pt,19,Wicklow
257077,97.0,97.0,167.0,,UCD Belfield,UCD,203.0,0,0,0,0,0,late,pt,498,Wicklow
257078,92.0,92.0,162.0,202.0,UCD Belfield,UCD,188.0,0,0,0,0,0,late,pt,288,Wicklow
257079,87.0,87.0,165.0,199.0,UCD Belfield,UCD,192.0,0,0,0,0,1,late,pt,121,Wicklow
257080,46.0,46.0,128.0,180.0,UCD Belfield,UCD,102.0,0,0,2,4,7,late,pt,51,Wicklow
257081,57.0,57.0,123.0,177.0,UCD Belfield,UCD,125.0,0,0,1,4,7,late,pt,234,Wicklow
257082,53.0,53.0,134.0,185.0,UCD Belfield,UCD,118.0,0,0,1,2,4,late,pt,107,Wicklow
267001,41.0,41.0,107.0,130.0,DCU Glasnevin,DCU,84.0,0,1,2,6,8,late,pt,103,Fingal
267002,93.0,93.0,139.0,111.0,Trinity College Dublin,TCD,167.0,0,0,0,0,0,late,pt,1077,Fingal
267003,85.0,85.0,133.0,100.0,Trinity College Dublin,TCD,151.0,0,0,0,0,3,late,pt,349,Fingal
267004,45.0,49.0,104.0,139.0,Marino Institute of Education,Marino,91.0,0,1,4,6,9,late,pt,285,Fingal
267005,35.0,54.0,107.0,136.0,Marino Institute of Education,Marino,71.0,0,1,4,6,7,late,pt,210,Fingal
267006,44.0,44.0,111.0,172.0,TU Dublin Tallaght,TU Dublin,91.0,0,1,1,1,5,late,pt,41,South Dublin
267007,40.0,42.0,112.0,143.0,RCSI (St Stephen's Green),RCSI,84.0,0,2,7,8,9,late,pt,199,Dún Laoghaire-Rathdown
267008,40.0,44.0,110.0,142.0,RCSI (St Stephen's Green),RCSI,86.0,0,2,6,8,10,late,pt,65,Dún Laoghaire-Rathdown
267009,36.0,43.0,111.0,147.0,RCSI (St Stephen's Green),RCSI,77.0,0,2,6,8,10,late,pt,78,Dún Laoghaire-Rathdown
267010,42.0,42.0,111.0,143.0,TU Dublin Tallaght,TU Dublin,94.0,0,2,4,8,9,late,pt,68,Dún Laoghaire-Rathdown
267011,34.0,41.0,106.0,147.0,RCSI (St Stephen's Green),RCSI,70.0,0,3,7,9,10,late,pt,50,Dún Laoghaire-Rathdown
267012,40.0,47.0,109.0,151.0,RCSI (St Stephen's Green),RCSI,81.0,0,1,6,8,9,late,pt,67,Dún Laoghaire-Rathdown
267013,38.0,38.0,111.0,140.0,TU Dublin Tallaght,TU Dublin,85.0,0,1,3,8,8,late,pt,184,South Dublin
267014,123.0,123.0,193.0,175.0,Trinity College Dublin,TCD,227.0,0,0,0,0,0,late,pt,75,Fingal
267015,41.0,46.0,124.0,177.0,IADT Dun Laoghaire,IADT,81.0,0,1,2,4,7,late,pt,112,Dún Laoghaire-Rathdown
267016,,,,,,,,0,0,0,0,0,late,pt,26,Fingal
267017,36.0,46.0,106.0,158.0,IADT Dun Laoghaire,IADT,76.0,0,1,4,7,10,late,pt,95,Dún Laoghaire-Rathdown
267018,34.0,38.0,97.0,147.0,IADT Dun Laoghaire,IADT,70.0,0,3,7,9,10,late,pt,46,Dún Laoghaire-Rathdown
267019,17.0,17.0,100.0,150.0,UCD Belfield,UCD,35.0,1,4,7,9,10,late,pt,108,Dún Laoghaire-Rathdown
267020,28.0,28.0,112.0,161.0,UCD Belfield,UCD,59.0,1,2,4,8,9,late,pt,178,Dún Laoghaire-Rathdown
267021,30.0,30.0,102.0,152.0,UCD Belfield,UCD,60.0,1,3,6,7,10,late,pt,108,Dún Laoghaire-Rathdown
267022,13.0,13.0,103.0,156.0,UCD Belfield,UCD,26.0,1,4,6,9,10,late,pt,70,Dún Laoghaire-Rathdown
267023,30.0,38.0,110.0,157.0,IADT Dun Laoghaire,IADT,62.0,1,2,4,8,9,late,pt,77,Dún Laoghaire-Rathdown
267024,24.0,38.0,109.0,156.0,IADT Dun Laoghaire,IADT,48.0,1,2,4,7,9,late,pt,87,Dún Laoghaire-Rathdown
267025,38.0,41.0,100.0,150.0,IADT Dun Laoghaire,IADT,80.0,0,3,6,7,10,late,pt,72,Dún Laoghaire-Rathdown
267026,25.0,25.0,101.0,151.0,UCD Belfield,UCD,52.0,1,2,6,7,10,late,pt,98,Dún Laoghaire-Rathdown
267027,29.0,29.0,78.0,161.0,TU Dublin Blanchardstown,TU Dublin,60.0,1,1,4,7,9,late,pt,217,Fingal
267028,22.0,22.0,69.0,168.0,TU Dublin Blanchardstown,TU Dublin,46.0,1,1,2,8,9,late,pt,2095,Fingal
267029,7.0,7.0,66.0,167.0,TU Dublin Blanchardstown,TU Dublin,14.0,1,1,3,8,10,late,pt,475,Fingal
267030,25.0,25.0,73.0,162.0,TU Dublin Blanchardstown,TU Dublin,50.0,1,1,3,8,9,late,pt,150,Fingal
267031,22.0,22.0,60.0,156.0,TU Dublin Blanchardstown,TU Dublin,44.0,1,2,8,8,10,late,pt,165,Fingal
267032,24.0,24.0,75.0,169.0,TU Dublin Blanchardstown,TU Dublin,48.0,1,1,3,7,9,late,pt,225,Fingal
267033,20.0,20.0,66.0,158.0,TU Dublin Blanchardstown,TU Dublin,42.0,1,2,6,8,10,late,pt,29,Fingal
267034,29.0,29.0,83.0,175.0,TU Dublin Blanchardstown,TU Dublin,58.0,1,1,1,5,9,late,pt,273,Fingal
267035,,,,,,,,0,0,0,0,0,late,pt,273,South Dublin
267036,37.0,40.0,123.0,177.0,IADT Dun Laoghaire,IADT,73.0,0,2,2,4,8,late,pt,108,Dún Laoghaire-Rathdown
267037,41.0,41.0,123.0,177.0,IADT Dun Laoghaire,IADT,81.0,0,2,2,4,8,late,pt,116,Dún Laoghaire-Rathdown
267038,48.0,49.0,117.0,177.0,RCSI (St Stephen's Green),RCSI,95.0,0,0,4,6,9,late,pt,186,Dún Laoghaire-Rathdown
267039,32.0,38.0,119.0,168.0,IADT Dun Laoghaire,IADT,64.0,0,2,2,4,8,late,pt,183,Dún Laoghaire-Rathdown
267040,26.0,26.0,62.0,161.0,TU Dublin Blanchardstown,TU Dublin,55.0,1,1,3,8,9,late,pt,751,Fingal
267041,25.0,25.0,65.0,152.0,TU Dublin Blanchardstown,TU Dublin,53.0,1,3,7,8,10,late,pt,165,Fingal
267042,39.0,39.0,109.0,157.0,UCD Belfield,UCD,80.0,0,2,6,8,9,late,pt,50,Dún Laoghaire-Rathdown
267043,38.0,44.0,105.0,151.0,RCSI (St Stephen's Green),RCSI,80.0,0,3,6,8,10,late,pt,61,Dún Laoghaire-Rathdown
267044,39.0,39.0,110.0,153.0,UCD Belfield,UCD,81.0,0,3,6,8,9,late,pt,98,Dún Laoghaire-Rathdown
267045,40.0,45.0,107.0,152.0,RCSI (St Stephen's Green),RCSI,82.0,0,2,6,8,10,late,pt,61,Dún Laoghaire-Rathdown
267046,25.0,32.0,97.0,150.0,RCSI (St Stephen's Green),RCSI,50.0,1,4,8,9,10,late,pt,39,Dún Laoghaire-Rathdown
267047,34.0,34.0,90.0,133.0,TU Dublin Tallaght,TU Dublin,69.0,0,2,5,7,10,late,pt,82,South Dublin
267048,49.0,50.0,70.0,139.0,NCAD (Thomas St),NCAD,101.0,0,0,5,8,10,late,pt,145,South Dublin
267049,51.0,51.0,82.0,145.0,TU Dublin Tallaght,TU Dublin,102.0,0,0,2,6,9,late,pt,565,South Dublin
267050,38.0,38.0,83.0,134.0,TU Dublin Tallaght,TU Dublin,76.0,0,2,5,7,10,late,pt,373,South Dublin
267051,49.0,49.0,80.0,142.0,TU Dublin Tallaght,TU Dublin,101.0,0,0,3,6,9,late,pt,314,South Dublin
267052,48.0,48.0,73.0,143.0,NCAD (Thomas St),NCAD,97.0,0,0,4,7,10,late,pt,161,South Dublin
267053,41.0,41.0,84.0,148.0,TU Dublin Tallaght,TU Dublin,84.0,0,1,2,6,9,late,pt,342,South Dublin
267054,117.0,117.0,181.0,161.0,Trinity College Dublin,TCD,229.0,0,0,0,0,0,late,pt,25,Fingal
267055,27.0,27.0,107.0,163.0,UCD Belfield,UCD,53.0,1,3,5,8,10,late,pt,101,Dún Laoghaire-Rathdown
267056,10.0,10.0,104.0,162.0,UCD Belfield,UCD,20.0,1,3,7,9,10,late,pt,51,Dún Laoghaire-Rathdown
267057,23.0,27.0,95.0,149.0,RCSI (St Stephen's Green),RCSI,46.0,3,5,7,10,10,late,pt,52,Dún Laoghaire-Rathdown
267058,21.0,21.0,113.0,164.0,UCD Belfield,UCD,43.0,1,2,4,8,9,late,pt,114,Dún Laoghaire-Rathdown
267059,25.0,25.0,100.0,154.0,UCD Belfield,UCD,51.0,2,3,6,9,10,late,pt,72,Dún Laoghaire-Rathdown
267060,55.0,56.0,113.0,165.0,IADT Dun Laoghaire,IADT,105.0,0,0,2,7,8,late,pt,49,Dún Laoghaire-Rathdown
267061,51.0,58.0,115.0,168.0,IADT Dun Laoghaire,IADT,102.0,0,0,2,6,7,late,pt,88,Dún Laoghaire-Rathdown
267062,40.0,60.0,116.0,169.0,IADT Dun Laoghaire,IADT,80.0,0,1,3,6,7,late,pt,56,Dún Laoghaire-Rathdown
267063,50.0,55.0,112.0,164.0,IADT Dun Laoghaire,IADT,97.0,0,0,3,7,8,late,pt,60,Dún Laoghaire-Rathdown
267064,48.0,49.0,107.0,158.0,IADT Dun Laoghaire,IADT,91.0,0,0,4,7,8,late,pt,39,Dún Laoghaire-Rathdown
267065,72.0,72.0,126.0,119.0,Trinity College Dublin,TCD,131.0,0,0,0,2,6,late,pt,552,Fingal
267066,36.0,36.0,102.0,138.0,DCU Glasnevin,DCU,73.0,0,1,4,7,8,late,pt,349,Fingal
267067,29.0,44.0,102.0,151.0,IADT Dun Laoghaire,IADT,60.0,1,2,6,7,10,late,pt,68,Dún Laoghaire-Rathdown
267068,35.0,46.0,104.0,154.0,IADT Dun Laoghaire,IADT,70.0,0,1,6,7,9,late,pt,109,Dún Laoghaire-Rathdown
267069,17.0,43.0,111.0,161.0,IADT Dun Laoghaire,IADT,34.0,1,2,3,7,9,late,pt,150,Dún Laoghaire-Rathdown
267070,13.0,37.0,112.0,161.0,IADT Dun Laoghaire,IADT,26.0,1,2,4,7,9,late,pt,64,Dún Laoghaire-Rathdown
267071,13.0,41.0,108.0,158.0,IADT Dun Laoghaire,IADT,26.0,1,2,4,7,9,late,pt,80,Dún Laoghaire-Rathdown
267072,27.0,53.0,114.0,166.0,IADT Dun Laoghaire,IADT,54.0,1,1,3,6,7,late,pt,120,Dún Laoghaire-Rathdown
267073,33.0,49.0,116.0,173.0,IADT Dun Laoghaire,IADT,67.0,0,1,2,6,7,late,pt,38,Dún Laoghaire-Rathdown
267074,14.0,40.0,112.0,162.0,IADT Dun Laoghaire,IADT,28.0,1,2,3,7,9,late,pt,137,Dún Laoghaire-Rathdown
267075,25.0,42.0,100.0,150.0,IADT Dun Laoghaire,IADT,50.0,1,3,7,7,10,late,pt,56,Dún Laoghaire-Rathdown
267076,43.0,49.0,107.0,158.0,IADT Dun Laoghaire,IADT,85.0,0,1,4,7,8,late,pt,151,Dún Laoghaire-Rathdown
267077,21.0,41.0,103.0,151.0,IADT Dun Laoghaire,IADT,42.0,1,3,6,7,10,late,pt,63,Dún Laoghaire-Rathdown
267078,36.0,42.0,108.0,154.0,RCSI (St Stephen's Green),RCSI,72.0,0,3,7,8,10,late,pt,200,Dún Laoghaire-Rathdown
267079,30.0,37.0,102.0,151.0,RCSI (St Stephen's Green),RCSI,61.0,1,3,7,9,10,late,pt,120,Dún Laoghaire-Rathdown
267080,38.0,45.0,111.0,149.0,RCSI (St Stephen's Green),RCSI,79.0,0,2,6,8,9,late,pt,256,Dún Laoghaire-Rathdown
267081,29.0,36.0,101.0,150.0,RCSI (St Stephen's Green),RCSI,59.0,1,3,8,9,10,late,pt,78,Dún Laoghaire-Rathdown
267082,32.0,34.0,104.0,152.0,RCSI (St Stephen's Green),RCSI,65.0,0,3,7,9,10,late,pt,112,Dún Laoghaire-Rathdown
267083,42.0,42.0,117.0,143.0,TU Dublin Tallaght,TU Dublin,96.0,0,1,2,7,8,late,pt,204,South Dublin
267084,26.0,26.0,104.0,144.0,TU Dublin Tallaght,TU Dublin,57.0,1,1,2,7,9,late,pt,573,South Dublin
267085,33.0,33.0,109.0,140.0,TU Dublin Tallaght,TU Dublin,76.0,0,1,3,7,8,late,pt,365,South Dublin
267086,33.0,33.0,113.0,146.0,TU Dublin Tallaght,TU Dublin,70.0,0,1,5,7,8,late,pt,103,South Dublin
267087,26.0,30.0,112.0,162.0,IADT Dun Laoghaire,IADT,54.0,2,2,4,7,9,late,pt,92,Dún Laoghaire-Rathdown
267088,36.0,36.0,117.0,166.0,UCD Belfield,UCD,76.0,0,2,4,6,8,late,pt,264,Dún Laoghaire-Rathdown
267089,27.0,30.0,115.0,169.0,IADT Dun Laoghaire,IADT,54.0,2,2,4,8,9,late,pt,103,Dún Laoghaire-Rathdown
267090,39.0,39.0,118.0,169.0,UCD Belfield,UCD,82.0,0,2,4,7,9,late,pt,51,Dún Laoghaire-Rathdown
267091,196.0,196.0,,,Trinity College Dublin,TCD,338.0,0,0,0,0,0,late,pt,103,Fingal
267092,40.0,47.0,111.0,165.0,RCSI (St Stephen's Green),RCSI,79.0,0,1,4,8,9,late,pt,960,Dún Laoghaire-Rathdown
267093,126.0,126.0,196.0,162.0,Trinity College Dublin,TCD,251.0,0,0,0,0,0,late,pt,68,Fingal
267094,85.0,85.0,133.0,115.0,Trinity College Dublin,TCD,160.0,0,0,0,0,2,late,pt,120,Fingal
267095,58.0,63.0,117.0,162.0,Marino Institute of Education,Marino,123.0,0,0,1,5,6,late,pt,317,Fingal
267096,49.0,62.0,122.0,176.0,IADT Dun Laoghaire,IADT,99.0,0,0,1,4,7,late,pt,144,Dún Laoghaire-Rathdown
267097,48.0,48.0,125.0,178.0,IADT Dun Laoghaire,IADT,97.0,0,0,2,4,7,late,pt,251,Dún Laoghaire-Rathdown
267098,129.0,129.0,182.0,198.0,DCU Glasnevin,DCU,261.0,0,0,0,0,0,late,pt,98,Fingal
267099,57.0,58.0,109.0,147.0,Marino Institute of Education,Marino,110.0,0,0,2,6,7,late,pt,375,Fingal
267100,41.0,41.0,62.0,149.0,TU Dublin Blanchardstown,TU Dublin,84.0,0,2,6,8,10,late,pt,1890,South Dublin
267101,47.0,47.0,47.0,150.0,Maynooth University,MU,96.0,0,0,5,8,10,late,pt,186,South Dublin
267102,56.0,56.0,63.0,163.0,TU Dublin Blanchardstown,TU Dublin,118.0,0,0,2,6,8,late,pt,117,Fingal
267103,47.0,47.0,47.0,149.0,Maynooth University,MU,102.0,0,0,3,7,9,late,pt,581,South Dublin
267104,81.0,81.0,128.0,138.0,Trinity College Dublin,TCD,156.0,0,0,0,0,5,late,pt,563,Fingal
267105,65.0,69.0,122.0,132.0,Marino Institute of Education,Marino,130.0,0,0,0,2,6,late,pt,316,Fingal
267106,52.0,63.0,117.0,129.0,Marino Institute of Education,Marino,108.0,0,0,1,6,7,late,pt,185,Fingal
267107,53.0,53.0,58.0,158.0,TU Dublin Tallaght,TU Dublin,112.0,0,0,2,3,7,late,pt,155,South Dublin
267108,31.0,41.0,48.0,136.0,NCAD (Thomas St),NCAD,63.0,0,3,8,10,10,late,pt,103,South Dublin
267109,38.0,40.0,64.0,138.0,NCAD (Thomas St),NCAD,85.0,0,2,6,8,10,late,pt,383,South Dublin
267110,61.0,67.0,120.0,133.0,Marino Institute of Education,Marino,125.0,0,0,0,3,6,late,pt,121,Fingal
267111,52.0,58.0,111.0,132.0,Marino Institute of Education,Marino,104.0,0,0,2,6,7,late,pt,96,Fingal
267112,63.0,63.0,87.0,188.0,TU Dublin Tallaght,TU Dublin,122.0,0,0,0,1,3,late,pt,197,South Dublin
267113,35.0,35.0,111.0,145.0,TU Dublin Tallaght,TU Dublin,75.0,0,1,5,7,9,late,pt,92,South Dublin
267114,41.0,41.0,111.0,143.0,TU Dublin Tallaght,TU Dublin,87.0,0,1,5,7,9,late,pt,118,South Dublin
267115,47.0,47.0,115.0,147.0,TU Dublin Tallaght,TU Dublin,103.0,0,0,5,7,8,late,pt,164,South Dublin
267116,45.0,45.0,112.0,143.0,TU Dublin Tallaght,TU Dublin,100.0,0,1,5,7,8,late,pt,114,South Dublin
267117,39.0,43.0,107.0,143.0,RCSI (St Stephen's Green),RCSI,85.0,0,2,6,8,10,late,pt,91,South Dublin
267118,89.0,89.0,133.0,138.0,DCU Glasnevin,DCU,170.0,0,0,0,0,3,late,pt,545,Fingal
267119,38.0,38.0,70.0,145.0,TU Dublin Tallaght,TU Dublin,82.0,0,1,2,5,8,late,pt,189,South Dublin
267120,45.0,45.0,130.0,181.0,UCD Belfield,UCD,100.0,0,1,2,4,7,late,pt,242,Dún Laoghaire-Rathdown
267121,46.0,46.0,114.0,166.0,UCD Belfield,UCD,99.0,0,0,3,7,7,late,pt,129,Dún Laoghaire-Rathdown
267122,47.0,47.0,119.0,175.0,UCD Belfield,UCD,101.0,0,0,2,4,7,late,pt,187,Dún Laoghaire-Rathdown
267123,81.0,81.0,131.0,111.0,Trinity College Dublin,TCD,152.0,0,0,0,0,4,late,pt,379,Fingal
267124,25.0,25.0,112.0,163.0,UCD Belfield,UCD,53.0,1,3,5,8,9,late,pt,124,Dún Laoghaire-Rathdown
267125,35.0,35.0,105.0,161.0,UCD Belfield,UCD,71.0,0,4,6,8,10,late,pt,115,Dún Laoghaire-Rathdown
267126,24.0,24.0,112.0,162.0,UCD Belfield,UCD,52.0,1,3,4,8,9,late,pt,75,Dún Laoghaire-Rathdown
267127,23.0,23.0,110.0,163.0,UCD Belfield,UCD,50.0,1,4,6,8,9,late,pt,118,Dún Laoghaire-Rathdown
267128,18.0,18.0,104.0,154.0,UCD Belfield,UCD,39.0,1,3,5,8,10,late,pt,111,Dún Laoghaire-Rathdown
267129,28.0,28.0,113.0,166.0,UCD Belfield,UCD,58.0,1,2,4,7,9,late,pt,72,Dún Laoghaire-Rathdown
267130,39.0,42.0,97.0,139.0,Marino Institute of Education,Marino,79.0,0,2,6,7,10,late,pt,203,Fingal
267131,68.0,68.0,115.0,146.0,DCU Glasnevin,DCU,129.0,0,0,0,3,6,late,pt,330,Fingal
267132,51.0,51.0,106.0,137.0,DCU Glasnevin,DCU,104.0,0,0,2,6,8,late,pt,590,Fingal
267133,68.0,68.0,115.0,152.0,Trinity College Dublin,TCD,131.0,0,0,0,3,6,late,pt,519,Fingal
267134,58.0,64.0,115.0,134.0,Marino Institute of Education,Marino,116.0,0,0,1,5,6,late,pt,272,Fingal
267135,57.0,57.0,108.0,134.0,DCU Glasnevin,DCU,115.0,0,0,2,6,7,late,pt,53,Fingal
267136,23.0,23.0,105.0,151.0,TU Dublin Tallaght,TU Dublin,46.0,1,1,3,6,8,late,pt,61,South Dublin
267137,25.0,25.0,90.0,138.0,TU Dublin Tallaght,TU Dublin,50.0,1,1,4,7,10,late,pt,44,South Dublin
267138,30.0,30.0,84.0,142.0,TU Dublin Tallaght,TU Dublin,61.0,1,1,2,6,9,late,pt,561,South Dublin
267139,19.0,19.0,96.0,149.0,TU Dublin Tallaght,TU Dublin,38.0,1,1,4,6,8,late,pt,55,South Dublin
267140,41.0,41.0,96.0,152.0,TU Dublin Tallaght,TU Dublin,83.0,0,1,1,2,6,late,pt,1001,South Dublin
267141,25.0,25.0,91.0,148.0,TU Dublin Tallaght,TU Dublin,51.0,1,1,1,6,8,late,pt,188,South Dublin
267142,28.0,28.0,89.0,136.0,TU Dublin Tallaght,TU Dublin,57.0,1,2,5,8,10,late,pt,131,South Dublin
267143,25.0,25.0,98.0,149.0,TU Dublin Tallaght,TU Dublin,52.0,1,1,1,6,9,late,pt,492,South Dublin
267144,21.0,21.0,88.0,137.0,TU Dublin Tallaght,TU Dublin,42.0,1,2,5,7,10,late,pt,126,South Dublin
267145,21.0,21.0,102.0,151.0,TU Dublin Tallaght,TU Dublin,42.0,1,1,3,6,9,late,pt,104,South Dublin
267146,14.0,14.0,97.0,144.0,TU Dublin Tallaght,TU Dublin,28.0,1,1,2,7,9,late,pt,132,South Dublin
267147,20.0,20.0,91.0,140.0,TU Dublin Tallaght,TU Dublin,40.0,1,1,2,6,8,late,pt,327,South Dublin
267148,27.0,27.0,104.0,147.0,TU Dublin Tallaght,TU Dublin,54.0,1,1,4,6,8,late,pt,168,South Dublin
267149,38.0,38.0,111.0,153.0,TU Dublin Tallaght,TU Dublin,76.0,0,1,5,7,8,late,pt,90,South Dublin
267150,40.0,44.0,103.0,147.0,RCSI (St Stephen's Green),RCSI,83.0,0,3,5,7,10,late,pt,167,South Dublin
267151,35.0,35.0,103.0,145.0,TU Dublin Tallaght,TU Dublin,73.0,0,2,5,7,9,late,pt,130,South Dublin
267152,35.0,35.0,104.0,148.0,TU Dublin Tallaght,TU Dublin,72.0,0,2,5,7,9,late,pt,51,South Dublin
267153,34.0,34.0,106.0,151.0,TU Dublin Tallaght,TU Dublin,70.0,0,1,5,6,9,late,pt,67,South Dublin
267154,35.0,35.0,104.0,147.0,TU Dublin Tallaght,TU Dublin,76.0,0,2,6,7,10,late,pt,70,South Dublin
267155,35.0,35.0,98.0,142.0,TU Dublin Tallaght,TU Dublin,72.0,0,3,5,7,9,late,pt,57,South Dublin
267156,39.0,39.0,101.0,143.0,TU Dublin Tallaght,TU Dublin,82.0,0,3,5,7,10,late,pt,87,South Dublin
267157,38.0,38.0,100.0,146.0,TU Dublin Tallaght,TU Dublin,77.0,0,2,5,7,9,late,pt,72,South Dublin
267158,41.0,41.0,96.0,172.0,TU Dublin Blanchardstown,TU Dublin,87.0,0,1,1,6,7,late,pt,664,Fingal
267159,,,,,,,,0,0,0,0,0,late,pt,24,Dún Laoghaire-Rathdown
267160,34.0,34.0,104.0,119.0,DCU Glasnevin,DCU,70.0,0,2,4,6,9,late,pt,54,Fingal
268001,12.0,12.0,71.0,132.0,TU Dublin Grangegorman,TU Dublin,24.0,5,7,8,10,11,late,pt,34,Dublin City
268002,5.0,5.0,67.0,135.0,TU Dublin Grangegorman,TU Dublin,10.0,4,7,9,10,11,late,pt,241,Dublin City
268003,9.0,13.0,60.0,124.0,NCAD (Thomas St),NCAD,18.0,4,7,10,11,11,late,pt,60,Dublin City
268004,23.0,25.0,64.0,129.0,NCAD (Thomas St),NCAD,46.0,2,5,8,10,11,late,pt,31,Dublin City
268005,13.0,13.0,66.0,130.0,TU Dublin Grangegorman,TU Dublin,26.0,3,7,9,10,11,late,pt,65,Dublin City
268006,33.0,33.0,71.0,153.0,TU Dublin Blanchardstown,TU Dublin,69.0,0,3,7,8,10,late,pt,301,Dublin City
268007,26.0,26.0,71.0,147.0,TU Dublin Blanchardstown,TU Dublin,54.0,3,6,7,10,11,late,pt,63,Dublin City
268008,33.0,51.0,105.0,135.0,Marino Institute of Education,Marino,67.0,0,1,5,6,8,late,pt,217,Dublin City
268009,18.0,23.0,75.0,112.0,Marino Institute of Education,Marino,37.0,3,6,8,11,11,late,pt,102,Dublin City
268010,26.0,26.0,75.0,117.0,Marino Institute of Education,Marino,53.0,4,6,8,11,11,late,pt,65,Dublin City
268011,16.0,16.0,88.0,133.0,DCU Glasnevin,DCU,32.0,1,5,7,8,10,late,pt,110,Dublin City
268012,36.0,36.0,84.0,140.0,DCU Glasnevin,DCU,71.0,0,4,7,8,10,late,pt,100,Dublin City
268013,26.0,26.0,96.0,139.0,DCU Glasnevin,DCU,50.0,1,3,7,7,8,late,pt,66,Dublin City
268014,29.0,29.0,84.0,146.0,DCU Glasnevin,DCU,58.0,1,5,7,8,10,late,pt,72,Dublin City
268015,28.0,28.0,99.0,128.0,DCU Glasnevin,DCU,56.0,1,3,6,7,8,late,pt,212,Dublin City
268016,27.0,27.0,100.0,129.0,DCU Glasnevin,DCU,54.0,1,3,6,7,8,late,pt,152,Dublin City
268017,21.0,21.0,98.0,128.0,DCU Glasnevin,DCU,42.0,1,3,6,7,9,late,pt,197,Dublin City
268018,24.0,24.0,95.0,133.0,DCU Glasnevin,DCU,49.0,1,3,6,8,9,late,pt,49,Dublin City
268019,23.0,23.0,98.0,138.0,DCU Glasnevin,DCU,46.0,1,3,7,7,8,late,pt,53,Dublin City
268020,27.0,27.0,98.0,136.0,DCU Glasnevin,DCU,52.0,1,2,7,7,8,late,pt,68,Dublin City
268021,26.0,26.0,96.0,116.0,DCU Glasnevin,DCU,52.0,1,2,6,7,9,late,pt,71,Dublin City
268022,30.0,36.0,102.0,136.0,Marino Institute of Education,Marino,61.0,1,2,6,6,8,late,pt,141,Dublin City
268023,20.0,38.0,94.0,136.0,Marino Institute of Education,Marino,41.0,1,4,6,7,10,late,pt,104,Dublin City
268024,22.0,36.0,95.0,136.0,Marino Institute of Education,Marino,44.0,1,3,6,7,10,late,pt,55,Dublin City
268025,19.0,25.0,91.0,128.0,Marino Institute of Education,Marino,39.0,2,4,6,8,10,late,pt,58,Dublin City
268026,26.0,26.0,94.0,121.0,DCU Glasnevin,DCU,52.0,2,3,6,8,10,late,pt,117,Dublin City
268027,26.0,26.0,85.0,141.0,DCU Glasnevin,DCU,53.0,1,6,6,8,11,late,pt,76,Dublin City
268028,27.0,27.0,78.0,125.0,DCU Glasnevin,DCU,53.0,2,6,7,8,11,late,pt,91,Dublin City
268029,27.0,27.0,75.0,122.0,TU Dublin Grangegorman,TU Dublin,54.0,3,6,8,10,11,late,pt,78,Dublin City
268030,15.0,15.0,76.0,136.0,TU Dublin Grangegorman,TU Dublin,30.0,3,6,8,9,11,late,pt,115,Dublin City
268031,17.0,17.0,72.0,143.0,TU Dublin Grangegorman,TU Dublin,33.0,2,7,7,10,11,late,pt,89,Dublin City
268032,13.0,13.0,67.0,136.0,TU Dublin Grangegorman,TU Dublin,26.0,3,7,8,10,11,late,pt,92,Dublin City
268033,20.0,20.0,66.0,139.0,TU Dublin Grangegorman,TU Dublin,39.0,1,7,7,9,11,late,pt,40,Dublin City
268034,25.0,25.0,73.0,143.0,TU Dublin Grangegorman,TU Dublin,49.0,1,7,7,9,11,late,pt,67,Dublin City
268035,24.0,24.0,71.0,145.0,TU Dublin Grangegorman,TU Dublin,47.0,2,6,7,10,11,late,pt,72,Dublin City
268036,24.0,24.0,69.0,141.0,TU Dublin Grangegorman,TU Dublin,47.0,2,6,7,10,11,late,pt,77,Dublin City
268037,29.0,39.0,58.0,135.0,NCAD (Thomas St),NCAD,59.0,1,4,8,10,11,late,pt,63,Dublin City
268038,44.0,48.0,78.0,134.0,NCAD (Thomas St),NCAD,88.0,0,1,5,7,10,late,pt,147,Dublin City
268039,37.0,50.0,69.0,137.0,NCAD (Thomas St),NCAD,77.0,0,1,6,9,10,late,pt,100,Dublin City
268040,40.0,50.0,76.0,136.0,NCAD (Thomas St),NCAD,82.0,0,1,5,7,10,late,pt,200,Dublin City
268041,29.0,41.0,94.0,141.0,Marino Institute of Education,Marino,62.0,1,2,6,7,10,late,pt,133,Dublin City
268042,38.0,48.0,102.0,151.0,Marino Institute of Education,Marino,79.0,0,1,6,6,9,late,pt,201,Dublin City
268043,29.0,42.0,96.0,143.0,Marino Institute of Education,Marino,60.0,1,3,6,7,10,late,pt,133,Dublin City
268044,22.0,37.0,92.0,138.0,Marino Institute of Education,Marino,47.0,1,4,6,7,10,late,pt,107,Dublin City
268045,22.0,31.0,84.0,117.0,Marino Institute of Education,Marino,47.0,1,6,7,10,11,late,pt,62,Dublin City
268046,21.0,34.0,88.0,133.0,Marino Institute of Education,Marino,45.0,1,5,6,9,11,late,pt,118,Dublin City
268047,17.0,30.0,90.0,132.0,Marino Institute of Education,Marino,35.0,2,5,6,8,11,late,pt,49,Dublin City
268048,12.0,32.0,84.0,115.0,Marino Institute of Education,Marino,24.0,1,6,6,10,11,late,pt,101,Dublin City
268049,13.0,26.0,78.0,112.0,Marino Institute of Education,Marino,26.0,2,6,7,10,11,late,pt,48,Dublin City
268050,8.0,34.0,88.0,134.0,Marino Institute of Education,Marino,16.0,1,6,6,8,11,late,pt,69,Dublin City
268051,25.0,36.0,69.0,125.0,NCAD (Thomas St),NCAD,50.0,1,5,8,10,11,late,pt,111,Dublin City
268052,24.0,37.0,70.0,129.0,NCAD (Thomas St),NCAD,50.0,1,5,7,10,11,late,pt,99,Dublin City
268053,22.0,32.0,72.0,133.0,NCAD (Thomas St),NCAD,45.0,2,5,7,10,11,late,pt,75,Dublin City
268054,26.0,36.0,80.0,137.0,NCAD (Thomas St),NCAD,54.0,1,4,7,9,11,late,pt,110,Dublin City
268055,26.0,39.0,72.0,128.0,NCAD (Thomas St),NCAD,54.0,1,5,7,10,11,late,pt,95,Dublin City
268056,32.0,38.0,80.0,133.0,NCAD (Thomas St),NCAD,65.0,0,4,7,9,10,late,pt,88,Dublin City
268057,28.0,44.0,70.0,131.0,NCAD (Thomas St),NCAD,58.0,1,4,7,10,10,late,pt,101,Dublin City
268058,27.0,35.0,89.0,133.0,Marino Institute of Education,Marino,54.0,1,5,6,8,11,late,pt,123,Dublin City
268059,24.0,32.0,81.0,127.0,Marino Institute of Education,Marino,50.0,1,6,6,8,11,late,pt,29,Dublin City
268060,23.0,23.0,85.0,128.0,DCU Glasnevin,DCU,45.0,2,5,6,8,11,late,pt,92,Dublin City
268061,35.0,49.0,63.0,136.0,NCAD (Thomas St),NCAD,72.0,0,1,6,10,10,late,pt,130,Dublin City
268062,32.0,43.0,97.0,139.0,Marino Institute of Education,Marino,67.0,0,2,6,7,10,late,pt,81,Dublin City
268063,38.0,38.0,94.0,145.0,DCU Glasnevin,DCU,76.0,0,2,7,7,8,late,pt,122,Dublin City
268064,32.0,32.0,91.0,142.0,DCU Glasnevin,DCU,63.0,0,3,7,7,8,late,pt,104,Dublin City
268065,31.0,31.0,91.0,139.0,DCU Glasnevin,DCU,60.0,0,3,7,7,8,late,pt,131,Dublin City
268066,34.0,34.0,85.0,146.0,DCU Glasnevin,DCU,68.0,0,3,7,7,10,late,pt,118,Dublin City
268067,31.0,31.0,80.0,145.0,TU Dublin Grangegorman,TU Dublin,61.0,0,4,7,8,10,late,pt,210,Dublin City
268068,33.0,33.0,79.0,150.0,TU Dublin Grangegorman,TU Dublin,65.0,0,2,7,7,10,late,pt,120,Dublin City
268069,35.0,35.0,76.0,150.0,TU Dublin Grangegorman,TU Dublin,68.0,0,2,7,7,9,late,pt,132,Dublin City
268070,19.0,40.0,95.0,144.0,Marino Institute of Education,Marino,38.0,1,3,6,8,10,late,pt,198,Dublin City
268071,32.0,49.0,101.0,124.0,Marino Institute of Education,Marino,65.0,0,1,5,6,8,late,pt,451,Dublin City
268072,38.0,48.0,102.0,127.0,Marino Institute of Education,Marino,76.0,0,1,6,7,9,late,pt,189,Dublin City
268073,38.0,39.0,95.0,131.0,Marino Institute of Education,Marino,74.0,0,2,6,7,10,late,pt,96,Dublin City
268074,38.0,42.0,96.0,138.0,Marino Institute of Education,Marino,76.0,0,2,6,7,10,late,pt,113,Dublin City
268075,36.0,43.0,97.0,140.0,Marino Institute of Education,Marino,74.0,0,2,6,7,10,late,pt,90,Dublin City
268076,24.0,42.0,96.0,134.0,Marino Institute of Education,Marino,48.0,1,3,6,7,10,late,pt,87,Dublin City
268077,29.0,34.0,87.0,133.0,Marino Institute of Education,Marino,58.0,1,5,6,9,11,late,pt,116,Dublin City
268078,24.0,36.0,67.0,125.0,NCAD (Thomas St),NCAD,50.0,1,5,7,10,11,late,pt,72,Dublin City
268079,27.0,35.0,72.0,125.0,NCAD (Thomas St),NCAD,56.0,1,5,7,10,11,late,pt,117,Dublin City
268080,20.0,20.0,75.0,124.0,TU Dublin Grangegorman,TU Dublin,40.0,4,6,8,11,11,late,pt,35,Dublin City
268081,16.0,16.0,72.0,117.0,TU Dublin Grangegorman,TU Dublin,32.0,5,7,8,11,11,late,pt,119,Dublin City
268082,13.0,13.0,67.0,131.0,TU Dublin Grangegorman,TU Dublin,26.0,4,7,9,11,11,late,pt,92,Dublin City
268083,24.0,40.0,63.0,133.0,NCAD (Thomas St),NCAD,50.0,1,4,7,10,11,late,pt,66,Dublin City
268084,20.0,30.0,46.0,128.0,NCAD (Thomas St),NCAD,37.0,2,4,9,10,11,late,pt,41,Dublin City
268085,17.0,33.0,65.0,123.0,NCAD (Thomas St),NCAD,37.0,1,5,8,10,11,late,pt,124,Dublin City
268086,29.0,46.0,102.0,138.0,Marino Institute of Education,Marino,59.0,1,1,5,6,8,late,pt,67,Dublin City
268087,30.0,47.0,102.0,141.0,Marino Institute of Education,Marino,60.0,1,1,6,6,8,late,pt,73,Dublin City
268088,36.0,36.0,102.0,125.0,DCU Glasnevin,DCU,73.0,0,2,5,6,8,late,pt,116,Dublin City
268089,29.0,40.0,100.0,136.0,Marino Institute of Education,Marino,59.0,1,2,6,6,8,late,pt,101,Dublin City
268090,33.0,38.0,89.0,136.0,NCAD (Thomas St),NCAD,69.0,0,4,7,9,11,late,pt,74,Dublin City
268091,28.0,39.0,86.0,138.0,NCAD (Thomas St),NCAD,59.0,1,4,7,9,11,late,pt,100,Dublin City
268092,28.0,37.0,93.0,146.0,RCSI (St Stephen's Green),RCSI,56.0,1,3,7,9,10,late,pt,84,Dublin City
268093,32.0,42.0,94.0,143.0,NCAD (Thomas St),NCAD,67.0,0,4,7,9,10,late,pt,49,Dublin City
268094,38.0,44.0,94.0,140.0,NCAD (Thomas St),NCAD,79.0,0,3,6,7,10,late,pt,99,Dublin City
268095,32.0,44.0,70.0,132.0,NCAD (Thomas St),NCAD,64.0,0,2,6,10,10,late,pt,95,Dublin City
268096,10.0,10.0,71.0,116.0,Trinity College Dublin,TCD,20.0,5,7,9,11,11,late,pt,172,Dublin City
268097,11.0,15.0,79.0,133.0,RCSI (St Stephen's Green),RCSI,22.0,4,6,9,10,11,late,pt,13,Dublin City
268098,5.0,21.0,61.0,128.0,NCAD (Thomas St),NCAD,10.0,4,7,9,11,11,late,pt,58,Dublin City
268099,7.0,21.0,66.0,130.0,NCAD (Thomas St),NCAD,14.0,4,5,9,11,11,late,pt,58,Dublin City
268100,9.0,23.0,69.0,131.0,NCAD (Thomas St),NCAD,18.0,4,6,9,11,11,late,pt,63,Dublin City
268101,16.0,28.0,73.0,135.0,NCAD (Thomas St),NCAD,32.0,3,5,9,10,11,late,pt,33,Dublin City
268102,19.0,27.0,77.0,137.0,NCAD (Thomas St),NCAD,38.0,3,4,8,10,11,late,pt,48,Dublin City
268103,19.0,29.0,70.0,131.0,NCAD (Thomas St),NCAD,38.0,3,5,8,10,11,late,pt,59,Dublin City
268104,18.0,18.0,68.0,107.0,Trinity College Dublin,TCD,36.0,5,6,10,11,11,late,pt,157,Dublin City
268105,22.0,22.0,74.0,114.0,Trinity College Dublin,TCD,46.0,4,6,8,11,11,late,pt,86,Dublin City
268106,13.0,13.0,68.0,111.0,Trinity College Dublin,TCD,26.0,5,7,9,11,11,late,pt,120,Dublin City
268107,16.0,24.0,76.0,112.0,Marino Institute of Education,Marino,32.0,3,6,7,10,11,late,pt,24,Dublin City
268108,26.0,26.0,78.0,120.0,Trinity College Dublin,TCD,50.0,2,6,8,10,11,late,pt,241,Dublin City
268109,20.0,20.0,71.0,112.0,Trinity College Dublin,TCD,41.0,5,6,8,11,11,late,pt,76,Dublin City
268110,24.0,24.0,84.0,129.0,Trinity College Dublin,TCD,50.0,1,5,8,10,11,late,pt,137,Dublin City
268111,29.0,29.0,88.0,136.0,Trinity College Dublin,TCD,58.0,1,4,7,9,11,late,pt,125,Dublin City
268112,32.0,32.0,91.0,141.0,Trinity College Dublin,TCD,64.0,0,4,7,9,10,late,pt,112,Dublin City
268113,17.0,17.0,98.0,151.0,UCD Belfield,UCD,32.0,1,3,7,9,10,late,pt,122,Dublin City
268114,26.0,26.0,87.0,138.0,Trinity College Dublin,TCD,53.0,2,6,7,9,11,late,pt,93,Dublin City
268115,20.0,20.0,79.0,126.0,Trinity College Dublin,TCD,42.0,2,6,8,10,11,late,pt,85,Dublin City
268116,24.0,24.0,90.0,140.0,Trinity College Dublin,TCD,47.0,3,5,8,10,11,late,pt,59,Dublin City
268117,21.0,23.0,90.0,141.0,RCSI (St Stephen's Green),RCSI,40.0,3,5,8,10,11,late,pt,71,Dublin City
268118,30.0,33.0,68.0,136.0,NCAD (Thomas St),NCAD,61.0,1,4,7,10,10,late,pt,15,Dublin City
268119,33.0,52.0,105.0,131.0,Marino Institute of Education,Marino,67.0,0,1,4,6,8,late,pt,202,Dublin City
268120,31.0,48.0,103.0,138.0,Marino Institute of Education,Marino,63.0,0,1,5,6,8,late,pt,105,Dublin City
268121,47.0,59.0,117.0,150.0,Marino Institute of Education,Marino,96.0,0,0,2,5,6,late,pt,70,Dublin City
268122,37.0,54.0,108.0,135.0,Marino Institute of Education,Marino,75.0,0,1,3,6,7,late,pt,133,Dublin City
268123,35.0,51.0,107.0,140.0,Marino Institute of Education,Marino,72.0,0,1,4,6,8,late,pt,120,Dublin City
268124,36.0,41.0,95.0,137.0,Marino Institute of Education,Marino,73.0,0,2,6,7,10,late,pt,105,Dublin City
268125,38.0,41.0,95.0,137.0,Marino Institute of Education,Marino,75.0,0,2,6,7,10,late,pt,72,Dublin City
268126,34.0,40.0,94.0,140.0,Marino Institute of Education,Marino,70.0,0,2,6,7,10,late,pt,111,Dublin City
268127,33.0,40.0,101.0,146.0,RCSI (St Stephen's Green),RCSI,70.0,0,3,7,9,10,late,pt,143,Dublin City
268128,17.0,24.0,89.0,143.0,RCSI (St Stephen's Green),RCSI,34.0,3,5,9,10,11,late,pt,100,Dublin City
268129,28.0,28.0,100.0,153.0,UCD Belfield,UCD,49.0,2,3,7,9,10,late,pt,128,Dublin City
268130,15.0,22.0,87.0,141.0,RCSI (St Stephen's Green),RCSI,30.0,2,6,9,10,11,late,pt,113,Dublin City
268131,15.0,22.0,87.0,141.0,RCSI (St Stephen's Green),RCSI,30.0,2,6,9,10,11,late,pt,73,Dublin City
268132,25.0,34.0,89.0,142.0,RCSI (St Stephen's Green),RCSI,50.0,1,3,7,10,11,late,pt,86,Dublin City
268133,15.0,22.0,87.0,141.0,RCSI (St Stephen's Green),RCSI,30.0,2,6,8,10,11,late,pt,63,Dublin City
268134,24.0,31.0,93.0,149.0,RCSI (St Stephen's Green),RCSI,48.0,1,5,7,10,10,late,pt,162,Dublin City
268135,26.0,33.0,94.0,146.0,RCSI (St Stephen's Green),RCSI,53.0,1,5,7,10,10,late,pt,83,Dublin City
268136,28.0,35.0,96.0,146.0,RCSI (St Stephen's Green),RCSI,61.0,1,5,7,9,10,late,pt,103,Dublin City
268137,25.0,32.0,93.0,148.0,RCSI (St Stephen's Green),RCSI,52.0,1,4,7,10,10,late,pt,68,Dublin City
268138,19.0,19.0,71.0,113.0,Trinity College Dublin,TCD,40.0,4,6,8,11,11,late,pt,159,Dublin City
268139,15.0,15.0,70.0,126.0,TU Dublin Grangegorman,TU Dublin,29.0,4,6,9,11,11,late,pt,52,Dublin City
268140,10.0,14.0,68.0,133.0,RCSI (St Stephen's Green),RCSI,20.0,4,6,9,11,11,late,pt,69,Dublin City
268141,2.0,14.0,71.0,133.0,RCSI (St Stephen's Green),RCSI,4.0,4,6,9,11,11,late,pt,44,Dublin City
268142,7.0,14.0,75.0,133.0,RCSI (St Stephen's Green),RCSI,15.0,4,6,10,11,11,late,pt,67,Dublin City
268143,13.0,13.0,73.0,124.0,Trinity College Dublin,TCD,29.0,3,6,9,11,11,late,pt,111,Dublin City
268144,27.0,36.0,90.0,142.0,RCSI (St Stephen's Green),RCSI,55.0,2,3,7,10,11,late,pt,84,Dublin City
268145,35.0,44.0,99.0,146.0,RCSI (St Stephen's Green),RCSI,73.0,0,3,6,7,10,late,pt,85,Dublin City
268146,39.0,42.0,105.0,148.0,RCSI (St Stephen's Green),RCSI,83.0,0,2,6,7,10,late,pt,76,Dublin City
268147,36.0,40.0,104.0,145.0,RCSI (St Stephen's Green),RCSI,77.0,0,4,6,7,10,late,pt,26,Dublin City
268148,17.0,33.0,62.0,127.0,NCAD (Thomas St),NCAD,33.0,1,4,8,10,11,late,pt,39,Dublin City
268149,4.0,20.0,59.0,127.0,NCAD (Thomas St),NCAD,8.0,4,6,10,11,11,late,pt,67,Dublin City
268150,10.0,28.0,61.0,123.0,NCAD (Thomas St),NCAD,20.0,4,6,9,10,11,late,pt,109,Dublin City
268151,20.0,32.0,64.0,126.0,NCAD (Thomas St),NCAD,40.0,2,6,9,10,11,late,pt,47,Dublin City
268152,18.0,31.0,64.0,124.0,NCAD (Thomas St),NCAD,37.0,2,6,9,10,11,late,pt,53,Dublin City
268153,13.0,30.0,63.0,123.0,NCAD (Thomas St),NCAD,27.0,3,6,9,10,11,late,pt,70,Dublin City
268154,34.0,34.0,80.0,132.0,NCAD (Thomas St),NCAD,71.0,0,4,7,9,10,late,pt,95,Dublin City
268155,32.0,33.0,85.0,134.0,NCAD (Thomas St),NCAD,68.0,0,4,7,9,10,late,pt,59,Dublin City
268156,37.0,38.0,93.0,138.0,NCAD (Thomas St),NCAD,77.0,0,3,6,7,10,late,pt,71,Dublin City
268157,4.0,4.0,93.0,130.0,DCU Glasnevin,DCU,8.0,1,4,6,8,9,late,pt,98,Dublin City
268158,6.0,6.0,97.0,117.0,DCU Glasnevin,DCU,12.0,1,3,7,8,9,late,pt,103,Dublin City
268159,22.0,22.0,97.0,113.0,DCU Glasnevin,DCU,44.0,1,2,6,7,9,late,pt,85,Dublin City
268160,22.0,22.0,92.0,114.0,DCU Glasnevin,DCU,45.0,2,3,6,8,10,late,pt,57,Dublin City
268161,10.0,19.0,69.0,134.0,RCSI (St Stephen's Green),RCSI,20.0,4,6,9,11,11,late,pt,52,Dublin City
268162,15.0,22.0,79.0,138.0,RCSI (St Stephen's Green),RCSI,31.0,3,6,8,10,11,late,pt,76,Dublin City
017001,58.4455,58.4455,160.4455,58.4455,SETU Carlow,SETU,116.891,0,0,1,1,1,late,pt_plus_rail,25,Carlow
017002,43.063833333333335,43.063833333333335,145.06383333333332,43.063833333333335,SETU Carlow,SETU,86.12766666666667,0,1,1,1,1,late,pt_plus_rail,46,Carlow
017003,66.789,66.789,168.789,66.789,SETU Carlow,SETU,133.578,0,0,0,1,1,late,pt_plus_rail,26,Carlow
017004,57.428,57.428,159.428,57.428,SETU Carlow,SETU,114.856,0,0,1,1,1,late,pt_plus_rail,42,Carlow
017005,65.4525,65.4525,167.4525,65.4525,SETU Carlow,SETU,130.905,0,0,0,1,1,late,pt_plus_rail,17,Carlow
017006,61.79866666666667,61.79866666666667,163.79866666666666,61.79866666666667,SETU Carlow,SETU,123.59733333333334,0,0,0,1,1,late,pt_plus_rail,15,Carlow
017007,172.971,172.971,255.971,175.56516666666667,UCD Belfield,UCD,286.13033333333334,0,0,0,0,0,late,pt_plus_rail,11,Carlow
017008,69.84883333333333,69.84883333333333,171.84883333333337,69.84883333333333,SETU Carlow,SETU,139.69766666666666,0,0,0,1,1,late,pt_plus_rail,15,Carlow
017009,49.04233333333333,49.04233333333333,151.04233333333332,49.04233333333333,SETU Carlow,SETU,98.08466666666666,0,0,1,1,1,late,pt_plus_rail,31,Carlow
017010,38.557500000000005,38.557500000000005,140.5575,38.557500000000005,SETU Carlow,SETU,77.11500000000001,0,1,1,1,1,late,pt_plus_rail,661,Carlow
017011,22.0,22.0,139.61516666666665,22.0,SETU Carlow,SETU,44.0,1,1,1,1,1,late,pt_plus_rail,131,Carlow
017012,50.75833333333333,50.75833333333333,152.75833333333333,50.75833333333333,SETU Carlow,SETU,101.51666666666668,0,0,1,1,1,late,pt_plus_rail,29,Carlow
017013,68.857,68.857,170.857,68.857,SETU Carlow,SETU,137.714,0,0,0,1,1,late,pt_plus_rail,45,Carlow
017014,,,,,,,,0,0,0,0,0,late,pt_plus_rail,26,Carlow
017015,164.36533333333335,164.36533333333335,247.36533333333335,176.15916666666666,UCD Belfield,UCD,287.3183333333333,0,0,0,0,0,late,pt_plus_rail,9,Carlow
017016,67.57916666666667,67.57916666666667,169.57916666666665,67.57916666666667,SETU Carlow,SETU,135.15833333333333,0,0,0,1,1,late,pt_plus_rail,29,Carlow
017017,71.29716666666667,71.29716666666667,173.29716666666667,71.29716666666667,SETU Carlow,SETU,142.59433333333334,0,0,0,1,1,late,pt_plus_rail,56,Carlow
017018,58.61233333333334,58.61233333333334,160.61233333333334,58.61233333333334,SETU Carlow,SETU,117.22466666666668,0,0,1,1,1,late,pt_plus_rail,21,Carlow
017019,66.82383333333334,66.82383333333334,168.82383333333334,66.82383333333334,SETU Carlow,SETU,133.64766666666668,0,0,0,1,1,late,pt_plus_rail,29,Carlow
017020,175.7705,175.7705,258.7705,184.554,UCD Belfield,UCD,304.108,0,0,0,0,0,late,pt_plus_rail,13,Carlow
017021,49.17433333333334,49.17433333333334,151.17433333333332,49.17433333333334,SETU Carlow,SETU,98.34866666666667,0,0,1,1,1,late,pt_plus_rail,27,Carlow
017022,70.39333333333335,70.39333333333335,172.39333333333337,70.39333333333335,SETU Carlow,SETU,140.7866666666667,0,0,0,1,1,late,pt_plus_rail,51,Carlow
017023,62.731833333333334,62.731833333333334,164.73183333333333,62.731833333333334,SETU Carlow,SETU,125.46366666666668,0,0,0,1,1,late,pt_plus_rail,11,Carlow
017024,44.457166666666666,44.457166666666666,146.45716666666667,44.457166666666666,SETU Carlow,SETU,88.91433333333333,0,1,1,1,1,late,pt_plus_rail,30,Carlow
017025,44.603833333333334,44.603833333333334,146.60383333333334,44.603833333333334,SETU Carlow,SETU,89.20766666666667,0,1,1,1,1,late,pt_plus_rail,42,Carlow
017026,62.873000000000005,62.873000000000005,164.873,62.873000000000005,SETU Carlow,SETU,125.746,0,0,0,1,1,late,pt_plus_rail,14,Carlow
017027,75.69533333333334,75.69533333333334,177.69533333333334,75.69533333333334,SETU Carlow,SETU,151.39066666666668,0,0,0,0,1,late,pt_plus_rail,13,Carlow
017028,49.464,49.464,150.78583333333333,49.464,SETU Carlow,SETU,98.928,0,0,1,1,1,late,pt_plus_rail,31,Carlow
017029,58.93866666666667,58.93866666666667,160.93866666666668,58.93866666666667,SETU Carlow,SETU,117.87733333333334,0,0,1,1,1,late,pt_plus_rail,7,Carlow
017030,151.97,151.97,236.97,151.97,SETU Carlow,SETU,255.26416666666665,0,0,0,0,0,late,pt_plus_rail,23,Carlow
017031,51.587,51.587,153.587,51.587,SETU Carlow,SETU,103.174,0,0,1,1,1,late,pt_plus_rail,71,Carlow
017032,173.505,173.505,257.77216666666664,173.505,SETU Carlow,SETU,282.27716666666663,0,0,0,0,0,late,pt_plus_rail,24,Carlow
017033,58.37766666666667,58.37766666666667,160.37766666666667,58.37766666666667,SETU Carlow,SETU,116.75533333333334,0,0,1,1,1,late,pt_plus_rail,22,Carlow
017034,56.955,56.955,158.955,56.955,SETU Carlow,SETU,113.91,0,0,1,1,1,late,pt_plus_rail,106,Carlow
017035,67.2125,67.2125,169.2125,67.2125,SETU Carlow,SETU,134.425,0,0,0,1,1,late,pt_plus_rail,28,Carlow
017036,51.378,51.378,153.378,51.378,SETU Carlow,SETU,102.756,0,0,1,1,1,late,pt_plus_rail,35,Carlow
017037,55.778000000000006,55.778000000000006,157.778,55.778000000000006,SETU Carlow,SETU,111.556,0,0,1,1,1,late,pt_plus_rail,27,Carlow
017038,58.308,58.308,157.88633333333334,58.308,SETU Carlow,SETU,116.616,0,0,1,1,1,late,pt_plus_rail,35,Carlow
017039,170.85716666666667,170.85716666666667,254.69683333333333,170.85716666666667,SETU Carlow,SETU,276.71433333333334,0,0,0,0,0,late,pt_plus_rail,5,Carlow
017041,59.906666666666666,59.906666666666666,161.90666666666667,59.906666666666666,SETU Carlow,SETU,119.81333333333332,0,0,1,1,1,late,pt_plus_rail,68,Carlow
017042,59.605999999999995,59.605999999999995,157.68099999999998,59.605999999999995,SETU Carlow,SETU,119.212,0,0,1,1,1,late,pt_plus_rail,23,Carlow
017043,64.1765,64.1765,166.1765,64.1765,SETU Carlow,SETU,128.353,0,0,0,1,1,late,pt_plus_rail,22,Carlow
017044,65.491,65.491,167.491,65.491,SETU Carlow,SETU,130.982,0,0,0,1,1,late,pt_plus_rail,24,Carlow
017045,63.564166666666665,63.564166666666665,165.5641666666667,63.564166666666665,SETU Carlow,SETU,127.12833333333332,0,0,0,1,1,late,pt_plus_rail,20,Carlow
017046,54.11150000000001,54.11150000000001,156.1115,54.11150000000001,SETU Carlow,SETU,108.223,0,0,1,1,1,late,pt_plus_rail,16,Carlow
017047,49.1615,49.1615,151.1615,49.1615,SETU Carlow,SETU,98.323,0,0,1,1,1,late,pt_plus_rail,24,Carlow
017048,,,,,,,,0,0,0,0,0,late,pt_plus_rail,20,Carlow
017049,155.91716666666667,155.91716666666667,240.91716666666667,155.91716666666667,SETU Carlow,SETU,267.54383333333334,0,0,0,0,0,late,pt_plus_rail,29,Carlow
017050,61.03783333333334,61.03783333333334,163.03783333333334,61.03783333333334,SETU Carlow,SETU,122.07566666666668,0,0,0,1,1,late,pt_plus_rail,31,Carlow
017051,55.7945,55.7945,157.7945,55.7945,SETU Carlow,SETU,111.589,0,0,1,1,1,late,pt_plus_rail,187,Carlow
017052,53.43866666666667,53.43866666666667,155.43866666666668,53.43866666666667,SETU Carlow,SETU,106.87733333333334,0,0,1,1,1,late,pt_plus_rail,27,Carlow
017053,58.62883333333333,58.62883333333333,160.62883333333332,58.62883333333333,SETU Carlow,SETU,117.25766666666668,0,0,1,1,1,late,pt_plus_rail,18,Carlow
017054,15.0,15.0,141.76933333333332,15.0,SETU Carlow,SETU,30.0,1,1,1,1,1,late,pt_plus_rail,41,Carlow
087001,57.945,57.945,108.81233333333331,57.945,SETU Carlow,SETU,115.89,0,0,1,1,1,late,pt_plus_rail,225,Kildare
087002,60.684000000000005,60.684000000000005,110.895,60.684000000000005,SETU Carlow,SETU,121.368,0,0,0,1,1,late,pt_plus_rail,147,Kildare
087003,47.0385,47.0385,144.86783333333335,47.0385,SETU Carlow,SETU,94.077,0,0,1,1,1,late,pt_plus_rail,6,Kildare
087004,57.85883333333334,57.85883333333334,102.22883333333334,57.85883333333334,SETU Carlow,SETU,115.71766666666667,0,0,1,1,1,late,pt_plus_rail,57,Kildare
087005,75.65133333333333,75.65133333333333,108.60150000000002,75.65133333333333,SETU Carlow,SETU,151.30266666666665,0,0,0,0,1,late,pt_plus_rail,20,Kildare
087006,78.0,78.0,94.9835,148.0136666666667,TU Dublin Tallaght,TU Dublin,166.775,0,0,0,0,3,late,pt_plus_rail,58,Kildare
087007,43.041333333333334,43.041333333333334,43.041333333333334,167.811,Maynooth University,MU,86.08266666666667,0,1,1,3,6,late,pt_plus_rail,27,Kildare
087008,74.66499999999999,74.66499999999999,87.90783333333334,74.66499999999999,SETU Carlow,SETU,149.32999999999998,0,0,0,1,4,late,pt_plus_rail,81,Kildare
087009,92.211,97.211,97.211,124.8865,NCAD (Thomas St),NCAD,166.3095,0,0,0,0,0,late,pt_plus_rail,50,Kildare
087010,70.89750000000001,70.89750000000001,88.61916666666667,70.89750000000001,SETU Carlow,SETU,141.79500000000002,0,0,0,1,4,late,pt_plus_rail,107,Kildare
087011,33.343,33.343,33.343,150.8205,Maynooth University,MU,66.686,0,1,4,6,9,late,pt_plus_rail,305,Kildare
087012,57.65716666666667,57.65716666666667,109.73083333333334,57.65716666666667,SETU Carlow,SETU,115.31433333333334,0,0,1,1,1,late,pt_plus_rail,19,Kildare
087013,67.3225,67.3225,130.30233333333334,67.3225,SETU Carlow,SETU,134.645,0,0,0,1,1,late,pt_plus_rail,6,Kildare
087014,44.77016666666667,44.77016666666667,44.77016666666667,143.19016666666667,Maynooth University,MU,89.54033333333334,0,1,2,6,8,late,pt_plus_rail,268,Kildare
087015,61.52916666666667,61.52916666666667,105.50866666666668,61.52916666666667,SETU Carlow,SETU,123.05833333333334,0,0,0,1,1,late,pt_plus_rail,16,Kildare
087016,45.38433333333333,45.38433333333333,45.38433333333333,169.34733333333332,Maynooth University,MU,90.76866666666666,0,0,1,2,6,late,pt_plus_rail,92,Kildare
087017,51.75150000000001,51.75150000000001,51.75150000000001,150.20816666666667,Maynooth University,MU,103.503,0,0,1,1,2,late,pt_plus_rail,100,Kildare
087018,74.19383333333334,74.19383333333334,88.29833333333335,74.19383333333334,SETU Carlow,SETU,148.3876666666667,0,0,0,1,4,late,pt_plus_rail,102,Kildare
087019,50.79266666666667,50.79266666666667,50.79266666666667,139.9415,Maynooth University,MU,101.58533333333334,0,0,1,2,6,late,pt_plus_rail,122,Kildare
087020,71.40266666666668,71.40266666666668,71.40266666666668,175.43433333333334,Maynooth University,MU,140.80533333333335,0,0,0,1,1,late,pt_plus_rail,23,Kildare
087021,68.43900000000001,68.43900000000001,153.1105,68.43900000000001,SETU Carlow,SETU,136.878,0,0,0,1,1,late,pt_plus_rail,23,Kildare
087022,48.0945,48.0945,110.16166666666666,48.0945,SETU Carlow,SETU,96.189,0,0,1,1,1,late,pt_plus_rail,83,Kildare
087023,30.468333333333337,30.468333333333337,30.468333333333337,148.34683333333334,Maynooth University,MU,60.93666666666667,0,1,7,10,11,late,pt_plus_rail,711,Kildare
087024,66.81466666666667,66.81466666666667,133.97083333333333,66.81466666666667,SETU Carlow,SETU,133.62933333333334,0,0,0,1,1,late,pt_plus_rail,34,Kildare
087025,37.2755,37.2755,37.2755,145.37,Maynooth University,MU,74.551,0,1,3,6,9,late,pt_plus_rail,349,Kildare
087026,44.60333333333334,44.60333333333334,44.60333333333334,173.02333333333334,Maynooth University,MU,89.20666666666668,0,1,1,2,6,late,pt_plus_rail,84,Kildare
087027,98.63233333333334,102.63233333333334,102.63233333333334,121.4765,NCAD (Thomas St),NCAD,177.26466666666667,0,0,0,0,0,late,pt_plus_rail,23,Kildare
087028,41.75983333333334,41.75983333333334,41.75983333333334,154.07833333333335,Maynooth University,MU,83.51966666666668,0,1,1,2,6,late,pt_plus_rail,46,Kildare
087029,32.578500000000005,32.578500000000005,32.578500000000005,148.6805,Maynooth University,MU,65.15700000000001,0,1,7,10,11,late,pt_plus_rail,292,Kildare
087030,51.86516666666667,51.86516666666667,51.86516666666667,143.54766666666666,Maynooth University,MU,103.73033333333332,0,0,1,1,4,late,pt_plus_rail,36,Kildare
087031,42.790166666666664,42.790166666666664,42.790166666666664,142.6585,Maynooth University,MU,85.58033333333333,0,1,1,2,6,late,pt_plus_rail,143,Kildare
087032,54.36216666666667,54.36216666666667,54.36216666666667,178.32516666666666,Maynooth University,MU,108.72433333333332,0,0,1,1,2,late,pt_plus_rail,11,Kildare
087033,74.15533333333333,74.15533333333333,87.34683333333334,74.15533333333333,SETU Carlow,SETU,148.31066666666666,0,0,0,1,5,late,pt_plus_rail,174,Kildare
087034,58.001333333333335,58.001333333333335,58.001333333333335,122.3565,Maynooth University,MU,116.00266666666668,0,0,1,1,4,late,pt_plus_rail,241,Kildare
087035,48.715500000000006,48.715500000000006,48.715500000000006,172.6785,Maynooth University,MU,97.431,0,0,1,1,3,late,pt_plus_rail,32,Kildare
087036,49.0625,49.0625,139.44483333333335,49.0625,SETU Carlow,SETU,98.125,0,0,1,1,1,late,pt_plus_rail,13,Kildare
087037,89.01083333333334,100.01083333333334,100.29116666666668,123.0715,NCAD (Thomas St),NCAD,159.02166666666668,0,0,0,0,1,late,pt_plus_rail,24,Kildare
087038,88.97983333333333,92.97983333333332,92.97983333333332,126.91416666666666,NCAD (Thomas St),NCAD,157.95966666666666,0,0,0,0,1,late,pt_plus_rail,25,Kildare
087039,66.338,66.338,101.20583333333332,66.338,SETU Carlow,SETU,132.676,0,0,0,1,1,late,pt_plus_rail,19,Kildare
087040,75.34333333333333,75.34333333333333,97.28616666666667,75.34333333333333,SETU Carlow,SETU,150.68666666666667,0,0,0,0,1,late,pt_plus_rail,45,Kildare
087041,56.152,56.152,148.82783333333333,56.152,SETU Carlow,SETU,112.304,0,0,1,1,1,late,pt_plus_rail,28,Kildare
087042,54.8925,54.8925,110.71716666666669,54.8925,SETU Carlow,SETU,109.785,0,0,1,1,1,late,pt_plus_rail,30,Kildare
087044,65.11883333333334,65.11883333333334,102.3425,65.11883333333334,SETU Carlow,SETU,130.23766666666668,0,0,0,1,1,late,pt_plus_rail,12,Kildare
087045,51.205666666666666,51.205666666666666,143.47816666666665,51.205666666666666,SETU Carlow,SETU,102.41133333333332,0,0,1,1,1,late,pt_plus_rail,13,Kildare
087046,67.23083333333334,67.23083333333334,115.23466666666668,67.23083333333334,SETU Carlow,SETU,134.46166666666667,0,0,0,1,1,late,pt_plus_rail,27,Kildare
087047,31.0,31.0,31.0,153.4325,Maynooth University,MU,62.0,0,1,5,8,10,late,pt_plus_rail,342,Kildare
087048,57.95550000000001,57.95550000000001,57.95550000000001,67.40683333333334,Maynooth University,MU,115.91100000000002,0,0,1,2,5,late,pt_plus_rail,169,Kildare
087049,94.08,103.85316666666668,103.85316666666668,111.23916666666668,NCAD (Thomas St),NCAD,169.16,0,0,0,0,0,late,pt_plus_rail,46,Kildare
087050,76.0,84.0,89.02983333333333,115.894,NCAD (Thomas St),NCAD,138.0,0,0,0,0,5,late,pt_plus_rail,550,Kildare
087051,55.726666666666674,55.726666666666674,110.06083333333332,55.726666666666674,SETU Carlow,SETU,111.45333333333336,0,0,1,1,1,late,pt_plus_rail,20,Kildare
087052,51.2575,51.96416666666667,51.96416666666667,144.18383333333333,NCAD (Thomas St),NCAD,103.515,0,0,5,9,11,late,pt_plus_rail,234,Kildare
087053,59.05733333333334,59.05733333333334,59.05733333333334,144.226,Maynooth University,MU,118.11466666666668,0,0,1,1,4,late,pt_plus_rail,12,Kildare
087054,99.11433333333332,110.11433333333332,111.4835,117.247,NCAD (Thomas St),NCAD,179.22866666666667,0,0,0,0,0,late,pt_plus_rail,21,Kildare
087055,51.942166666666665,51.942166666666665,51.942166666666665,138.7645,Maynooth University,MU,103.88433333333332,0,0,1,1,2,late,pt_plus_rail,129,Kildare
087056,54.21183333333334,54.21183333333334,54.21183333333334,132.95466666666667,Maynooth University,MU,108.42366666666668,0,0,1,1,1,late,pt_plus_rail,115,Kildare
087057,74.99783333333333,74.99783333333333,74.99783333333333,150.10916666666668,Maynooth University,MU,147.99566666666666,0,0,0,1,1,late,pt_plus_rail,37,Kildare
087058,73.863,73.863,73.863,181.98483333333337,Maynooth University,MU,145.726,0,0,0,1,1,late,pt_plus_rail,42,Kildare
087059,72.85733333333334,72.85733333333334,101.5615,72.85733333333334,SETU Carlow,SETU,145.7146666666667,0,0,0,1,1,late,pt_plus_rail,37,Kildare
087060,52.405166666666666,54.52483333333333,56.201,152.025,NCAD (Thomas St),NCAD,105.81033333333332,0,0,5,8,10,late,pt_plus_rail,31,Kildare
087061,97.8805,107.96716666666669,107.96716666666669,115.56766666666668,NCAD (Thomas St),NCAD,176.761,0,0,0,0,0,late,pt_plus_rail,44,Kildare
087062,85.015,85.015,85.89483333333334,145.68533333333335,TU Dublin Blanchardstown,TU Dublin,165.222,0,0,0,0,4,late,pt_plus_rail,64,Kildare
087064,31.386833333333335,31.386833333333335,31.386833333333335,144.06783333333334,Maynooth University,MU,62.77366666666667,0,4,7,10,11,late,pt_plus_rail,584,Kildare
087065,73.06550000000001,73.06550000000001,73.06550000000001,128.15533333333332,Maynooth University,MU,144.13100000000003,0,0,0,1,1,late,pt_plus_rail,10,Kildare
087066,11.0,11.0,11.0,149.19933333333333,Maynooth University,MU,22.0,1,1,7,10,11,late,pt_plus_rail,577,Kildare
087067,92.76916666666666,100.52016666666668,100.52016666666668,104.0415,NCAD (Thomas St),NCAD,166.53833333333333,0,0,0,0,0,late,pt_plus_rail,216,Kildare
087068,54.25083333333333,54.25083333333333,151.94266666666667,54.25083333333333,SETU Carlow,SETU,108.50166666666668,0,0,1,1,1,late,pt_plus_rail,17,Kildare
087069,58.9125,58.9125,58.9125,122.032,Maynooth University,MU,117.825,0,0,1,1,4,late,pt_plus_rail,784,Kildare
087070,46.488,46.488,46.488,129.49,Maynooth University,MU,92.976,0,0,3,8,10,late,pt_plus_rail,121,Kildare
087071,49.821,49.821,49.821,129.60916666666668,Maynooth University,MU,99.642,0,0,3,7,9,late,pt_plus_rail,1002,Kildare
087072,66.25916666666667,66.25916666666667,103.16933333333331,66.25916666666667,SETU Carlow,SETU,132.51833333333337,0,0,0,1,1,late,pt_plus_rail,47,Kildare
087073,66.8895,66.8895,86.102,166.09916666666666,TU Dublin Blanchardstown,TU Dublin,135.03483333333332,0,0,0,1,6,late,pt_plus_rail,51,Kildare
087074,75.1765,75.1765,102.63216666666666,75.1765,SETU Carlow,SETU,150.353,0,0,0,0,1,late,pt_plus_rail,55,Kildare
087075,74.99600000000001,74.99600000000001,74.99600000000001,140.29533333333333,Maynooth University,MU,147.99200000000002,0,0,0,1,4,late,pt_plus_rail,49,Kildare
087076,44.36683333333333,44.36683333333333,44.36683333333333,146.73766666666666,Maynooth University,MU,88.73366666666666,0,1,6,10,11,late,pt_plus_rail,40,Kildare
087077,88.42416666666666,93.08616666666668,93.08616666666668,123.36116666666666,NCAD (Thomas St),NCAD,157.51033333333334,0,0,0,0,1,late,pt_plus_rail,19,Kildare
087078,104.42183333333332,112.17283333333332,112.17283333333332,112.55916666666668,NCAD (Thomas St),NCAD,189.84366666666665,0,0,0,0,0,late,pt_plus_rail,5,Kildare
087079,94.93066666666668,105.93066666666668,107.29983333333334,114.2055,NCAD (Thomas St),NCAD,170.8613333333333,0,0,0,0,0,late,pt_plus_rail,100,Kildare
087080,58.001333333333335,58.001333333333335,58.001333333333335,128.19933333333333,Maynooth University,MU,116.00266666666668,0,0,1,1,2,late,pt_plus_rail,29,Kildare
087081,55.41733333333334,57.5705,57.5705,147.51316666666668,NCAD (Thomas St),NCAD,111.83466666666668,0,0,2,6,9,late,pt_plus_rail,60,Kildare
087082,51.00716666666667,51.00716666666667,51.00716666666667,145.51483333333334,Maynooth University,MU,102.01433333333334,0,0,1,1,2,late,pt_plus_rail,103,Kildare
087083,67.32983333333334,67.32983333333334,105.05583333333334,67.32983333333334,SETU Carlow,SETU,134.65966666666668,0,0,0,1,1,late,pt_plus_rail,44,Kildare
087084,30.231833333333334,30.231833333333334,30.231833333333334,150.892,Maynooth University,MU,60.46366666666667,0,1,5,9,10,late,pt_plus_rail,93,Kildare
087085,96.98033333333332,107.86633333333332,107.86633333333332,113.27783333333332,NCAD (Thomas St),NCAD,174.96066666666667,0,0,0,0,0,late,pt_plus_rail,58,Kildare
087086,53.04216666666667,53.04216666666667,53.04216666666667,155.64583333333334,Maynooth University,MU,106.08433333333332,0,0,1,1,1,late,pt_plus_rail,55,Kildare
087087,52.22083333333334,52.22083333333334,52.22083333333334,145.6761666666667,Maynooth University,MU,104.44166666666668,0,0,1,1,2,late,pt_plus_rail,39,Kildare
087088,66.4535,66.4535,96.96166666666667,66.4535,SETU Carlow,SETU,132.907,0,0,0,1,1,late,pt_plus_rail,29,Kildare
087089,56.3935,56.3935,56.3935,148.04116666666667,Maynooth University,MU,112.787,0,0,1,1,1,late,pt_plus_rail,79,Kildare
087090,59.83883333333334,59.83883333333334,109.0415,59.83883333333334,SETU Carlow,SETU,119.67766666666668,0,0,1,1,1,late,pt_plus_rail,175,Kildare
097001,141.64466666666667,141.64466666666667,226.64466666666667,141.64466666666667,SETU Carlow,SETU,260.58816666666667,0,0,0,0,0,late,pt_plus_rail,16,Kilkenny
097002,134.3875,134.3875,230.3875,134.3875,SETU Carlow,SETU,257.775,0,0,0,0,0,late,pt_plus_rail,54,Kilkenny
097003,142.17566666666667,144.79250000000002,152.17566666666667,144.79250000000002,NCAD (Thomas St),NCAD,267.35133333333334,0,0,0,0,0,late,pt_plus_rail,14,Kilkenny
097004,144.15816666666666,144.15816666666666,198.48233333333337,144.15816666666666,SETU Carlow,SETU,267.3163333333333,0,0,0,0,0,late,pt_plus_rail,21,Kilkenny
097005,132.25983333333335,132.25983333333335,217.25983333333335,132.25983333333335,SETU Carlow,SETU,243.5196666666667,0,0,0,0,0,late,pt_plus_rail,20,Kilkenny
097006,142.75483333333332,142.75483333333332,238.75483333333332,142.75483333333332,SETU Carlow,SETU,274.50966666666665,0,0,0,0,0,late,pt_plus_rail,14,Kilkenny
097007,146.56533333333334,146.56533333333334,199.35683333333333,146.56533333333334,SETU Carlow,SETU,272.1306666666667,0,0,0,0,0,late,pt_plus_rail,12,Kilkenny
097008,131.54116666666667,131.54116666666667,216.54116666666667,131.54116666666667,SETU Carlow,SETU,242.08233333333337,0,0,0,0,0,late,pt_plus_rail,21,Kilkenny
097009,139.298,139.298,154.13916666666665,139.298,SETU Carlow,SETU,257.596,0,0,0,0,0,late,pt_plus_rail,5,Kilkenny
097010,142.38166666666666,142.38166666666666,227.38166666666663,142.38166666666666,SETU Carlow,SETU,262.06216666666666,0,0,0,0,0,late,pt_plus_rail,15,Kilkenny
097011,118.0,118.0,156.78283333333334,118.0,SETU Carlow,SETU,233.4215,0,0,0,0,0,late,pt_plus_rail,59,Kilkenny
097012,151.15233333333333,151.15233333333333,236.15233333333333,151.15233333333333,SETU Carlow,SETU,281.30466666666666,0,0,0,0,0,late,pt_plus_rail,12,Kilkenny
097013,149.9135,158.9135,191.9135,216.9135,NCAD (Thomas St),NCAD,276.1716666666667,0,0,0,0,0,late,pt_plus_rail,4,Kilkenny
097014,132.467,132.467,217.467,132.467,SETU Carlow,SETU,243.11466666666664,0,0,0,0,0,late,pt_plus_rail,44,Kilkenny
097015,146.547,146.547,231.547,146.547,SETU Carlow,SETU,272.094,0,0,0,0,0,late,pt_plus_rail,6,Kilkenny
097016,68.71216666666666,68.71216666666666,170.71216666666666,68.71216666666666,SETU Carlow,SETU,137.42433333333332,0,0,0,1,1,late,pt_plus_rail,21,Kilkenny
097017,155.6495,155.6495,240.6495,155.6495,SETU Carlow,SETU,290.299,0,0,0,0,0,late,pt_plus_rail,8,Kilkenny
097018,74.9565,74.9565,176.9565,74.9565,SETU Carlow,SETU,149.913,0,0,0,1,1,late,pt_plus_rail,46,Kilkenny
097019,137.03016666666667,137.03016666666667,222.03016666666667,137.03016666666667,SETU Carlow,SETU,253.06033333333335,0,0,0,0,0,late,pt_plus_rail,84,Kilkenny
097020,136.878,136.878,221.878,136.878,SETU Carlow,SETU,252.75600000000003,0,0,0,0,0,late,pt_plus_rail,77,Kilkenny
097021,147.09883333333337,147.09883333333337,232.09883333333337,147.09883333333337,SETU Carlow,SETU,273.1976666666667,0,0,0,0,0,late,pt_plus_rail,8,Kilkenny
097022,66.16933333333333,66.16933333333333,155.316,66.16933333333333,SETU Carlow,SETU,132.33866666666663,0,0,0,1,1,late,pt_plus_rail,78,Kilkenny
097023,146.647,146.647,235.14216666666667,146.647,SETU Carlow,SETU,275.7891666666667,0,0,0,0,0,late,pt_plus_rail,4,Kilkenny
097024,70.19716666666667,70.19716666666667,172.19716666666667,70.19716666666667,SETU Carlow,SETU,140.39433333333335,0,0,0,1,1,late,pt_plus_rail,18,Kilkenny
097025,63.35516666666667,63.35516666666667,151.8491666666667,63.35516666666667,SETU Carlow,SETU,126.71033333333334,0,0,0,1,1,late,pt_plus_rail,33,Kilkenny
097026,72.72716666666668,72.72716666666668,164.67333333333335,72.72716666666668,SETU Carlow,SETU,145.45433333333335,0,0,0,1,1,late,pt_plus_rail,11,Kilkenny
097027,143.071,143.071,188.74916666666667,143.071,SETU Carlow,SETU,265.142,0,0,0,0,0,late,pt_plus_rail,15,Kilkenny
097028,144.78333333333333,144.78333333333333,229.78333333333333,144.78333333333333,SETU Carlow,SETU,268.56666666666666,0,0,0,0,0,late,pt_plus_rail,24,Kilkenny
097029,129.55383333333333,129.55383333333333,214.55383333333333,129.55383333333333,SETU Carlow,SETU,238.10766666666663,0,0,0,0,0,late,pt_plus_rail,24,Kilkenny
097030,169.336,169.336,256.336,169.336,SETU Carlow,SETU,285.74766666666665,0,0,0,0,0,late,pt_plus_rail,14,Kilkenny
097031,71.3595,71.3595,173.3595,71.3595,SETU Carlow,SETU,142.719,0,0,0,1,1,late,pt_plus_rail,22,Kilkenny
097032,67.801,67.801,169.801,67.801,SETU Carlow,SETU,135.602,0,0,0,1,1,late,pt_plus_rail,18,Kilkenny
097033,134.22616666666667,134.22616666666667,230.22616666666667,134.22616666666667,SETU Carlow,SETU,257.45233333333334,0,0,0,0,0,late,pt_plus_rail,45,Kilkenny
097034,70.59866666666667,70.59866666666667,172.59866666666667,70.59866666666667,SETU Carlow,SETU,141.19733333333335,0,0,0,1,1,late,pt_plus_rail,25,Kilkenny
097035,140.24216666666666,140.24216666666666,225.24216666666663,140.24216666666666,SETU Carlow,SETU,258.30016666666666,0,0,0,0,0,late,pt_plus_rail,23,Kilkenny
097036,152.54116666666667,152.54116666666667,248.54116666666667,152.54116666666667,SETU Carlow,SETU,294.08233333333334,0,0,0,0,0,late,pt_plus_rail,12,Kilkenny
097037,135.08133333333333,135.08133333333333,220.08133333333333,135.08133333333333,SETU Carlow,SETU,249.16266666666667,0,0,0,0,0,late,pt_plus_rail,11,Kilkenny
097038,72.4045,72.4045,174.40449999999998,72.4045,SETU Carlow,SETU,144.809,0,0,0,1,1,late,pt_plus_rail,27,Kilkenny
097039,148.05216666666666,148.05216666666666,233.05216666666664,148.05216666666666,SETU Carlow,SETU,266.4621666666667,0,0,0,0,0,late,pt_plus_rail,13,Kilkenny
097040,144.41766666666666,144.41766666666666,235.397,144.41766666666666,SETU Carlow,SETU,273.81466666666665,0,0,0,0,0,late,pt_plus_rail,15,Kilkenny
097041,146.10616666666667,146.10616666666667,242.10616666666667,146.10616666666667,SETU Carlow,SETU,281.21233333333333,0,0,0,0,0,late,pt_plus_rail,56,Kilkenny
097042,165.706,165.706,252.706,165.706,SETU Carlow,SETU,277.91016666666667,0,0,0,0,0,late,pt_plus_rail,11,Kilkenny
097043,136.43983333333333,136.43983333333333,197.2485,136.43983333333333,SETU Carlow,SETU,251.87966666666665,0,0,0,0,0,late,pt_plus_rail,38,Kilkenny
097044,149.52116666666666,158.52116666666666,191.52116666666663,216.52116666666663,NCAD (Thomas St),NCAD,265.73266666666666,0,0,0,0,0,late,pt_plus_rail,11,Kilkenny
097045,148.41383333333334,153.76116666666667,160.53016666666667,153.76116666666667,NCAD (Thomas St),NCAD,269.9035,0,0,0,0,0,late,pt_plus_rail,18,Kilkenny
097046,65.04183333333333,65.04183333333333,167.04183333333333,65.04183333333333,SETU Carlow,SETU,130.08366666666666,0,0,0,1,1,late,pt_plus_rail,9,Kilkenny
097047,63.00316666666667,63.00316666666667,165.0031666666667,63.00316666666667,SETU Carlow,SETU,126.00633333333334,0,0,0,1,1,late,pt_plus_rail,84,Kilkenny
097048,149.44916666666666,149.44916666666666,234.44916666666663,149.44916666666666,SETU Carlow,SETU,256.355,0,0,0,0,0,late,pt_plus_rail,76,Kilkenny
097049,75.6055,75.6055,177.6055,75.6055,SETU Carlow,SETU,151.211,0,0,0,0,1,late,pt_plus_rail,40,Kilkenny
097050,150.452,150.452,235.452,150.452,SETU Carlow,SETU,271.9365,0,0,0,0,0,late,pt_plus_rail,33,Kilkenny
097051,141.003,141.003,226.003,141.003,SETU Carlow,SETU,256.4741666666667,0,0,0,0,0,late,pt_plus_rail,37,Kilkenny
097052,147.0705,147.0705,238.191,147.0705,SETU Carlow,SETU,279.2615,0,0,0,0,0,late,pt_plus_rail,27,Kilkenny
097053,143.71866666666668,151.31,162.15266666666668,151.31,NCAD (Thomas St),NCAD,263.01933333333335,0,0,0,0,0,late,pt_plus_rail,32,Kilkenny
097054,134.63583333333332,134.63583333333332,219.63583333333332,134.63583333333332,SETU Carlow,SETU,248.27166666666665,0,0,0,0,0,late,pt_plus_rail,38,Kilkenny
097055,140.927,140.927,232.0475,140.927,SETU Carlow,SETU,266.9745,0,0,0,0,0,late,pt_plus_rail,9,Kilkenny
097056,147.50133333333332,147.50133333333332,243.50133333333332,147.50133333333332,SETU Carlow,SETU,284.00266666666664,0,0,0,0,0,late,pt_plus_rail,29,Kilkenny
097057,137.88733333333334,137.88733333333334,233.88733333333337,137.88733333333334,SETU Carlow,SETU,264.7746666666667,0,0,0,0,0,late,pt_plus_rail,27,Kilkenny
097058,129.773,129.773,225.773,129.773,SETU Carlow,SETU,248.546,0,0,0,0,0,late,pt_plus_rail,234,Kilkenny
097059,75.787,75.787,177.787,75.787,SETU Carlow,SETU,151.574,0,0,0,0,1,late,pt_plus_rail,13,Kilkenny
097060,146.44433333333333,146.44433333333333,231.44433333333333,146.44433333333333,SETU Carlow,SETU,271.88866666666667,0,0,0,0,0,late,pt_plus_rail,18,Kilkenny
097061,72.85,72.85,174.85,72.85,SETU Carlow,SETU,145.7,0,0,0,1,1,late,pt_plus_rail,169,Kilkenny
097062,70.06333333333333,70.06333333333333,172.06333333333333,70.06333333333333,SETU Carlow,SETU,140.1266666666667,0,0,0,1,1,late,pt_plus_rail,89,Kilkenny
097063,69.48400000000001,69.48400000000001,171.484,69.48400000000001,SETU Carlow,SETU,138.96800000000002,0,0,0,1,1,late,pt_plus_rail,862,Kilkenny
097064,130.08733333333333,130.08733333333333,215.08733333333333,130.08733333333333,SETU Carlow,SETU,239.17466666666667,0,0,0,0,0,late,pt_plus_rail,53,Kilkenny
097065,142.68333333333334,142.68333333333334,233.758,142.68333333333334,SETU Carlow,SETU,270.4413333333333,0,0,0,0,0,late,pt_plus_rail,16,Kilkenny
097066,154.126,154.126,239.126,154.126,SETU Carlow,SETU,287.252,0,0,0,0,0,late,pt_plus_rail,12,Kilkenny
097067,75.4075,75.4075,164.55416666666667,75.4075,SETU Carlow,SETU,150.815,0,0,0,0,1,late,pt_plus_rail,24,Kilkenny
097068,141.83716666666666,141.83716666666666,226.83716666666663,141.83716666666666,SETU Carlow,SETU,260.97316666666666,0,0,0,0,0,late,pt_plus_rail,30,Kilkenny
097069,140.87566666666666,140.87566666666666,236.87566666666663,140.87566666666666,SETU Carlow,SETU,270.7513333333333,0,0,0,0,0,late,pt_plus_rail,15,Kilkenny
097070,139.04133333333334,139.04133333333334,224.04133333333337,139.04133333333334,SETU Carlow,SETU,257.0826666666667,0,0,0,0,0,late,pt_plus_rail,28,Kilkenny
097071,143.81716666666665,143.81716666666665,228.81716666666665,143.81716666666665,SETU Carlow,SETU,264.93316666666664,0,0,0,0,0,late,pt_plus_rail,7,Kilkenny
097072,136.25833333333333,136.25833333333333,221.25833333333333,136.25833333333333,SETU Carlow,SETU,249.8155,0,0,0,0,0,late,pt_plus_rail,30,Kilkenny
097073,144.501,144.501,160.95366666666666,144.501,SETU Carlow,SETU,268.002,0,0,0,0,0,late,pt_plus_rail,9,Kilkenny
097074,149.33283333333333,149.33283333333333,240.45333333333335,149.33283333333333,SETU Carlow,SETU,283.78616666666665,0,0,0,0,0,late,pt_plus_rail,16,Kilkenny
097075,141.5016666666667,141.5016666666667,226.5016666666667,141.5016666666667,SETU Carlow,SETU,262.00333333333333,0,0,0,0,0,late,pt_plus_rail,2,Kilkenny
097076,60.783,60.783,149.92966666666666,60.783,SETU Carlow,SETU,121.566,0,0,0,1,1,late,pt_plus_rail,44,Kilkenny
097077,64.48633333333333,64.48633333333333,162.58883333333333,64.48633333333333,SETU Carlow,SETU,128.97266666666667,0,0,0,1,1,late,pt_plus_rail,27,Kilkenny
097078,155.49183333333332,155.49183333333332,240.49183333333332,155.49183333333332,SETU Carlow,SETU,289.98366666666664,0,0,0,0,0,late,pt_plus_rail,13,Kilkenny
097079,71.9205,71.9205,161.06716666666668,71.9205,SETU Carlow,SETU,143.841,0,0,0,1,1,late,pt_plus_rail,32,Kilkenny
097080,130.58416666666668,130.58416666666668,215.58416666666668,130.58416666666668,SETU Carlow,SETU,240.16833333333335,0,0,0,0,0,late,pt_plus_rail,15,Kilkenny
097081,73.60900000000001,73.60900000000001,175.609,73.60900000000001,SETU Carlow,SETU,147.21800000000002,0,0,0,1,1,late,pt_plus_rail,35,Kilkenny
097082,57.921166666666664,57.921166666666664,159.92116666666666,57.921166666666664,SETU Carlow,SETU,115.84233333333331,0,0,1,1,1,late,pt_plus_rail,62,Kilkenny
097083,149.80216666666666,149.80216666666666,243.92666666666668,149.80216666666666,SETU Carlow,SETU,288.60433333333333,0,0,0,0,0,late,pt_plus_rail,95,Kilkenny
097084,146.52316666666667,146.52316666666667,231.52316666666667,146.52316666666667,SETU Carlow,SETU,267.5145,0,0,0,0,0,late,pt_plus_rail,9,Kilkenny
097085,140.5255,140.5255,236.5255,140.5255,SETU Carlow,SETU,270.051,0,0,0,0,0,late,pt_plus_rail,32,Kilkenny
097086,139.2605,139.2605,235.2605,139.2605,SETU Carlow,SETU,267.521,0,0,0,0,0,late,pt_plus_rail,54,Kilkenny
097087,70.81866666666667,70.81866666666667,172.81866666666667,70.81866666666667,SETU Carlow,SETU,141.63733333333334,0,0,0,1,1,late,pt_plus_rail,19,Kilkenny
097088,138.20533333333333,138.20533333333333,159.2835,138.20533333333333,SETU Carlow,SETU,255.41066666666663,0,0,0,0,0,late,pt_plus_rail,17,Kilkenny
097089,73.41283333333334,73.41283333333334,175.41283333333334,73.41283333333334,SETU Carlow,SETU,146.82566666666668,0,0,0,1,1,late,pt_plus_rail,34,Kilkenny
097090,140.32283333333334,140.32283333333334,199.36233333333337,140.32283333333334,SETU Carlow,SETU,259.64566666666667,0,0,0,0,0,late,pt_plus_rail,13,Kilkenny
097091,133.66516666666666,133.66516666666666,229.66516666666664,133.66516666666666,SETU Carlow,SETU,256.33033333333333,0,0,0,0,0,late,pt_plus_rail,40,Kilkenny
097092,149.298,149.298,245.298,149.298,SETU Carlow,SETU,287.596,0,0,0,0,0,late,pt_plus_rail,19,Kilkenny
097093,141.5705,141.5705,237.5705,141.5705,SETU Carlow,SETU,272.141,0,0,0,0,0,late,pt_plus_rail,38,Kilkenny
097094,141.1515,141.1515,226.1515,141.1515,SETU Carlow,SETU,261.303,0,0,0,0,0,late,pt_plus_rail,8,Kilkenny
097095,145.18766666666667,145.18766666666667,241.18766666666667,145.18766666666667,SETU Carlow,SETU,279.37533333333334,0,0,0,0,0,late,pt_plus_rail,28,Kilkenny
097096,59.343833333333336,59.343833333333336,161.34383333333335,59.343833333333336,SETU Carlow,SETU,118.68766666666669,0,0,1,1,1,late,pt_plus_rail,30,Kilkenny
097097,127.78283333333334,127.78283333333334,212.78283333333337,127.78283333333334,SETU Carlow,SETU,234.5656666666667,0,0,0,0,0,late,pt_plus_rail,31,Kilkenny
097098,75.83833333333334,75.83833333333334,177.83833333333334,75.83833333333334,SETU Carlow,SETU,151.67666666666668,0,0,0,0,1,late,pt_plus_rail,11,Kilkenny
097099,154.1113333333333,154.1113333333333,239.1113333333333,154.1113333333333,SETU Carlow,SETU,287.22266666666667,0,0,0,0,0,late,pt_plus_rail,22,Kilkenny
097100,166.96733333333333,166.96733333333333,253.96733333333333,166.96733333333333,SETU Carlow,SETU,308.93466666666666,0,0,0,0,0,late,pt_plus_rail,42,Kilkenny
097101,135.0,135.0,223.14483333333337,135.0,SETU Carlow,SETU,247.0,0,0,0,0,0,late,pt_plus_rail,99,Kilkenny
097102,67.12266666666667,67.12266666666667,169.12266666666667,67.12266666666667,SETU Carlow,SETU,134.24533333333335,0,0,0,1,1,late,pt_plus_rail,20,Kilkenny
097103,146.7845,146.7845,240.07383333333337,146.7845,SETU Carlow,SETU,280.85833333333335,0,0,0,0,0,late,pt_plus_rail,22,Kilkenny
097104,146.47916666666669,146.47916666666669,192.67066666666668,146.47916666666669,SETU Carlow,SETU,271.95833333333337,0,0,0,0,0,late,pt_plus_rail,13,Kilkenny
097105,134.0785,134.0785,219.0785,134.0785,SETU Carlow,SETU,247.157,0,0,0,0,0,late,pt_plus_rail,26,Kilkenny
097107,150.529,150.529,235.529,150.529,SETU Carlow,SETU,280.058,0,0,0,0,0,late,pt_plus_rail,6,Kilkenny
097108,138.72233333333332,138.72233333333332,201.35883333333337,138.72233333333332,SETU Carlow,SETU,256.44466666666665,0,0,0,0,0,late,pt_plus_rail,11,Kilkenny
097109,74.10216666666668,74.10216666666668,176.10216666666668,74.10216666666668,SETU Carlow,SETU,148.20433333333335,0,0,0,1,1,late,pt_plus_rail,18,Kilkenny
097110,138.925,138.925,234.925,138.925,SETU Carlow,SETU,266.85,0,0,0,0,0,late,pt_plus_rail,44,Kilkenny
097111,141.43983333333333,150.43983333333333,159.87383333333332,151.77566666666667,NCAD (Thomas St),NCAD,266.675,0,0,0,0,0,late,pt_plus_rail,60,Kilkenny
097112,151.6575,151.6575,241.34716666666668,151.6575,SETU Carlow,SETU,292.315,0,0,0,0,0,late,pt_plus_rail,15,Kilkenny
107001,118.50916666666669,123.61233333333334,137.50916666666666,123.61233333333334,NCAD (Thomas St),NCAD,218.01833333333337,0,0,0,0,0,late,pt_plus_rail,133,Laois
107002,143.86233333333334,149.9625,153.86233333333334,149.9625,NCAD (Thomas St),NCAD,268.1881666666667,0,0,0,0,0,late,pt_plus_rail,22,Laois
107003,147.5565,154.5565,157.5565,157.5565,NCAD (Thomas St),NCAD,275.24466666666666,0,0,0,0,0,late,pt_plus_rail,13,Laois
107004,62.34316666666667,62.34316666666667,157.13466666666667,62.34316666666667,SETU Carlow,SETU,124.68633333333334,0,0,0,1,1,late,pt_plus_rail,12,Laois
107005,49.93516666666667,49.93516666666667,141.10583333333335,49.93516666666667,SETU Carlow,SETU,99.87033333333332,0,0,1,1,1,late,pt_plus_rail,29,Laois
107006,44.74316666666667,44.74316666666667,146.08333333333334,44.74316666666667,SETU Carlow,SETU,89.48633333333333,0,1,1,1,1,late,pt_plus_rail,35,Laois
107007,135.46383333333333,142.46383333333333,145.46383333333333,145.46383333333333,NCAD (Thomas St),NCAD,253.4451666666667,0,0,0,0,0,late,pt_plus_rail,23,Laois
107008,59.272333333333336,59.272333333333336,139.18633333333332,59.272333333333336,SETU Carlow,SETU,118.54466666666669,0,0,1,1,1,late,pt_plus_rail,30,Laois
107009,92.19766666666666,97.19766666666666,111.67233333333334,97.19766666666666,NCAD (Thomas St),NCAD,175.39533333333333,0,0,0,0,0,late,pt_plus_rail,51,Laois
107011,70.79116666666667,70.79116666666667,116.276,70.79116666666667,SETU Carlow,SETU,141.58233333333334,0,0,0,1,1,late,pt_plus_rail,14,Laois
107012,111.4945,111.4945,143.6525,111.4945,TUS Athlone,TUS,234.172,0,0,0,0,0,late,pt_plus_rail,38,Laois
107013,56.20516666666667,56.20516666666667,140.55583333333334,56.20516666666667,SETU Carlow,SETU,112.41033333333334,0,0,1,1,1,late,pt_plus_rail,5,Laois
107014,55.27383333333333,55.27383333333333,134.48383333333334,55.27383333333333,SETU Carlow,SETU,110.54766666666666,0,0,1,1,1,late,pt_plus_rail,86,Laois
107015,116.21383333333333,121.317,135.21383333333333,121.317,NCAD (Thomas St),NCAD,213.42766666666665,0,0,0,0,0,late,pt_plus_rail,64,Laois
107016,59.873666666666665,59.873666666666665,132.71833333333333,59.873666666666665,SETU Carlow,SETU,119.74733333333332,0,0,1,1,1,late,pt_plus_rail,19,Laois
107017,123.92716666666666,128.92716666666666,145.58116666666666,128.92716666666666,NCAD (Thomas St),NCAD,238.85433333333333,0,0,0,0,0,late,pt_plus_rail,12,Laois
107018,106.0605,106.0605,127.35233333333332,106.0605,TUS Athlone,TUS,205.77216666666664,0,0,0,0,0,late,pt_plus_rail,76,Laois
107019,142.59,149.59,152.59,152.59,NCAD (Thomas St),NCAD,247.24416666666667,0,0,0,0,0,late,pt_plus_rail,42,Laois
107021,144.54433333333333,151.54433333333333,154.54433333333333,154.54433333333333,NCAD (Thomas St),NCAD,260.13616666666667,0,0,0,0,0,late,pt_plus_rail,6,Laois
107023,87.465,87.465,136.58983333333333,87.465,TUS Athlone,TUS,198.93,0,0,0,0,1,late,pt_plus_rail,21,Laois
107024,110.95733333333334,110.95733333333334,150.97116666666668,110.95733333333334,TUS Athlone,TUS,245.91466666666668,0,0,0,0,0,late,pt_plus_rail,10,Laois
107025,92.965,92.965,156.32083333333333,92.965,TUS Athlone,TUS,209.93,0,0,0,0,0,late,pt_plus_rail,18,Laois
107026,123.54766666666666,128.54766666666666,143.29500000000002,128.54766666666666,NCAD (Thomas St),NCAD,235.77533333333332,0,0,0,0,0,late,pt_plus_rail,41,Laois
107027,123.53116666666666,128.53116666666665,143.537,128.53116666666665,NCAD (Thomas St),NCAD,238.06233333333333,0,0,0,0,0,late,pt_plus_rail,17,Laois
107028,95.473,95.473,145.6025,95.473,TUS Athlone,TUS,214.946,0,0,0,0,0,late,pt_plus_rail,45,Laois
107029,110.411,110.411,121.27916666666668,110.411,TUS Athlone,TUS,205.0126666666667,0,0,0,0,0,late,pt_plus_rail,100,Laois
107030,135.55183333333332,142.55183333333332,145.55183333333332,145.55183333333332,NCAD (Thomas St),NCAD,254.10366666666664,0,0,0,0,0,late,pt_plus_rail,13,Laois
107031,118.16816666666668,123.27133333333332,137.16816666666668,123.27133333333332,NCAD (Thomas St),NCAD,217.33633333333336,0,0,0,0,0,late,pt_plus_rail,34,Laois
107032,152.02066666666667,159.02066666666667,162.02066666666667,162.02066666666667,NCAD (Thomas St),NCAD,263.84866666666665,0,0,0,0,0,late,pt_plus_rail,9,Laois
107033,112.41516666666666,117.51833333333332,121.68800000000002,117.51833333333332,NCAD (Thomas St),NCAD,205.83033333333333,0,0,0,0,0,late,pt_plus_rail,5,Laois
107034,137.9535,144.9535,147.9535,147.9535,NCAD (Thomas St),NCAD,256.55566666666664,0,0,0,0,0,late,pt_plus_rail,17,Laois
107035,140.85016666666667,147.85016666666667,150.85016666666667,150.85016666666667,NCAD (Thomas St),NCAD,257.36966666666666,0,0,0,0,0,late,pt_plus_rail,16,Laois
107036,146.43566666666666,155.43566666666666,162.09766666666667,162.09766666666667,NCAD (Thomas St),NCAD,269.49283333333335,0,0,0,0,0,late,pt_plus_rail,21,Laois
107037,115.73716666666668,120.84033333333332,134.73716666666667,120.84033333333332,NCAD (Thomas St),NCAD,212.47433333333333,0,0,0,0,0,late,pt_plus_rail,10,Laois
107038,66.756,66.756,135.3385,66.756,SETU Carlow,SETU,133.512,0,0,0,1,1,late,pt_plus_rail,15,Laois
107039,100.90883333333332,100.90883333333332,121.31033333333332,100.90883333333332,TUS Athlone,TUS,195.59166666666667,0,0,0,0,0,late,pt_plus_rail,99,Laois
107040,145.08883333333333,152.08883333333333,155.08883333333333,155.08883333333333,NCAD (Thomas St),NCAD,249.4295,0,0,0,0,0,late,pt_plus_rail,14,Laois
107041,137.40716666666668,144.40716666666668,147.40716666666668,147.40716666666668,NCAD (Thomas St),NCAD,256.9516666666667,0,0,0,0,0,late,pt_plus_rail,23,Laois
107042,60.36866666666667,60.36866666666667,147.44183333333334,60.36866666666667,SETU Carlow,SETU,120.73733333333334,0,0,0,1,1,late,pt_plus_rail,34,Laois
107043,136.27416666666667,143.27416666666667,146.27416666666667,146.27416666666667,NCAD (Thomas St),NCAD,255.54833333333335,0,0,0,0,0,late,pt_plus_rail,17,Laois
107044,138.40083333333334,142.62916666666666,148.40083333333334,142.62916666666666,NCAD (Thomas St),NCAD,259.8016666666667,0,0,0,0,0,late,pt_plus_rail,56,Laois
107045,68.35650000000001,68.35650000000001,148.99116666666666,68.35650000000001,SETU Carlow,SETU,136.71300000000002,0,0,0,1,1,late,pt_plus_rail,15,Laois
107046,96.76816666666669,101.76816666666669,110.68233333333332,101.76816666666669,NCAD (Thomas St),NCAD,180.6995,0,0,0,0,0,late,pt_plus_rail,59,Laois
107047,154.29333333333335,163.29333333333335,196.29333333333335,217.85383333333337,NCAD (Thomas St),NCAD,266.75933333333336,0,0,0,0,0,late,pt_plus_rail,28,Laois
107048,55.84583333333333,55.84583333333333,140.57966666666667,55.84583333333333,SETU Carlow,SETU,111.69166666666666,0,0,1,1,1,late,pt_plus_rail,8,Laois
107049,65.40666666666667,65.40666666666667,147.98466666666667,65.40666666666667,SETU Carlow,SETU,130.81333333333333,0,0,0,1,1,late,pt_plus_rail,8,Laois
107050,95.24566666666666,95.24566666666666,136.797,95.24566666666666,TUS Athlone,TUS,214.49133333333333,0,0,0,0,0,late,pt_plus_rail,24,Laois
107051,96.54183333333332,96.54183333333332,133.87283333333335,96.54183333333332,TUS Athlone,TUS,210.74566666666664,0,0,0,0,0,late,pt_plus_rail,10,Laois
107052,19.0,19.0,142.45133333333334,19.0,SETU Carlow,SETU,38.0,1,1,1,1,1,late,pt_plus_rail,284,Laois
107053,141.952,148.952,151.952,151.952,NCAD (Thomas St),NCAD,253.098,0,0,0,0,0,late,pt_plus_rail,18,Laois
107054,94.9165,99.9165,105.25016666666669,99.9165,NCAD (Thomas St),NCAD,173.41566666666665,0,0,0,0,0,late,pt_plus_rail,22,Laois
107055,145.11266666666666,152.11266666666666,155.11266666666666,155.11266666666666,NCAD (Thomas St),NCAD,246.674,0,0,0,0,0,late,pt_plus_rail,7,Laois
107056,73.5375,73.5375,118.4045,73.5375,SETU Carlow,SETU,147.075,0,0,0,1,1,late,pt_plus_rail,38,Laois
107057,144.108,151.108,154.108,154.108,NCAD (Thomas St),NCAD,251.8055,0,0,0,0,0,late,pt_plus_rail,14,Laois
107058,50.138666666666666,50.138666666666666,140.7025,50.138666666666666,SETU Carlow,SETU,100.27733333333332,0,0,1,1,1,late,pt_plus_rail,21,Laois
107059,140.16083333333333,147.16083333333333,150.16083333333333,150.16083333333333,NCAD (Thomas St),NCAD,260.42949999999996,0,0,0,0,0,late,pt_plus_rail,16,Laois
107060,93.096,98.096,108.17433333333334,98.096,NCAD (Thomas St),NCAD,174.51933333333335,0,0,0,0,0,late,pt_plus_rail,24,Laois
107061,73.89866666666667,73.89866666666667,114.94316666666668,73.89866666666667,SETU Carlow,SETU,147.79733333333334,0,0,0,1,1,late,pt_plus_rail,15,Laois
107062,141.74483333333333,148.74483333333333,151.74483333333333,151.74483333333333,NCAD (Thomas St),NCAD,258.125,0,0,0,0,0,late,pt_plus_rail,16,Laois
107063,146.69483333333335,153.69483333333335,156.69483333333335,156.69483333333335,NCAD (Thomas St),NCAD,257.72533333333337,0,0,0,0,0,late,pt_plus_rail,7,Laois
107064,158.83816666666667,167.83816666666667,200.83816666666667,225.6235,NCAD (Thomas St),NCAD,275.1596666666667,0,0,0,0,0,late,pt_plus_rail,10,Laois
107065,138.80233333333334,145.80233333333334,148.80233333333334,148.80233333333334,NCAD (Thomas St),NCAD,260.6046666666667,0,0,0,0,0,late,pt_plus_rail,11,Laois
107066,61.94716666666667,61.94716666666667,145.90916666666666,61.94716666666667,SETU Carlow,SETU,123.89433333333334,0,0,0,1,1,late,pt_plus_rail,16,Laois
107067,143.1161666666667,150.1161666666667,153.1161666666667,153.1161666666667,NCAD (Thomas St),NCAD,259.83366666666666,0,0,0,0,0,late,pt_plus_rail,3,Laois
107068,99.66033333333334,99.66033333333334,138.546,99.66033333333334,TUS Athlone,TUS,220.092,0,0,0,0,0,late,pt_plus_rail,17,Laois
107069,144.5645,151.5645,154.5645,154.5645,NCAD (Thomas St),NCAD,251.39116666666663,0,0,0,0,0,late,pt_plus_rail,7,Laois
107070,141.875,148.875,151.875,151.875,NCAD (Thomas St),NCAD,248.08566666666667,0,0,0,0,0,late,pt_plus_rail,4,Laois
107071,101.512,101.512,131.24016666666665,101.512,TUS Athlone,TUS,204.58233333333337,0,0,0,0,0,late,pt_plus_rail,39,Laois
107072,98.7565,98.7565,129.34266666666667,98.7565,TUS Athlone,TUS,201.16866666666667,0,0,0,0,0,late,pt_plus_rail,115,Laois
107073,118.85016666666668,123.95333333333332,137.85016666666667,123.95333333333332,NCAD (Thomas St),NCAD,218.70033333333333,0,0,0,0,0,late,pt_plus_rail,113,Laois
107074,73.18366666666668,73.18366666666668,116.39883333333331,73.18366666666668,SETU Carlow,SETU,146.36733333333336,0,0,0,1,1,late,pt_plus_rail,15,Laois
107076,55.30316666666667,55.30316666666667,147.86166666666668,55.30316666666667,SETU Carlow,SETU,110.60633333333334,0,0,1,1,1,late,pt_plus_rail,18,Laois
107077,103.20416666666668,103.20416666666668,134.35316666666668,103.20416666666668,TUS Athlone,TUS,211.18966666666665,0,0,0,0,0,late,pt_plus_rail,22,Laois
107078,88.90866666666666,93.90866666666666,112.90866666666666,93.90866666666666,NCAD (Thomas St),NCAD,168.81733333333332,0,0,0,0,1,late,pt_plus_rail,328,Laois
107079,110.15833333333332,112.40383333333337,119.43116666666668,112.40383333333337,NCAD (Thomas St),NCAD,201.31666666666663,0,0,0,0,0,late,pt_plus_rail,741,Laois
107080,74.87216666666667,74.87216666666667,118.25233333333334,74.87216666666667,SETU Carlow,SETU,149.74433333333334,0,0,0,1,1,late,pt_plus_rail,137,Laois
107081,121.48883333333332,126.48883333333332,141.49466666666666,126.48883333333332,NCAD (Thomas St),NCAD,233.97766666666664,0,0,0,0,0,late,pt_plus_rail,27,Laois
107082,58.5775,58.5775,142.5395,58.5775,SETU Carlow,SETU,117.155,0,0,1,1,1,late,pt_plus_rail,9,Laois
107083,145.63516666666666,152.63516666666666,155.63516666666666,155.63516666666666,NCAD (Thomas St),NCAD,253.39866666666663,0,0,0,0,0,late,pt_plus_rail,48,Laois
107084,145.197,152.197,155.197,155.197,NCAD (Thomas St),NCAD,250.2875,0,0,0,0,0,late,pt_plus_rail,4,Laois
107085,93.27666666666669,93.27666666666669,140.482,93.27666666666669,TUS Athlone,TUS,210.55333333333337,0,0,0,0,0,late,pt_plus_rail,17,Laois
107086,99.46416666666669,99.46416666666669,135.86933333333332,99.46416666666669,TUS Athlone,TUS,214.73866666666663,0,0,0,0,0,late,pt_plus_rail,24,Laois
107087,46.76533333333333,46.76533333333333,148.76533333333333,46.76533333333333,SETU Carlow,SETU,93.53066666666666,0,0,1,1,1,late,pt_plus_rail,21,Laois
107088,99.8775,104.8775,114.55266666666668,104.8775,NCAD (Thomas St),NCAD,186.15733333333333,0,0,0,0,0,late,pt_plus_rail,34,Laois
107089,103.43233333333332,108.43233333333332,120.77683333333334,108.43233333333332,NCAD (Thomas St),NCAD,195.93633333333332,0,0,0,0,0,late,pt_plus_rail,32,Laois
107090,46.17316666666667,46.17316666666667,145.54433333333333,46.17316666666667,SETU Carlow,SETU,92.34633333333332,0,0,1,1,1,late,pt_plus_rail,15,Laois
107091,64.039,64.039,121.62016666666668,64.039,SETU Carlow,SETU,128.078,0,0,0,1,1,late,pt_plus_rail,83,Laois
107092,55.48466666666667,55.48466666666667,136.50416666666666,55.48466666666667,SETU Carlow,SETU,110.96933333333334,0,0,1,1,1,late,pt_plus_rail,29,Laois
107093,68.39133333333334,68.39133333333334,136.48616666666666,68.39133333333334,SETU Carlow,SETU,136.78266666666667,0,0,0,1,1,late,pt_plus_rail,24,Laois
107094,65.96583333333334,65.96583333333334,136.301,65.96583333333334,SETU Carlow,SETU,131.93166666666667,0,0,0,1,1,late,pt_plus_rail,18,Laois
107095,100.89233333333334,100.89233333333334,145.55116666666666,100.89233333333334,TUS Athlone,TUS,225.78466666666668,0,0,0,0,0,late,pt_plus_rail,2,Laois
107096,117.125,122.22816666666668,136.125,122.22816666666668,NCAD (Thomas St),NCAD,215.25,0,0,0,0,0,late,pt_plus_rail,7,Laois
107097,53.251666666666665,53.251666666666665,145.53883333333334,53.251666666666665,SETU Carlow,SETU,106.50333333333332,0,0,1,1,1,late,pt_plus_rail,12,Laois
107098,71.772,71.772,117.07716666666668,71.772,SETU Carlow,SETU,143.544,0,0,0,1,1,late,pt_plus_rail,8,Laois
137001,141.20966666666666,141.20966666666666,141.20966666666666,157.20966666666666,Maynooth University,MU,271.4193333333333,0,0,0,0,0,late,pt_plus_rail,13,Longford
137002,145.28883333333334,145.28883333333334,145.28883333333334,153.10116666666667,Maynooth University,MU,279.5776666666667,0,0,0,0,0,late,pt_plus_rail,31,Longford
137003,51.58983333333334,51.58983333333334,137.24616666666668,51.58983333333334,TUS Athlone,TUS,103.17966666666668,0,0,1,1,1,late,pt_plus_rail,28,Longford
137004,129.535,129.535,129.535,145.535,Maynooth University,MU,248.07,0,0,0,0,0,late,pt_plus_rail,26,Longford
137005,140.53866666666667,140.53866666666667,140.53866666666667,153.0755,Maynooth University,MU,270.07733333333334,0,0,0,0,0,late,pt_plus_rail,25,Longford
137006,139.76866666666666,139.76866666666666,139.76866666666666,153.24416666666667,Maynooth University,MU,268.5373333333333,0,0,0,0,0,late,pt_plus_rail,23,Longford
137007,159.03333333333333,159.03333333333333,159.03333333333333,169.361,Maynooth University,MU,307.06666666666666,0,0,0,0,0,late,pt_plus_rail,35,Longford
137008,154.72333333333333,154.72333333333333,154.72333333333333,161.72333333333333,Maynooth University,MU,299.27700000000004,0,0,0,0,0,late,pt_plus_rail,23,Longford
137009,40.5825,40.5825,141.239,40.5825,TUS Athlone,TUS,81.165,0,1,1,1,1,late,pt_plus_rail,126,Longford
137010,124.4585,124.4585,124.4585,140.45850000000002,Maynooth University,MU,237.917,0,0,0,0,0,late,pt_plus_rail,10,Longford
137011,147.49266666666668,147.49266666666668,147.49266666666668,154.49266666666668,Maynooth University,MU,284.8156666666667,0,0,0,0,0,late,pt_plus_rail,50,Longford
137012,144.75533333333334,144.75533333333334,144.75533333333334,160.75533333333334,Maynooth University,MU,278.5106666666667,0,0,0,0,0,late,pt_plus_rail,6,Longford
137013,137.24616666666668,137.24616666666668,137.24616666666668,141.93900000000002,Maynooth University,MU,264.3226666666667,0,0,0,0,0,late,pt_plus_rail,114,Longford
137014,52.42766666666667,52.42766666666667,152.087,52.42766666666667,TUS Athlone,TUS,104.85533333333332,0,0,1,1,1,late,pt_plus_rail,13,Longford
137015,167.48883333333333,167.48883333333333,167.48883333333333,174.48883333333333,Maynooth University,MU,326.97766666666666,0,0,0,0,0,late,pt_plus_rail,23,Longford
137016,137.82366666666667,137.82366666666667,137.82366666666667,140.24133333333333,Maynooth University,MU,267.64733333333334,0,0,0,0,0,late,pt_plus_rail,36,Longford
137017,141.27383333333333,141.27383333333333,141.27383333333333,149.08616666666666,Maynooth University,MU,271.54766666666666,0,0,0,0,0,late,pt_plus_rail,38,Longford
137018,161.29566666666668,161.29566666666668,161.29566666666668,174.77483333333333,Maynooth University,MU,311.59133333333335,0,0,0,0,0,late,pt_plus_rail,22,Longford
137019,135.05516666666668,135.05516666666668,135.05516666666668,151.05516666666668,Maynooth University,MU,259.11033333333336,0,0,0,0,0,late,pt_plus_rail,15,Longford
137020,130.31233333333333,130.31233333333333,130.31233333333333,146.31233333333333,Maynooth University,MU,249.62466666666663,0,0,0,0,0,late,pt_plus_rail,21,Longford
137021,143.483,143.483,143.483,159.483,Maynooth University,MU,275.966,0,0,0,0,0,late,pt_plus_rail,20,Longford
137022,127.65766666666669,127.65766666666669,127.65766666666669,143.65766666666667,Maynooth University,MU,244.31533333333337,0,0,0,0,0,late,pt_plus_rail,10,Longford
137023,137.27533333333332,137.27533333333332,137.27533333333332,153.27533333333332,Maynooth University,MU,263.55066666666664,0,0,0,0,0,late,pt_plus_rail,6,Longford
137024,145.93783333333334,145.93783333333334,145.93783333333334,161.93783333333334,Maynooth University,MU,280.8756666666667,0,0,0,0,0,late,pt_plus_rail,13,Longford
137025,51.951,51.951,140.29116666666667,51.951,TUS Athlone,TUS,103.902,0,0,1,1,1,late,pt_plus_rail,20,Longford
137026,158.7695,158.7695,158.7695,165.7695,Maynooth University,MU,307.3693333333333,0,0,0,0,0,late,pt_plus_rail,27,Longford
137027,148.02616666666663,148.02616666666663,148.02616666666663,155.02616666666663,Maynooth University,MU,285.88266666666664,0,0,0,0,0,late,pt_plus_rail,48,Longford
137028,134.7545,134.7545,134.7545,150.7545,Maynooth University,MU,258.509,0,0,0,0,0,late,pt_plus_rail,3,Longford
137029,125.85366666666668,125.85366666666668,125.85366666666668,141.85366666666667,Maynooth University,MU,240.70733333333337,0,0,0,0,0,late,pt_plus_rail,85,Longford
137031,44.68733333333334,44.68733333333334,138.4525,44.68733333333334,TUS Athlone,TUS,89.37466666666668,0,1,1,1,1,late,pt_plus_rail,75,Longford
137032,140.22883333333334,140.22883333333334,140.22883333333334,156.22883333333334,Maynooth University,MU,262.1355,0,0,0,0,0,late,pt_plus_rail,19,Longford
137033,147.73816666666667,147.73816666666667,147.73816666666667,161.06333333333333,Maynooth University,MU,284.47633333333334,0,0,0,0,0,late,pt_plus_rail,20,Longford
137034,136.94533333333334,136.94533333333334,136.94533333333334,152.94533333333334,Maynooth University,MU,262.8906666666667,0,0,0,0,0,late,pt_plus_rail,12,Longford
137035,135.93333333333334,135.93333333333334,135.93333333333334,151.93333333333334,Maynooth University,MU,260.8666666666667,0,0,0,0,0,late,pt_plus_rail,49,Longford
137036,50.13783333333334,50.13783333333334,144.77566666666667,50.13783333333334,TUS Athlone,TUS,100.27566666666668,0,0,1,1,1,late,pt_plus_rail,48,Longford
137037,48.87833333333334,48.87833333333334,135.93883333333332,48.87833333333334,TUS Athlone,TUS,97.75666666666667,0,0,1,1,1,late,pt_plus_rail,35,Longford
137038,128.70416666666665,128.70416666666665,140.78266666666667,128.70416666666665,TUS Athlone,TUS,258.4083333333333,0,0,0,0,0,late,pt_plus_rail,30,Longford
137039,154.43166666666667,154.43166666666667,154.43166666666667,162.66566666666668,Maynooth University,MU,297.86333333333334,0,0,0,0,0,late,pt_plus_rail,22,Longford
137040,131.85783333333333,131.85783333333333,131.85783333333333,147.85783333333333,Maynooth University,MU,252.71566666666664,0,0,0,0,0,late,pt_plus_rail,7,Longford
137041,47.10733333333334,47.10733333333334,150.65133333333335,47.10733333333334,TUS Athlone,TUS,94.21466666666667,0,0,1,1,1,late,pt_plus_rail,20,Longford
137042,147.454,147.454,147.454,159.20983333333334,Maynooth University,MU,283.908,0,0,0,0,0,late,pt_plus_rail,8,Longford
137043,132.60783333333333,132.60783333333333,132.60783333333333,137.451,Maynooth University,MU,252.60783333333333,0,0,0,0,0,late,pt_plus_rail,160,Longford
137044,133.71883333333332,133.71883333333332,133.71883333333332,139.14866666666666,Maynooth University,MU,259.42216666666667,0,0,0,0,0,late,pt_plus_rail,32,Longford
137045,134.4155,134.4155,134.4155,140.4265,Maynooth University,MU,260.22883333333334,0,0,0,0,0,late,pt_plus_rail,255,Longford
137046,130.75416666666666,130.75416666666666,130.75416666666666,146.75416666666666,Maynooth University,MU,250.50833333333333,0,0,0,0,0,late,pt_plus_rail,19,Longford
137047,131.10616666666667,131.10616666666667,131.10616666666667,147.10616666666667,Maynooth University,MU,251.21233333333333,0,0,0,0,0,late,pt_plus_rail,15,Longford
137048,124.8285,124.8285,143.947,124.8285,TUS Athlone,TUS,250.657,0,0,0,0,0,late,pt_plus_rail,11,Longford
137049,137.6105,137.6105,140.35366666666667,137.6105,TUS Athlone,TUS,272.70733333333334,0,0,0,0,0,late,pt_plus_rail,47,Longford
137050,162.14466666666667,162.14466666666667,162.14466666666667,169.14466666666667,Maynooth University,MU,316.28933333333333,0,0,0,0,0,late,pt_plus_rail,13,Longford
137051,148.06266666666667,148.06266666666667,148.06266666666667,164.06266666666667,Maynooth University,MU,285.12533333333334,0,0,0,0,0,late,pt_plus_rail,11,Longford
137053,139.80366666666666,139.80366666666666,139.80366666666666,143.63666666666666,Maynooth University,MU,269.4376666666667,0,0,0,0,0,late,pt_plus_rail,31,Longford
137054,124.427,124.427,152.2025,124.427,TUS Athlone,TUS,249.854,0,0,0,0,0,late,pt_plus_rail,47,Longford
147001,56.854666666666674,107.348,144.348,56.854666666666674,Dundalk IT,DkIT,113.70933333333336,0,0,1,1,1,late,pt_plus_rail,155,Louth
147002,54.465833333333336,104.95916666666668,141.95916666666668,54.465833333333336,Dundalk IT,DkIT,108.93166666666669,0,0,1,1,1,late,pt_plus_rail,223,Louth
147003,40.93033333333334,115.45316666666668,152.45316666666668,40.93033333333334,Dundalk IT,DkIT,81.86066666666667,0,1,1,1,1,late,pt_plus_rail,105,Louth
147004,44.065333333333335,116.05633333333334,153.05633333333333,44.065333333333335,Dundalk IT,DkIT,88.13066666666667,0,1,1,1,1,late,pt_plus_rail,42,Louth
147005,57.808,139.808,184.808,57.808,Dundalk IT,DkIT,115.616,0,0,1,1,1,late,pt_plus_rail,61,Louth
147006,46.16083333333333,101.37316666666666,138.37316666666666,46.16083333333333,Dundalk IT,DkIT,92.32166666666666,0,0,1,1,1,late,pt_plus_rail,57,Louth
147007,40.5985,117.44783333333334,154.44783333333334,40.5985,Dundalk IT,DkIT,81.197,0,1,1,1,1,late,pt_plus_rail,51,Louth
147008,40.11083333333333,113.4255,150.4255,40.11083333333333,Dundalk IT,DkIT,80.22166666666666,0,1,1,1,1,late,pt_plus_rail,194,Louth
147009,66.52916666666667,98.40316666666666,135.40316666666666,66.52916666666667,Dundalk IT,DkIT,133.05833333333334,0,0,0,1,1,late,pt_plus_rail,165,Louth
147010,59.47083333333334,112.8865,149.8865,59.47083333333334,Dundalk IT,DkIT,118.94166666666668,0,0,1,1,1,late,pt_plus_rail,36,Louth
147011,58.84566666666667,97.0795,134.0795,58.84566666666667,Dundalk IT,DkIT,117.69133333333336,0,0,1,1,1,late,pt_plus_rail,101,Louth
147012,45.852833333333336,117.84383333333336,154.84383333333335,45.852833333333336,Dundalk IT,DkIT,91.70566666666669,0,0,1,1,1,late,pt_plus_rail,37,Louth
147013,44.972833333333334,108.3215,145.3215,44.972833333333334,Dundalk IT,DkIT,89.94566666666667,0,1,1,1,1,late,pt_plus_rail,11,Louth
147014,62.699333333333335,82.642,119.642,62.699333333333335,Dundalk IT,DkIT,125.39866666666668,0,0,0,1,4,late,pt_plus_rail,331,Louth
147015,49.95216666666667,96.4965,133.4965,49.95216666666667,Dundalk IT,DkIT,99.90433333333334,0,0,1,1,1,late,pt_plus_rail,35,Louth
147016,44.62083333333334,107.30583333333334,144.30583333333334,44.62083333333334,Dundalk IT,DkIT,89.24166666666667,0,1,1,1,1,late,pt_plus_rail,100,Louth
147017,55.201,105.038,142.038,55.201,Dundalk IT,DkIT,110.402,0,0,1,1,1,late,pt_plus_rail,80,Louth
147018,58.78516666666667,140.78516666666667,185.78516666666667,58.78516666666667,Dundalk IT,DkIT,117.57033333333334,0,0,1,1,1,late,pt_plus_rail,79,Louth
147019,19.0,114.883,151.883,19.0,Dundalk IT,DkIT,38.0,1,1,1,1,1,late,pt_plus_rail,903,Louth
147020,22.0,111.98816666666669,148.98816666666667,22.0,Dundalk IT,DkIT,44.0,1,1,1,1,1,late,pt_plus_rail,43,Louth
147021,49.184000000000005,96.45066666666666,133.45066666666668,49.184000000000005,Dundalk IT,DkIT,98.368,0,0,1,1,1,late,pt_plus_rail,147,Louth
147022,58.51016666666667,104.6915,141.69150000000002,58.51016666666667,Dundalk IT,DkIT,117.02033333333334,0,0,1,1,1,late,pt_plus_rail,68,Louth
147023,43.46033333333334,125.46033333333334,170.46033333333332,43.46033333333334,Dundalk IT,DkIT,86.92066666666668,0,1,1,1,1,late,pt_plus_rail,42,Louth
147024,63.2475,145.2475,190.2475,63.2475,Dundalk IT,DkIT,126.495,0,0,0,1,1,late,pt_plus_rail,74,Louth
147025,38.963166666666666,110.6095,147.6095,38.963166666666666,Dundalk IT,DkIT,77.92633333333333,0,1,1,1,1,late,pt_plus_rail,335,Louth
147026,46.965666666666664,128.96566666666666,173.96566666666666,46.965666666666664,Dundalk IT,DkIT,93.93133333333331,0,0,1,1,1,late,pt_plus_rail,92,Louth
147027,50.74966666666667,132.74966666666666,177.74966666666666,50.74966666666667,Dundalk IT,DkIT,101.49933333333334,0,0,1,1,1,late,pt_plus_rail,60,Louth
147028,43.84166666666667,115.48983333333334,152.48983333333334,43.84166666666667,Dundalk IT,DkIT,87.68333333333334,0,1,1,1,1,late,pt_plus_rail,82,Louth
147029,47.77966666666667,107.85583333333334,144.85583333333335,47.77966666666667,Dundalk IT,DkIT,95.55933333333334,0,0,1,1,1,late,pt_plus_rail,39,Louth
147030,60.05383333333333,91.41266666666668,128.41266666666667,60.05383333333333,Dundalk IT,DkIT,120.10766666666666,0,0,0,1,1,late,pt_plus_rail,63,Louth
147031,54.244,91.41816666666666,128.41816666666665,54.244,Dundalk IT,DkIT,108.488,0,0,1,1,1,late,pt_plus_rail,127,Louth
147032,54.885666666666665,136.88566666666668,181.88566666666668,54.885666666666665,Dundalk IT,DkIT,109.77133333333332,0,0,1,1,1,late,pt_plus_rail,59,Louth
147033,48.514833333333335,130.51483333333334,175.51483333333334,48.514833333333335,Dundalk IT,DkIT,97.02966666666669,0,0,1,1,1,late,pt_plus_rail,55,Louth
147034,62.769000000000005,81.80966666666667,118.80966666666669,62.769000000000005,Dundalk IT,DkIT,125.538,0,0,0,1,5,late,pt_plus_rail,261,Louth
147035,62.426166666666674,85.93466666666667,122.93466666666669,62.426166666666674,Dundalk IT,DkIT,124.85233333333336,0,0,0,1,2,late,pt_plus_rail,637,Louth
147036,52.67466666666667,103.168,140.168,52.67466666666667,Dundalk IT,DkIT,105.34933333333332,0,0,1,1,1,late,pt_plus_rail,35,Louth
147037,53.89566666666667,111.39783333333334,148.39783333333332,53.89566666666667,Dundalk IT,DkIT,107.79133333333334,0,0,1,1,1,late,pt_plus_rail,39,Louth
147038,69.79433333333333,92.89033333333332,129.89033333333333,69.79433333333333,Dundalk IT,DkIT,139.58866666666663,0,0,0,1,1,late,pt_plus_rail,177,Louth
147039,65.8655,80.63083333333333,117.63083333333331,65.8655,Dundalk IT,DkIT,131.731,0,0,0,1,5,late,pt_plus_rail,134,Louth
147040,18.0,113.46766666666667,150.46766666666667,18.0,Dundalk IT,DkIT,36.0,1,1,1,1,1,late,pt_plus_rail,55,Louth
147041,15.0,114.73083333333334,151.73083333333335,15.0,Dundalk IT,DkIT,30.0,1,1,1,1,1,late,pt_plus_rail,33,Louth
147042,11.0,115.40916666666666,152.40916666666666,11.0,Dundalk IT,DkIT,22.0,1,1,1,1,1,late,pt_plus_rail,220,Louth
147043,64.71233333333333,67.774,112.774,64.71233333333333,Dundalk IT,DkIT,129.42466666666667,0,0,0,7,7,late,pt_plus_rail,375,Louth
167001,,,,,,,,0,0,0,0,0,late,pt_plus_rail,25,Meath
167002,79.78683333333333,79.78683333333333,129.78683333333333,208.0395,TU Dublin Blanchardstown,TU Dublin,160.57366666666667,0,0,0,0,1,late,pt_plus_rail,107,Meath
167003,59.72650000000001,59.72650000000001,91.87216666666669,94.6945,TU Dublin Grangegorman,TU Dublin,118.45300000000002,0,0,1,6,7,late,pt_plus_rail,83,Meath
167004,100.80416666666667,100.80416666666667,137.80416666666667,108.703,TU Dublin Blanchardstown,TU Dublin,192.60833333333335,0,0,0,0,0,late,pt_plus_rail,52,Meath
167005,57.07183333333334,57.07183333333334,57.07183333333334,170.0865,Maynooth University,MU,114.14366666666668,0,0,1,1,1,late,pt_plus_rail,27,Meath
167006,89.0,89.0,89.0,183.02066666666667,Maynooth University,MU,180.336,0,0,0,0,1,late,pt_plus_rail,103,Meath
167007,,,,,,,,0,0,0,0,0,late,pt_plus_rail,17,Meath
167008,58.18650000000001,58.18650000000001,58.18650000000001,171.68333333333334,Maynooth University,MU,116.37300000000002,0,0,1,1,1,late,pt_plus_rail,25,Meath
167009,57.1525,57.1525,57.1525,179.23266666666666,Maynooth University,MU,114.305,0,0,1,1,2,late,pt_plus_rail,24,Meath
167010,,,,,,,,0,0,0,0,0,late,pt_plus_rail,30,Meath
167011,73.95283333333333,73.95283333333333,73.95283333333333,192.48033333333333,Maynooth University,MU,145.90566666666666,0,0,0,1,2,late,pt_plus_rail,65,Meath
167012,,,,,,,,0,0,0,0,0,late,pt_plus_rail,15,Meath
167013,103.69166666666666,103.69166666666666,140.69166666666666,213.69166666666663,TU Dublin Blanchardstown,TU Dublin,198.38333333333333,0,0,0,0,0,late,pt_plus_rail,16,Meath
167014,,,,,,,,0,0,0,0,0,late,pt_plus_rail,19,Meath
167015,91.422,91.422,91.422,182.544,Maynooth University,MU,180.844,0,0,0,0,0,late,pt_plus_rail,24,Meath
167016,,,,,,,,0,0,0,0,0,late,pt_plus_rail,17,Meath
167017,51.837666666666664,51.837666666666664,51.837666666666664,173.2505,Maynooth University,MU,103.67533333333331,0,0,1,1,2,late,pt_plus_rail,137,Meath
167018,121.0,121.0,,,TU Dublin Blanchardstown,TU Dublin,235.0,0,0,0,0,0,late,pt_plus_rail,47,Meath
167019,,,,,,,,0,0,0,0,0,late,pt_plus_rail,22,Meath
167020,81.82916666666668,81.82916666666668,90.18083333333334,195.18083333333337,TU Dublin Blanchardstown,TU Dublin,164.65833333333336,0,0,0,0,1,late,pt_plus_rail,28,Meath
167021,,,,,,,,0,0,0,0,0,late,pt_plus_rail,26,Meath
167022,,,,,,,,0,0,0,0,0,late,pt_plus_rail,11,Meath
167023,,,,,,,,0,0,0,0,0,late,pt_plus_rail,17,Meath
167024,37.796166666666664,37.796166666666664,37.796166666666664,155.21083333333334,Maynooth University,MU,75.59233333333333,0,1,7,8,10,late,pt_plus_rail,40,Meath
167025,41.896,41.896,56.85183333333333,109.15216666666666,Trinity College Dublin,TCD,83.792,0,2,8,9,11,late,pt_plus_rail,512,Meath
167026,113.0,113.0,153.60816666666668,114.60816666666668,TU Dublin Blanchardstown,TU Dublin,234.21633333333335,0,0,0,0,0,late,pt_plus_rail,97,Meath
167027,64.76,113.10833333333332,150.10833333333335,64.76,Dundalk IT,DkIT,129.52,0,0,0,1,1,late,pt_plus_rail,23,Meath
167028,65.73183333333333,65.73183333333333,96.40916666666666,68.74933333333334,TU Dublin Blanchardstown,TU Dublin,132.46366666666663,0,0,0,3,5,late,pt_plus_rail,303,Meath
167029,36.0,36.0,36.99133333333333,147.091,TU Dublin Blanchardstown,TU Dublin,71.0,0,5,8,10,11,late,pt_plus_rail,416,Meath
167030,46.884,46.884,46.884,154.78733333333332,Maynooth University,MU,93.768,0,0,7,8,10,late,pt_plus_rail,283,Meath
167031,42.13016666666667,42.13016666666667,42.13016666666667,168.68233333333333,Maynooth University,MU,84.26033333333334,0,1,1,3,7,late,pt_plus_rail,44,Meath
167032,52.461,52.461,52.461,174.13983333333334,Maynooth University,MU,104.922,0,0,3,6,9,late,pt_plus_rail,25,Meath
167033,,,,,,,,0,0,0,0,0,late,pt_plus_rail,20,Meath
167034,68.48166666666667,105.68516666666667,142.68516666666667,68.48166666666667,Dundalk IT,DkIT,136.96333333333334,0,0,0,1,1,late,pt_plus_rail,33,Meath
167035,110.0,110.0,110.0,196.0,Maynooth University,MU,236.0,0,0,0,0,0,late,pt_plus_rail,16,Meath
167036,59.347,59.347,59.347,173.85216666666668,Maynooth University,MU,118.694,0,0,1,1,1,late,pt_plus_rail,13,Meath
167037,41.71216666666667,41.71216666666667,41.71216666666667,152.0,Maynooth University,MU,83.42433333333334,0,1,1,3,7,late,pt_plus_rail,201,Meath
167038,60.51566666666667,66.78033333333335,98.59083333333334,87.59766666666667,Marino Institute of Education,Marino,120.03133333333334,0,0,0,7,8,late,pt_plus_rail,556,Meath
167039,94.0,94.0,114.0,143.0,TU Dublin Blanchardstown,TU Dublin,180.0,0,0,0,0,0,late,pt_plus_rail,204,Meath
167040,93.0,93.0,113.0,143.0,TU Dublin Blanchardstown,TU Dublin,179.0,0,0,0,0,0,late,pt_plus_rail,96,Meath
167041,58.001333333333335,58.001333333333335,90.147,99.089,TU Dublin Grangegorman,TU Dublin,115.00266666666668,0,0,1,6,7,late,pt_plus_rail,126,Meath
167042,50.116666666666674,50.116666666666674,55.3045,108.39133333333334,Trinity College Dublin,TCD,100.23333333333336,0,0,7,8,10,late,pt_plus_rail,157,Meath
167043,88.5455,88.5455,88.5455,193.5455,Maynooth University,MU,175.091,0,0,0,0,1,late,pt_plus_rail,22,Meath
167044,66.48983333333334,66.48983333333334,69.53816666666667,188.0,TU Dublin Blanchardstown,TU Dublin,134.406,0,0,0,2,5,late,pt_plus_rail,20,Meath
167045,74.42216666666667,74.42216666666667,74.42216666666667,189.85866666666664,Maynooth University,MU,146.84433333333334,0,0,0,1,1,late,pt_plus_rail,60,Meath
167046,71.35133333333334,71.35133333333334,71.35133333333334,179.1175,Maynooth University,MU,140.7026666666667,0,0,0,1,1,late,pt_plus_rail,121,Meath
167047,,,,,,,,0,0,0,0,0,late,pt_plus_rail,14,Meath
167048,113.444,115.444,152.44400000000002,113.444,Dundalk IT,DkIT,231.888,0,0,0,0,0,late,pt_plus_rail,41,Meath
167049,,,,,,,,0,0,0,0,0,late,pt_plus_rail,13,Meath
167050,52.20983333333334,52.20983333333334,52.20983333333334,157.87466666666666,Maynooth University,MU,103.69466666666668,0,0,5,8,10,late,pt_plus_rail,50,Meath
167051,86.83500000000001,86.83500000000001,86.83500000000001,179.53,Maynooth University,MU,171.67000000000002,0,0,0,0,1,late,pt_plus_rail,31,Meath
167052,137.0,137.0,,,TU Dublin Blanchardstown,TU Dublin,257.0,0,0,0,0,0,late,pt_plus_rail,35,Meath
167053,54.727,54.727,54.727,183.01666666666665,Maynooth University,MU,109.454,0,0,1,3,8,late,pt_plus_rail,74,Meath
167054,37.545,37.545,37.545,159.05166666666668,Maynooth University,MU,75.09,0,1,4,8,9,late,pt_plus_rail,75,Meath
167055,,,,,,,,0,0,0,0,0,late,pt_plus_rail,26,Meath
167056,,,,,,,,0,0,0,0,0,late,pt_plus_rail,12,Meath
167057,50.02816666666667,50.02816666666667,50.02816666666667,180.17916666666667,Maynooth University,MU,100.05633333333334,0,0,1,2,5,late,pt_plus_rail,28,Meath
167058,120.0,120.0,187.0,,TU Dublin Blanchardstown,TU Dublin,233.0,0,0,0,0,0,late,pt_plus_rail,27,Meath
167059,,,,,,,,0,0,0,0,0,late,pt_plus_rail,12,Meath
167060,103.67883333333334,103.67883333333334,140.67883333333333,213.67883333333333,TU Dublin Blanchardstown,TU Dublin,198.3576666666667,0,0,0,0,0,late,pt_plus_rail,34,Meath
167061,66.5365,95.919,132.919,66.5365,Dundalk IT,DkIT,133.073,0,0,0,1,1,late,pt_plus_rail,31,Meath
167062,161.0,161.0,,,TU Dublin Blanchardstown,TU Dublin,297.0,0,0,0,0,0,late,pt_plus_rail,20,Meath
167063,,,,,,,,0,0,0,0,0,late,pt_plus_rail,12,Meath
167064,129.0,129.0,,,TU Dublin Blanchardstown,TU Dublin,254.0,0,0,0,0,0,late,pt_plus_rail,7,Meath
167065,66.3725,66.3725,91.6155,109.6875,TU Dublin Blanchardstown,TU Dublin,133.3725,0,0,0,1,4,late,pt_plus_rail,1576,Meath
167066,64.0,64.0,74.66416666666666,108.92666666666668,TU Dublin Blanchardstown,TU Dublin,121.0,0,0,0,3,5,late,pt_plus_rail,94,Meath
167067,,,,,,,,0,0,0,0,0,late,pt_plus_rail,13,Meath
167068,151.0,180.0,228.0,151.0,Dundalk IT,DkIT,306.0,0,0,0,0,0,late,pt_plus_rail,40,Meath
167069,106.0,106.0,116.0,138.0,TU Dublin Blanchardstown,TU Dublin,189.0,0,0,0,0,0,late,pt_plus_rail,31,Meath
167070,237.0,237.0,,,TU Dublin Blanchardstown,TU Dublin,394.0,0,0,0,0,0,late,pt_plus_rail,103,Meath
167071,63.51533333333334,63.51533333333334,92.567,99.617,TU Dublin Blanchardstown,TU Dublin,128.03066666666666,0,0,0,6,7,late,pt_plus_rail,52,Meath
167072,,,,,,,,0,0,0,0,0,late,pt_plus_rail,10,Meath
167073,45.712500000000006,45.712500000000006,45.712500000000006,166.52216666666666,Maynooth University,MU,91.425,0,0,1,2,5,late,pt_plus_rail,21,Meath
167074,48.976333333333336,48.976333333333336,59.98316666666667,100.7885,Trinity College Dublin,TCD,97.95266666666669,0,0,7,8,10,late,pt_plus_rail,49,Meath
167075,109.04766666666669,111.04766666666669,148.04766666666666,109.04766666666669,Dundalk IT,DkIT,223.09533333333337,0,0,0,0,0,late,pt_plus_rail,26,Meath
167076,101.21666666666668,101.21666666666668,138.21666666666667,211.21666666666667,TU Dublin Blanchardstown,TU Dublin,193.43333333333337,0,0,0,0,0,late,pt_plus_rail,52,Meath
167077,53.639833333333335,53.639833333333335,53.639833333333335,174.4495,Maynooth University,MU,107.27966666666669,0,0,1,1,2,late,pt_plus_rail,50,Meath
167078,46.21533333333334,46.21533333333334,47.705333333333336,110.0945,Trinity College Dublin,TCD,92.43066666666668,0,0,7,9,11,late,pt_plus_rail,707,Meath
167079,29.3665,29.3665,29.3665,155.74983333333333,Maynooth University,MU,58.733,1,1,4,8,9,late,pt_plus_rail,54,Meath
167080,59.090333333333334,59.090333333333334,59.090333333333334,110.73433333333332,Maynooth University,MU,117.42266666666669,0,0,3,5,8,late,pt_plus_rail,75,Meath
167081,69.12516666666667,98.50766666666668,135.5076666666667,69.12516666666667,Dundalk IT,DkIT,138.25033333333334,0,0,0,1,1,late,pt_plus_rail,59,Meath
167082,69.10133333333334,69.10133333333334,114.10133333333334,82.9795,Trinity College Dublin,TCD,138.2026666666667,0,0,0,5,7,late,pt_plus_rail,734,Meath
167083,103.027,105.027,142.027,103.027,Dundalk IT,DkIT,211.054,0,0,0,0,0,late,pt_plus_rail,32,Meath
167084,,,,,,,,0,0,0,0,0,late,pt_plus_rail,18,Meath
167085,51.04983333333333,51.04983333333333,94.36866666666668,95.07766666666666,Trinity College Dublin,TCD,102.09966666666666,0,0,3,7,8,late,pt_plus_rail,329,Meath
167086,,,,,,,,0,0,0,0,0,late,pt_plus_rail,6,Meath
167087,44.022166666666664,44.022166666666664,44.022166666666664,170.82733333333334,Maynooth University,MU,88.04433333333333,0,1,1,4,9,late,pt_plus_rail,72,Meath
167088,58.34416666666667,58.34416666666667,58.39,113.84733333333334,TU Dublin Grangegorman,TU Dublin,115.68833333333336,0,0,3,6,9,late,pt_plus_rail,39,Meath
167089,,,,,,,,0,0,0,0,0,late,pt_plus_rail,32,Meath
167090,57.148833333333336,57.148833333333336,57.148833333333336,178.0,Maynooth University,MU,114.29766666666669,0,0,1,3,6,late,pt_plus_rail,396,Meath
167091,57.02783333333334,57.02783333333334,57.02783333333334,182.0,Maynooth University,MU,114.05566666666668,0,0,1,3,5,late,pt_plus_rail,32,Meath
167092,,,,,,,,0,0,0,0,0,late,pt_plus_rail,15,Meath
177001,,,,,,,,0,0,0,0,0,late,pt_plus_rail,22,Monaghan
177002,,,,,,,,0,0,0,0,0,late,pt_plus_rail,63,Monaghan
177003,,,,,,,,0,0,0,0,0,late,pt_plus_rail,24,Monaghan
177004,,,,,,,,0,0,0,0,0,late,pt_plus_rail,12,Monaghan
177005,,,,,,,,0,0,0,0,0,late,pt_plus_rail,68,Monaghan
177006,,,,,,,,0,0,0,0,0,late,pt_plus_rail,9,Monaghan
177007,52.221833333333336,134.22183333333334,179.22183333333334,52.221833333333336,Dundalk IT,DkIT,104.44366666666669,0,0,1,1,1,late,pt_plus_rail,56,Monaghan
177008,,,,,,,,0,0,0,0,0,late,pt_plus_rail,63,Monaghan
177009,,,,,,,,0,0,0,0,0,late,pt_plus_rail,16,Monaghan
177010,66.06533333333334,148.06533333333334,193.06533333333337,66.06533333333334,Dundalk IT,DkIT,132.13066666666668,0,0,0,1,1,late,pt_plus_rail,27,Monaghan
177011,,,,,,,,0,0,0,0,0,late,pt_plus_rail,14,Monaghan
177012,58.409333333333336,140.40933333333334,185.40933333333336,58.409333333333336,Dundalk IT,DkIT,116.81866666666669,0,0,1,1,1,late,pt_plus_rail,46,Monaghan
177013,,,,,,,,0,0,0,0,0,late,pt_plus_rail,28,Monaghan
177014,68.03066666666668,150.03066666666666,195.03066666666663,68.03066666666668,Dundalk IT,DkIT,136.06133333333335,0,0,0,1,1,late,pt_plus_rail,22,Monaghan
177015,,,,,,,,0,0,0,0,0,late,pt_plus_rail,20,Monaghan
177016,57.566,139.566,184.566,57.566,Dundalk IT,DkIT,115.132,0,0,1,1,1,late,pt_plus_rail,212,Monaghan
177017,56.0535,138.0535,183.0535,56.0535,Dundalk IT,DkIT,112.107,0,0,1,1,1,late,pt_plus_rail,89,Monaghan
177018,61.262,143.262,188.262,61.262,Dundalk IT,DkIT,122.524,0,0,0,1,1,late,pt_plus_rail,26,Monaghan
177019,61.83583333333334,143.83583333333334,188.83583333333337,61.83583333333334,Dundalk IT,DkIT,123.67166666666668,0,0,0,1,1,late,pt_plus_rail,160,Monaghan
177020,,,,,,,,0,0,0,0,0,late,pt_plus_rail,49,Monaghan
177021,68.41749999999999,150.4175,195.4175,68.41749999999999,Dundalk IT,DkIT,136.83499999999998,0,0,0,1,1,late,pt_plus_rail,31,Monaghan
177022,,,,,,,,0,0,0,0,0,late,pt_plus_rail,24,Monaghan
177023,,,,,,,,0,0,0,0,0,late,pt_plus_rail,42,Monaghan
177024,210.0,210.0,,229.0,Trinity College Dublin,TCD,423.0,0,0,0,0,0,late,pt_plus_rail,18,Monaghan
177025,151.0,187.0,,151.0,Dundalk IT,DkIT,325.0,0,0,0,0,0,late,pt_plus_rail,31,Monaghan
177026,,,,,,,,0,0,0,0,0,late,pt_plus_rail,17,Monaghan
177027,,,,,,,,0,0,0,0,0,late,pt_plus_rail,17,Monaghan
177028,,,,,,,,0,0,0,0,0,late,pt_plus_rail,29,Monaghan
177029,66.81883333333333,148.81883333333332,193.81883333333332,66.81883333333333,Dundalk IT,DkIT,133.63766666666666,0,0,0,1,1,late,pt_plus_rail,55,Monaghan
177030,61.85783333333333,143.85783333333333,188.85783333333333,61.85783333333333,Dundalk IT,DkIT,123.71566666666666,0,0,0,1,1,late,pt_plus_rail,28,Monaghan
177031,,,,,,,,0,0,0,0,0,late,pt_plus_rail,30,Monaghan
177032,,,,,,,,0,0,0,0,0,late,pt_plus_rail,35,Monaghan
177033,,,,,,,,0,0,0,0,0,late,pt_plus_rail,9,Monaghan
177034,58.80166666666667,140.80166666666668,185.80166666666668,58.80166666666667,Dundalk IT,DkIT,117.60333333333334,0,0,1,1,1,late,pt_plus_rail,34,Monaghan
177035,,,,,,,,0,0,0,0,0,late,pt_plus_rail,14,Monaghan
177036,63.41066666666667,117.18933333333334,154.18933333333334,63.41066666666667,Dundalk IT,DkIT,126.82133333333334,0,0,0,1,1,late,pt_plus_rail,31,Monaghan
177037,,,,,,,,0,0,0,0,0,late,pt_plus_rail,26,Monaghan
177038,66.07633333333334,148.07633333333334,193.07633333333337,66.07633333333334,Dundalk IT,DkIT,132.15266666666668,0,0,0,1,1,late,pt_plus_rail,38,Monaghan
177039,,,,,,,,0,0,0,0,0,late,pt_plus_rail,34,Monaghan
177040,,,,,,,,0,0,0,0,0,late,pt_plus_rail,5,Monaghan
177041,,,,,,,,0,0,0,0,0,late,pt_plus_rail,44,Monaghan
177042,231.0,231.0,,236.0,DCU Glasnevin,DCU,434.0,0,0,0,0,0,late,pt_plus_rail,49,Monaghan
177043,,,,,,,,0,0,0,0,0,late,pt_plus_rail,18,Monaghan
177044,65.06066666666666,147.06066666666666,192.06066666666663,65.06066666666666,Dundalk IT,DkIT,130.12133333333333,0,0,0,1,1,late,pt_plus_rail,26,Monaghan
177045,,,,,,,,0,0,0,0,0,late,pt_plus_rail,27,Monaghan
177046,140.96300000000002,191.963,240.963,140.96300000000002,Dundalk IT,DkIT,279.92600000000004,0,0,0,0,0,late,pt_plus_rail,24,Monaghan
177047,,,,,,,,0,0,0,0,0,late,pt_plus_rail,17,Monaghan
177048,53.5125,135.5125,180.5125,53.5125,Dundalk IT,DkIT,107.025,0,0,1,1,1,late,pt_plus_rail,49,Monaghan
177049,,,,,,,,0,0,0,0,0,late,pt_plus_rail,14,Monaghan
177050,,,,,,,,0,0,0,0,0,late,pt_plus_rail,23,Monaghan
177052,,,,,,,,0,0,0,0,0,late,pt_plus_rail,24,Monaghan
177053,55.463166666666666,137.46316666666667,182.46316666666667,55.463166666666666,Dundalk IT,DkIT,110.92633333333332,0,0,1,1,1,late,pt_plus_rail,38,Monaghan
177054,59.08583333333334,141.08583333333334,186.08583333333337,59.08583333333334,Dundalk IT,DkIT,118.17166666666668,0,0,1,1,1,late,pt_plus_rail,28,Monaghan
177055,,,,,,,,0,0,0,0,0,late,pt_plus_rail,30,Monaghan
177056,,,,,,,,0,0,0,0,0,late,pt_plus_rail,26,Monaghan
177057,59.77883333333334,141.77883333333335,186.77883333333335,59.77883333333334,Dundalk IT,DkIT,119.55766666666668,0,0,1,1,1,late,pt_plus_rail,32,Monaghan
177058,163.0,199.0,,163.0,Dundalk IT,DkIT,288.0,0,0,0,0,0,late,pt_plus_rail,288,Monaghan
177059,151.0,176.0,237.0,151.0,Dundalk IT,DkIT,264.0,0,0,0,0,0,late,pt_plus_rail,53,Monaghan
177060,69.68616666666668,151.68616666666668,196.68616666666668,69.68616666666668,Dundalk IT,DkIT,139.37233333333336,0,0,0,1,1,late,pt_plus_rail,12,Monaghan
177061,,,,,,,,0,0,0,0,0,late,pt_plus_rail,39,Monaghan
177062,,,,,,,,0,0,0,0,0,late,pt_plus_rail,43,Monaghan
177063,,,,,,,,0,0,0,0,0,late,pt_plus_rail,11,Monaghan
177064,,,,,,,,0,0,0,0,0,late,pt_plus_rail,60,Monaghan
177065,,,,,,,,0,0,0,0,0,late,pt_plus_rail,9,Monaghan
177066,,,,,,,,0,0,0,0,0,late,pt_plus_rail,39,Monaghan
177067,,,,,,,,0,0,0,0,0,late,pt_plus_rail,15,Monaghan
177068,,,,,,,,0,0,0,0,0,late,pt_plus_rail,42,Monaghan
177069,,,,,,,,0,0,0,0,0,late,pt_plus_rail,45,Monaghan
177070,,,,,,,,0,0,0,0,0,late,pt_plus_rail,30,Monaghan
187001,170.96883333333332,172.96883333333332,202.96883333333332,200.96883333333332,NCAD (Thomas St),NCAD,294.4513333333333,0,0,0,0,0,late,pt_plus_rail,6,Offaly
187003,181.11633333333333,183.11633333333333,213.11633333333333,211.11633333333333,NCAD (Thomas St),NCAD,316.20383333333336,0,0,0,0,0,late,pt_plus_rail,7,Offaly
187004,89.41266666666667,89.41266666666667,89.41266666666667,98.815,Maynooth University,MU,176.82533333333333,0,0,0,0,1,late,pt_plus_rail,56,Offaly
187005,86.28066666666666,86.28066666666666,147.67966666666666,86.28066666666666,TUS Athlone,TUS,196.56133333333332,0,0,0,0,1,late,pt_plus_rail,21,Offaly
187006,41.8805,41.8805,163.34666666666666,41.8805,TUS Athlone,TUS,83.761,0,1,1,1,1,late,pt_plus_rail,35,Offaly
187007,88.18983333333334,88.18983333333334,88.18983333333334,112.06466666666668,Maynooth University,MU,174.37966666666668,0,0,0,0,1,late,pt_plus_rail,32,Offaly
187008,97.34933333333332,102.34933333333332,121.34933333333332,102.34933333333332,NCAD (Thomas St),NCAD,185.69866666666667,0,0,0,0,0,late,pt_plus_rail,19,Offaly
187009,51.5,51.5,190.5,51.5,TUS Athlone,TUS,103.0,0,0,1,1,1,late,pt_plus_rail,92,Offaly
187010,177.29383333333334,179.29383333333334,209.29383333333337,207.29383333333337,NCAD (Thomas St),NCAD,305.65666666666664,0,0,0,0,0,late,pt_plus_rail,7,Offaly
187011,42.447,42.447,161.60866666666666,42.447,TUS Athlone,TUS,84.894,0,1,1,1,1,late,pt_plus_rail,23,Offaly
187012,110.99583333333334,110.99583333333334,176.99583333333334,110.99583333333334,TUS Athlone,TUS,245.99166666666667,0,0,0,0,0,late,pt_plus_rail,27,Offaly
187013,107.65733333333333,107.65733333333333,173.65733333333333,107.65733333333333,TUS Athlone,TUS,202.65733333333333,0,0,0,0,0,late,pt_plus_rail,185,Offaly
187014,100.34683333333334,105.34683333333334,116.276,105.34683333333334,NCAD (Thomas St),NCAD,184.89416666666668,0,0,0,0,0,late,pt_plus_rail,49,Offaly
187015,47.44833333333334,47.44833333333334,162.65,47.44833333333334,TUS Athlone,TUS,94.89666666666668,0,0,1,1,1,late,pt_plus_rail,5,Offaly
187016,180.8725,182.8725,212.8725,210.8725,NCAD (Thomas St),NCAD,315.5713333333333,0,0,0,0,0,late,pt_plus_rail,9,Offaly
187017,50.08833333333334,50.08833333333334,137.16366666666667,50.08833333333334,TUS Athlone,TUS,100.17666666666668,0,0,1,1,1,late,pt_plus_rail,88,Offaly
187018,37.0185,37.0185,146.44216666666668,37.0185,TUS Athlone,TUS,74.037,0,1,1,1,1,late,pt_plus_rail,181,Offaly
187019,42.755,42.755,167.69166666666666,42.755,TUS Athlone,TUS,85.51,0,1,1,1,1,late,pt_plus_rail,36,Offaly
187020,92.69983333333334,92.69983333333334,92.69983333333334,111.14066666666668,Maynooth University,MU,183.3996666666667,0,0,0,0,0,late,pt_plus_rail,38,Offaly
187021,45.1145,45.1145,184.1145,45.1145,TUS Athlone,TUS,90.229,0,0,1,1,1,late,pt_plus_rail,12,Offaly
187022,89.69683333333333,89.69683333333333,89.69683333333333,194.69683333333333,Maynooth University,MU,177.39366666666666,0,0,0,0,1,late,pt_plus_rail,17,Offaly
187023,95.93866666666668,95.93866666666668,124.72633333333332,95.93866666666668,TUS Athlone,TUS,192.45266666666663,0,0,0,0,0,late,pt_plus_rail,35,Offaly
187024,99.40533333333336,99.40533333333336,143.94333333333333,99.40533333333336,TUS Athlone,TUS,227.34866666666667,0,0,0,0,0,late,pt_plus_rail,28,Offaly
187025,176.8135,178.8135,208.8135,206.8135,NCAD (Thomas St),NCAD,298.5781666666667,0,0,0,0,0,late,pt_plus_rail,21,Offaly
187026,94.67916666666667,94.67916666666667,142.03666666666666,94.67916666666667,TUS Athlone,TUS,213.35833333333335,0,0,0,0,0,late,pt_plus_rail,49,Offaly
187027,96.69216666666668,96.69216666666668,162.69216666666668,96.69216666666668,TUS Athlone,TUS,217.38433333333333,0,0,0,0,0,late,pt_plus_rail,8,Offaly
187028,,,,,,,,0,0,0,0,0,late,pt_plus_rail,16,Offaly
187029,81.47533333333334,81.47533333333334,159.96233333333333,81.47533333333334,TUS Athlone,TUS,191.95066666666668,0,0,0,0,1,late,pt_plus_rail,14,Offaly
187030,29.8575,29.8575,168.85750000000002,29.8575,TUS Athlone,TUS,59.715,1,1,1,1,1,late,pt_plus_rail,17,Offaly
187031,178.51850000000002,180.5185,210.5185,208.5185,NCAD (Thomas St),NCAD,311.67550000000006,0,0,0,0,0,late,pt_plus_rail,22,Offaly
187032,100.14983333333332,100.14983333333332,166.14983333333333,100.14983333333332,TUS Athlone,TUS,224.29966666666667,0,0,0,0,0,late,pt_plus_rail,24,Offaly
187033,171.13566666666668,173.13566666666668,203.13566666666668,201.13566666666668,NCAD (Thomas St),NCAD,292.96816666666666,0,0,0,0,0,late,pt_plus_rail,18,Offaly
187034,42.79166666666667,42.79166666666667,139.84033333333332,42.79166666666667,TUS Athlone,TUS,85.58333333333334,0,1,1,1,1,late,pt_plus_rail,34,Offaly
187035,74.71733333333333,74.71733333333333,74.71733333333333,124.606,Maynooth University,MU,147.43466666666666,0,0,0,1,1,late,pt_plus_rail,47,Offaly
187036,59.552333333333344,59.552333333333344,59.552333333333344,124.58216666666668,Maynooth University,MU,119.10466666666667,0,0,1,1,1,late,pt_plus_rail,373,Offaly
187037,105.241,105.241,171.241,105.241,TUS Athlone,TUS,234.48199999999997,0,0,0,0,0,late,pt_plus_rail,4,Offaly
187039,173.03316666666666,175.03316666666666,205.03316666666663,203.03316666666663,NCAD (Thomas St),NCAD,299.7643333333333,0,0,0,0,0,late,pt_plus_rail,16,Offaly
187040,37.2605,37.2605,172.97716666666668,37.2605,TUS Athlone,TUS,74.521,0,1,1,1,1,late,pt_plus_rail,49,Offaly
187041,40.44133333333333,40.44133333333333,169.34533333333334,40.44133333333333,TUS Athlone,TUS,80.88266666666667,0,1,1,1,1,late,pt_plus_rail,29,Offaly
187042,87.28716666666666,87.28716666666666,133.60516666666666,87.28716666666666,TUS Athlone,TUS,198.57433333333333,0,0,0,0,1,late,pt_plus_rail,55,Offaly
187043,151.50916666666666,158.50916666666666,161.50916666666666,161.50916666666666,NCAD (Thomas St),NCAD,267.354,0,0,0,0,0,late,pt_plus_rail,13,Offaly
187044,29.764000000000003,29.764000000000003,145.79133333333334,29.764000000000003,TUS Athlone,TUS,59.528000000000006,1,1,1,1,1,late,pt_plus_rail,23,Offaly
187045,99.89033333333332,103.6845,123.89033333333332,103.6845,NCAD (Thomas St),NCAD,190.78066666666663,0,0,0,0,0,late,pt_plus_rail,26,Offaly
187046,31.690833333333337,31.690833333333337,170.69083333333333,31.690833333333337,TUS Athlone,TUS,63.38166666666667,0,1,1,1,1,late,pt_plus_rail,6,Offaly
187047,48.022166666666664,48.022166666666664,175.69966666666667,48.022166666666664,TUS Athlone,TUS,96.04433333333331,0,0,1,1,1,late,pt_plus_rail,17,Offaly
187048,95.7095,95.7095,145.84083333333334,95.7095,TUS Athlone,TUS,215.419,0,0,0,0,0,late,pt_plus_rail,26,Offaly
187049,171.72416666666666,173.72416666666666,203.72416666666663,201.72416666666663,NCAD (Thomas St),NCAD,298.08683333333335,0,0,0,0,0,late,pt_plus_rail,21,Offaly
187050,51.866666666666674,51.866666666666674,157.75683333333333,51.866666666666674,TUS Athlone,TUS,103.73333333333336,0,0,1,1,1,late,pt_plus_rail,55,Offaly
187051,31.50016666666667,31.50016666666667,147.643,31.50016666666667,TUS Athlone,TUS,63.00033333333334,0,1,1,1,1,late,pt_plus_rail,20,Offaly
187052,83.32533333333333,83.32533333333333,144.948,83.32533333333333,TUS Athlone,TUS,190.65066666666667,0,0,0,0,1,late,pt_plus_rail,67,Offaly
187053,89.247,89.247,155.247,89.247,TUS Athlone,TUS,202.494,0,0,0,0,1,late,pt_plus_rail,11,Offaly
187054,86.46583333333334,86.46583333333334,152.46583333333334,86.46583333333334,TUS Athlone,TUS,196.93166666666667,0,0,0,0,1,late,pt_plus_rail,26,Offaly
187055,109.93066666666668,109.93066666666668,175.93066666666667,109.93066666666668,TUS Athlone,TUS,243.8613333333333,0,0,0,0,0,late,pt_plus_rail,12,Offaly
187056,103.877,103.877,162.88783333333333,103.877,TUS Athlone,TUS,231.754,0,0,0,0,0,late,pt_plus_rail,13,Offaly
187057,104.515,104.515,170.515,104.515,TUS Athlone,TUS,233.02999999999997,0,0,0,0,0,late,pt_plus_rail,11,Offaly
187058,86.7855,86.7855,86.7855,96.18783333333334,Maynooth University,MU,171.571,0,0,0,0,1,late,pt_plus_rail,11,Offaly
187059,52.068333333333335,52.068333333333335,159.79916666666668,52.068333333333335,TUS Athlone,TUS,104.13666666666668,0,0,1,1,1,late,pt_plus_rail,20,Offaly
187060,98.157,98.157,161.7915,98.157,TUS Athlone,TUS,220.314,0,0,0,0,0,late,pt_plus_rail,6,Offaly
187061,40.87766666666667,40.87766666666667,177.0985,40.87766666666667,TUS Athlone,TUS,81.75533333333334,0,1,1,1,1,late,pt_plus_rail,11,Offaly
187062,198.94183333333336,200.94183333333336,230.94183333333336,228.94183333333336,NCAD (Thomas St),NCAD,384.8836666666666,0,0,0,0,0,late,pt_plus_rail,22,Offaly
187063,88.36583333333334,88.36583333333334,88.36583333333334,112.49916666666668,Maynooth University,MU,174.73166666666668,0,0,0,0,1,late,pt_plus_rail,41,Offaly
187064,97.01483333333334,97.01483333333334,136.9125,97.01483333333334,TUS Athlone,TUS,216.825,0,0,0,0,0,late,pt_plus_rail,15,Offaly
187065,112.8915,112.8915,178.8915,112.8915,TUS Athlone,TUS,249.783,0,0,0,0,0,late,pt_plus_rail,13,Offaly
187066,169.95866666666666,171.95866666666666,201.95866666666663,199.95866666666663,NCAD (Thomas St),NCAD,293.7436666666666,0,0,0,0,0,late,pt_plus_rail,99,Offaly
187067,41.59816666666667,41.59816666666667,177.181,41.59816666666667,TUS Athlone,TUS,83.19633333333334,0,1,1,1,1,late,pt_plus_rail,23,Offaly
187068,93.57916666666668,93.57916666666668,128.38566666666668,93.57916666666668,TUS Athlone,TUS,199.77133333333333,0,0,0,0,0,late,pt_plus_rail,7,Offaly
187069,89.85283333333334,94.85283333333334,113.85283333333334,94.85283333333334,NCAD (Thomas St),NCAD,170.70566666666667,0,0,0,0,1,late,pt_plus_rail,85,Offaly
187070,48.6785,48.6785,154.84366666666668,48.6785,TUS Athlone,TUS,97.357,0,0,1,1,1,late,pt_plus_rail,35,Offaly
187071,102.5405,102.5405,130.45733333333334,102.5405,TUS Athlone,TUS,203.91466666666668,0,0,0,0,0,late,pt_plus_rail,16,Offaly
187072,102.7165,102.7165,130.63333333333333,102.7165,TUS Athlone,TUS,204.26666666666668,0,0,0,0,0,late,pt_plus_rail,26,Offaly
187073,91.27833333333334,91.27833333333334,157.27833333333334,91.27833333333334,TUS Athlone,TUS,206.55666666666667,0,0,0,0,0,late,pt_plus_rail,22,Offaly
187074,175.49716666666666,177.49716666666666,207.49716666666663,205.49716666666663,NCAD (Thomas St),NCAD,303.508,0,0,0,0,0,late,pt_plus_rail,11,Offaly
187075,80.65416666666667,80.65416666666667,146.65416666666667,80.65416666666667,TUS Athlone,TUS,177.65416666666667,0,0,0,0,1,late,pt_plus_rail,75,Offaly
187076,111.4285,111.4285,177.4285,111.4285,TUS Athlone,TUS,246.85699999999997,0,0,0,0,0,late,pt_plus_rail,15,Offaly
187077,47.69216666666667,47.69216666666667,186.69216666666668,47.69216666666667,TUS Athlone,TUS,95.38433333333334,0,0,1,1,1,late,pt_plus_rail,8,Offaly
187078,49.036,49.036,176.75383333333335,49.036,TUS Athlone,TUS,98.072,0,0,1,1,1,late,pt_plus_rail,14,Offaly
187079,150.0,150.0,205.11933333333337,150.0,TUS Athlone,TUS,300.87716666666665,0,0,0,0,0,late,pt_plus_rail,44,Offaly
187080,43.822,43.822,147.1535,43.822,TUS Athlone,TUS,87.644,0,1,1,1,1,late,pt_plus_rail,33,Offaly
187081,42.70366666666667,42.70366666666667,165.9115,42.70366666666667,TUS Athlone,TUS,85.40733333333334,0,1,1,1,1,late,pt_plus_rail,26,Offaly
187082,182.73333333333335,184.73333333333335,214.73333333333335,212.73333333333335,NCAD (Thomas St),NCAD,310.41783333333336,0,0,0,0,0,late,pt_plus_rail,7,Offaly
187083,35.759,35.759,160.912,35.759,TUS Athlone,TUS,71.518,0,1,1,1,1,late,pt_plus_rail,18,Offaly
187084,49.99483333333334,49.99483333333334,146.93900000000002,49.99483333333334,TUS Athlone,TUS,99.98966666666668,0,0,1,1,1,late,pt_plus_rail,25,Offaly
187085,188.25716666666665,190.25716666666665,220.25716666666665,218.25716666666665,NCAD (Thomas St),NCAD,363.5143333333333,0,0,0,0,0,late,pt_plus_rail,5,Offaly
187086,48.4255,48.4255,113.0,48.4255,TUS Athlone,TUS,96.851,0,0,1,1,1,late,pt_plus_rail,131,Offaly
187087,49.78216666666667,49.78216666666667,111.0,49.78216666666667,TUS Athlone,TUS,99.56433333333334,0,0,1,1,1,late,pt_plus_rail,423,Offaly
237001,48.0515,48.0515,145.10016666666667,48.0515,TUS Athlone,TUS,96.103,0,0,1,1,1,late,pt_plus_rail,19,Westmeath
237002,33.13366666666667,33.13366666666667,172.13366666666667,33.13366666666667,TUS Athlone,TUS,66.26733333333334,0,1,1,1,1,late,pt_plus_rail,20,Westmeath
237003,5.0,5.0,147.0,5.0,TUS Athlone,TUS,10.0,1,1,1,1,1,late,pt_plus_rail,123,Westmeath
237004,16.842666666666666,16.842666666666666,155.84266666666667,16.842666666666666,TUS Athlone,TUS,33.68533333333333,1,1,1,1,1,late,pt_plus_rail,296,Westmeath
237005,17.209333333333333,17.209333333333333,156.20933333333335,17.209333333333333,TUS Athlone,TUS,34.41866666666667,1,1,1,1,1,late,pt_plus_rail,94,Westmeath
237006,36.85716666666667,36.85716666666667,159.8785,36.85716666666667,TUS Athlone,TUS,73.71433333333334,0,1,1,1,1,late,pt_plus_rail,38,Westmeath
237007,127.54233333333332,127.54233333333332,127.54233333333332,151.5025,Maynooth University,MU,233.08466666666664,0,0,0,0,0,late,pt_plus_rail,71,Westmeath
237008,143.40800000000002,143.40800000000002,143.40800000000002,178.40800000000002,Maynooth University,MU,264.81600000000003,0,0,0,0,0,late,pt_plus_rail,6,Westmeath
237009,49.74,49.74,128.53966666666668,49.74,TUS Athlone,TUS,99.48,0,0,1,1,1,late,pt_plus_rail,12,Westmeath
237010,38.99483333333333,38.99483333333333,147.3735,38.99483333333333,TUS Athlone,TUS,77.98966666666666,0,1,1,1,1,late,pt_plus_rail,7,Westmeath
237011,139.54333333333335,139.54333333333335,139.54333333333335,174.54333333333335,Maynooth University,MU,257.0866666666667,0,0,0,0,0,late,pt_plus_rail,12,Westmeath
237012,45.25933333333333,45.25933333333333,73.80983333333333,45.25933333333333,TUS Athlone,TUS,90.51866666666666,0,0,1,2,2,late,pt_plus_rail,39,Westmeath
237013,39.213,39.213,135.72266666666667,39.213,TUS Athlone,TUS,78.426,0,1,1,1,1,late,pt_plus_rail,26,Westmeath
237014,50.2075,50.2075,137.81816666666668,50.2075,TUS Athlone,TUS,100.415,0,0,1,1,1,late,pt_plus_rail,14,Westmeath
237015,142.48766666666666,142.48766666666666,142.48766666666666,177.48766666666666,Maynooth University,MU,262.9753333333333,0,0,0,0,0,late,pt_plus_rail,22,Westmeath
237016,31.872333333333337,31.872333333333337,170.5755,31.872333333333337,TUS Athlone,TUS,63.744666666666674,0,1,1,1,1,late,pt_plus_rail,29,Westmeath
237017,92.04533333333332,92.04533333333332,92.04533333333332,98.90666666666668,Maynooth University,MU,182.09066666666664,0,0,0,0,0,late,pt_plus_rail,18,Westmeath
237018,145.46483333333333,145.46483333333333,145.46483333333333,161.46483333333333,Maynooth University,MU,279.92966666666666,0,0,0,0,0,late,pt_plus_rail,17,Westmeath
237019,133.38150000000002,133.38150000000002,133.38150000000002,168.38150000000002,Maynooth University,MU,244.76300000000003,0,0,0,0,0,late,pt_plus_rail,13,Westmeath
237020,30.689833333333336,30.689833333333336,169.68983333333333,30.689833333333336,TUS Athlone,TUS,61.37966666666667,0,1,1,1,1,late,pt_plus_rail,35,Westmeath
237021,92.48166666666668,92.48166666666668,92.48166666666668,94.79816666666667,Maynooth University,MU,182.96333333333337,0,0,0,0,0,late,pt_plus_rail,15,Westmeath
237022,72.15433333333334,72.15433333333334,72.15433333333334,100.89583333333334,Maynooth University,MU,142.30866666666668,0,0,0,1,1,late,pt_plus_rail,41,Westmeath
237023,33.089666666666666,33.089666666666666,172.08966666666666,33.089666666666666,TUS Athlone,TUS,66.17933333333333,0,1,1,1,1,late,pt_plus_rail,32,Westmeath
237024,52.38366666666666,52.38366666666666,72.4715,52.38366666666666,TUS Athlone,TUS,104.76733333333333,0,0,1,2,2,late,pt_plus_rail,88,Westmeath
237025,92.13066666666668,92.13066666666668,132.08533333333332,92.13066666666668,TUS Athlone,TUS,208.216,0,0,0,0,0,late,pt_plus_rail,39,Westmeath
237026,92.138,92.138,124.89316666666669,92.138,TUS Athlone,TUS,201.03116666666668,0,0,0,0,0,late,pt_plus_rail,22,Westmeath
237027,88.68666666666667,88.68666666666667,88.68666666666667,155.27316666666667,Maynooth University,MU,175.3733333333333,0,0,0,0,1,late,pt_plus_rail,28,Westmeath
237028,142.73516666666666,142.73516666666666,142.73516666666666,177.73516666666666,Maynooth University,MU,263.4703333333333,0,0,0,0,0,late,pt_plus_rail,26,Westmeath
237029,46.837833333333336,46.837833333333336,74.71916666666667,46.837833333333336,TUS Athlone,TUS,93.67566666666669,0,0,1,2,2,late,pt_plus_rail,33,Westmeath
237030,92.2855,92.2855,92.2855,158.872,Maynooth University,MU,182.57100000000003,0,0,0,0,0,late,pt_plus_rail,21,Westmeath
237031,135.66766666666666,135.66766666666666,135.66766666666666,170.66766666666666,Maynooth University,MU,249.33533333333332,0,0,0,0,0,late,pt_plus_rail,25,Westmeath
237032,143.13833333333332,143.13833333333332,143.13833333333332,159.13833333333332,Maynooth University,MU,265.1275,0,0,0,0,0,late,pt_plus_rail,10,Westmeath
237033,140.04566666666668,140.04566666666668,140.04566666666668,172.5785,Maynooth University,MU,258.09133333333335,0,0,0,0,0,late,pt_plus_rail,7,Westmeath
237034,141.77633333333333,141.77633333333333,141.77633333333333,176.77633333333333,Maynooth University,MU,261.55266666666665,0,0,0,0,0,late,pt_plus_rail,5,Westmeath
237035,109.0,109.0,132.83883333333333,151.0,TU Dublin Blanchardstown,TU Dublin,233.0,0,0,0,0,0,late,pt_plus_rail,44,Westmeath
237036,74.09216666666667,74.09216666666667,74.09216666666667,172.23516666666666,Maynooth University,MU,146.18433333333334,0,0,0,1,1,late,pt_plus_rail,17,Westmeath
237037,35.95883333333333,35.95883333333333,150.20766666666668,35.95883333333333,TUS Athlone,TUS,71.91766666666666,0,1,1,1,1,late,pt_plus_rail,18,Westmeath
237038,32.367333333333335,32.367333333333335,142.36666666666667,32.367333333333335,TUS Athlone,TUS,64.73466666666667,0,1,1,1,1,late,pt_plus_rail,14,Westmeath
237039,92.62383333333334,92.62383333333334,122.51166666666668,92.62383333333334,TUS Athlone,TUS,199.1355,0,0,0,0,0,late,pt_plus_rail,13,Westmeath
237040,130.82583333333332,130.82583333333332,130.82583333333332,157.66983333333334,Maynooth University,MU,239.65166666666664,0,0,0,0,0,late,pt_plus_rail,7,Westmeath
237041,92.09666666666666,92.09666666666666,92.09666666666666,172.83283333333333,Maynooth University,MU,182.19333333333333,0,0,0,0,0,late,pt_plus_rail,23,Westmeath
237042,137.29933333333332,137.29933333333332,137.29933333333332,172.29933333333332,Maynooth University,MU,252.59866666666665,0,0,0,0,0,late,pt_plus_rail,17,Westmeath
237043,151.0895,151.0895,151.0895,167.0895,Maynooth University,MU,291.179,0,0,0,0,0,late,pt_plus_rail,10,Westmeath
237044,142.4345,142.4345,142.4345,177.4345,Maynooth University,MU,262.869,0,0,0,0,0,late,pt_plus_rail,14,Westmeath
237045,141.67733333333334,141.67733333333334,141.67733333333334,172.54916666666668,Maynooth University,MU,261.3546666666667,0,0,0,0,0,late,pt_plus_rail,21,Westmeath
237046,88.9855,88.9855,88.9855,99.31916666666666,Maynooth University,MU,175.971,0,0,0,0,1,late,pt_plus_rail,15,Westmeath
237047,24.975333333333335,24.975333333333335,157.55383333333333,24.975333333333335,TUS Athlone,TUS,49.95066666666667,1,1,1,1,1,late,pt_plus_rail,14,Westmeath
237048,132.57483333333334,132.57483333333334,132.57483333333334,149.8745,Maynooth University,MU,243.1496666666667,0,0,0,0,0,late,pt_plus_rail,8,Westmeath
237049,146.71716666666669,146.71716666666669,146.71716666666669,167.7275,Maynooth University,MU,271.43433333333337,0,0,0,0,0,late,pt_plus_rail,8,Westmeath
237050,97.15033333333334,97.15033333333334,120.73883333333332,97.15033333333334,TUS Athlone,TUS,201.88916666666665,0,0,0,0,0,late,pt_plus_rail,11,Westmeath
237051,74.11966666666667,74.11966666666667,74.11966666666667,165.91933333333333,Maynooth University,MU,146.23933333333335,0,0,0,1,1,late,pt_plus_rail,29,Westmeath
237052,58.82816666666667,58.82816666666667,58.82816666666667,155.55916666666667,Maynooth University,MU,117.65633333333334,0,0,1,1,1,late,pt_plus_rail,31,Westmeath
237053,,,,,,,,0,0,0,0,0,late,pt_plus_rail,13,Westmeath
237054,57.25333333333334,57.25333333333334,57.25333333333334,168.59783333333334,Maynooth University,MU,114.50666666666667,0,0,1,1,1,late,pt_plus_rail,13,Westmeath
237055,98.47033333333334,98.47033333333334,116.70183333333333,98.47033333333334,TUS Athlone,TUS,199.17216666666667,0,0,0,0,0,late,pt_plus_rail,25,Westmeath
237056,74.677,74.677,74.677,161.94283333333334,Maynooth University,MU,147.354,0,0,0,1,1,late,pt_plus_rail,22,Westmeath
237057,92.15816666666667,92.15816666666667,134.7455,92.15816666666667,TUS Athlone,TUS,210.90366666666665,0,0,0,0,0,late,pt_plus_rail,8,Westmeath
237058,39.86750000000001,39.86750000000001,91.8785,39.86750000000001,TUS Athlone,TUS,79.73500000000001,0,1,1,1,1,late,pt_plus_rail,73,Westmeath
237059,129.57,129.57,129.57,163.16983333333334,Maynooth University,MU,237.14,0,0,0,0,0,late,pt_plus_rail,33,Westmeath
237060,139.558,139.558,139.558,174.558,Maynooth University,MU,257.116,0,0,0,0,0,late,pt_plus_rail,8,Westmeath
237061,45.90833333333334,45.90833333333334,143.4905,45.90833333333334,TUS Athlone,TUS,91.81666666666668,0,0,1,1,1,late,pt_plus_rail,15,Westmeath
237062,44.832166666666666,44.832166666666666,136.47983333333335,44.832166666666666,TUS Athlone,TUS,89.66433333333333,0,1,1,1,1,late,pt_plus_rail,18,Westmeath
237063,38.895833333333336,38.895833333333336,177.89583333333334,38.895833333333336,TUS Athlone,TUS,77.79166666666667,0,1,1,1,1,late,pt_plus_rail,19,Westmeath
237064,129.0,129.0,144.19633333333334,151.0,TU Dublin Blanchardstown,TU Dublin,266.3926666666667,0,0,0,0,0,late,pt_plus_rail,52,Westmeath
237065,72.87666666666667,72.87666666666667,72.87666666666667,165.16033333333334,Maynooth University,MU,143.75333333333333,0,0,0,1,1,late,pt_plus_rail,82,Westmeath
237066,133.06066666666666,133.06066666666666,133.06066666666666,168.06066666666666,Maynooth University,MU,244.12133333333333,0,0,0,0,0,late,pt_plus_rail,28,Westmeath
237067,136.22866666666667,136.22866666666667,136.22866666666667,171.22866666666667,Maynooth University,MU,250.45733333333337,0,0,0,0,0,late,pt_plus_rail,7,Westmeath
237068,52.6095,52.6095,52.6095,102.5825,Maynooth University,MU,105.219,0,0,1,1,2,late,pt_plus_rail,166,Westmeath
237069,137.6605,137.6605,137.6605,168.53233333333333,Maynooth University,MU,253.32100000000003,0,0,0,0,0,late,pt_plus_rail,73,Westmeath
237070,147.26716666666667,147.26716666666667,147.26716666666667,168.53050000000002,Maynooth University,MU,272.53433333333334,0,0,0,0,0,late,pt_plus_rail,7,Westmeath
237071,93.7485,93.7485,93.7485,159.598,Maynooth University,MU,185.497,0,0,0,0,0,late,pt_plus_rail,25,Westmeath
237072,133.37783333333334,133.37783333333334,133.37783333333334,158.97333333333333,Maynooth University,MU,244.75566666666668,0,0,0,0,0,late,pt_plus_rail,7,Westmeath
237073,44.632333333333335,44.632333333333335,141.252,44.632333333333335,TUS Athlone,TUS,89.26466666666667,0,1,1,1,1,late,pt_plus_rail,8,Westmeath
237074,96.318,96.318,134.51633333333334,96.318,TUS Athlone,TUS,214.83433333333335,0,0,0,0,0,late,pt_plus_rail,12,Westmeath
237075,31.258166666666668,31.258166666666668,146.52466666666666,31.258166666666668,TUS Athlone,TUS,62.516333333333336,0,1,1,1,1,late,pt_plus_rail,117,Westmeath
237076,35.718666666666664,35.718666666666664,174.71866666666668,35.718666666666664,TUS Athlone,TUS,71.43733333333333,0,1,1,1,1,late,pt_plus_rail,36,Westmeath
237077,20.371833333333335,20.371833333333335,159.37183333333334,20.371833333333335,TUS Athlone,TUS,40.74366666666667,1,1,1,1,1,late,pt_plus_rail,127,Westmeath
237078,46.26583333333333,46.26583333333333,185.26583333333332,46.26583333333333,TUS Athlone,TUS,92.53166666666668,0,0,1,1,1,late,pt_plus_rail,9,Westmeath
237079,87.35016666666667,87.35016666666667,87.35016666666667,102.30383333333334,Maynooth University,MU,171.35016666666667,0,0,0,0,1,late,pt_plus_rail,544,Westmeath
237080,87.836,87.836,87.836,102.93266666666668,Maynooth University,MU,173.672,0,0,0,0,1,late,pt_plus_rail,127,Westmeath
237081,130.27583333333334,130.27583333333334,130.27583333333334,160.78283333333334,Maynooth University,MU,238.55166666666668,0,0,0,0,0,late,pt_plus_rail,22,Westmeath
237082,45.033833333333334,45.033833333333334,87.87633333333333,45.033833333333334,TUS Athlone,TUS,90.06766666666667,0,0,1,1,2,late,pt_plus_rail,11,Westmeath
237083,38.09283333333333,38.09283333333333,146.9298333333333,38.09283333333333,TUS Athlone,TUS,76.18566666666666,0,1,1,1,1,late,pt_plus_rail,21,Westmeath
237084,86.2685,86.2685,86.2685,152.31783333333334,Maynooth University,MU,170.537,0,0,0,0,1,late,pt_plus_rail,10,Westmeath
237085,139.68266666666665,139.68266666666665,139.68266666666665,163.39716666666666,Maynooth University,MU,257.3653333333333,0,0,0,0,0,late,pt_plus_rail,5,Westmeath
237086,124.19466666666666,124.19466666666666,124.19466666666666,159.19466666666668,Maynooth University,MU,226.38933333333333,0,0,0,0,0,late,pt_plus_rail,15,Westmeath
237087,89.55933333333334,89.55933333333334,89.55933333333334,169.61533333333335,Maynooth University,MU,177.11866666666668,0,0,0,0,1,late,pt_plus_rail,30,Westmeath
237088,91.5,91.5,138.85216666666668,91.5,TUS Athlone,TUS,210.23233333333337,0,0,0,0,0,late,pt_plus_rail,7,Westmeath
237089,98.98,98.98,124.202,98.98,TUS Athlone,TUS,207.182,0,0,0,0,0,late,pt_plus_rail,19,Westmeath
237090,127.71266666666666,127.71266666666666,127.71266666666666,143.71266666666668,Maynooth University,MU,238.35533333333333,0,0,0,0,0,late,pt_plus_rail,17,Westmeath
237091,91.28266666666669,91.28266666666669,91.28266666666669,171.33866666666663,Maynooth University,MU,180.56533333333337,0,0,0,0,0,late,pt_plus_rail,36,Westmeath
237092,139.04466666666667,139.04466666666667,139.04466666666667,174.04466666666667,Maynooth University,MU,256.08933333333334,0,0,0,0,0,late,pt_plus_rail,16,Westmeath
237093,93.16,93.16,93.16,159.01683333333332,Maynooth University,MU,184.32,0,0,0,0,0,late,pt_plus_rail,25,Westmeath
237094,98.5345,98.5345,129.86883333333333,98.5345,TUS Athlone,TUS,212.40333333333336,0,0,0,0,0,late,pt_plus_rail,17,Westmeath
237095,122.20916666666668,122.20916666666668,122.20916666666668,157.20916666666668,Maynooth University,MU,222.41833333333335,0,0,0,0,0,late,pt_plus_rail,12,Westmeath
237096,129.4655,129.4655,129.4655,163.77483333333333,Maynooth University,MU,236.931,0,0,0,0,0,late,pt_plus_rail,12,Westmeath
237097,40.16816666666667,40.16816666666667,133.32283333333334,40.16816666666667,TUS Athlone,TUS,80.33633333333334,0,1,1,1,1,late,pt_plus_rail,23,Westmeath
237098,143.39133333333334,143.39133333333334,143.39133333333334,159.39133333333334,Maynooth University,MU,265.903,0,0,0,0,0,late,pt_plus_rail,9,Westmeath
237099,129.74783333333335,129.74783333333335,129.74783333333335,164.74783333333335,Maynooth University,MU,237.4956666666667,0,0,0,0,0,late,pt_plus_rail,25,Westmeath
237100,45.49216666666667,45.49216666666667,131.8195,45.49216666666667,TUS Athlone,TUS,90.98433333333334,0,0,1,1,1,late,pt_plus_rail,10,Westmeath
237101,22.2565,22.2565,161.2565,22.2565,TUS Athlone,TUS,44.513,1,1,1,1,1,late,pt_plus_rail,32,Westmeath
237102,93.0335,93.0335,93.0335,150.50466666666668,Maynooth University,MU,184.067,0,0,0,0,0,late,pt_plus_rail,22,Westmeath
237103,44.346333333333334,44.346333333333334,145.84816666666666,44.346333333333334,TUS Athlone,TUS,88.69266666666667,0,1,1,1,1,late,pt_plus_rail,12,Westmeath
237104,42.2875,42.2875,142.15033333333332,42.2875,TUS Athlone,TUS,84.575,0,1,1,1,1,late,pt_plus_rail,6,Westmeath
237105,91.54666666666668,91.54666666666668,91.54666666666668,156.72566666666663,Maynooth University,MU,181.09333333333333,0,0,0,0,0,late,pt_plus_rail,11,Westmeath
237106,88.2265,88.2265,88.2265,102.66866666666668,Maynooth University,MU,174.453,0,0,0,0,1,late,pt_plus_rail,211,Westmeath
257001,70.804,70.804,172.804,70.804,SETU Carlow,SETU,141.608,0,0,0,1,1,late,pt_plus_rail,13,Wicklow
257002,69.72999999999999,72.41666666666667,130.41666666666669,181.41666666666669,IADT Dun Laoghaire,IADT,136.45999999999998,0,0,0,3,6,late,pt_plus_rail,11,Wicklow
257003,106.82966666666668,106.82966666666668,185.82966666666667,218.82966666666667,UCD Belfield,UCD,227.65933333333336,0,0,0,0,0,late,pt_plus_rail,63,Wicklow
257004,87.0,87.0,164.0,198.0,UCD Belfield,UCD,192.0,0,0,0,0,1,late,pt_plus_rail,475,Wicklow
257005,112.183,112.183,191.183,224.183,UCD Belfield,UCD,238.366,0,0,0,0,0,late,pt_plus_rail,117,Wicklow
257006,121.17183333333332,121.17183333333332,194.96316666666667,233.17183333333332,UCD Belfield,UCD,251.135,0,0,0,0,0,late,pt_plus_rail,30,Wicklow
257007,125.73133333333334,125.73133333333334,200.85916666666668,237.73133333333337,UCD Belfield,UCD,261.5905,0,0,0,0,0,late,pt_plus_rail,21,Wicklow
257008,125.00166666666668,125.00166666666668,195.0016666666667,235.0016666666667,UCD Belfield,UCD,255.00333333333333,0,0,0,0,0,late,pt_plus_rail,27,Wicklow
257009,133.974,133.974,212.974,253.974,UCD Belfield,UCD,272.948,0,0,0,0,0,late,pt_plus_rail,14,Wicklow
257010,128.36033333333333,128.36033333333333,207.36033333333333,240.36033333333333,UCD Belfield,UCD,270.72066666666666,0,0,0,0,0,late,pt_plus_rail,5,Wicklow
257011,,,,,,,,0,0,0,0,0,late,pt_plus_rail,5,Wicklow
257012,111.63483333333332,111.63483333333332,190.63483333333335,223.63483333333335,UCD Belfield,UCD,237.26966666666667,0,0,0,0,0,late,pt_plus_rail,46,Wicklow
257013,128.78566666666666,128.78566666666666,207.78566666666663,240.78566666666663,UCD Belfield,UCD,271.5713333333333,0,0,0,0,0,late,pt_plus_rail,7,Wicklow
257014,97.79983333333334,97.79983333333334,157.79983333333334,206.79983333333337,UCD Belfield,UCD,199.59966666666668,0,0,0,0,0,late,pt_plus_rail,14,Wicklow
257015,64.512,64.512,121.3965,64.512,SETU Carlow,SETU,129.024,0,0,0,1,1,late,pt_plus_rail,109,Wicklow
257016,55.95816666666667,62.61783333333334,76.66233333333334,154.95283333333333,NCAD (Thomas St),NCAD,112.91633333333334,0,0,1,6,9,late,pt_plus_rail,216,Wicklow
257017,47.65533333333334,47.65533333333334,92.82183333333332,154.4805,Trinity College Dublin,TCD,95.31066666666668,0,0,5,9,10,late,pt_plus_rail,199,Wicklow
257018,117.422,117.422,179.422,227.422,UCD Belfield,UCD,235.844,0,0,0,0,0,late,pt_plus_rail,27,Wicklow
257019,58.38,65.03966666666668,84.25216666666667,154.86483333333334,NCAD (Thomas St),NCAD,117.76,0,0,1,5,8,late,pt_plus_rail,109,Wicklow
257020,65.32816666666668,65.79249999999999,122.7925,172.7925,IADT Dun Laoghaire,IADT,127.65633333333336,0,0,0,4,7,late,pt_plus_rail,10,Wicklow
257021,126.98716666666668,126.98716666666668,205.98716666666667,244.7071666666667,UCD Belfield,UCD,258.97433333333333,0,0,0,0,0,late,pt_plus_rail,88,Wicklow
257022,136.13733333333334,136.13733333333334,215.13733333333337,256.13733333333334,UCD Belfield,UCD,277.2746666666667,0,0,0,0,0,late,pt_plus_rail,11,Wicklow
257023,,,,,,,,0,0,0,0,0,late,pt_plus_rail,23,Wicklow
257024,128.11283333333333,128.11283333333333,207.11283333333333,240.11283333333333,UCD Belfield,UCD,266.7128333333333,0,0,0,0,0,late,pt_plus_rail,19,Wicklow
257025,116.51333333333334,116.51333333333334,191.69983333333337,228.51333333333332,UCD Belfield,UCD,243.21316666666667,0,0,0,0,0,late,pt_plus_rail,22,Wicklow
257026,,,,,,,,0,0,0,0,0,late,pt_plus_rail,5,Wicklow
257027,52.97566666666667,52.97566666666667,98.15083333333334,164.97566666666663,Trinity College Dublin,TCD,105.95133333333334,0,0,1,8,10,late,pt_plus_rail,338,Wicklow
257028,140.201,150.201,161.201,152.201,NCAD (Thomas St),NCAD,275.402,0,0,0,0,0,late,pt_plus_rail,22,Wicklow
257029,106.797,111.797,111.797,184.797,NCAD (Thomas St),NCAD,207.594,0,0,0,0,0,late,pt_plus_rail,28,Wicklow
257030,97.3195,97.3195,157.3195,206.3195,UCD Belfield,UCD,198.639,0,0,0,0,0,late,pt_plus_rail,28,Wicklow
257031,89.26533333333333,89.26533333333333,149.93733333333333,200.93733333333333,UCD Belfield,UCD,181.20266666666663,0,0,0,0,1,late,pt_plus_rail,30,Wicklow
257032,96.3845,96.3845,156.3845,205.3845,UCD Belfield,UCD,196.769,0,0,0,0,0,late,pt_plus_rail,18,Wicklow
257033,72.256,72.256,103.6405,72.256,SETU Carlow,SETU,144.512,0,0,0,1,1,late,pt_plus_rail,70,Wicklow
257034,142.6155,152.6155,163.6155,154.6155,NCAD (Thomas St),NCAD,280.231,0,0,0,0,0,late,pt_plus_rail,8,Wicklow
257035,109.389,109.389,179.28266666666667,221.389,UCD Belfield,UCD,231.5605,0,0,0,0,0,late,pt_plus_rail,16,Wicklow
257036,48.045833333333334,48.045833333333334,93.221,154.871,Trinity College Dublin,TCD,96.09166666666668,0,0,4,9,10,late,pt_plus_rail,126,Wicklow
257037,202.91966666666667,202.91966666666667,,,UCD Belfield,UCD,362.83933333333334,0,0,0,0,0,late,pt_plus_rail,17,Wicklow
257038,84.03533333333334,85.18983333333334,142.03533333333334,196.03533333333337,IADT Dun Laoghaire,IADT,165.07066666666668,0,0,0,0,3,late,pt_plus_rail,135,Wicklow
257039,54.89333333333334,54.89333333333334,114.468,166.89333333333337,Trinity College Dublin,TCD,109.78666666666668,0,0,1,7,8,late,pt_plus_rail,333,Wicklow
257040,63.016000000000005,63.016000000000005,107.43,63.016000000000005,SETU Carlow,SETU,126.032,0,0,0,1,1,late,pt_plus_rail,17,Wicklow
257041,97.029,102.029,102.029,153.70983333333334,NCAD (Thomas St),NCAD,188.058,0,0,0,0,0,late,pt_plus_rail,40,Wicklow
257042,141.19833333333332,151.19833333333332,162.19833333333332,153.19833333333332,NCAD (Thomas St),NCAD,277.39666666666665,0,0,0,0,0,late,pt_plus_rail,8,Wicklow
257043,,,,,,,,0,0,0,0,0,late,pt_plus_rail,7,Wicklow
257044,,,,,,,,0,0,0,0,0,late,pt_plus_rail,3,Wicklow
257045,116.26216666666669,116.26216666666669,195.26216666666667,228.26216666666667,UCD Belfield,UCD,246.52433333333337,0,0,0,0,0,late,pt_plus_rail,14,Wicklow
257046,49.061166666666665,50.1065,56.912333333333336,152.06116666666668,NCAD (Thomas St),NCAD,99.12233333333332,0,0,6,11,11,late,pt_plus_rail,22,Wicklow
257047,104.71583333333334,104.71583333333334,183.71583333333336,216.71583333333336,UCD Belfield,UCD,207.71583333333336,0,0,0,0,0,late,pt_plus_rail,30,Wicklow
257048,53.37166666666667,53.37166666666667,98.54683333333334,165.37166666666667,Trinity College Dublin,TCD,106.74333333333334,0,0,1,8,10,late,pt_plus_rail,511,Wicklow
257049,66.75233333333334,66.75233333333334,168.75233333333335,66.75233333333334,SETU Carlow,SETU,133.50466666666668,0,0,0,1,1,late,pt_plus_rail,15,Wicklow
257050,77.18016666666668,83.89733333333334,140.18016666666668,194.74283333333332,IADT Dun Laoghaire,IADT,154.36033333333336,0,0,0,0,3,late,pt_plus_rail,60,Wicklow
257051,46.3115,46.3115,76.89516666666667,153.13666666666666,Trinity College Dublin,TCD,92.623,0,0,6,9,11,late,pt_plus_rail,664,Wicklow
257052,121.08933333333331,121.08933333333331,200.08933333333337,233.08933333333337,UCD Belfield,UCD,256.1786666666667,0,0,0,0,0,late,pt_plus_rail,19,Wicklow
257053,200.4355,200.4355,,,UCD Belfield,UCD,357.871,0,0,0,0,0,late,pt_plus_rail,13,Wicklow
257054,104.6905,109.6905,109.6905,182.6905,NCAD (Thomas St),NCAD,203.381,0,0,0,0,0,late,pt_plus_rail,28,Wicklow
257055,,,,,,,,0,0,0,0,0,late,pt_plus_rail,11,Wicklow
257056,,,,,,,,0,0,0,0,0,late,pt_plus_rail,6,Wicklow
257057,96.37533333333332,96.37533333333332,156.37533333333334,205.37533333333337,UCD Belfield,UCD,196.75066666666663,0,0,0,0,0,late,pt_plus_rail,15,Wicklow
257058,64.86066666666667,65.325,122.325,172.325,IADT Dun Laoghaire,IADT,126.72133333333336,0,0,0,4,7,late,pt_plus_rail,87,Wicklow
257059,52.61266666666667,52.61266666666667,97.78783333333334,163.78333333333333,Trinity College Dublin,TCD,105.22533333333334,0,0,1,8,10,late,pt_plus_rail,180,Wicklow
257060,84.76866666666666,85.92316666666667,142.76866666666666,196.76866666666663,IADT Dun Laoghaire,IADT,166.53733333333332,0,0,0,0,3,late,pt_plus_rail,20,Wicklow
257061,111.65316666666666,111.65316666666666,190.65316666666664,223.65316666666664,UCD Belfield,UCD,237.30633333333333,0,0,0,0,0,late,pt_plus_rail,26,Wicklow
257062,54.47533333333333,54.47533333333333,95.36783333333334,165.76733333333334,Trinity College Dublin,TCD,108.95066666666666,0,0,1,8,10,late,pt_plus_rail,17,Wicklow
257063,61.71983333333334,61.71983333333334,163.71983333333333,61.71983333333334,SETU Carlow,SETU,123.43966666666668,0,0,0,1,1,late,pt_plus_rail,8,Wicklow
257064,,,,,,,,0,0,0,0,0,late,pt_plus_rail,20,Wicklow
257065,114.89816666666668,114.89816666666668,179.224,224.89816666666667,UCD Belfield,UCD,234.79633333333337,0,0,0,0,0,late,pt_plus_rail,131,Wicklow
257066,117.41116666666667,121.41116666666667,121.41116666666667,149.5555,NCAD (Thomas St),NCAD,214.82233333333335,0,0,0,0,0,late,pt_plus_rail,19,Wicklow
257067,74.53483333333334,74.53483333333334,176.53483333333332,74.53483333333334,SETU Carlow,SETU,149.06966666666668,0,0,0,1,1,late,pt_plus_rail,33,Wicklow
257068,73.66766666666666,73.66766666666666,157.03933333333333,73.66766666666666,SETU Carlow,SETU,147.33533333333332,0,0,0,1,1,late,pt_plus_rail,4,Wicklow
257069,69.37950000000001,69.37950000000001,154.821,69.37950000000001,SETU Carlow,SETU,138.759,0,0,0,1,1,late,pt_plus_rail,18,Wicklow
257070,70.551,70.551,121.98866666666666,70.551,SETU Carlow,SETU,141.102,0,0,0,1,1,late,pt_plus_rail,14,Wicklow
257071,126.81666666666666,126.81666666666666,205.81666666666663,238.81666666666663,UCD Belfield,UCD,267.6333333333333,0,0,0,0,0,late,pt_plus_rail,86,Wicklow
257072,99.823,104.823,104.823,153.62916666666666,NCAD (Thomas St),NCAD,193.646,0,0,0,0,0,late,pt_plus_rail,25,Wicklow
257073,104.08366666666667,109.08366666666667,109.08366666666667,182.08366666666663,NCAD (Thomas St),NCAD,202.16733333333335,0,0,0,0,0,late,pt_plus_rail,23,Wicklow
257074,69.05533333333334,71.742,129.74200000000002,180.742,IADT Dun Laoghaire,IADT,135.11066666666667,0,0,0,3,7,late,pt_plus_rail,77,Wicklow
257075,126.97433333333332,126.97433333333332,196.97433333333333,236.97433333333333,UCD Belfield,UCD,258.94866666666667,0,0,0,0,0,late,pt_plus_rail,18,Wicklow
257076,70.89933333333335,70.89933333333335,154.27100000000002,70.89933333333335,SETU Carlow,SETU,141.7986666666667,0,0,0,1,1,late,pt_plus_rail,19,Wicklow
257077,83.59533333333334,84.74983333333333,141.59533333333334,195.59533333333337,IADT Dun Laoghaire,IADT,164.1906666666667,0,0,0,0,3,late,pt_plus_rail,498,Wicklow
257078,86.39433333333332,86.39433333333332,147.06633333333332,198.06633333333332,UCD Belfield,UCD,175.46066666666667,0,0,0,0,2,late,pt_plus_rail,288,Wicklow
257079,87.0,87.0,165.0,199.0,UCD Belfield,UCD,192.0,0,0,0,0,1,late,pt_plus_rail,121,Wicklow
257080,42.28366666666667,42.28366666666667,72.86733333333333,149.10883333333334,Trinity College Dublin,TCD,84.56733333333334,0,1,8,10,11,late,pt_plus_rail,51,Wicklow
257081,45.448,45.448,76.03166666666667,152.27316666666667,Trinity College Dublin,TCD,90.896,0,0,7,9,11,late,pt_plus_rail,234,Wicklow
257082,44.32783333333334,44.32783333333334,74.9115,151.15300000000002,Trinity College Dublin,TCD,88.65566666666668,0,1,8,10,11,late,pt_plus_rail,107,Wicklow
267001,32.498333333333335,32.498333333333335,55.354000000000006,129.04566666666668,Trinity College Dublin,TCD,64.99666666666667,0,6,9,11,11,late,pt_plus_rail,103,Fingal
267002,46.22266666666667,46.22266666666667,89.25966666666667,98.51516666666666,Trinity College Dublin,TCD,92.44533333333334,0,0,6,8,11,late,pt_plus_rail,1077,Fingal
267003,46.29416666666667,46.29416666666667,89.33116666666668,98.11366666666667,Trinity College Dublin,TCD,92.58833333333334,0,0,6,8,11,late,pt_plus_rail,349,Fingal
267004,34.707499999999996,34.707499999999996,58.870333333333335,131.985,Trinity College Dublin,TCD,69.41499999999999,0,3,9,10,11,late,pt_plus_rail,285,Fingal
267005,30.384500000000003,30.384500000000003,54.54366666666667,129.21800000000002,Trinity College Dublin,TCD,60.769000000000005,0,5,9,11,11,late,pt_plus_rail,210,Fingal
267006,41.385333333333335,41.385333333333335,51.17400000000001,146.3595,Trinity College Dublin,TCD,82.77066666666667,0,3,9,11,11,late,pt_plus_rail,41,South Dublin
267007,34.4095,34.4095,54.13483333333334,141.23466666666667,Trinity College Dublin,TCD,68.819,0,4,11,11,11,late,pt_plus_rail,199,Dún Laoghaire-Rathdown
267008,35.1025,35.1025,54.57666666666667,141.92766666666665,Trinity College Dublin,TCD,70.205,0,4,11,11,11,late,pt_plus_rail,65,Dún Laoghaire-Rathdown
267009,33.40483333333333,33.40483333333333,53.13016666666667,140.23000000000002,Trinity College Dublin,TCD,66.80966666666666,0,3,11,11,11,late,pt_plus_rail,78,Dún Laoghaire-Rathdown
267010,34.581833333333336,34.581833333333336,53.11000000000001,141.34533333333334,Trinity College Dublin,TCD,69.16366666666667,0,4,11,11,11,late,pt_plus_rail,68,Dún Laoghaire-Rathdown
267011,32.9795,32.9795,54.651833333333336,139.80466666666666,Trinity College Dublin,TCD,65.959,0,4,11,11,11,late,pt_plus_rail,50,Dún Laoghaire-Rathdown
267012,33.20316666666667,33.20316666666667,54.84433333333334,140.02833333333334,Trinity College Dublin,TCD,66.40633333333334,0,4,11,11,11,late,pt_plus_rail,67,Dún Laoghaire-Rathdown
267013,33.70916666666667,33.70916666666667,48.62383333333334,140.0,Trinity College Dublin,TCD,67.41833333333334,0,5,11,11,11,late,pt_plus_rail,184,South Dublin
267014,43.161,43.161,76.10866666666666,105.87416666666668,Trinity College Dublin,TCD,86.322,0,1,7,8,11,late,pt_plus_rail,75,Fingal
267015,39.08266666666667,39.08266666666667,74.51183333333333,145.90783333333334,Trinity College Dublin,TCD,78.16533333333334,0,2,8,10,11,late,pt_plus_rail,112,Dún Laoghaire-Rathdown
267016,48.50150000000001,48.50150000000001,91.5385,93.01333333333334,Trinity College Dublin,TCD,97.003,0,0,5,8,10,late,pt_plus_rail,26,Fingal
267017,32.402,32.402,74.64566666666667,139.22716666666668,Trinity College Dublin,TCD,64.804,0,6,9,11,11,late,pt_plus_rail,95,Dún Laoghaire-Rathdown
267018,31.555000000000003,31.555000000000003,73.79866666666666,138.38016666666667,Trinity College Dublin,TCD,63.11000000000001,0,6,9,11,11,late,pt_plus_rail,46,Dún Laoghaire-Rathdown
267019,17.0,17.0,74.3835,135.0545,UCD Belfield,UCD,35.0,2,6,9,11,11,late,pt_plus_rail,108,Dún Laoghaire-Rathdown
267020,28.0,28.0,59.27550000000001,139.31516666666667,UCD Belfield,UCD,59.0,1,6,10,11,11,late,pt_plus_rail,178,Dún Laoghaire-Rathdown
267021,29.8115,29.8115,73.971,136.63666666666666,Trinity College Dublin,TCD,59.623000000000005,2,6,9,11,11,late,pt_plus_rail,108,Dún Laoghaire-Rathdown
267022,13.0,13.0,73.43016666666668,133.8225,UCD Belfield,UCD,26.0,2,7,9,11,11,late,pt_plus_rail,70,Dún Laoghaire-Rathdown
267023,30.0,31.855666666666668,58.06183333333334,138.68083333333334,IADT Dun Laoghaire,IADT,62.0,1,6,10,11,11,late,pt_plus_rail,77,Dún Laoghaire-Rathdown
267024,24.0,32.594500000000004,59.40566666666667,139.41966666666667,IADT Dun Laoghaire,IADT,48.0,1,6,10,11,11,late,pt_plus_rail,87,Dún Laoghaire-Rathdown
267025,29.875666666666667,29.875666666666667,73.67766666666667,136.70083333333332,Trinity College Dublin,TCD,59.751333333333335,1,6,9,11,11,late,pt_plus_rail,72,Dún Laoghaire-Rathdown
267026,25.0,25.0,73.68683333333334,135.1645,UCD Belfield,UCD,52.0,2,6,9,11,11,late,pt_plus_rail,98,Dún Laoghaire-Rathdown
267027,29.0,29.0,44.89483333333334,134.88483333333335,TU Dublin Blanchardstown,TU Dublin,60.0,1,7,8,11,11,late,pt_plus_rail,217,Fingal
267028,22.0,22.0,42.962500000000006,139.74283333333332,TU Dublin Blanchardstown,TU Dublin,46.0,1,5,8,10,11,late,pt_plus_rail,2095,Fingal
267029,7.0,7.0,43.232,134.62083333333334,TU Dublin Blanchardstown,TU Dublin,14.0,1,7,8,11,11,late,pt_plus_rail,475,Fingal
267030,25.0,25.0,46.275333333333336,136.26533333333333,TU Dublin Blanchardstown,TU Dublin,50.0,1,5,8,11,11,late,pt_plus_rail,150,Fingal
267031,22.0,22.0,45.224833333333336,135.21483333333333,TU Dublin Blanchardstown,TU Dublin,44.0,1,6,8,11,11,late,pt_plus_rail,165,Fingal
267032,24.0,24.0,45.63183333333333,135.62183333333334,TU Dublin Blanchardstown,TU Dublin,48.0,1,5,8,11,11,late,pt_plus_rail,225,Fingal
267033,20.0,20.0,43.06883333333334,132.37316666666666,TU Dublin Blanchardstown,TU Dublin,42.0,1,7,9,11,11,late,pt_plus_rail,29,Fingal
267034,29.0,29.0,44.652833333333334,136.28733333333332,TU Dublin Blanchardstown,TU Dublin,58.0,1,6,8,11,11,late,pt_plus_rail,273,Fingal
267035,40.712500000000006,40.712500000000006,51.53333333333334,145.958,Trinity College Dublin,TCD,81.42500000000001,0,2,10,11,11,late,pt_plus_rail,273,South Dublin
267036,36.92483333333334,36.92483333333334,74.46233333333333,143.75,Trinity College Dublin,TCD,73.0,0,4,9,10,11,late,pt_plus_rail,108,Dún Laoghaire-Rathdown
267037,39.035,39.035,73.0745,145.86016666666666,Trinity College Dublin,TCD,78.07000000000001,0,3,8,10,11,late,pt_plus_rail,116,Dún Laoghaire-Rathdown
267038,40.19733333333334,40.19733333333334,59.30116666666667,147.0225,Trinity College Dublin,TCD,80.39466666666668,0,1,9,10,11,late,pt_plus_rail,186,Dún Laoghaire-Rathdown
267039,32.0,35.9165,74.48983333333334,142.74166666666667,IADT Dun Laoghaire,IADT,64.0,0,4,9,10,11,late,pt_plus_rail,183,Dún Laoghaire-Rathdown
267040,26.0,26.0,45.99483333333333,137.54500000000002,TU Dublin Blanchardstown,TU Dublin,55.0,1,5,8,11,11,late,pt_plus_rail,751,Fingal
267041,25.0,25.0,42.76816666666667,134.0855,TU Dublin Blanchardstown,TU Dublin,53.0,3,7,9,11,11,late,pt_plus_rail,165,Fingal
267042,31.181,31.181,53.8305,138.00616666666667,Trinity College Dublin,TCD,62.362,0,6,11,11,11,late,pt_plus_rail,50,Dún Laoghaire-Rathdown
267043,29.78216666666667,29.78216666666667,53.788333333333334,137.268,Trinity College Dublin,TCD,59.56433333333334,1,6,11,11,11,late,pt_plus_rail,61,Dún Laoghaire-Rathdown
267044,31.039833333333338,31.039833333333338,53.33366666666667,137.865,Trinity College Dublin,TCD,62.07966666666667,0,7,11,11,11,late,pt_plus_rail,98,Dún Laoghaire-Rathdown
267045,29.899500000000003,29.899500000000003,53.90566666666667,137.38533333333334,Trinity College Dublin,TCD,59.79900000000001,1,6,11,11,11,late,pt_plus_rail,61,Dún Laoghaire-Rathdown
267046,25.0,28.67116666666667,55.86183333333334,135.49633333333333,RCSI (St Stephen's Green),RCSI,50.0,2,6,11,11,11,late,pt_plus_rail,39,Dún Laoghaire-Rathdown
267047,34.0,34.0,44.85633333333334,133.0,TU Dublin Tallaght,TU Dublin,69.0,0,6,11,11,11,late,pt_plus_rail,82,South Dublin
267048,38.184000000000005,39.605666666666664,39.605666666666664,139.0,NCAD (Thomas St),NCAD,77.36800000000001,0,5,9,11,11,late,pt_plus_rail,145,South Dublin
267049,37.59,39.70783333333333,43.38783333333333,139.91366666666667,NCAD (Thomas St),NCAD,76.18,0,5,10,11,11,late,pt_plus_rail,565,South Dublin
267050,34.022333333333336,36.142,43.199,134.0,NCAD (Thomas St),NCAD,69.04466666666667,0,7,10,11,11,late,pt_plus_rail,373,South Dublin
267051,35.19200000000001,38.74633333333334,39.3215,138.192,NCAD (Thomas St),NCAD,71.38400000000001,0,5,10,11,11,late,pt_plus_rail,314,South Dublin
267052,35.69066666666667,39.245000000000005,39.820166666666665,138.69066666666666,NCAD (Thomas St),NCAD,72.38133333333334,0,5,9,11,11,late,pt_plus_rail,161,South Dublin
267053,35.86483333333334,37.9845,43.367666666666665,138.86483333333334,NCAD (Thomas St),NCAD,72.72966666666667,0,6,10,11,11,late,pt_plus_rail,342,South Dublin
267054,44.818333333333335,44.818333333333335,73.4265,105.3425,Trinity College Dublin,TCD,89.63666666666667,0,1,7,9,11,late,pt_plus_rail,25,Fingal
267055,27.0,27.0,59.009666666666675,134.3065,UCD Belfield,UCD,53.0,2,6,10,11,11,late,pt_plus_rail,101,Dún Laoghaire-Rathdown
267056,10.0,10.0,73.04333333333334,134.26066666666668,UCD Belfield,UCD,20.0,2,6,10,11,11,late,pt_plus_rail,51,Dún Laoghaire-Rathdown
267057,23.0,27.0,57.06083333333334,134.65483333333333,RCSI (St Stephen's Green),RCSI,46.0,3,6,10,11,11,late,pt_plus_rail,52,Dún Laoghaire-Rathdown
267058,21.0,21.0,59.38183333333333,135.335,UCD Belfield,UCD,43.0,2,6,10,11,11,late,pt_plus_rail,114,Dún Laoghaire-Rathdown
267059,25.0,25.0,57.860166666666665,134.26616666666666,UCD Belfield,UCD,51.0,3,6,10,11,11,late,pt_plus_rail,72,Dún Laoghaire-Rathdown
267060,41.46183333333333,41.841833333333334,92.45466666666668,148.667,IADT Dun Laoghaire,IADT,79.92366666666666,0,2,7,9,10,late,pt_plus_rail,49,Dún Laoghaire-Rathdown
267061,40.16066666666667,40.16066666666667,84.95383333333334,146.98583333333335,Trinity College Dublin,TCD,78.00966666666667,0,2,7,9,11,late,pt_plus_rail,88,Dún Laoghaire-Rathdown
267062,38.97816666666667,38.97816666666667,75.01233333333334,145.80333333333334,Trinity College Dublin,TCD,77.10883333333334,0,2,8,9,11,late,pt_plus_rail,56,Dún Laoghaire-Rathdown
267063,38.5395,40.025000000000006,91.3015,146.85016666666667,IADT Dun Laoghaire,IADT,74.07900000000001,0,2,7,9,10,late,pt_plus_rail,60,Dún Laoghaire-Rathdown
267064,40.90083333333334,41.620000000000005,92.23283333333332,148.4451666666667,IADT Dun Laoghaire,IADT,78.80166666666668,0,2,7,9,10,late,pt_plus_rail,39,Dún Laoghaire-Rathdown
267065,39.586,39.586,73.87383333333334,111.35583333333334,Trinity College Dublin,TCD,79.172,0,2,7,9,11,late,pt_plus_rail,552,Fingal
267066,31.809000000000005,31.809000000000005,47.564166666666665,130.79833333333335,Trinity College Dublin,TCD,63.61800000000001,0,7,9,11,11,late,pt_plus_rail,349,Fingal
267067,29.0,36.792833333333334,88.56983333333334,143.618,IADT Dun Laoghaire,IADT,60.0,1,3,8,9,11,late,pt_plus_rail,68,Dún Laoghaire-Rathdown
267068,35.0,37.88366666666667,84.54866666666666,144.70883333333333,IADT Dun Laoghaire,IADT,68.41833333333334,0,2,7,9,11,late,pt_plus_rail,109,Dún Laoghaire-Rathdown
267069,17.0,36.215333333333334,75.18650000000001,143.0405,IADT Dun Laoghaire,IADT,34.0,1,4,9,9,11,late,pt_plus_rail,150,Dún Laoghaire-Rathdown
267070,13.0,33.6835,73.30550000000001,140.50866666666667,IADT Dun Laoghaire,IADT,26.0,1,6,9,11,11,late,pt_plus_rail,64,Dún Laoghaire-Rathdown
267071,13.0,34.932,74.93716666666668,141.75716666666668,IADT Dun Laoghaire,IADT,26.0,1,4,9,10,11,late,pt_plus_rail,80,Dún Laoghaire-Rathdown
267072,27.0,36.83316666666667,75.18466666666667,143.65833333333333,IADT Dun Laoghaire,IADT,54.0,1,3,9,9,11,late,pt_plus_rail,120,Dún Laoghaire-Rathdown
267073,33.0,37.14666666666667,74.83816666666667,143.97183333333334,IADT Dun Laoghaire,IADT,67.0,0,2,8,10,11,late,pt_plus_rail,38,Dún Laoghaire-Rathdown
267074,14.0,36.0265,74.66033333333334,142.85166666666666,IADT Dun Laoghaire,IADT,28.0,1,4,9,10,11,late,pt_plus_rail,137,Dún Laoghaire-Rathdown
267075,25.0,33.94383333333334,76.1875,140.769,IADT Dun Laoghaire,IADT,50.0,1,4,8,9,11,late,pt_plus_rail,56,Dún Laoghaire-Rathdown
267076,37.41566666666667,39.03316666666667,90.30966666666669,145.85833333333335,IADT Dun Laoghaire,IADT,71.83133333333333,0,2,7,9,10,late,pt_plus_rail,151,Dún Laoghaire-Rathdown
267077,21.0,35.489333333333335,76.86766666666668,142.3145,IADT Dun Laoghaire,IADT,42.0,1,4,8,9,11,late,pt_plus_rail,63,Dún Laoghaire-Rathdown
267078,33.6065,33.6065,54.72516666666667,140.43166666666667,Trinity College Dublin,TCD,67.213,0,4,11,11,11,late,pt_plus_rail,200,Dún Laoghaire-Rathdown
267079,30.0,30.873,55.06616666666667,137.69816666666668,RCSI (St Stephen's Green),RCSI,61.0,1,5,10,11,11,late,pt_plus_rail,120,Dún Laoghaire-Rathdown
267080,34.58366666666667,34.58366666666667,56.267,141.40883333333335,Trinity College Dublin,TCD,69.16733333333335,0,3,11,11,11,late,pt_plus_rail,256,Dún Laoghaire-Rathdown
267081,29.0,31.325833333333335,55.96816666666667,138.151,RCSI (St Stephen's Green),RCSI,59.0,1,6,11,11,11,late,pt_plus_rail,78,Dún Laoghaire-Rathdown
267082,29.914166666666667,29.914166666666667,57.94266666666667,136.73933333333335,Trinity College Dublin,TCD,59.82833333333333,1,5,11,11,11,late,pt_plus_rail,112,Dún Laoghaire-Rathdown
267083,34.558,34.558,52.81483333333334,141.3215,Trinity College Dublin,TCD,69.116,0,4,11,11,11,late,pt_plus_rail,204,South Dublin
267084,26.0,26.0,47.402833333333334,141.8275,TU Dublin Tallaght,TU Dublin,57.0,1,5,11,11,11,late,pt_plus_rail,573,South Dublin
267085,33.0,33.0,55.13400000000001,140.0,TU Dublin Tallaght,TU Dublin,76.0,0,2,10,11,11,late,pt_plus_rail,365,South Dublin
267086,33.0,33.0,48.325,142.05116666666666,TU Dublin Tallaght,TU Dublin,70.0,0,4,11,11,11,late,pt_plus_rail,103,South Dublin
267087,26.0,30.0,58.50366666666667,140.64433333333335,IADT Dun Laoghaire,IADT,54.0,2,5,10,11,11,late,pt_plus_rail,92,Dún Laoghaire-Rathdown
267088,34.6515,34.6515,57.471500000000006,141.47666666666666,Trinity College Dublin,TCD,69.303,0,4,10,10,11,late,pt_plus_rail,264,Dún Laoghaire-Rathdown
267089,27.0,30.0,58.347833333333334,140.4885,IADT Dun Laoghaire,IADT,54.0,2,5,10,11,11,late,pt_plus_rail,103,Dún Laoghaire-Rathdown
267090,34.7175,34.7175,56.08,141.54266666666666,Trinity College Dublin,TCD,69.435,0,4,10,11,11,late,pt_plus_rail,51,Dún Laoghaire-Rathdown
267091,48.5125,48.5125,76.32133333333334,105.689,Trinity College Dublin,TCD,97.025,0,0,6,7,10,late,pt_plus_rail,103,Fingal
267092,36.109,36.109,54.8535,142.93416666666667,Trinity College Dublin,TCD,72.218,0,3,10,11,11,late,pt_plus_rail,960,Dún Laoghaire-Rathdown
267093,49.48416666666667,49.48416666666667,92.26266666666668,97.73233333333334,Trinity College Dublin,TCD,98.96833333333332,0,0,5,8,10,late,pt_plus_rail,68,Fingal
267094,48.11833333333333,48.11833333333333,91.15533333333332,107.61583333333334,Trinity College Dublin,TCD,96.23666666666666,0,0,5,8,10,late,pt_plus_rail,120,Fingal
267095,42.64033333333334,42.64033333333334,91.77316666666668,141.3955,Trinity College Dublin,TCD,85.28066666666668,0,1,6,8,10,late,pt_plus_rail,317,Fingal
267096,43.22416666666667,43.22416666666667,84.58716666666668,150.04933333333332,Trinity College Dublin,TCD,84.71233333333333,0,2,6,9,11,late,pt_plus_rail,144,Dún Laoghaire-Rathdown
267097,40.49433333333333,40.49433333333333,73.652,147.3195,Trinity College Dublin,TCD,80.98866666666666,0,2,8,10,11,late,pt_plus_rail,251,Dún Laoghaire-Rathdown
267098,41.613666666666674,41.613666666666674,57.565000000000005,114.88316666666668,Trinity College Dublin,TCD,83.22733333333335,0,2,8,9,11,late,pt_plus_rail,98,Fingal
267099,34.999,34.999,56.43383333333333,112.79133333333334,Trinity College Dublin,TCD,69.998,0,5,9,11,11,late,pt_plus_rail,375,Fingal
267100,36.158166666666666,36.74933333333334,36.74933333333334,139.15816666666666,NCAD (Thomas St),NCAD,73.31633333333333,0,5,9,11,11,late,pt_plus_rail,1890,South Dublin
267101,36.76583333333333,36.76583333333333,36.76583333333333,141.47733333333332,Maynooth University,MU,73.53166666666667,0,5,8,11,11,late,pt_plus_rail,186,South Dublin
267102,37.3305,37.3305,37.3305,141.53233333333333,Maynooth University,MU,74.661,0,5,8,11,11,late,pt_plus_rail,117,Fingal
267103,33.00933333333333,33.00933333333333,33.00933333333333,140.5735,Maynooth University,MU,66.01866666666666,0,5,9,11,11,late,pt_plus_rail,581,South Dublin
267104,41.269000000000005,41.269000000000005,75.55683333333333,105.13166666666667,Trinity College Dublin,TCD,82.53800000000001,0,1,7,8,11,late,pt_plus_rail,563,Fingal
267105,42.515666666666675,42.515666666666675,86.91116666666667,126.9455,Trinity College Dublin,TCD,85.03133333333335,0,1,7,8,11,late,pt_plus_rail,316,Fingal
267106,37.605999999999995,37.605999999999995,59.6,112.58783333333336,Trinity College Dublin,TCD,75.21199999999999,0,2,8,10,11,late,pt_plus_rail,185,Fingal
267107,40.01816666666667,40.01816666666667,40.01816666666667,146.8215,Maynooth University,MU,80.03633333333335,0,2,8,11,11,late,pt_plus_rail,155,South Dublin
267108,29.055833333333336,32.61016666666667,39.514,132.05583333333334,NCAD (Thomas St),NCAD,59.11166666666667,1,7,10,11,11,late,pt_plus_rail,103,South Dublin
267109,34.332166666666666,37.8865,39.39666666666667,137.33216666666667,NCAD (Thomas St),NCAD,69.66433333333333,0,5,10,11,11,late,pt_plus_rail,383,South Dublin
267110,39.43933333333334,39.43933333333334,76.05733333333333,129.60566666666668,Trinity College Dublin,TCD,78.87866666666667,0,2,7,8,11,late,pt_plus_rail,121,Fingal
267111,36.16316666666667,36.16316666666667,73.17533333333334,127.42366666666666,Trinity College Dublin,TCD,72.32633333333334,0,3,7,9,11,late,pt_plus_rail,96,Fingal
267112,41.385000000000005,43.504666666666665,47.67233333333334,144.385,NCAD (Thomas St),NCAD,83.77000000000001,0,2,7,11,11,late,pt_plus_rail,197,South Dublin
267113,31.797000000000004,31.797000000000004,48.05,138.48166666666663,Trinity College Dublin,TCD,63.59400000000001,0,6,11,11,11,late,pt_plus_rail,92,South Dublin
267114,30.587000000000003,30.587000000000003,50.008,137.3505,Trinity College Dublin,TCD,61.17400000000001,0,6,11,11,11,late,pt_plus_rail,118,South Dublin
267115,31.8575,31.8575,53.00366666666667,138.621,Trinity College Dublin,TCD,63.715,0,5,11,11,11,late,pt_plus_rail,164,South Dublin
267116,32.158166666666666,32.158166666666666,52.153000000000006,138.92166666666668,Trinity College Dublin,TCD,64.31633333333333,0,5,11,11,11,late,pt_plus_rail,114,South Dublin
267117,28.36866666666667,28.36866666666667,51.416,135.13216666666668,Trinity College Dublin,TCD,56.73733333333334,1,6,11,11,11,late,pt_plus_rail,91,South Dublin
267118,47.401500000000006,47.401500000000006,90.4385,113.62550000000002,Trinity College Dublin,TCD,94.803,0,0,5,8,10,late,pt_plus_rail,545,Fingal
267119,38.0,38.0,47.368,143.47933333333333,TU Dublin Tallaght,TU Dublin,81.95866666666666,0,3,8,11,11,late,pt_plus_rail,189,South Dublin
267120,41.59433333333334,41.59433333333334,74.98483333333334,148.4195,Trinity College Dublin,TCD,83.18866666666668,0,2,8,10,11,late,pt_plus_rail,242,Dún Laoghaire-Rathdown
267121,42.69983333333334,42.69983333333334,76.7705,149.525,Trinity College Dublin,TCD,85.39966666666668,0,1,7,9,11,late,pt_plus_rail,129,Dún Laoghaire-Rathdown
267122,47.0,47.0,94.63816666666668,156.28816666666663,UCD Belfield,UCD,98.926,0,0,5,9,10,late,pt_plus_rail,187,Dún Laoghaire-Rathdown
267123,50.8005,50.8005,94.11933333333334,108.80933333333334,Trinity College Dublin,TCD,101.601,0,0,3,7,8,late,pt_plus_rail,379,Fingal
267124,25.0,25.0,58.364333333333335,137.31866666666667,UCD Belfield,UCD,53.0,1,6,10,11,11,late,pt_plus_rail,124,Dún Laoghaire-Rathdown
267125,31.25616666666667,31.25616666666667,56.477833333333336,138.08133333333333,Trinity College Dublin,TCD,62.51233333333334,0,6,10,11,11,late,pt_plus_rail,115,Dún Laoghaire-Rathdown
267126,24.0,24.0,55.58683333333334,138.24816666666666,UCD Belfield,UCD,52.0,1,6,10,11,11,late,pt_plus_rail,75,Dún Laoghaire-Rathdown
267127,23.0,23.0,57.1745,138.46266666666668,UCD Belfield,UCD,50.0,1,6,10,11,11,late,pt_plus_rail,118,Dún Laoghaire-Rathdown
267128,18.0,18.0,58.73650000000001,135.15716666666668,UCD Belfield,UCD,39.0,2,6,10,11,11,late,pt_plus_rail,111,Dún Laoghaire-Rathdown
267129,28.0,28.0,57.511833333333335,136.22416666666666,UCD Belfield,UCD,58.0,2,6,10,11,11,late,pt_plus_rail,72,Dún Laoghaire-Rathdown
267130,31.739333333333335,31.739333333333335,74.14150000000001,133.50666666666666,Trinity College Dublin,TCD,63.47866666666667,0,4,8,11,11,late,pt_plus_rail,203,Fingal
267131,37.30166666666667,37.30166666666667,58.522,111.33566666666668,Trinity College Dublin,TCD,74.60333333333334,0,2,9,10,11,late,pt_plus_rail,330,Fingal
267132,34.32066666666667,34.32066666666667,55.755500000000005,111.16516666666666,Trinity College Dublin,TCD,68.64133333333334,0,5,9,11,11,late,pt_plus_rail,590,Fingal
267133,40.004000000000005,40.004000000000005,74.01866666666668,110.5675,Trinity College Dublin,TCD,80.00800000000001,0,1,7,9,11,late,pt_plus_rail,519,Fingal
267134,34.94033333333334,34.94033333333334,56.37516666666667,109.90383333333332,Trinity College Dublin,TCD,69.88066666666668,0,5,9,11,11,late,pt_plus_rail,272,Fingal
267135,36.12650000000001,36.12650000000001,57.56133333333334,109.781,Trinity College Dublin,TCD,72.25300000000001,0,4,9,11,11,late,pt_plus_rail,53,Fingal
267136,23.0,23.0,46.31016666666667,140.73483333333334,TU Dublin Tallaght,TU Dublin,46.0,1,6,11,11,11,late,pt_plus_rail,61,South Dublin
267137,25.0,25.0,45.136833333333335,138.0,TU Dublin Tallaght,TU Dublin,50.0,1,5,11,11,11,late,pt_plus_rail,44,South Dublin
267138,30.0,30.0,48.688,142.0,TU Dublin Tallaght,TU Dublin,61.0,1,3,9,11,11,late,pt_plus_rail,561,South Dublin
267139,19.0,19.0,46.18000000000001,140.60466666666667,TU Dublin Tallaght,TU Dublin,38.0,1,6,11,11,11,late,pt_plus_rail,55,South Dublin
267140,41.0,41.0,49.555166666666665,144.704,TU Dublin Tallaght,TU Dublin,83.0,0,3,8,11,11,late,pt_plus_rail,1001,South Dublin
267141,25.0,25.0,50.40766666666667,145.59316666666666,TU Dublin Tallaght,TU Dublin,51.0,1,3,9,11,11,late,pt_plus_rail,188,South Dublin
267142,28.0,28.0,47.64483333333334,136.0,TU Dublin Tallaght,TU Dublin,57.0,1,4,10,11,11,late,pt_plus_rail,131,South Dublin
267143,25.0,25.0,49.228833333333334,143.6535,TU Dublin Tallaght,TU Dublin,52.0,1,3,11,11,11,late,pt_plus_rail,492,South Dublin
267144,21.0,21.0,44.885666666666665,137.0,TU Dublin Tallaght,TU Dublin,42.0,1,6,11,11,11,late,pt_plus_rail,126,South Dublin
267145,21.0,21.0,47.6155,142.04016666666666,TU Dublin Tallaght,TU Dublin,42.0,1,5,11,11,11,late,pt_plus_rail,104,South Dublin
267146,14.0,14.0,49.10416666666667,143.52883333333332,TU Dublin Tallaght,TU Dublin,28.0,1,3,11,11,11,late,pt_plus_rail,132,South Dublin
267147,20.0,20.0,48.18566666666667,140.0,TU Dublin Tallaght,TU Dublin,40.0,1,4,10,11,11,late,pt_plus_rail,327,South Dublin
267148,27.0,27.0,47.687000000000005,140.0345,TU Dublin Tallaght,TU Dublin,54.0,1,4,11,11,11,late,pt_plus_rail,168,South Dublin
267149,32.369,32.369,47.346,138.8245,Trinity College Dublin,TCD,64.738,0,6,11,11,11,late,pt_plus_rail,90,South Dublin
267150,28.790333333333336,28.790333333333336,49.1335,135.35399999999998,Trinity College Dublin,TCD,57.58066666666667,1,6,11,11,11,late,pt_plus_rail,167,South Dublin
267151,31.914333333333335,31.914333333333335,47.62650000000001,136.79683333333332,Trinity College Dublin,TCD,63.82866666666667,0,6,11,11,11,late,pt_plus_rail,130,South Dublin
267152,30.533833333333337,30.533833333333337,48.2205,137.0975,Trinity College Dublin,TCD,61.06766666666667,0,6,11,11,11,late,pt_plus_rail,51,South Dublin
267153,31.214,31.214,47.3625,137.6695,Trinity College Dublin,TCD,62.428,0,7,11,11,11,late,pt_plus_rail,67,South Dublin
267154,29.46866666666667,29.46866666666667,48.16733333333334,136.23216666666667,Trinity College Dublin,TCD,58.93733333333334,1,6,11,11,11,late,pt_plus_rail,70,South Dublin
267155,30.559500000000003,30.559500000000003,47.1755,135.26416666666665,Trinity College Dublin,TCD,61.11900000000001,0,7,10,11,11,late,pt_plus_rail,57,South Dublin
267156,29.683166666666665,29.683166666666665,48.992333333333335,136.24683333333334,Trinity College Dublin,TCD,59.36633333333333,1,6,11,11,11,late,pt_plus_rail,87,South Dublin
267157,32.97033333333333,32.97033333333333,48.02066666666667,136.10933333333332,Trinity College Dublin,TCD,65.94066666666666,0,5,10,11,11,late,pt_plus_rail,72,South Dublin
267158,38.035,38.035,48.80716666666667,136.08933333333334,Trinity College Dublin,TCD,75.13866666666667,0,4,8,10,11,late,pt_plus_rail,664,Fingal
267159,41.1525,41.1525,59.409333333333336,147.916,Trinity College Dublin,TCD,82.305,0,2,9,11,11,late,pt_plus_rail,24,Dún Laoghaire-Rathdown
267160,28.290833333333335,28.290833333333335,51.51316666666667,113.158,Trinity College Dublin,TCD,56.58166666666667,1,7,9,11,11,late,pt_plus_rail,54,Fingal
268001,12.0,12.0,51.20516666666667,127.3215,TU Dublin Grangegorman,TU Dublin,24.0,5,7,11,11,11,late,pt_plus_rail,34,Dublin City
268002,5.0,5.0,50.27383333333333,127.77316666666668,TU Dublin Grangegorman,TU Dublin,10.0,4,7,10,11,11,late,pt_plus_rail,241,Dublin City
268003,9.0,13.0,47.74016666666667,124.0,NCAD (Thomas St),NCAD,18.0,4,7,11,11,11,late,pt_plus_rail,60,Dublin City
268004,23.0,24.374833333333335,47.8685,126.90966666666668,NCAD (Thomas St),NCAD,46.0,3,7,10,11,11,late,pt_plus_rail,31,Dublin City
268005,13.0,13.0,49.861333333333334,127.99316666666668,TU Dublin Grangegorman,TU Dublin,26.0,3,7,10,11,11,late,pt_plus_rail,65,Dublin City
268006,27.733,27.733,46.36150000000001,134.9995,TU Dublin Grangegorman,TU Dublin,54.466,2,7,9,11,11,late,pt_plus_rail,301,Dublin City
268007,24.961,24.961,45.16616666666667,131.658,TU Dublin Grangegorman,TU Dublin,48.922,4,7,10,11,11,late,pt_plus_rail,63,Dublin City
268008,29.313833333333335,29.313833333333335,55.83983333333334,130.51416666666665,Trinity College Dublin,TCD,58.62766666666667,1,5,9,11,11,late,pt_plus_rail,217,Dublin City
268009,18.0,18.027833333333337,54.496,112.0,Marino Institute of Education,Marino,36.05566666666667,4,8,11,11,11,late,pt_plus_rail,102,Dublin City
268010,18.673166666666667,18.673166666666667,53.28416666666667,117.0,Trinity College Dublin,TCD,37.346333333333334,5,8,11,11,11,late,pt_plus_rail,65,Dublin City
268011,16.0,16.0,50.82566666666667,130.57833333333332,DCU Glasnevin,DCU,32.0,2,7,9,11,11,late,pt_plus_rail,110,Dublin City
268012,26.3475,26.3475,48.22233333333334,132.80033333333333,Trinity College Dublin,TCD,52.695,1,7,9,11,11,late,pt_plus_rail,100,Dublin City
268013,26.0,26.0,49.087666666666664,132.375,DCU Glasnevin,DCU,50.0,2,7,9,11,11,late,pt_plus_rail,66,Dublin City
268014,24.921166666666668,24.921166666666668,49.656,131.69033333333334,Trinity College Dublin,TCD,49.842333333333336,3,7,9,11,11,late,pt_plus_rail,72,Dublin City
268015,28.0,28.0,46.99216666666667,115.677,DCU Glasnevin,DCU,56.0,2,7,9,11,11,late,pt_plus_rail,212,Dublin City
268016,27.0,27.0,48.809000000000005,114.89416666666668,DCU Glasnevin,DCU,54.0,2,7,9,11,11,late,pt_plus_rail,152,Dublin City
268017,21.0,21.0,49.665166666666664,114.456,DCU Glasnevin,DCU,42.0,2,7,9,11,11,late,pt_plus_rail,197,Dublin City
268018,24.0,24.0,49.97683333333333,129.00533333333334,DCU Glasnevin,DCU,49.0,2,7,9,11,11,late,pt_plus_rail,49,Dublin City
268019,23.0,23.0,49.32416666666667,131.15033333333332,DCU Glasnevin,DCU,46.0,2,7,9,11,11,late,pt_plus_rail,53,Dublin City
268020,27.0,27.0,48.05733333333333,131.792,DCU Glasnevin,DCU,52.0,2,7,9,11,11,late,pt_plus_rail,68,Dublin City
268021,25.34466666666667,25.34466666666667,53.25483333333334,115.3085,Trinity College Dublin,TCD,50.68933333333334,3,7,9,11,11,late,pt_plus_rail,71,Dublin City
268022,26.613333333333337,26.613333333333337,55.236666666666665,129.82483333333334,Trinity College Dublin,TCD,53.226666666666674,2,6,9,11,11,late,pt_plus_rail,141,Dublin City
268023,20.0,25.25116666666667,54.914,129.50216666666665,Marino Institute of Education,Marino,41.0,2,6,9,11,11,late,pt_plus_rail,104,Dublin City
268024,22.0,26.683,56.35316666666667,131.1485,Marino Institute of Education,Marino,44.0,2,6,9,11,11,late,pt_plus_rail,55,Dublin City
268025,19.0,23.955,54.96533333333334,128.0,Marino Institute of Education,Marino,39.0,3,6,9,11,11,late,pt_plus_rail,58,Dublin City
268026,25.2255,25.2255,54.41166666666667,121.0,Trinity College Dublin,TCD,50.451,3,6,9,11,11,late,pt_plus_rail,117,Dublin City
268027,24.750666666666667,24.750666666666667,52.39866666666667,131.51983333333334,Trinity College Dublin,TCD,49.501333333333335,2,7,9,11,11,late,pt_plus_rail,76,Dublin City
268028,20.787,20.787,52.89183333333333,125.0,Trinity College Dublin,TCD,41.574,6,7,11,11,11,late,pt_plus_rail,91,Dublin City
268029,19.573333333333338,19.573333333333338,52.60583333333334,122.0,Trinity College Dublin,TCD,39.14666666666667,6,7,11,11,11,late,pt_plus_rail,78,Dublin City
268030,15.0,15.0,51.28216666666667,128.40866666666668,TU Dublin Grangegorman,TU Dublin,30.0,5,7,10,11,11,late,pt_plus_rail,115,Dublin City
268031,17.0,17.0,49.63216666666666,128.54616666666666,TU Dublin Grangegorman,TU Dublin,33.0,4,7,10,11,11,late,pt_plus_rail,89,Dublin City
268032,13.0,13.0,48.497333333333344,128.0885,TU Dublin Grangegorman,TU Dublin,26.0,4,7,10,11,11,late,pt_plus_rail,92,Dublin City
268033,20.0,20.0,48.900666666666666,132.23116666666667,TU Dublin Grangegorman,TU Dublin,39.0,3,7,10,11,11,late,pt_plus_rail,40,Dublin City
268034,22.115666666666662,22.115666666666662,48.67333333333333,130.48216666666667,TU Dublin Grangegorman,TU Dublin,43.23133333333333,3,7,10,11,11,late,pt_plus_rail,67,Dublin City
268035,23.356833333333334,23.356833333333334,48.191166666666675,130.13566666666668,TU Dublin Grangegorman,TU Dublin,45.71366666666667,3,7,10,11,11,late,pt_plus_rail,72,Dublin City
268036,24.0,24.0,48.56516666666667,129.42133333333334,TU Dublin Grangegorman,TU Dublin,47.0,3,7,10,11,11,late,pt_plus_rail,77,Dublin City
268037,27.1785,29.878500000000003,41.527,130.1785,NCAD (Thomas St),NCAD,55.357,2,7,10,11,11,late,pt_plus_rail,63,Dublin City
268038,36.50833333333333,40.062666666666665,47.148,134.0,NCAD (Thomas St),NCAD,74.01666666666667,0,3,9,11,11,late,pt_plus_rail,147,Dublin City
268039,30.394166666666667,33.948499999999996,42.348333333333336,133.39416666666668,NCAD (Thomas St),NCAD,61.788333333333334,0,7,10,11,11,late,pt_plus_rail,100,Dublin City
268040,32.471333333333334,36.025666666666666,45.245000000000005,134.68683333333334,NCAD (Thomas St),NCAD,65.94266666666667,0,5,10,11,11,late,pt_plus_rail,200,Dublin City
268041,26.71966666666667,26.71966666666667,73.025,132.87466666666666,Trinity College Dublin,TCD,53.43933333333334,2,6,8,11,11,late,pt_plus_rail,133,Dublin City
268042,26.3035,26.3035,74.26066666666668,132.45850000000002,Trinity College Dublin,TCD,52.607,2,6,8,11,11,late,pt_plus_rail,201,Dublin City
268043,24.3675,24.3675,59.655,130.5225,Trinity College Dublin,TCD,48.735,2,6,9,11,11,late,pt_plus_rail,133,Dublin City
268044,22.0,23.709333333333333,58.98583333333334,129.86433333333332,Marino Institute of Education,Marino,46.53566666666667,2,6,9,11,11,late,pt_plus_rail,107,Dublin City
268045,22.0,23.802833333333332,57.90966666666667,117.0,Marino Institute of Education,Marino,47.0,2,6,9,11,11,late,pt_plus_rail,62,Dublin City
268046,21.0,25.058666666666667,57.2075,131.21366666666663,Marino Institute of Education,Marino,45.0,2,6,9,11,11,late,pt_plus_rail,118,Dublin City
268047,17.0,23.236333333333334,56.191833333333335,129.39133333333334,Marino Institute of Education,Marino,35.0,3,6,9,11,11,late,pt_plus_rail,49,Dublin City
268048,12.0,20.678833333333333,57.45866666666667,115.0,Marino Institute of Education,Marino,24.0,3,6,10,11,11,late,pt_plus_rail,101,Dublin City
268049,13.0,20.218666666666667,57.478833333333334,112.0,Marino Institute of Education,Marino,26.0,3,6,10,11,11,late,pt_plus_rail,48,Dublin City
268050,8.0,21.8265,56.23216666666667,127.91,Marino Institute of Education,Marino,16.0,3,6,10,11,11,late,pt_plus_rail,69,Dublin City
268051,25.0,28.81416666666667,47.368,125.0,NCAD (Thomas St),NCAD,50.0,2,6,10,11,11,late,pt_plus_rail,111,Dublin City
268052,24.0,26.702166666666667,46.583333333333336,128.59816666666666,NCAD (Thomas St),NCAD,50.0,2,8,11,11,11,late,pt_plus_rail,99,Dublin City
268053,22.0,24.458166666666667,47.67783333333334,129.69266666666667,NCAD (Thomas St),NCAD,45.0,3,8,11,11,11,late,pt_plus_rail,75,Dublin City
268054,26.0,26.188833333333335,47.79333333333334,130.6845,NCAD (Thomas St),NCAD,52.37766666666667,2,6,11,11,11,late,pt_plus_rail,110,Dublin City
268055,26.0,28.673,47.872166666666665,128.0,NCAD (Thomas St),NCAD,54.0,2,6,10,11,11,late,pt_plus_rail,95,Dublin City
268056,29.0195,29.0195,46.98116666666667,132.34916666666666,Trinity College Dublin,TCD,58.039,2,7,10,11,11,late,pt_plus_rail,88,Dublin City
268057,27.272,30.826333333333334,43.325500000000005,130.272,NCAD (Thomas St),NCAD,55.544,1,7,10,11,11,late,pt_plus_rail,101,Dublin City
268058,21.623,21.623,56.102,127.7065,Trinity College Dublin,TCD,43.246,3,7,10,11,11,late,pt_plus_rail,123,Dublin City
268059,21.16466666666667,21.16466666666667,56.37516666666667,127.0,Trinity College Dublin,TCD,42.32933333333334,3,7,10,11,11,late,pt_plus_rail,29,Dublin City
268060,21.964,21.964,52.9835,128.0,Trinity College Dublin,TCD,43.928,4,7,9,11,11,late,pt_plus_rail,92,Dublin City
268061,29.829500000000003,33.383833333333335,42.8855,132.8295,NCAD (Thomas St),NCAD,60.659000000000006,1,7,10,11,11,late,pt_plus_rail,130,Dublin City
268062,28.070833333333333,28.070833333333333,56.663,131.25116666666668,Trinity College Dublin,TCD,56.141666666666666,1,6,9,11,11,late,pt_plus_rail,81,Dublin City
268063,29.709833333333336,29.709833333333336,47.043499999999995,131.6215,Trinity College Dublin,TCD,59.41966666666667,1,7,9,11,11,late,pt_plus_rail,122,Dublin City
268064,28.0305,28.0305,46.220333333333336,130.79833333333335,Trinity College Dublin,TCD,56.061,2,7,9,11,11,late,pt_plus_rail,104,Dublin City
268065,27.46216666666667,27.46216666666667,47.1645,131.63433333333333,Trinity College Dublin,TCD,54.92433333333334,1,7,9,11,11,late,pt_plus_rail,131,Dublin City
268066,28.371,28.371,48.523,133.101,TU Dublin Grangegorman,TU Dublin,55.742,2,7,9,11,11,late,pt_plus_rail,118,Dublin City
268067,26.092666666666663,26.092666666666663,48.557833333333335,132.86183333333332,Trinity College Dublin,TCD,52.18533333333333,2,7,9,11,11,late,pt_plus_rail,210,Dublin City
268068,27.7715,27.7715,48.5285,133.1065,TU Dublin Grangegorman,TU Dublin,54.543,2,7,9,11,11,late,pt_plus_rail,120,Dublin City
268069,25.470666666666663,25.470666666666663,49.0455,133.8261666666667,TU Dublin Grangegorman,TU Dublin,49.94133333333333,2,7,9,11,11,late,pt_plus_rail,132,Dublin City
268070,19.0,22.889833333333335,56.5695,128.97333333333333,Marino Institute of Education,Marino,38.0,2,6,9,11,11,late,pt_plus_rail,198,Dublin City
268071,29.396333333333335,29.396333333333335,53.55916666666667,115.29016666666666,Trinity College Dublin,TCD,58.79266666666667,1,6,9,11,11,late,pt_plus_rail,451,Dublin City
268072,32.403000000000006,32.403000000000006,56.56583333333334,127.0,Trinity College Dublin,TCD,64.80600000000001,0,4,9,11,11,late,pt_plus_rail,189,Dublin City
268073,32.206833333333336,32.206833333333336,56.905,131.0,Trinity College Dublin,TCD,64.41366666666667,0,4,9,11,11,late,pt_plus_rail,96,Dublin City
268074,29.8015,29.8015,58.52566666666667,133.2,Trinity College Dublin,TCD,59.603,1,5,9,11,11,late,pt_plus_rail,113,Dublin City
268075,29.499,29.499,58.270833333333336,132.9451666666667,Trinity College Dublin,TCD,58.998000000000005,1,6,9,11,11,late,pt_plus_rail,90,Dublin City
268076,24.0,26.86266666666667,56.90683333333333,131.495,Marino Institute of Education,Marino,48.0,2,6,9,11,11,late,pt_plus_rail,87,Dublin City
268077,27.2825,27.2825,59.678833333333344,133.0,Trinity College Dublin,TCD,54.565,2,6,9,11,11,late,pt_plus_rail,116,Dublin City
268078,24.0,29.260666666666665,45.2175,125.0,NCAD (Thomas St),NCAD,50.0,2,7,10,11,11,late,pt_plus_rail,72,Dublin City
268079,27.0,31.082,45.6135,125.0,NCAD (Thomas St),NCAD,56.0,1,7,10,11,11,late,pt_plus_rail,117,Dublin City
268080,18.5595,18.5595,51.57183333333333,124.0,Trinity College Dublin,TCD,37.119,6,8,11,11,11,late,pt_plus_rail,35,Dublin City
268081,16.0,16.0,51.91833333333334,117.0,TU Dublin Grangegorman,TU Dublin,32.0,6,7,11,11,11,late,pt_plus_rail,119,Dublin City
268082,13.0,13.0,49.81366666666667,127.15283333333332,TU Dublin Grangegorman,TU Dublin,26.0,5,7,11,11,11,late,pt_plus_rail,92,Dublin City
268083,24.0,28.840833333333336,43.75266666666667,128.2865,NCAD (Thomas St),NCAD,50.0,2,8,10,11,11,late,pt_plus_rail,66,Dublin City
268084,20.0,27.84166666666667,42.72416666666667,127.28733333333334,NCAD (Thomas St),NCAD,37.0,3,8,10,11,11,late,pt_plus_rail,41,Dublin City
268085,17.0,27.464833333333335,45.09283333333333,123.0,NCAD (Thomas St),NCAD,37.0,2,8,11,11,11,late,pt_plus_rail,124,Dublin City
268086,29.0,29.434833333333337,55.266,129.85416666666669,Marino Institute of Education,Marino,58.86966666666667,2,5,9,11,11,late,pt_plus_rail,67,Dublin City
268087,27.377833333333335,27.377833333333335,53.621500000000005,115.26633333333334,Trinity College Dublin,TCD,54.75566666666667,2,7,9,11,11,late,pt_plus_rail,73,Dublin City
268088,26.697666666666667,26.697666666666667,50.6955,112.34033333333336,Trinity College Dublin,TCD,53.39533333333333,1,7,9,11,11,late,pt_plus_rail,116,Dublin City
268089,27.764666666666667,27.764666666666667,53.64533333333333,115.29016666666666,Trinity College Dublin,TCD,55.529333333333334,2,7,9,11,11,late,pt_plus_rail,101,Dublin City
268090,27.675666666666668,27.675666666666668,48.76316666666667,132.494,Trinity College Dublin,TCD,55.351333333333336,2,6,11,11,11,late,pt_plus_rail,74,Dublin City
268091,26.300666666666668,26.300666666666668,48.88966666666667,131.3885,Trinity College Dublin,TCD,52.601333333333336,2,6,11,11,11,late,pt_plus_rail,100,Dublin City
268092,26.383166666666668,26.383166666666668,53.52433333333334,133.14666666666668,Trinity College Dublin,TCD,52.766333333333336,2,5,11,11,11,late,pt_plus_rail,84,Dublin City
268093,26.650833333333335,26.650833333333335,50.352666666666664,132.3675,Trinity College Dublin,TCD,53.30166666666667,2,6,11,11,11,late,pt_plus_rail,49,Dublin City
268094,28.346666666666668,28.346666666666668,49.084,133.5995,Trinity College Dublin,TCD,56.693333333333335,1,6,11,11,11,late,pt_plus_rail,99,Dublin City
268095,30.317166666666665,33.871500000000005,44.40716666666667,132.0,NCAD (Thomas St),NCAD,61.63433333333333,0,8,10,11,11,late,pt_plus_rail,95,Dublin City
268096,10.0,10.0,54.257666666666665,116.0,Trinity College Dublin,TCD,20.0,5,8,11,11,11,late,pt_plus_rail,172,Dublin City
268097,11.0,15.0,55.27516666666667,128.03466666666668,RCSI (St Stephen's Green),RCSI,22.0,4,7,11,11,11,late,pt_plus_rail,13,Dublin City
268098,5.0,21.0,48.2975,125.79683333333334,NCAD (Thomas St),NCAD,10.0,4,7,11,11,11,late,pt_plus_rail,58,Dublin City
268099,7.0,21.0,50.328833333333336,127.82816666666666,NCAD (Thomas St),NCAD,14.0,4,7,11,11,11,late,pt_plus_rail,58,Dublin City
268100,9.0,23.0,49.05833333333334,127.57516666666666,NCAD (Thomas St),NCAD,18.0,4,8,11,11,11,late,pt_plus_rail,63,Dublin City
268101,16.0,24.887166666666666,49.879666666666665,129.30583333333334,NCAD (Thomas St),NCAD,32.0,3,8,11,11,11,late,pt_plus_rail,33,Dublin City
268102,19.0,25.53066666666667,50.71383333333334,128.99416666666667,NCAD (Thomas St),NCAD,38.0,3,7,11,11,11,late,pt_plus_rail,48,Dublin City
268103,19.0,25.875333333333337,48.878666666666675,130.16383333333334,NCAD (Thomas St),NCAD,38.0,3,7,11,11,11,late,pt_plus_rail,59,Dublin City
268104,18.0,18.0,55.251333333333335,107.0,Trinity College Dublin,TCD,36.0,5,8,11,11,11,late,pt_plus_rail,157,Dublin City
268105,17.637333333333334,17.637333333333334,53.6655,114.0,Trinity College Dublin,TCD,35.27466666666667,5,8,11,11,11,late,pt_plus_rail,86,Dublin City
268106,13.0,13.0,54.02116666666667,111.0,Trinity College Dublin,TCD,26.0,5,8,10,11,11,late,pt_plus_rail,120,Dublin City
268107,16.0,17.747333333333334,55.7005,112.0,Marino Institute of Education,Marino,32.0,4,8,10,11,11,late,pt_plus_rail,24,Dublin City
268108,18.502666666666663,18.502666666666663,56.59700000000001,120.0,Trinity College Dublin,TCD,37.00533333333333,3,8,10,11,11,late,pt_plus_rail,241,Dublin City
268109,16.7885,16.7885,55.12666666666667,112.0,Trinity College Dublin,TCD,33.577,5,8,11,11,11,late,pt_plus_rail,76,Dublin City
268110,18.879333333333335,18.879333333333335,56.3935,125.82366666666668,Trinity College Dublin,TCD,37.75866666666667,2,7,10,11,11,late,pt_plus_rail,137,Dublin City
268111,21.226,21.226,57.8015,128.17033333333333,Trinity College Dublin,TCD,42.452,2,7,10,11,11,late,pt_plus_rail,125,Dublin City
268112,24.003500000000003,24.003500000000003,59.567,130.94783333333334,Trinity College Dublin,TCD,48.007000000000005,1,6,10,11,11,late,pt_plus_rail,112,Dublin City
268113,17.0,17.0,58.80983333333334,132.02583333333334,UCD Belfield,UCD,32.0,2,6,10,11,11,late,pt_plus_rail,122,Dublin City
268114,21.563333333333333,21.563333333333333,56.466833333333334,128.3885,Trinity College Dublin,TCD,43.126666666666665,3,7,10,11,11,late,pt_plus_rail,93,Dublin City
268115,18.166166666666665,18.166166666666665,54.10183333333333,124.99133333333332,Trinity College Dublin,TCD,36.33233333333333,2,7,10,11,11,late,pt_plus_rail,85,Dublin City
268116,20.234166666666667,20.234166666666667,54.8205,127.05933333333334,Trinity College Dublin,TCD,40.468333333333334,3,7,10,11,11,late,pt_plus_rail,59,Dublin City
268117,19.95916666666667,19.95916666666667,53.348333333333336,127.10883333333334,Trinity College Dublin,TCD,38.95916666666667,3,7,10,11,11,late,pt_plus_rail,71,Dublin City
268118,25.8805,27.1395,50.75783333333334,128.8805,NCAD (Thomas St),NCAD,52.761,2,7,10,11,11,late,pt_plus_rail,15,Dublin City
268119,32.170166666666674,32.170166666666674,57.19833333333334,131.0,Trinity College Dublin,TCD,64.34033333333335,0,4,9,11,11,late,pt_plus_rail,202,Dublin City
268120,28.1625,28.1625,53.92216666666667,115.65316666666666,Trinity College Dublin,TCD,56.325,1,5,9,11,11,late,pt_plus_rail,105,Dublin City
268121,30.59166666666667,30.59166666666667,52.715833333333336,114.44683333333332,Trinity College Dublin,TCD,61.18333333333334,0,6,9,11,11,late,pt_plus_rail,70,Dublin City
268122,30.478,30.478,53.627,115.358,Trinity College Dublin,TCD,60.956,0,6,9,11,11,late,pt_plus_rail,133,Dublin City
268123,29.059,29.059,52.352833333333336,114.08383333333332,Trinity College Dublin,TCD,58.118,1,7,9,11,11,late,pt_plus_rail,120,Dublin City
268124,29.6145,29.6145,73.83166666666668,134.7245,Trinity College Dublin,TCD,59.229,1,6,8,11,11,late,pt_plus_rail,105,Dublin City
268125,31.174666666666667,31.174666666666667,59.897,133.64283333333333,Trinity College Dublin,TCD,62.349333333333334,0,5,9,11,11,late,pt_plus_rail,72,Dublin City
268126,28.257833333333338,28.257833333333338,72.91316666666667,134.41283333333334,Trinity College Dublin,TCD,56.515666666666675,1,6,8,11,11,late,pt_plus_rail,111,Dublin City
268127,26.562833333333337,26.562833333333337,52.813,134.2375,Trinity College Dublin,TCD,53.12566666666667,1,6,11,11,11,late,pt_plus_rail,143,Dublin City
268128,17.0,21.02616666666667,53.03116666666667,128.82666666666665,RCSI (St Stephen's Green),RCSI,34.0,4,7,11,11,11,late,pt_plus_rail,100,Dublin City
268129,24.452666666666666,24.452666666666666,55.22200000000001,131.27783333333332,Trinity College Dublin,TCD,48.90533333333333,3,6,10,11,11,late,pt_plus_rail,128,Dublin City
268130,15.0,22.0,54.804,132.15416666666667,RCSI (St Stephen's Green),RCSI,30.0,2,6,11,11,11,late,pt_plus_rail,113,Dublin City
268131,15.0,22.0,53.99366666666667,130.97166666666666,RCSI (St Stephen's Green),RCSI,30.0,2,6,11,11,11,late,pt_plus_rail,73,Dublin City
268132,23.272,23.272,50.41316666666667,130.0355,Trinity College Dublin,TCD,46.544,3,7,11,11,11,late,pt_plus_rail,86,Dublin City
268133,15.0,21.612833333333334,51.834,129.5325,RCSI (St Stephen's Green),RCSI,30.0,3,7,11,11,11,late,pt_plus_rail,63,Dublin City
268134,24.0,24.419666666666664,53.98083333333334,132.22016666666667,RCSI (St Stephen's Green),RCSI,48.0,2,6,11,11,11,late,pt_plus_rail,162,Dublin City
268135,25.158500000000004,25.158500000000004,53.441833333333335,132.959,Trinity College Dublin,TCD,50.31700000000001,2,7,11,11,11,late,pt_plus_rail,83,Dublin City
268136,26.0605,26.0605,52.11633333333334,132.989,Trinity College Dublin,TCD,52.121,3,7,11,11,11,late,pt_plus_rail,103,Dublin City
268137,24.24,24.24,51.91833333333334,132.0405,Trinity College Dublin,TCD,48.48,3,6,11,11,11,late,pt_plus_rail,68,Dublin City
268138,17.322000000000003,17.322000000000003,52.611333333333334,113.0,Trinity College Dublin,TCD,34.644000000000005,5,8,11,11,11,late,pt_plus_rail,159,Dublin City
268139,15.0,15.0,52.69200000000001,126.0,TU Dublin Grangegorman,TU Dublin,29.0,5,7,11,11,11,late,pt_plus_rail,52,Dublin City
268140,10.0,14.0,53.803,131.30233333333334,RCSI (St Stephen's Green),RCSI,20.0,4,7,10,11,11,late,pt_plus_rail,69,Dublin City
268141,2.0,14.0,50.95583333333333,128.45516666666666,RCSI (St Stephen's Green),RCSI,4.0,4,8,11,11,11,late,pt_plus_rail,44,Dublin City
268142,7.0,14.0,50.68266666666666,129.4298333333333,RCSI (St Stephen's Green),RCSI,15.0,4,7,11,11,11,late,pt_plus_rail,67,Dublin City
268143,13.0,13.0,55.07716666666667,123.28633333333332,Trinity College Dublin,TCD,29.0,4,8,11,11,11,late,pt_plus_rail,111,Dublin City
268144,24.813833333333335,24.813833333333335,50.4425,131.57733333333334,Trinity College Dublin,TCD,49.62766666666667,3,7,11,11,11,late,pt_plus_rail,84,Dublin City
268145,26.82866666666667,26.82866666666667,51.79733333333334,133.81216666666666,Trinity College Dublin,TCD,53.65733333333334,1,6,11,11,11,late,pt_plus_rail,85,Dublin City
268146,27.958,27.958,50.7615,134.7215,Trinity College Dublin,TCD,55.916,1,6,11,11,11,late,pt_plus_rail,76,Dublin City
268147,27.943333333333335,27.943333333333335,50.294,134.70683333333335,Trinity College Dublin,TCD,55.88666666666667,1,7,11,11,11,late,pt_plus_rail,26,Dublin City
268148,17.0,27.806833333333337,48.17466666666667,127.0,NCAD (Thomas St),NCAD,33.0,2,7,10,11,11,late,pt_plus_rail,39,Dublin City
268149,4.0,20.0,48.89883333333333,127.0,NCAD (Thomas St),NCAD,8.0,4,7,11,11,11,late,pt_plus_rail,67,Dublin City
268150,10.0,26.015666666666668,48.5505,123.0,NCAD (Thomas St),NCAD,20.0,4,8,11,11,11,late,pt_plus_rail,109,Dublin City
268151,20.0,25.127333333333333,46.917,126.0,NCAD (Thomas St),NCAD,40.0,3,9,11,11,11,late,pt_plus_rail,47,Dublin City
268152,18.0,25.070500000000003,46.39816666666667,124.0,NCAD (Thomas St),NCAD,37.0,3,9,11,11,11,late,pt_plus_rail,53,Dublin City
268153,13.0,26.27316666666667,45.84816666666667,123.0,NCAD (Thomas St),NCAD,27.0,3,8,11,11,11,late,pt_plus_rail,70,Dublin City
268154,30.005833333333335,30.005833333333335,44.792166666666674,132.0,Trinity College Dublin,TCD,60.01166666666667,0,8,10,11,11,late,pt_plus_rail,95,Dublin City
268155,29.186333333333337,29.186333333333337,45.7455,133.35566666666665,Trinity College Dublin,TCD,58.37266666666667,1,7,10,11,11,late,pt_plus_rail,59,Dublin City
268156,30.121333333333332,30.121333333333332,47.51283333333333,134.93966666666665,Trinity College Dublin,TCD,60.242666666666665,0,7,10,11,11,late,pt_plus_rail,71,Dublin City
268157,4.0,4.0,55.632666666666665,130.0,DCU Glasnevin,DCU,8.0,2,6,9,11,11,late,pt_plus_rail,98,Dublin City
268158,6.0,6.0,52.53616666666667,115.37633333333332,DCU Glasnevin,DCU,12.0,2,7,9,11,11,late,pt_plus_rail,103,Dublin City
268159,22.0,22.0,51.724,113.0,DCU Glasnevin,DCU,44.0,2,7,9,11,11,late,pt_plus_rail,85,Dublin City
268160,22.0,22.0,53.27316666666667,114.0,DCU Glasnevin,DCU,45.0,3,7,9,11,11,late,pt_plus_rail,57,Dublin City
268161,10.0,19.0,51.35366666666667,128.853,RCSI (St Stephen's Green),RCSI,20.0,4,8,11,11,11,late,pt_plus_rail,52,Dublin City
268162,15.0,22.0,49.81183333333334,128.996,RCSI (St Stephen's Green),RCSI,31.0,3,8,11,11,11,late,pt_plus_rail,76,Dublin City
017001,27.944000000000003,27.944000000000003,88.73799999999999,27.944000000000003,SETU Carlow,SETU,55.42226666666667,1,1,1,1,2,peak,car,25,Carlow
017002,9.35,9.35,78.464,9.35,SETU Carlow,SETU,18.544166666666666,1,1,1,1,2,peak,car,46,Carlow
017003,37.501999999999995,37.501999999999995,94.94799999999998,37.501999999999995,SETU Carlow,SETU,74.37896666666666,0,1,1,1,1,peak,car,26,Carlow
017004,27.29,27.29,86.522,27.29,SETU Carlow,SETU,54.125166666666665,1,1,1,1,2,peak,car,42,Carlow
017005,33.2,33.2,96.73,33.2,SETU Carlow,SETU,65.84666666666666,0,1,1,1,1,peak,car,17,Carlow
017006,29.214,29.214,92.744,29.214,SETU Carlow,SETU,57.941100000000006,1,1,1,1,1,peak,car,15,Carlow
017007,53.056,53.056,116.586,53.056,SETU Carlow,SETU,105.22773333333332,0,0,1,1,1,peak,car,11,Carlow
017008,37.996,37.996,101.526,37.996,SETU Carlow,SETU,75.35873333333333,0,1,1,1,1,peak,car,15,Carlow
017009,18.362,18.362,71.818,18.362,SETU Carlow,SETU,36.41796666666667,1,1,1,2,3,peak,car,31,Carlow
017010,6.704,6.704,72.448,6.704,SETU Carlow,SETU,13.296266666666666,1,1,1,2,2,peak,car,661,Carlow
017011,4.486000000000001,4.486000000000001,72.52,4.486000000000001,SETU Carlow,SETU,8.897233333333334,1,1,1,2,2,peak,car,131,Carlow
017012,15.734000000000002,15.734000000000002,83.14200000000001,15.734000000000002,SETU Carlow,SETU,31.20576666666667,1,1,1,1,2,peak,car,29,Carlow
017013,39.758,39.758,98.99,39.758,SETU Carlow,SETU,78.85336666666666,0,1,1,1,1,peak,car,45,Carlow
017014,47.928,47.928,104.146,47.928,SETU Carlow,SETU,95.0572,0,0,1,1,1,peak,car,26,Carlow
017015,53.70399999999999,53.70399999999999,117.23399999999998,53.70399999999999,SETU Carlow,SETU,106.51293333333332,0,0,1,1,1,peak,car,9,Carlow
017016,35.52,35.52,99.05,35.52,SETU Carlow,SETU,70.44800000000001,0,1,1,1,1,peak,car,29,Carlow
017017,42.42,42.42,101.652,42.42,SETU Carlow,SETU,84.13300000000001,0,1,1,1,1,peak,car,56,Carlow
017018,28.581999999999997,28.581999999999997,87.814,28.581999999999997,SETU Carlow,SETU,56.68763333333332,1,1,1,1,2,peak,car,21,Carlow
017019,37.422,37.422,96.772,37.422,SETU Carlow,SETU,74.2203,0,1,1,1,1,peak,car,29,Carlow
017020,62.861999999999995,62.861999999999995,126.392,62.861999999999995,SETU Carlow,SETU,124.6763,0,0,0,1,1,peak,car,13,Carlow
017021,18.286,18.286,81.154,18.286,SETU Carlow,SETU,36.26723333333333,1,1,1,1,2,peak,car,27,Carlow
017022,41.68,41.68,87.344,41.68,SETU Carlow,SETU,82.66533333333334,0,1,1,1,2,peak,car,51,Carlow
017023,33.321999999999996,33.321999999999996,89.53999999999999,33.321999999999996,SETU Carlow,SETU,66.08863333333332,0,1,1,1,2,peak,car,11,Carlow
017024,13.386,13.386,72.678,13.386,SETU Carlow,SETU,26.548899999999996,1,1,1,2,2,peak,car,30,Carlow
017025,13.3,13.3,72.532,13.3,SETU Carlow,SETU,26.378333333333337,1,1,1,2,2,peak,car,42,Carlow
017026,33.23,33.23,92.462,33.23,SETU Carlow,SETU,65.90616666666666,0,1,1,1,1,peak,car,14,Carlow
017027,44.373999999999995,44.373999999999995,107.904,44.373999999999995,SETU Carlow,SETU,88.00843333333333,0,1,1,1,1,peak,car,13,Carlow
017028,18.848,18.848,73.562,18.848,SETU Carlow,SETU,37.38186666666667,1,1,1,2,2,peak,car,31,Carlow
017029,29.183999999999997,29.183999999999997,85.402,29.183999999999997,SETU Carlow,SETU,57.88159999999999,1,1,1,1,2,peak,car,7,Carlow
017030,45.123999999999995,45.123999999999995,108.654,45.123999999999995,SETU Carlow,SETU,89.49593333333333,0,0,1,1,1,peak,car,23,Carlow
017031,18.074,18.074,81.604,18.074,SETU Carlow,SETU,35.84676666666667,1,1,1,1,2,peak,car,71,Carlow
017032,51.1,51.1,114.63,51.1,SETU Carlow,SETU,101.34833333333331,0,0,1,1,1,peak,car,24,Carlow
017033,25.482,25.482,89.01200000000001,25.482,SETU Carlow,SETU,50.5393,1,1,1,1,2,peak,car,22,Carlow
017034,23.93,23.93,87.46000000000001,23.93,SETU Carlow,SETU,47.461166666666664,1,1,1,1,2,peak,car,106,Carlow
017035,37.964,37.964,97.196,37.964,SETU Carlow,SETU,75.29526666666666,0,1,1,1,1,peak,car,28,Carlow
017036,17.846,17.846,81.17,17.846,SETU Carlow,SETU,35.39456666666666,1,1,1,1,2,peak,car,35,Carlow
017037,22.645999999999997,22.645999999999997,86.176,22.645999999999997,SETU Carlow,SETU,44.91456666666666,1,1,1,1,2,peak,car,27,Carlow
017038,28.496,28.496,77.85,28.496,SETU Carlow,SETU,56.517066666666665,1,1,1,1,3,peak,car,35,Carlow
017039,47.919999999999995,47.919999999999995,111.45,47.919999999999995,SETU Carlow,SETU,95.04133333333333,0,0,1,1,1,peak,car,5,Carlow
017041,29.994,29.994,89.226,29.994,SETU Carlow,SETU,59.4881,1,1,1,1,2,peak,car,68,Carlow
017042,29.912,29.912,77.62599999999999,29.912,SETU Carlow,SETU,59.325466666666664,1,1,1,1,3,peak,car,23,Carlow
017043,31.808,31.808,95.33799999999998,31.808,SETU Carlow,SETU,63.08586666666666,0,1,1,1,1,peak,car,22,Carlow
017044,36.086,36.086,95.31799999999998,36.086,SETU Carlow,SETU,71.57056666666666,0,1,1,1,1,peak,car,24,Carlow
017045,31.139999999999997,31.139999999999997,94.67,31.139999999999997,SETU Carlow,SETU,61.761,0,1,1,1,1,peak,car,20,Carlow
017046,23.918000000000003,23.918000000000003,80.136,23.918000000000003,SETU Carlow,SETU,47.43736666666667,1,1,1,1,2,peak,car,16,Carlow
017047,18.272,18.272,77.50399999999999,18.272,SETU Carlow,SETU,36.239466666666665,1,1,1,1,2,peak,car,24,Carlow
017048,49.04,49.04,85.852,49.04,SETU Carlow,SETU,97.26266666666666,0,0,1,1,2,peak,car,20,Carlow
017049,54.21399999999999,54.21399999999999,117.744,54.21399999999999,SETU Carlow,SETU,107.52443333333332,0,0,1,1,1,peak,car,29,Carlow
017050,31.228,31.228,88.594,31.228,SETU Carlow,SETU,61.935533333333325,0,1,1,1,2,peak,car,31,Carlow
017051,25.508,25.508,82.874,25.508,SETU Carlow,SETU,50.59086666666667,1,1,1,1,2,peak,car,187,Carlow
017052,22.938,22.938,85.464,22.938,SETU Carlow,SETU,45.4937,1,1,1,1,2,peak,car,27,Carlow
017053,28.846,28.846,84.93599999999999,28.846,SETU Carlow,SETU,57.21123333333333,1,1,1,1,2,peak,car,18,Carlow
017054,2.6939999999999995,2.6939999999999995,74.064,2.6939999999999995,SETU Carlow,SETU,5.343099999999999,1,1,1,2,2,peak,car,41,Carlow
087001,26.084,26.084,63.041999999999994,26.084,SETU Carlow,SETU,51.733266666666665,1,1,1,2,5,peak,car,225,Kildare
087002,26.91,26.91,65.314,26.91,SETU Carlow,SETU,53.3715,1,1,1,2,5,peak,car,147,Kildare
087003,15.436,15.436,68.746,15.436,SETU Carlow,SETU,30.614733333333337,1,1,1,2,3,peak,car,6,Kildare
087004,27.98,27.98,55.85999999999999,27.98,SETU Carlow,SETU,55.49366666666667,1,1,2,3,9,peak,car,57,Kildare
087005,45.526,45.526,62.812,45.526,SETU Carlow,SETU,90.29323333333336,0,0,1,2,5,peak,car,20,Kildare
087006,50.345,50.345,51.168,53.401999999999994,TU Dublin Tallaght,TU Dublin,99.01183333333331,0,0,3,8,12,peak,car,58,Kildare
087007,26.388,26.388,26.388,69.97,Maynooth University,MU,52.336200000000005,1,1,3,10,12,peak,car,27,Kildare
087008,46.314,46.314,47.334,46.314,SETU Carlow,SETU,91.8561,0,0,3,7,12,peak,car,81,Kildare
087009,49.45,49.45,50.386,49.45,SETU Carlow,SETU,98.07583333333334,0,0,2,5,12,peak,car,50,Kildare
087010,42.20399999999999,42.20399999999999,48.11,42.20399999999999,SETU Carlow,SETU,83.70459999999999,0,1,2,6,12,peak,car,107,Kildare
087011,13.712000000000002,13.712000000000002,13.712000000000002,65.896,Maynooth University,MU,27.19546666666667,1,1,6,12,13,peak,car,305,Kildare
087012,27.76,27.76,64.044,27.76,SETU Carlow,SETU,55.05733333333333,1,1,1,2,5,peak,car,19,Kildare
087013,36.44,36.44,70.116,36.44,SETU Carlow,SETU,72.27266666666667,0,1,1,2,3,peak,car,6,Kildare
087014,28.274,28.274,28.274,57.572,Maynooth University,MU,56.07676666666667,1,1,6,12,12,peak,car,268,Kildare
087015,31.984,31.984,59.437999999999995,31.984,SETU Carlow,SETU,63.43493333333333,0,1,2,3,7,peak,car,16,Kildare
087016,28.944,28.944,28.944,70.952,Maynooth University,MU,57.4056,1,1,2,8,12,peak,car,92,Kildare
087017,35.89,35.89,35.89,74.01199999999999,Maynooth University,MU,71.18183333333334,0,1,1,6,12,peak,car,100,Kildare
087018,45.8,45.8,49.02,45.8,SETU Carlow,SETU,90.83666666666666,0,0,3,7,12,peak,car,102,Kildare
087019,34.901999999999994,34.901999999999994,34.901999999999994,54.028,Maynooth University,MU,69.22229999999999,0,1,5,12,12,peak,car,122,Kildare
087020,47.001999999999995,47.001999999999995,47.001999999999995,65.77399999999999,Maynooth University,MU,93.22063333333332,0,0,1,2,7,peak,car,23,Kildare
087021,39.52199999999999,39.52199999999999,72.64,39.52199999999999,SETU Carlow,SETU,78.38529999999999,0,1,1,2,2,peak,car,23,Kildare
087022,17.328,17.328,64.514,17.328,SETU Carlow,SETU,34.3672,1,1,1,2,5,peak,car,83,Kildare
087023,12.672,12.672,12.672,76.10799999999999,Maynooth University,MU,25.132800000000003,1,6,11,11,13,peak,car,711,Kildare
087024,31.911999999999995,31.911999999999995,72.002,31.911999999999995,SETU Carlow,SETU,63.292133333333325,0,1,1,2,2,peak,car,34,Kildare
087025,20.097999999999995,20.097999999999995,20.097999999999995,59.95,Maynooth University,MU,39.86103333333333,1,1,7,12,13,peak,car,349,Kildare
087026,26.831999999999997,26.831999999999997,26.831999999999997,78.972,Maynooth University,MU,53.21679999999999,1,1,2,9,13,peak,car,84,Kildare
087027,48.41,48.41,48.41,73.77,Maynooth University,MU,96.01316666666668,0,0,1,2,6,peak,car,23,Kildare
087028,22.894,22.894,22.894,73.52199999999999,Maynooth University,MU,45.406433333333325,1,1,2,8,13,peak,car,46,Kildare
087029,14.974,14.974,14.974,72.79199999999999,Maynooth University,MU,29.698433333333337,1,6,11,12,12,peak,car,292,Kildare
087030,33.918,33.918,33.918,57.96199999999999,Maynooth University,MU,67.2707,0,1,3,9,12,peak,car,36,Kildare
087031,24.018,24.018,24.018,61.06399999999999,Maynooth University,MU,47.6357,1,1,3,10,12,peak,car,143,Kildare
087032,38.738,38.738,38.738,80.74600000000001,Maynooth University,MU,76.83036666666666,0,1,1,3,10,peak,car,11,Kildare
087033,45.758,45.758,46.721999999999994,45.758,SETU Carlow,SETU,90.75336666666666,0,0,3,7,12,peak,car,174,Kildare
087034,42.708000000000006,42.708000000000006,42.708000000000006,51.52,Maynooth University,MU,84.70420000000001,0,1,5,10,12,peak,car,241,Kildare
087035,32.577999999999996,32.577999999999996,32.577999999999996,74.586,Maynooth University,MU,64.61303333333333,0,1,1,7,12,peak,car,32,Kildare
087036,16.95,16.95,71.086,16.95,SETU Carlow,SETU,33.6175,1,1,1,2,3,peak,car,13,Kildare
087037,56.24399999999999,56.24399999999999,56.24399999999999,64.42399999999999,Maynooth University,MU,111.5506,0,0,1,3,9,peak,car,24,Kildare
087038,48.268,48.268,48.268,63.779999999999994,Maynooth University,MU,95.73153333333336,0,0,1,3,9,peak,car,25,Kildare
087039,37.23,37.23,54.74399999999999,37.23,SETU Carlow,SETU,73.83949999999999,0,1,2,5,10,peak,car,19,Kildare
087040,47.053999999999995,47.053999999999995,51.316,47.053999999999995,SETU Carlow,SETU,93.32376666666666,0,0,2,5,12,peak,car,45,Kildare
087041,26.118,26.118,72.426,26.118,SETU Carlow,SETU,51.8007,1,1,1,2,2,peak,car,28,Kildare
087042,23.31,23.31,65.11999999999999,23.31,SETU Carlow,SETU,46.2315,1,1,1,2,5,peak,car,30,Kildare
087044,35.9,35.9,55.983999999999995,35.9,SETU Carlow,SETU,71.20166666666667,0,1,2,3,9,peak,car,12,Kildare
087045,19.288,19.288,69.158,19.288,SETU Carlow,SETU,38.254533333333335,1,1,1,2,3,peak,car,13,Kildare
087046,36.34,36.34,68.388,36.34,SETU Carlow,SETU,72.07433333333333,0,1,1,2,3,peak,car,27,Kildare
087047,8.9,8.9,8.9,75.63399999999999,Maynooth University,MU,17.651666666666667,1,3,9,11,13,peak,car,342,Kildare
087048,38.396,38.396,42.657999999999994,38.396,SETU Carlow,SETU,76.15206666666666,0,2,5,10,12,peak,car,169,Kildare
087049,50.940000000000005,50.940000000000005,57.63199999999999,50.940000000000005,SETU Carlow,SETU,101.031,0,0,2,3,9,peak,car,46,Kildare
087050,48.558,48.558,48.558,57.29,Maynooth University,MU,96.3067,0,0,2,6,12,peak,car,550,Kildare
087051,24.22,24.22,64.404,24.22,SETU Carlow,SETU,48.03633333333333,1,1,1,2,5,peak,car,20,Kildare
087052,36.122,36.122,36.122,58.656,Maynooth University,MU,71.64196666666666,0,4,11,12,12,peak,car,234,Kildare
087053,43.85999999999999,43.85999999999999,43.85999999999999,56.43399999999999,Maynooth University,MU,86.98899999999999,0,1,5,11,12,peak,car,12,Kildare
087054,57.142,57.142,57.142,71.878,Maynooth University,MU,113.33163333333331,0,0,1,2,6,peak,car,21,Kildare
087055,34.001999999999995,34.001999999999995,34.001999999999995,66.532,Maynooth University,MU,67.4373,0,1,1,5,13,peak,car,129,Kildare
087056,36.478,36.478,36.478,63.098,Maynooth University,MU,72.34803333333333,0,1,1,5,12,peak,car,115,Kildare
087057,46.378,46.378,46.378,78.908,Maynooth University,MU,91.98303333333334,0,0,1,1,6,peak,car,37,Kildare
087058,49.686,49.686,49.686,72.92,Maynooth University,MU,98.5439,0,0,1,2,4,peak,car,42,Kildare
087059,44.342,44.342,55.132,44.342,SETU Carlow,SETU,87.94496666666666,0,1,2,3,9,peak,car,37,Kildare
087060,33.7175,33.7175,40.744,67.21,TU Dublin Tallaght,TU Dublin,66.31108333333333,0,4,9,12,12,peak,car,31,Kildare
087061,62.12,62.12,62.12,67.658,Maynooth University,MU,123.20466666666668,0,0,0,2,6,peak,car,44,Kildare
087062,46.398,46.398,46.398,53.163999999999994,Maynooth University,MU,92.0227,0,0,3,8,12,peak,car,64,Kildare
087064,11.96,11.96,11.96,80.962,Maynooth University,MU,23.720666666666663,2,7,11,11,14,peak,car,584,Kildare
087065,44.27,44.27,44.27,76.8,Maynooth University,MU,87.80216666666666,0,1,1,1,6,peak,car,10,Kildare
087066,3.3779999999999997,3.3779999999999997,3.3779999999999997,77.368,Maynooth University,MU,6.6997,1,6,11,11,13,peak,car,577,Kildare
087067,52.594,52.594,53.996,52.594,SETU Carlow,SETU,104.31143333333333,0,0,2,5,12,peak,car,216,Kildare
087068,24.044,24.044,71.23,24.044,SETU Carlow,SETU,47.68726666666667,1,1,1,2,3,peak,car,17,Kildare
087069,43.70199999999999,43.70199999999999,43.70199999999999,52.594,Maynooth University,MU,86.67563333333331,0,1,3,9,12,peak,car,784,Kildare
087070,30.148,30.148,30.148,51.047999999999995,Maynooth University,MU,59.79353333333333,0,2,9,12,12,peak,car,121,Kildare
087071,33.784,33.784,33.784,51.178,Maynooth University,MU,67.00493333333333,0,2,9,12,12,peak,car,1002,Kildare
087072,37.144,37.144,56.886,37.144,SETU Carlow,SETU,73.66893333333333,0,1,2,3,9,peak,car,47,Kildare
087073,40.6725,40.6725,53.70399999999999,64.86399999999999,TU Dublin Tallaght,TU Dublin,79.98925,0,1,4,12,12,peak,car,51,Kildare
087074,46.87199999999999,46.87199999999999,56.3,46.87199999999999,SETU Carlow,SETU,92.9628,0,0,2,3,9,peak,car,55,Kildare
087075,45.01199999999999,45.01199999999999,45.01199999999999,57.82199999999999,Maynooth University,MU,89.2738,0,0,3,8,12,peak,car,49,Kildare
087076,27.834,27.834,27.834,61.442,Maynooth University,MU,55.2041,1,5,11,12,12,peak,car,40,Kildare
087077,48.384,48.384,48.384,58.282,Maynooth University,MU,95.9616,0,0,2,5,12,peak,car,19,Kildare
087078,65.334,65.334,66.708,65.334,SETU Carlow,SETU,129.57909999999998,0,0,0,2,6,peak,car,5,Kildare
087079,52.578,52.578,52.578,67.314,Maynooth University,MU,104.2797,0,0,1,2,7,peak,car,100,Kildare
087080,40.612,40.612,40.612,63.258,Maynooth University,MU,80.54713333333333,0,1,1,5,12,peak,car,29,Kildare
087081,42.23800000000001,42.23800000000001,42.23800000000001,61.894,Maynooth University,MU,83.77203333333334,0,2,7,12,12,peak,car,60,Kildare
087082,32.982,32.982,32.982,65.512,Maynooth University,MU,65.4143,0,1,1,5,12,peak,car,103,Kildare
087083,37.498,37.498,58.944,37.498,SETU Carlow,SETU,74.37103333333333,0,1,2,3,7,peak,car,44,Kildare
087084,12.414,12.414,12.414,65.97399999999999,Maynooth University,MU,24.6211,1,3,9,12,13,peak,car,93,Kildare
087085,57.008,57.008,57.008,65.16,Maynooth University,MU,113.06586666666666,0,0,1,2,7,peak,car,58,Kildare
087086,35.202,35.202,35.202,75.232,Maynooth University,MU,69.81729999999999,0,1,1,2,8,peak,car,55,Kildare
087087,34.306,34.306,34.306,66.846,Maynooth University,MU,68.04023333333333,0,1,1,5,12,peak,car,39,Kildare
087088,37.355999999999995,37.355999999999995,50.114,37.355999999999995,SETU Carlow,SETU,74.08939999999998,0,1,2,6,12,peak,car,29,Kildare
087089,40.954,40.954,40.954,76.652,Maynooth University,MU,81.22543333333334,0,1,1,2,9,peak,car,79,Kildare
087090,28.601999999999997,28.601999999999997,63.291999999999994,28.601999999999997,SETU Carlow,SETU,56.72729999999999,1,1,1,2,5,peak,car,175,Kildare
097001,50.916,50.916,113.59,50.916,SETU Carlow,SETU,100.9834,0,0,1,1,1,peak,car,16,Kilkenny
097002,65.258,65.258,127.932,65.258,SETU Carlow,SETU,129.42836666666665,0,0,0,1,1,peak,car,54,Kilkenny
097003,43.12800000000001,43.12800000000001,96.866,43.12800000000001,SETU Carlow,SETU,85.53720000000001,0,1,1,1,1,peak,car,14,Kilkenny
097004,59.99399999999999,59.99399999999999,113.97799999999998,59.99399999999999,SETU Carlow,SETU,118.9881,0,0,1,1,1,peak,car,21,Kilkenny
097005,53.428,53.428,116.102,53.428,SETU Carlow,SETU,105.96553333333333,0,0,1,1,1,peak,car,20,Kilkenny
097006,72.56,72.56,135.23399999999998,72.56,SETU Carlow,SETU,143.91066666666666,0,0,0,1,1,peak,car,14,Kilkenny
097007,69.03399999999999,69.03399999999999,122.31,69.03399999999999,SETU Carlow,SETU,136.91743333333332,0,0,0,1,1,peak,car,12,Kilkenny
097008,50.656000000000006,50.656000000000006,113.33,50.656000000000006,SETU Carlow,SETU,100.46773333333334,0,0,1,1,1,peak,car,21,Kilkenny
097009,48.047999999999995,48.047999999999995,99.008,48.047999999999995,SETU Carlow,SETU,95.2952,0,0,1,1,1,peak,car,5,Kilkenny
097010,51.72,51.72,114.394,51.72,SETU Carlow,SETU,102.578,0,0,1,1,1,peak,car,15,Kilkenny
097011,42.047999999999995,42.047999999999995,101.892,42.047999999999995,SETU Carlow,SETU,83.39519999999999,0,1,1,1,1,peak,car,59,Kilkenny
097012,61.10999999999999,61.10999999999999,123.784,61.10999999999999,SETU Carlow,SETU,121.20149999999998,0,0,0,1,1,peak,car,12,Kilkenny
097013,77.52199999999999,77.52199999999999,114.19,77.52199999999999,SETU Carlow,SETU,153.75196666666665,0,0,0,0,1,peak,car,4,Kilkenny
097014,44.776,44.776,107.45,44.776,SETU Carlow,SETU,88.80573333333334,0,1,1,1,1,peak,car,44,Kilkenny
097015,56.264,56.264,118.938,56.264,SETU Carlow,SETU,111.59026666666664,0,0,1,1,1,peak,car,6,Kilkenny
097016,36.756,36.756,99.43,36.756,SETU Carlow,SETU,72.8994,0,1,1,1,1,peak,car,21,Kilkenny
097017,66.016,66.016,128.69,66.016,SETU Carlow,SETU,130.93173333333334,0,0,0,1,1,peak,car,8,Kilkenny
097018,43.568,43.568,106.242,43.568,SETU Carlow,SETU,86.40986666666666,0,1,1,1,1,peak,car,46,Kilkenny
097019,55.456,55.456,118.13,55.456,SETU Carlow,SETU,109.98773333333334,0,0,1,1,1,peak,car,84,Kilkenny
097020,55.29,55.29,117.96399999999998,55.29,SETU Carlow,SETU,109.6585,0,0,1,1,1,peak,car,77,Kilkenny
097021,56.866,56.866,119.54,56.866,SETU Carlow,SETU,112.78423333333332,0,0,1,1,1,peak,car,8,Kilkenny
097022,30.586,30.586,94.216,30.586,SETU Carlow,SETU,60.66223333333333,0,1,1,1,1,peak,car,78,Kilkenny
097023,60.186,60.186,122.86,60.186,SETU Carlow,SETU,119.3689,0,0,0,1,1,peak,car,4,Kilkenny
097024,38.376,38.376,101.05,38.376,SETU Carlow,SETU,76.1124,0,1,1,1,1,peak,car,18,Kilkenny
097025,27.516,27.516,90.434,27.516,SETU Carlow,SETU,54.57339999999999,1,1,1,1,1,peak,car,33,Kilkenny
097026,40.794,40.794,104.424,40.794,SETU Carlow,SETU,80.90809999999999,0,1,1,1,1,peak,car,11,Kilkenny
097027,61.776,61.776,110.738,61.776,SETU Carlow,SETU,122.5224,0,0,0,1,1,peak,car,15,Kilkenny
097028,63.50999999999999,63.50999999999999,126.184,63.50999999999999,SETU Carlow,SETU,125.9615,0,0,0,1,1,peak,car,24,Kilkenny
097029,45.98800000000001,45.98800000000001,108.662,45.98800000000001,SETU Carlow,SETU,91.20953333333334,0,0,1,1,1,peak,car,24,Kilkenny
097030,59.43399999999999,59.43399999999999,122.964,59.43399999999999,SETU Carlow,SETU,117.87743333333331,0,0,1,1,1,peak,car,14,Kilkenny
097031,39.644,39.644,102.318,39.644,SETU Carlow,SETU,78.62726666666666,0,1,1,1,1,peak,car,22,Kilkenny
097032,35.762,35.762,98.436,35.762,SETU Carlow,SETU,70.92796666666666,0,1,1,1,1,peak,car,18,Kilkenny
097033,66.922,66.922,129.596,66.922,SETU Carlow,SETU,132.7286333333333,0,0,0,1,1,peak,car,45,Kilkenny
097034,38.814,38.814,101.488,38.814,SETU Carlow,SETU,76.9811,0,1,1,1,1,peak,car,25,Kilkenny
097035,49.95,49.95,112.62399999999998,49.95,SETU Carlow,SETU,99.0675,0,0,1,1,1,peak,car,23,Kilkenny
097036,71.942,71.942,134.616,71.942,SETU Carlow,SETU,142.68496666666664,0,0,0,1,1,peak,car,12,Kilkenny
097037,48.2,48.2,110.874,48.2,SETU Carlow,SETU,95.59666666666666,0,0,1,1,1,peak,car,11,Kilkenny
097038,40.784,40.784,103.45799999999998,40.784,SETU Carlow,SETU,80.88826666666665,0,1,1,1,1,peak,car,27,Kilkenny
097039,54.474,54.474,117.14799999999998,54.474,SETU Carlow,SETU,108.0401,0,0,1,1,1,peak,car,13,Kilkenny
097040,60.46399999999999,60.46399999999999,123.138,60.46399999999999,SETU Carlow,SETU,119.92026666666663,0,0,0,1,1,peak,car,15,Kilkenny
097041,73.496,73.496,136.17,73.496,SETU Carlow,SETU,145.76706666666666,0,0,0,1,1,peak,car,56,Kilkenny
097042,54.844,54.844,118.374,54.844,SETU Carlow,SETU,108.77393333333332,0,0,1,1,1,peak,car,11,Kilkenny
097043,54.542,54.542,110.124,54.542,SETU Carlow,SETU,108.17496666666668,0,0,1,1,1,peak,car,38,Kilkenny
097044,71.944,71.944,108.668,71.944,SETU Carlow,SETU,142.68893333333335,0,0,0,1,1,peak,car,11,Kilkenny
097045,66.80199999999999,66.80199999999999,105.662,66.80199999999999,SETU Carlow,SETU,132.49063333333334,0,0,0,1,1,peak,car,18,Kilkenny
097046,32.751999999999995,32.751999999999995,96.282,32.751999999999995,SETU Carlow,SETU,64.95813333333334,0,1,1,1,1,peak,car,9,Kilkenny
097047,30.528,30.528,93.202,30.528,SETU Carlow,SETU,60.5472,0,1,1,1,1,peak,car,84,Kilkenny
097048,49.06399999999999,49.06399999999999,112.594,49.06399999999999,SETU Carlow,SETU,97.31026666666664,0,0,1,1,1,peak,car,76,Kilkenny
097049,44.276,44.276,106.95,44.276,SETU Carlow,SETU,87.81406666666666,0,1,1,1,1,peak,car,40,Kilkenny
097050,60.346,60.346,123.02,60.346,SETU Carlow,SETU,119.68623333333332,0,0,0,1,1,peak,car,33,Kilkenny
097051,50.038,50.038,112.712,50.038,SETU Carlow,SETU,99.24203333333334,0,0,1,1,1,peak,car,37,Kilkenny
097052,63.51199999999999,63.51199999999999,126.186,63.51199999999999,SETU Carlow,SETU,125.96546666666666,0,0,0,1,1,peak,car,27,Kilkenny
097053,70.764,70.764,107.432,70.764,SETU Carlow,SETU,140.34859999999998,0,0,0,1,1,peak,car,32,Kilkenny
097054,46.578,46.578,109.252,46.578,SETU Carlow,SETU,92.3797,0,0,1,1,1,peak,car,38,Kilkenny
097055,56.81,56.81,119.48399999999998,56.81,SETU Carlow,SETU,112.67316666666667,0,0,1,1,1,peak,car,9,Kilkenny
097056,67.72800000000001,67.72800000000001,130.402,67.72800000000001,SETU Carlow,SETU,134.3272,0,0,0,1,1,peak,car,29,Kilkenny
097057,72.82600000000001,72.82600000000001,135.5,72.82600000000001,SETU Carlow,SETU,144.43823333333336,0,0,0,1,1,peak,car,27,Kilkenny
097058,69.878,69.878,132.552,69.878,SETU Carlow,SETU,138.59136666666666,0,0,0,1,1,peak,car,234,Kilkenny
097059,44.47399999999999,44.47399999999999,107.14799999999998,44.47399999999999,SETU Carlow,SETU,88.20676666666665,0,1,1,1,1,peak,car,13,Kilkenny
097060,56.151999999999994,56.151999999999994,118.826,56.151999999999994,SETU Carlow,SETU,111.36813333333332,0,0,1,1,1,peak,car,18,Kilkenny
097061,41.27,41.27,103.944,41.27,SETU Carlow,SETU,81.85216666666666,0,1,1,1,1,peak,car,169,Kilkenny
097062,38.23,38.23,100.90399999999998,38.23,SETU Carlow,SETU,75.82283333333334,0,1,1,1,1,peak,car,89,Kilkenny
097063,37.598,37.598,100.272,37.598,SETU Carlow,SETU,74.56936666666667,0,1,1,1,1,peak,car,862,Kilkenny
097064,45.029999999999994,45.029999999999994,108.66,45.029999999999994,SETU Carlow,SETU,89.30949999999999,0,0,1,1,1,peak,car,53,Kilkenny
097065,58.676,58.676,121.35,58.676,SETU Carlow,SETU,116.37406666666666,0,0,1,1,1,peak,car,16,Kilkenny
097066,68.726,68.726,131.4,68.726,SETU Carlow,SETU,136.30656666666667,0,0,0,1,1,peak,car,12,Kilkenny
097067,40.664,40.664,104.294,40.664,SETU Carlow,SETU,80.65026666666667,0,1,1,1,1,peak,car,24,Kilkenny
097068,51.126000000000005,51.126000000000005,113.8,51.126000000000005,SETU Carlow,SETU,101.3999,0,0,1,1,1,peak,car,30,Kilkenny
097069,75.896,75.896,138.57,75.896,SETU Carlow,SETU,150.52706666666666,0,0,0,0,1,peak,car,15,Kilkenny
097070,58.837999999999994,58.837999999999994,121.512,58.837999999999994,SETU Carlow,SETU,116.69536666666666,0,0,1,1,1,peak,car,28,Kilkenny
097071,53.286,53.286,115.96,53.286,SETU Carlow,SETU,105.6839,0,0,1,1,1,peak,car,7,Kilkenny
097072,45.04,45.04,107.714,45.04,SETU Carlow,SETU,89.32933333333332,0,0,1,1,1,peak,car,30,Kilkenny
097073,53.97,53.97,106.442,53.97,SETU Carlow,SETU,107.0405,0,0,1,1,1,peak,car,9,Kilkenny
097074,65.98,65.98,128.654,65.98,SETU Carlow,SETU,130.86033333333333,0,0,0,1,1,peak,car,16,Kilkenny
097075,54.068,54.068,116.742,54.068,SETU Carlow,SETU,107.23486666666666,0,0,1,1,1,peak,car,2,Kilkenny
097076,24.709999999999997,24.709999999999997,88.33999999999999,24.709999999999997,SETU Carlow,SETU,49.00816666666666,1,1,1,1,2,peak,car,44,Kilkenny
097077,32.146,32.146,95.676,32.146,SETU Carlow,SETU,63.756233333333334,0,1,1,1,1,peak,car,27,Kilkenny
097078,66.02199999999999,66.02199999999999,128.696,66.02199999999999,SETU Carlow,SETU,130.9436333333333,0,0,0,1,1,peak,car,13,Kilkenny
097079,36.86,36.86,100.49,36.86,SETU Carlow,SETU,73.10566666666666,0,1,1,1,1,peak,car,32,Kilkenny
097080,48.376000000000005,48.376000000000005,111.05,48.376000000000005,SETU Carlow,SETU,95.94573333333337,0,0,1,1,1,peak,car,15,Kilkenny
097081,42.098000000000006,42.098000000000006,104.772,42.098000000000006,SETU Carlow,SETU,83.49436666666668,0,1,1,1,1,peak,car,35,Kilkenny
097082,24.984,24.984,87.658,24.984,SETU Carlow,SETU,49.55159999999999,1,1,1,1,2,peak,car,62,Kilkenny
097083,69.056,69.056,131.73,69.056,SETU Carlow,SETU,136.96106666666668,0,0,0,1,1,peak,car,95,Kilkenny
097084,56.06,56.06,118.73399999999998,56.06,SETU Carlow,SETU,111.18566666666666,0,0,1,1,1,peak,car,9,Kilkenny
097085,71.954,71.954,134.628,71.954,SETU Carlow,SETU,142.70876666666666,0,0,0,1,1,peak,car,32,Kilkenny
097086,70.57399999999998,70.57399999999998,133.248,70.57399999999998,SETU Carlow,SETU,139.97176666666664,0,0,0,1,1,peak,car,54,Kilkenny
097087,39.054,39.054,101.728,39.054,SETU Carlow,SETU,77.4571,0,1,1,1,1,peak,car,19,Kilkenny
097088,50.126,50.126,104.62,50.126,SETU Carlow,SETU,99.41656666666664,0,0,1,1,1,peak,car,17,Kilkenny
097089,41.88399999999999,41.88399999999999,104.558,41.88399999999999,SETU Carlow,SETU,83.06993333333332,0,1,1,1,1,peak,car,34,Kilkenny
097090,58.778,58.778,115.932,58.778,SETU Carlow,SETU,116.57636666666669,0,0,1,1,1,peak,car,13,Kilkenny
097091,69.616,69.616,132.29,69.616,SETU Carlow,SETU,138.07173333333333,0,0,0,1,1,peak,car,40,Kilkenny
097092,77.66,77.66,140.33399999999995,77.66,SETU Carlow,SETU,154.02566666666667,0,0,0,0,1,peak,car,19,Kilkenny
097093,66.926,66.926,129.6,66.926,SETU Carlow,SETU,132.73656666666665,0,0,0,1,1,peak,car,38,Kilkenny
097094,59.952,59.952,122.626,59.952,SETU Carlow,SETU,118.9048,0,0,1,1,1,peak,car,8,Kilkenny
097095,76.156,76.156,138.82999999999998,76.156,SETU Carlow,SETU,151.04273333333333,0,0,0,0,1,peak,car,28,Kilkenny
097096,26.536,26.536,89.21,26.536,SETU Carlow,SETU,52.629733333333334,1,1,1,1,2,peak,car,30,Kilkenny
097097,48.544,48.544,111.218,48.544,SETU Carlow,SETU,96.27893333333331,0,0,1,1,1,peak,car,31,Kilkenny
097098,44.53,44.53,107.204,44.53,SETU Carlow,SETU,88.31783333333334,0,1,1,1,1,peak,car,11,Kilkenny
097099,64.516,64.516,127.18999999999998,64.516,SETU Carlow,SETU,127.95673333333336,0,0,0,1,1,peak,car,22,Kilkenny
097100,66.268,66.268,129.79799999999997,66.268,SETU Carlow,SETU,131.4315333333333,0,0,0,1,1,peak,car,42,Kilkenny
097101,46.656,46.656,109.33,46.656,SETU Carlow,SETU,92.5344,0,0,1,1,1,peak,car,99,Kilkenny
097102,35.022,35.022,97.696,35.022,SETU Carlow,SETU,69.46029999999999,0,1,1,1,1,peak,car,20,Kilkenny
097103,65.566,65.566,128.23999999999998,65.566,SETU Carlow,SETU,130.03923333333333,0,0,0,1,1,peak,car,22,Kilkenny
097104,67.442,67.442,115.016,67.442,SETU Carlow,SETU,133.75996666666666,0,0,0,1,1,peak,car,13,Kilkenny
097105,52.236,52.236,114.91,52.236,SETU Carlow,SETU,103.6014,0,0,1,1,1,peak,car,26,Kilkenny
097107,60.608,60.608,123.282,60.608,SETU Carlow,SETU,120.20586666666664,0,0,0,1,1,peak,car,6,Kilkenny
097108,60.477999999999994,60.477999999999994,123.15200000000002,60.477999999999994,SETU Carlow,SETU,119.94803333333331,0,0,0,1,1,peak,car,11,Kilkenny
097109,42.636,42.636,106.166,42.636,SETU Carlow,SETU,84.56139999999999,0,1,1,1,1,peak,car,18,Kilkenny
097110,63.458,63.458,126.132,63.458,SETU Carlow,SETU,125.85836666666664,0,0,0,1,1,peak,car,44,Kilkenny
097111,71.27199999999999,71.27199999999999,104.946,71.27199999999999,SETU Carlow,SETU,141.35613333333333,0,0,0,1,1,peak,car,60,Kilkenny
097112,70.214,70.214,132.88799999999998,70.214,SETU Carlow,SETU,139.25776666666667,0,0,0,1,1,peak,car,15,Kilkenny
107001,42.336,42.336,82.07600000000001,42.336,SETU Carlow,SETU,83.9664,0,1,1,1,3,peak,car,133,Laois
107002,58.908,58.908,98.706,58.908,SETU Carlow,SETU,116.8342,0,0,1,1,1,peak,car,22,Laois
107003,76.028,76.028,103.018,76.028,SETU Carlow,SETU,150.78886666666668,0,0,0,0,2,peak,car,13,Laois
107004,26.411999999999995,26.411999999999995,96.2,26.411999999999995,SETU Carlow,SETU,52.383799999999994,1,1,1,1,1,peak,car,12,Laois
107005,13.75,13.75,78.714,13.75,SETU Carlow,SETU,27.270833333333336,1,1,1,1,2,peak,car,29,Laois
107006,8.086,8.086,77.94,8.086,SETU Carlow,SETU,16.037233333333333,1,1,1,1,2,peak,car,35,Laois
107007,42.726000000000006,42.726000000000006,89.54399999999998,42.726000000000006,SETU Carlow,SETU,84.7399,0,1,1,1,2,peak,car,23,Laois
107008,23.935999999999996,23.935999999999996,77.07399999999998,23.935999999999996,SETU Carlow,SETU,47.47306666666666,1,1,1,1,2,peak,car,30,Laois
107009,52.041999999999994,52.041999999999994,66.16199999999999,52.041999999999994,SETU Carlow,SETU,103.21663333333332,0,0,1,2,6,peak,car,51,Laois
107011,36.501999999999995,36.501999999999995,69.52399999999999,36.501999999999995,SETU Carlow,SETU,72.39563333333334,0,1,1,2,4,peak,car,14,Laois
107012,63.471999999999994,63.471999999999994,92.576,63.471999999999994,SETU Carlow,SETU,125.88613333333332,0,0,0,1,2,peak,car,38,Laois
107013,20.59,20.59,78.11399999999999,20.59,SETU Carlow,SETU,40.83683333333333,1,1,1,1,2,peak,car,5,Laois
107014,19.574,19.574,71.49,19.574,SETU Carlow,SETU,38.82176666666667,1,1,1,2,3,peak,car,86,Laois
107015,43.934,43.934,79.572,43.934,SETU Carlow,SETU,87.13576666666665,0,1,1,1,3,peak,car,64,Laois
107016,24.592,24.592,69.39399999999999,24.592,SETU Carlow,SETU,48.774133333333324,1,1,1,2,3,peak,car,19,Laois
107017,42.17399999999999,42.17399999999999,87.87399999999998,42.17399999999999,SETU Carlow,SETU,83.64509999999999,0,1,1,1,2,peak,car,12,Laois
107018,45.936,45.936,76.66199999999999,45.936,SETU Carlow,SETU,91.1064,0,0,1,2,3,peak,car,76,Laois
107019,70.01,70.01,97.0,70.01,SETU Carlow,SETU,138.85316666666665,0,0,0,1,2,peak,car,42,Laois
107021,72.74199999999999,72.74199999999999,99.732,72.74199999999999,SETU Carlow,SETU,144.2716333333333,0,0,0,1,2,peak,car,6,Laois
107023,49.538,49.538,78.8,49.538,TUS Athlone,TUS,98.25036666666664,0,0,1,2,3,peak,car,21,Laois
107024,67.02,67.02,95.834,67.02,TUS Athlone,TUS,132.923,0,0,0,2,2,peak,car,10,Laois
107025,58.958,58.958,88.22,58.958,TUS Athlone,TUS,116.93336666666669,0,0,1,1,3,peak,car,18,Laois
107026,60.47,60.47,87.46000000000001,60.47,SETU Carlow,SETU,119.93216666666666,0,0,0,1,3,peak,car,41,Laois
107027,51.22399999999999,51.22399999999999,87.44200000000001,51.22399999999999,SETU Carlow,SETU,101.59426666666664,0,0,1,1,2,peak,car,17,Laois
107028,58.27399999999999,58.27399999999999,87.536,58.27399999999999,TUS Athlone,TUS,115.57676666666664,0,0,1,2,3,peak,car,45,Laois
107029,45.878,45.878,74.982,45.878,SETU Carlow,SETU,90.99136666666666,0,0,1,3,3,peak,car,100,Laois
107030,62.932,62.932,89.922,62.932,SETU Carlow,SETU,124.81513333333334,0,0,0,1,3,peak,car,13,Laois
107031,54.714,54.714,81.704,54.714,SETU Carlow,SETU,108.5161,0,0,1,1,3,peak,car,34,Laois
107032,79.094,79.094,107.288,79.094,SETU Carlow,SETU,156.86976666666664,0,0,0,0,2,peak,car,9,Laois
107033,47.834,47.834,75.428,47.834,SETU Carlow,SETU,94.87076666666668,0,0,1,1,3,peak,car,5,Laois
107034,65.55199999999999,65.55199999999999,92.542,65.55199999999999,SETU Carlow,SETU,130.01146666666665,0,0,0,1,2,peak,car,17,Laois
107035,58.306,58.306,95.42,58.306,SETU Carlow,SETU,115.64023333333334,0,0,1,1,1,peak,car,16,Laois
107036,68.926,68.926,107.372,68.926,SETU Carlow,SETU,136.70323333333334,0,0,0,1,1,peak,car,21,Laois
107037,43.572,43.572,79.05199999999999,43.572,SETU Carlow,SETU,86.41779999999999,0,1,1,1,3,peak,car,10,Laois
107038,32.1,32.1,79.80399999999999,32.1,SETU Carlow,SETU,63.665,0,1,1,1,2,peak,car,15,Laois
107039,56.062,56.062,75.016,56.062,SETU Carlow,SETU,111.18963333333332,0,0,1,2,3,peak,car,99,Laois
107040,67.11,67.11,99.726,67.11,SETU Carlow,SETU,133.1015,0,0,0,1,1,peak,car,14,Laois
107041,60.466,60.466,91.946,60.466,SETU Carlow,SETU,119.92423333333332,0,0,0,1,1,peak,car,23,Laois
107042,24.258,24.258,85.626,24.258,SETU Carlow,SETU,48.1117,1,1,1,1,2,peak,car,34,Laois
107043,50.63,50.63,90.42799999999998,50.63,SETU Carlow,SETU,100.41616666666668,0,0,1,1,1,peak,car,17,Laois
107044,51.682,51.682,92.748,51.682,SETU Carlow,SETU,102.50263333333334,0,0,1,1,1,peak,car,56,Laois
107045,32.972,32.972,92.412,32.972,SETU Carlow,SETU,65.39446666666666,0,1,1,1,1,peak,car,15,Laois
107046,46.12800000000001,46.12800000000001,65.082,46.12800000000001,SETU Carlow,SETU,91.4872,0,0,1,3,6,peak,car,59,Laois
107047,76.634,76.634,109.25,76.634,SETU Carlow,SETU,151.99076666666667,0,0,0,0,1,peak,car,28,Laois
107048,20.198,20.198,78.13999999999999,20.198,SETU Carlow,SETU,40.05936666666666,1,1,1,1,2,peak,car,8,Laois
107049,30.628,30.628,87.72799999999998,30.628,SETU Carlow,SETU,60.74553333333333,0,1,1,1,2,peak,car,8,Laois
107050,58.026,58.026,87.288,58.026,TUS Athlone,TUS,115.0849,0,0,1,2,3,peak,car,24,Laois
107051,59.44,59.44,85.46799999999999,59.44,TUS Athlone,TUS,117.88933333333333,0,0,1,2,3,peak,car,10,Laois
107052,3.59,3.59,74.886,3.59,SETU Carlow,SETU,7.120166666666666,1,1,1,2,2,peak,car,284,Laois
107053,60.873999999999995,60.873999999999995,96.304,60.873999999999995,SETU Carlow,SETU,120.73343333333332,0,0,0,1,1,peak,car,18,Laois
107054,50.01,50.01,59.156,50.01,SETU Carlow,SETU,99.1865,0,0,2,3,8,peak,car,22,Laois
107055,71.684,71.684,99.752,71.684,SETU Carlow,SETU,142.17326666666668,0,0,0,1,2,peak,car,7,Laois
107056,39.498,39.498,71.846,39.498,SETU Carlow,SETU,78.33769999999998,0,1,1,2,4,peak,car,38,Laois
107057,63.096,63.096,99.256,63.096,SETU Carlow,SETU,125.1404,0,0,0,1,1,peak,car,14,Laois
107058,14.622,14.622,76.27600000000001,14.622,SETU Carlow,SETU,29.0003,1,1,1,1,2,peak,car,21,Laois
107059,55.788,55.788,94.668,55.788,SETU Carlow,SETU,110.6462,0,0,1,1,1,peak,car,16,Laois
107060,57.926,57.926,62.346,57.926,SETU Carlow,SETU,114.88656666666668,0,0,1,2,6,peak,car,24,Laois
107061,39.892,39.892,68.07,39.892,SETU Carlow,SETU,79.11913333333332,0,1,1,2,4,peak,car,15,Laois
107062,62.04,62.04,96.078,62.04,SETU Carlow,SETU,123.046,0,0,0,1,1,peak,car,16,Laois
107063,74.488,74.488,101.478,74.488,SETU Carlow,SETU,147.73453333333333,0,0,0,1,2,peak,car,7,Laois
107064,78.85199999999999,78.85199999999999,111.468,78.85199999999999,SETU Carlow,SETU,156.38979999999998,0,0,0,0,1,peak,car,10,Laois
107065,66.478,66.478,93.468,66.478,SETU Carlow,SETU,131.84803333333332,0,0,0,2,2,peak,car,11,Laois
107066,26.854,26.854,83.954,26.854,SETU Carlow,SETU,53.26043333333333,1,1,1,1,2,peak,car,16,Laois
107067,71.184,71.184,98.174,71.184,SETU Carlow,SETU,141.1816,0,0,0,1,2,peak,car,3,Laois
107068,62.842,62.842,89.08999999999999,62.842,TUS Athlone,TUS,124.63663333333332,0,0,0,2,3,peak,car,17,Laois
107069,72.16399999999999,72.16399999999999,99.154,72.16399999999999,SETU Carlow,SETU,143.12526666666665,0,0,0,1,2,peak,car,7,Laois
107070,69.23,69.23,96.22,69.23,SETU Carlow,SETU,137.30616666666668,0,0,0,1,2,peak,car,4,Laois
107071,53.992,53.992,79.71199999999999,53.992,SETU Carlow,SETU,107.08413333333333,0,0,1,2,3,peak,car,39,Laois
107072,56.194,56.194,78.05799999999999,56.194,SETU Carlow,SETU,111.45143333333333,0,0,1,2,3,peak,car,115,Laois
107073,55.458000000000006,55.458000000000006,82.448,55.458000000000006,SETU Carlow,SETU,109.9917,0,0,1,1,3,peak,car,113,Laois
107074,39.112,39.112,69.658,39.112,SETU Carlow,SETU,77.57213333333334,0,1,1,2,4,peak,car,15,Laois
107076,18.732,18.732,86.08399999999999,18.732,SETU Carlow,SETU,37.1518,1,1,1,1,2,peak,car,18,Laois
107077,55.27,55.27,83.52399999999999,55.27,SETU Carlow,SETU,109.61883333333331,0,0,1,2,3,peak,car,22,Laois
107078,58.17,58.17,68.208,58.17,SETU Carlow,SETU,115.3705,0,0,1,3,4,peak,car,328,Laois
107079,42.422,42.422,72.966,42.422,SETU Carlow,SETU,84.13696666666667,0,1,1,2,3,peak,car,741,Laois
107080,40.954,40.954,71.67999999999999,40.954,SETU Carlow,SETU,81.22543333333334,0,1,1,3,4,peak,car,137,Laois
107081,50.056,50.056,85.214,50.056,SETU Carlow,SETU,99.27773333333334,0,0,1,1,2,peak,car,27,Laois
107082,23.178,23.178,80.278,23.178,SETU Carlow,SETU,45.9697,1,1,1,1,2,peak,car,9,Laois
107083,67.706,67.706,100.322,67.706,SETU Carlow,SETU,134.28356666666667,0,0,0,1,1,peak,car,48,Laois
107084,67.228,67.228,99.844,67.228,SETU Carlow,SETU,133.33553333333333,0,0,0,1,1,peak,car,4,Laois
107085,55.87800000000001,55.87800000000001,85.14,55.87800000000001,TUS Athlone,TUS,110.8247,0,0,1,2,3,peak,car,17,Laois
107086,60.678,60.678,86.17,60.678,SETU Carlow,SETU,120.34470000000002,0,0,0,2,3,peak,car,24,Laois
107087,8.046,8.046,80.602,8.046,SETU Carlow,SETU,15.9579,1,1,1,1,2,peak,car,21,Laois
107088,43.71399999999999,43.71399999999999,67.64399999999999,43.71399999999999,SETU Carlow,SETU,86.69943333333332,0,1,1,2,4,peak,car,34,Laois
107089,49.483999999999995,49.483999999999995,74.434,49.483999999999995,SETU Carlow,SETU,98.14326666666663,0,0,1,3,3,peak,car,32,Laois
107090,11.897999999999998,11.897999999999998,79.5,11.897999999999998,SETU Carlow,SETU,23.597699999999996,1,1,1,1,2,peak,car,15,Laois
107091,29.135999999999996,29.135999999999996,75.35399999999998,29.135999999999996,SETU Carlow,SETU,57.786399999999986,1,1,1,1,3,peak,car,83,Laois
107092,20.984,20.984,73.52399999999999,20.984,SETU Carlow,SETU,41.61826666666667,1,1,1,2,2,peak,car,29,Laois
107093,33.884,33.884,80.96,33.884,SETU Carlow,SETU,67.20326666666666,0,1,1,1,2,peak,car,24,Laois
107094,31.238000000000003,31.238000000000003,80.758,31.238000000000003,SETU Carlow,SETU,61.95536666666668,0,1,1,1,2,peak,car,18,Laois
107095,64.186,64.186,93.44799999999998,64.186,TUS Athlone,TUS,127.30223333333332,0,0,0,2,2,peak,car,2,Laois
107096,53.576,53.576,80.566,53.576,SETU Carlow,SETU,106.25906666666668,0,0,1,1,3,peak,car,7,Laois
107097,17.368,17.368,83.55,17.368,SETU Carlow,SETU,34.446533333333335,1,1,1,1,2,peak,car,12,Laois
107098,37.572,37.572,70.398,37.572,SETU Carlow,SETU,74.5178,0,1,1,2,3,peak,car,8,Laois
137001,67.142,67.142,92.09399999999998,67.142,TUS Athlone,TUS,133.16496666666666,0,0,0,1,1,peak,car,13,Longford
137002,68.176,68.176,99.162,68.176,TUS Athlone,TUS,135.21573333333333,0,0,0,1,1,peak,car,31,Longford
137003,42.16,42.16,83.07600000000001,42.16,TUS Athlone,TUS,83.61733333333333,0,1,1,1,2,peak,car,28,Longford
137004,44.296,44.296,81.976,44.296,TUS Athlone,TUS,87.85373333333334,0,1,1,1,2,peak,car,26,Longford
137005,52.63,52.63,93.98,52.63,TUS Athlone,TUS,104.38283333333334,0,0,1,1,1,peak,car,25,Longford
137006,65.57,65.57,93.14,65.57,TUS Athlone,TUS,130.04716666666667,0,0,0,1,1,peak,car,23,Longford
137007,85.914,85.914,114.156,85.914,TUS Athlone,TUS,170.3961,0,0,0,0,1,peak,car,35,Longford
137008,79.358,79.358,110.36,79.358,TUS Athlone,TUS,157.39336666666668,0,0,0,0,1,peak,car,23,Longford
137009,30.151999999999997,30.151999999999997,89.84399999999998,30.151999999999997,TUS Athlone,TUS,59.801466666666656,0,1,1,1,2,peak,car,126,Longford
137010,50.437999999999995,50.437999999999995,72.24600000000001,50.437999999999995,TUS Athlone,TUS,100.03536666666666,0,0,1,2,2,peak,car,10,Longford
137011,71.066,71.066,102.472,71.066,TUS Athlone,TUS,140.94756666666666,0,0,0,1,1,peak,car,50,Longford
137012,71.00999999999999,71.00999999999999,98.58,71.00999999999999,TUS Athlone,TUS,140.8365,0,0,0,1,1,peak,car,6,Longford
137013,60.291999999999994,60.291999999999994,91.294,60.291999999999994,TUS Athlone,TUS,119.57913333333332,0,0,0,1,1,peak,car,114,Longford
137014,43.07399999999999,43.07399999999999,102.766,43.07399999999999,TUS Athlone,TUS,85.43009999999998,0,1,1,1,1,peak,car,13,Longford
137015,56.901999999999994,56.901999999999994,119.744,56.901999999999994,TUS Athlone,TUS,112.85563333333332,0,0,1,1,1,peak,car,23,Longford
137016,58.97399999999999,58.97399999999999,95.014,58.97399999999999,TUS Athlone,TUS,116.96509999999998,0,0,1,1,1,peak,car,36,Longford
137017,63.796,63.796,94.782,63.796,TUS Athlone,TUS,126.52873333333332,0,0,0,1,1,peak,car,38,Longford
137018,89.05399999999999,89.05399999999999,116.624,89.05399999999999,TUS Athlone,TUS,176.62376666666665,0,0,0,0,1,peak,car,22,Longford
137019,60.428,60.428,84.49799999999999,60.428,TUS Athlone,TUS,119.84886666666668,0,0,0,1,2,peak,car,15,Longford
137020,54.001999999999995,54.001999999999995,82.824,54.001999999999995,TUS Athlone,TUS,107.10396666666664,0,0,1,1,2,peak,car,21,Longford
137021,69.622,69.622,97.192,69.622,TUS Athlone,TUS,138.08363333333332,0,0,0,1,1,peak,car,20,Longford
137022,52.358,52.358,79.928,52.358,TUS Athlone,TUS,103.84336666666668,0,0,1,1,2,peak,car,10,Longford
137023,62.076,62.076,90.42,62.076,TUS Athlone,TUS,123.1174,0,0,0,1,1,peak,car,6,Longford
137024,72.3,72.3,99.87,72.3,TUS Athlone,TUS,143.39499999999998,0,0,0,1,1,peak,car,13,Longford
137025,42.553999999999995,42.553999999999995,93.71,42.553999999999995,TUS Athlone,TUS,84.39876666666666,0,1,1,1,1,peak,car,20,Longford
137026,83.772,83.772,114.774,83.772,TUS Athlone,TUS,166.14780000000002,0,0,0,0,1,peak,car,27,Longford
137027,72.05199999999999,72.05199999999999,103.054,72.05199999999999,TUS Athlone,TUS,142.9031333333333,0,0,0,1,1,peak,car,48,Longford
137028,59.32600000000001,59.32600000000001,87.67,59.32600000000001,TUS Athlone,TUS,117.66323333333337,0,0,1,1,2,peak,car,3,Longford
137029,49.138000000000005,49.138000000000005,77.96,49.138000000000005,TUS Athlone,TUS,97.45703333333334,0,0,1,1,2,peak,car,85,Longford
137031,34.63,34.63,84.392,34.63,TUS Athlone,TUS,68.68283333333333,0,1,1,1,2,peak,car,75,Longford
137032,50.17199999999999,50.17199999999999,84.974,50.17199999999999,TUS Athlone,TUS,99.50779999999996,0,0,1,1,2,peak,car,19,Longford
137033,74.264,74.264,101.834,74.264,TUS Athlone,TUS,147.29026666666664,0,0,0,1,1,peak,car,20,Longford
137034,62.49,62.49,90.05999999999999,62.49,TUS Athlone,TUS,123.9385,0,0,0,1,1,peak,car,12,Longford
137035,61.386,61.386,88.956,61.386,TUS Athlone,TUS,121.7489,0,0,0,1,2,peak,car,49,Longford
137036,40.576,40.576,100.268,40.576,TUS Athlone,TUS,80.47573333333332,0,1,1,1,1,peak,car,48,Longford
137037,39.20199999999999,39.20199999999999,88.962,39.20199999999999,TUS Athlone,TUS,77.75063333333333,0,1,1,1,2,peak,car,35,Longford
137038,53.78600000000001,53.78600000000001,100.418,53.78600000000001,TUS Athlone,TUS,106.67556666666668,0,0,1,1,1,peak,car,30,Longford
137039,78.14999999999999,78.14999999999999,109.136,78.14999999999999,TUS Athlone,TUS,154.9975,0,0,0,0,1,peak,car,22,Longford
137040,56.166,56.166,84.50999999999999,56.166,TUS Athlone,TUS,111.39589999999998,0,0,1,1,2,peak,car,7,Longford
137041,37.27,37.27,100.112,37.27,TUS Athlone,TUS,73.91883333333332,0,1,1,1,1,peak,car,20,Longford
137042,73.954,73.954,101.524,73.954,TUS Athlone,TUS,146.67543333333333,0,0,0,1,1,peak,car,8,Longford
137043,55.93,55.93,90.892,55.93,TUS Athlone,TUS,110.92783333333333,0,0,1,1,1,peak,car,160,Longford
137044,57.782,57.782,89.79599999999999,57.782,TUS Athlone,TUS,114.60096666666666,0,0,1,1,2,peak,car,32,Longford
137045,57.34,57.34,89.91600000000001,57.34,TUS Athlone,TUS,113.72433333333332,0,0,1,1,2,peak,car,255,Longford
137046,55.736,55.736,83.306,55.736,TUS Athlone,TUS,110.54306666666668,0,0,1,1,2,peak,car,19,Longford
137047,54.868,54.868,83.68999999999998,54.868,TUS Athlone,TUS,108.82153333333332,0,0,1,1,2,peak,car,15,Longford
137048,53.096,53.096,103.87,53.096,TUS Athlone,TUS,105.30706666666669,0,0,1,1,1,peak,car,11,Longford
137049,50.514,50.514,99.464,50.514,TUS Athlone,TUS,100.18609999999998,0,0,1,1,1,peak,car,47,Longford
137050,87.454,87.454,118.456,87.454,TUS Athlone,TUS,173.4504333333333,0,0,0,0,1,peak,car,13,Longford
137051,74.618,74.618,102.188,74.618,TUS Athlone,TUS,147.99236666666667,0,0,0,1,1,peak,car,11,Longford
137053,62.678,62.678,94.084,62.678,TUS Athlone,TUS,124.31136666666666,0,0,0,1,1,peak,car,31,Longford
137054,52.658,52.658,112.876,52.658,TUS Athlone,TUS,104.43836666666668,0,0,1,1,1,peak,car,47,Longford
147001,31.6,76.9125,82.00200000000001,31.6,Dundalk IT,DkIT,62.67333333333333,0,1,1,1,8,peak,car,155,Louth
147002,28.994,73.655,79.60399999999998,28.994,Dundalk IT,DkIT,57.50476666666667,1,1,1,2,8,peak,car,223,Louth
147003,7.736000000000001,87.965,95.65,7.736000000000001,Dundalk IT,DkIT,15.343066666666669,1,1,1,1,2,peak,car,105,Louth
147004,15.152,88.78750000000001,96.308,15.152,Dundalk IT,DkIT,30.051466666666663,1,1,1,1,2,peak,car,42,Louth
147005,26.148000000000003,110.98,114.062,26.148000000000003,Dundalk IT,DkIT,51.860200000000006,1,1,1,1,1,peak,car,61,Louth
147006,18.22,68.765,80.28999999999999,18.22,Dundalk IT,DkIT,36.13633333333333,1,1,1,3,9,peak,car,57,Louth
147007,14.386,90.685,97.826,14.386,Dundalk IT,DkIT,28.53223333333333,1,1,1,1,1,peak,car,51,Louth
147008,10.868,85.19999999999999,93.438,10.868,Dundalk IT,DkIT,21.55486666666667,1,1,1,1,2,peak,car,194,Louth
147009,40.440000000000005,74.97999999999999,82.116,40.440000000000005,Dundalk IT,DkIT,80.206,0,1,1,2,8,peak,car,165,Louth
147010,34.454,84.46499999999999,92.85,34.454,Dundalk IT,DkIT,68.33376666666666,0,1,1,1,3,peak,car,36,Louth
147011,33.772,63.02,69.946,33.772,Dundalk IT,DkIT,66.98113333333333,0,1,1,7,11,peak,car,101,Louth
147012,17.102,91.225,98.258,17.102,Dundalk IT,DkIT,33.91896666666666,1,1,1,1,1,peak,car,37,Louth
147013,18.638,78.24,87.86999999999999,18.638,Dundalk IT,DkIT,36.96536666666667,1,1,1,1,7,peak,car,11,Louth
147014,37.976,53.4875,64.922,37.976,Dundalk IT,DkIT,75.31906666666666,0,1,3,9,12,peak,car,331,Louth
147015,24.07,62.114999999999995,74.97,24.07,Dundalk IT,DkIT,47.73883333333333,1,1,1,7,11,peak,car,35,Louth
147016,16.54,76.85499999999999,86.76200000000001,16.54,Dundalk IT,DkIT,32.80433333333333,1,1,1,1,8,peak,car,100,Louth
147017,28.081999999999997,73.76249999999999,84.288,28.081999999999997,Dundalk IT,DkIT,55.69596666666666,1,1,1,2,8,peak,car,80,Louth
147018,27.214,111.685,114.626,27.214,Dundalk IT,DkIT,53.97443333333334,1,1,1,1,1,peak,car,79,Louth
147019,4.402,87.1875,95.028,4.402,Dundalk IT,DkIT,8.730633333333333,1,1,1,1,2,peak,car,903,Louth
147020,4.008,83.24,91.87,4.008,Dundalk IT,DkIT,7.9492,1,1,1,1,3,peak,car,43,Louth
147021,23.232,62.052499999999995,74.91999999999999,23.232,Dundalk IT,DkIT,46.0768,1,1,1,8,11,peak,car,147,Louth
147022,31.692,73.6925,84.23200000000001,31.692,Dundalk IT,DkIT,62.8558,0,1,1,2,8,peak,car,68,Louth
147023,11.276,94.36,100.766,11.276,Dundalk IT,DkIT,22.364066666666663,1,1,1,1,1,peak,car,42,Louth
147024,32.082,118.39749999999998,119.996,32.082,Dundalk IT,DkIT,63.6293,0,1,1,1,1,peak,car,74,Louth
147025,10.368,81.36,90.366,10.368,Dundalk IT,DkIT,20.563199999999995,1,1,1,1,3,peak,car,335,Louth
147026,14.32,96.19500000000002,102.234,14.32,Dundalk IT,DkIT,28.401333333333337,1,1,1,1,1,peak,car,92,Louth
147027,26.958,94.475,100.858,26.958,Dundalk IT,DkIT,53.4667,1,1,1,1,1,peak,car,60,Louth
147028,17.404,88.01499999999999,95.68999999999998,17.404,Dundalk IT,DkIT,34.51793333333333,1,1,1,1,2,peak,car,82,Louth
147029,21.7,77.60499999999999,87.36200000000001,21.7,Dundalk IT,DkIT,43.03833333333333,1,1,1,1,7,peak,car,39,Louth
147030,35.089999999999996,56.995000000000005,70.874,35.089999999999996,Dundalk IT,DkIT,69.59516666666667,0,1,2,8,12,peak,car,63,Louth
147031,28.751999999999995,59.085,72.546,28.751999999999995,Dundalk IT,DkIT,57.02479999999999,1,1,2,8,11,peak,car,127,Louth
147032,22.959999999999997,106.995,110.874,22.959999999999997,Dundalk IT,DkIT,45.53733333333333,1,1,1,1,1,peak,car,59,Louth
147033,16.009999999999998,98.3075,103.924,16.009999999999998,Dundalk IT,DkIT,31.753166666666665,1,1,1,1,1,peak,car,55,Louth
147034,38.05199999999999,52.4825,64.118,38.05199999999999,Dundalk IT,DkIT,75.46979999999999,0,1,3,9,12,peak,car,261,Louth
147035,37.678,55.510000000000005,69.686,37.678,Dundalk IT,DkIT,74.72803333333333,0,1,2,9,12,peak,car,637,Louth
147036,27.040000000000003,71.2125,82.24799999999999,27.040000000000003,Dundalk IT,DkIT,53.629333333333335,1,1,1,2,8,peak,car,35,Louth
147037,28.371999999999996,82.435,91.226,28.371999999999996,Dundalk IT,DkIT,56.27113333333333,1,1,1,1,3,peak,car,39,Louth
147038,45.716,67.4625,76.10199999999999,45.716,Dundalk IT,DkIT,90.67006666666668,0,0,1,3,9,peak,car,177,Louth
147039,41.43,52.927499999999995,64.47399999999999,41.43,Dundalk IT,DkIT,82.1695,0,1,3,9,12,peak,car,134,Louth
147040,3.716,85.25750000000001,93.484,3.716,Dundalk IT,DkIT,7.370066666666666,1,1,1,1,2,peak,car,55,Louth
147041,2.9199999999999995,86.97999999999999,94.862,2.9199999999999995,Dundalk IT,DkIT,5.791333333333332,1,1,1,1,2,peak,car,33,Louth
147042,4.038,87.905,95.602,4.038,Dundalk IT,DkIT,8.008700000000001,1,1,1,1,2,peak,car,220,Louth
147043,40.172,48.64999999999999,61.05199999999999,40.172,Dundalk IT,DkIT,79.67446666666666,0,1,5,11,12,peak,car,375,Louth
167001,51.944,95.15,95.15,51.944,Dundalk IT,DkIT,103.02226666666664,0,0,1,1,1,peak,car,25,Meath
167002,51.496,51.496,51.496,71.592,Maynooth University,MU,102.13373333333334,0,0,2,6,10,peak,car,107,Meath
167003,48.185,48.185,51.53600000000001,50.526,TU Dublin Blanchardstown,TU Dublin,94.76383333333334,0,0,7,11,12,peak,car,83,Meath
167004,54.51199999999999,54.51199999999999,54.51199999999999,65.808,Maynooth University,MU,108.11546666666663,0,0,2,8,11,peak,car,52,Meath
167005,41.694,41.694,41.694,59.94,Maynooth University,MU,82.69309999999999,0,1,2,3,8,peak,car,27,Meath
167006,55.79,55.79,55.79,79.80399999999999,Maynooth University,MU,110.65016666666666,0,0,1,2,10,peak,car,103,Meath
167007,71.502,71.502,71.502,78.92,Maynooth University,MU,141.8123,0,0,0,1,3,peak,car,17,Meath
167008,42.91,42.91,42.91,61.681999999999995,Maynooth University,MU,85.10483333333332,0,1,1,3,8,peak,car,25,Meath
167009,38.322,38.322,38.322,77.036,Maynooth University,MU,76.00529999999999,0,1,2,3,11,peak,car,24,Meath
167010,63.901999999999994,63.901999999999994,63.901999999999994,72.718,Maynooth University,MU,126.73896666666666,0,0,0,3,6,peak,car,30,Meath
167011,46.89,46.89,46.89,69.604,Maynooth University,MU,92.9985,0,0,2,6,10,peak,car,65,Meath
167012,61.83,61.83,61.83,69.248,Maynooth University,MU,122.6295,0,0,0,3,7,peak,car,15,Meath
167013,57.66199999999999,57.66199999999999,57.66199999999999,65.08,Maynooth University,MU,114.36296666666664,0,0,1,3,10,peak,car,16,Meath
167014,54.266000000000005,83.89399999999999,83.89399999999999,54.266000000000005,Dundalk IT,DkIT,107.62756666666668,0,0,1,1,2,peak,car,19,Meath
167015,57.599999999999994,57.599999999999994,57.599999999999994,70.468,Maynooth University,MU,114.24,0,0,1,2,2,peak,car,24,Meath
167016,68.056,68.056,68.056,74.02399999999999,Maynooth University,MU,134.97773333333333,0,0,0,3,4,peak,car,17,Meath
167017,35.984,35.984,35.984,70.63199999999999,Maynooth University,MU,71.36826666666667,0,1,1,6,11,peak,car,137,Meath
167018,46.87,67.228,67.228,46.87,Dundalk IT,DkIT,92.95883333333332,0,0,1,3,5,peak,car,47,Meath
167019,60.764,60.764,60.764,89.002,Maynooth University,MU,120.51526666666666,0,0,0,1,3,peak,car,22,Meath
167020,52.348,52.348,52.348,73.82,Maynooth University,MU,103.82353333333332,0,0,2,5,10,peak,car,28,Meath
167021,73.152,73.152,73.152,80.57,Maynooth University,MU,145.0848,0,0,0,1,3,peak,car,26,Meath
167022,89.44200000000001,89.44200000000001,89.44200000000001,94.33,Maynooth University,MU,177.3933,0,0,0,0,1,peak,car,11,Meath
167023,59.946000000000005,77.35199999999999,77.35199999999999,59.946000000000005,Dundalk IT,DkIT,118.8929,0,0,1,1,3,peak,car,17,Meath
167024,18.952,18.952,18.952,89.01799999999999,Maynooth University,MU,37.58813333333333,2,4,9,11,12,peak,car,40,Meath
167025,28.055,28.055,41.45399999999999,66.298,TU Dublin Blanchardstown,TU Dublin,55.17483333333333,1,7,10,12,12,peak,car,512,Meath
167026,64.732,64.868,64.868,64.732,Dundalk IT,DkIT,128.38513333333333,0,0,0,3,6,peak,car,97,Meath
167027,40.224,83.43,83.43,40.224,Dundalk IT,DkIT,79.7776,0,1,1,1,4,peak,car,23,Meath
167028,44.576,52.154999999999994,54.712,44.576,Dundalk IT,DkIT,88.40906666666666,0,1,5,10,12,peak,car,303,Meath
167029,15.994999999999996,15.994999999999996,18.074,83.77799999999999,TU Dublin Blanchardstown,TU Dublin,31.45683333333333,2,9,11,11,12,peak,car,416,Meath
167030,26.49,26.49,28.866,76.468,TU Dublin Blanchardstown,TU Dublin,52.097,2,4,9,11,12,peak,car,283,Meath
167031,21.658,21.658,21.658,86.80399999999999,Maynooth University,MU,42.95503333333333,1,1,3,10,13,peak,car,44,Meath
167032,33.49,33.49,33.49,80.056,Maynooth University,MU,66.42183333333334,0,2,5,9,12,peak,car,25,Meath
167033,71.112,71.112,71.112,81.406,Maynooth University,MU,141.03879999999998,0,0,0,1,3,peak,car,20,Meath
167034,44.28399999999999,71.85,71.85,44.28399999999999,Dundalk IT,DkIT,87.82993333333332,0,1,1,4,8,peak,car,33,Meath
167035,59.099999999999994,59.099999999999994,59.099999999999994,77.642,Maynooth University,MU,117.215,0,0,1,2,6,peak,car,16,Meath
167036,44.17600000000001,44.17600000000001,44.17600000000001,64.048,Maynooth University,MU,87.61573333333334,0,1,1,2,7,peak,car,13,Meath
167037,24.938,24.938,24.938,67.918,Maynooth University,MU,49.46036666666667,1,1,3,11,12,peak,car,201,Meath
167038,47.294999999999995,47.294999999999995,63.114,52.10399999999999,DCU Glasnevin,DCU,93.0135,0,0,6,11,12,peak,car,556,Meath
167039,56.942,56.942,56.942,61.97,Maynooth University,MU,112.93496666666668,0,0,1,3,10,peak,car,204,Meath
167040,58.352,58.352,58.352,62.508,Maynooth University,MU,115.73146666666663,0,0,1,3,9,peak,car,96,Meath
167041,45.8325,45.8325,49.61,55.32,TU Dublin Blanchardstown,TU Dublin,90.13725,0,0,8,11,12,peak,car,126,Meath
167042,36.0825,36.0825,38.05199999999999,65.46799999999999,TU Dublin Blanchardstown,TU Dublin,70.96225,0,3,9,12,12,peak,car,157,Meath
167043,50.56399999999999,50.56399999999999,50.56399999999999,80.248,Maynooth University,MU,100.28526666666664,0,0,2,2,10,peak,car,22,Meath
167044,42.07399999999999,42.07399999999999,42.07399999999999,68.072,Maynooth University,MU,83.44676666666665,0,1,2,8,12,peak,car,20,Meath
167045,49.913999999999994,49.913999999999994,49.913999999999994,88.52799999999999,Maynooth University,MU,98.99609999999998,0,0,1,2,8,peak,car,60,Meath
167046,46.56399999999999,46.56399999999999,46.56399999999999,75.47999999999999,Maynooth University,MU,92.3519333333333,0,0,1,2,6,peak,car,121,Meath
167047,75.738,75.738,75.738,83.15599999999999,Maynooth University,MU,150.21370000000002,0,0,0,0,3,peak,car,14,Meath
167048,47.538,78.238,78.238,47.538,Dundalk IT,DkIT,94.2837,0,0,1,1,5,peak,car,41,Meath
167049,92.512,92.512,92.512,99.93,Maynooth University,MU,183.4821333333333,0,0,0,0,0,peak,car,13,Meath
167050,30.699999999999996,30.699999999999996,33.216,77.996,TU Dublin Blanchardstown,TU Dublin,60.37666666666666,0,2,9,11,12,peak,car,50,Meath
167051,52.596,52.596,52.596,70.24199999999999,Maynooth University,MU,104.3154,0,0,1,2,3,peak,car,31,Meath
167052,60.4,80.222,80.222,60.4,Dundalk IT,DkIT,119.79333333333332,0,0,0,1,3,peak,car,35,Meath
167053,35.961999999999996,35.961999999999996,35.961999999999996,78.60600000000001,Maynooth University,MU,71.32463333333332,0,2,4,9,12,peak,car,74,Meath
167054,17.218,17.218,17.218,86.192,Maynooth University,MU,34.149033333333335,1,2,8,11,14,peak,car,75,Meath
167055,69.296,69.296,69.296,76.71399999999998,Maynooth University,MU,137.43706666666668,0,0,0,1,3,peak,car,26,Meath
167056,84.338,84.338,84.338,91.756,Maynooth University,MU,167.27036666666666,0,0,0,0,1,peak,car,12,Meath
167057,30.549999999999997,30.549999999999997,30.549999999999997,82.92399999999999,Maynooth University,MU,60.59083333333333,0,1,2,7,13,peak,car,28,Meath
167058,66.766,66.766,66.766,70.936,Maynooth University,MU,132.41923333333335,0,0,0,3,5,peak,car,27,Meath
167059,59.73199999999999,59.73199999999999,59.73199999999999,62.413999999999994,Maynooth University,MU,118.46846666666664,0,0,1,3,9,peak,car,12,Meath
167060,57.648,57.648,57.648,74.642,Maynooth University,MU,114.3352,0,0,1,3,10,peak,car,34,Meath
167061,42.162,61.4375,66.896,42.162,Dundalk IT,DkIT,83.62129999999999,0,1,1,8,11,peak,car,31,Meath
167062,62.676,79.594,79.594,62.676,Dundalk IT,DkIT,124.3074,0,0,0,1,3,peak,car,20,Meath
167063,84.694,84.694,84.694,92.112,Maynooth University,MU,167.97643333333332,0,0,0,0,1,peak,car,12,Meath
167064,64.612,66.93599999999999,66.93599999999999,64.612,Dundalk IT,DkIT,128.14713333333333,0,0,0,3,5,peak,car,7,Meath
167065,48.18,48.18,48.18,61.032,Maynooth University,MU,95.557,0,0,2,9,12,peak,car,1576,Meath
167066,46.456,46.456,46.456,58.53399999999999,Maynooth University,MU,92.13773333333332,0,0,3,9,12,peak,car,94,Meath
167067,66.126,74.994,74.994,66.126,Dundalk IT,DkIT,131.1499,0,0,0,2,3,peak,car,13,Meath
167068,55.572,63.11,63.11,55.572,Dundalk IT,DkIT,110.21779999999998,0,0,1,3,6,peak,car,40,Meath
167069,51.489999999999995,74.06,74.06,51.489999999999995,Dundalk IT,DkIT,102.12183333333331,0,0,1,2,3,peak,car,31,Meath
167070,81.538,81.538,81.538,88.956,Maynooth University,MU,161.71703333333335,0,0,0,0,2,peak,car,103,Meath
167071,49.13250000000001,49.13250000000001,52.294,50.766,TU Dublin Blanchardstown,TU Dublin,96.62725,0,0,7,11,12,peak,car,52,Meath
167072,56.106,81.41799999999999,81.41799999999999,56.106,Dundalk IT,DkIT,111.2769,0,0,1,1,2,peak,car,10,Meath
167073,29.302,29.302,29.302,72.282,Maynooth University,MU,58.115633333333335,1,1,2,8,12,peak,car,21,Meath
167074,37.71,37.71,43.156000000000006,57.17399999999999,TU Dublin Blanchardstown,TU Dublin,74.16300000000001,0,4,10,12,12,peak,car,49,Meath
167075,52.413999999999994,67.89399999999999,67.89399999999999,52.413999999999994,Dundalk IT,DkIT,103.95443333333333,0,0,1,3,8,peak,car,26,Meath
167076,54.962,54.962,54.962,75.05799999999999,Maynooth University,MU,109.00796666666665,0,0,2,4,10,peak,car,52,Meath
167077,35.91,35.91,35.91,80.92999999999999,Maynooth University,MU,71.22149999999999,0,1,2,5,10,peak,car,50,Meath
167078,25.72,25.72,29.761999999999997,67.32600000000001,TU Dublin Blanchardstown,TU Dublin,50.58266666666666,2,6,10,12,12,peak,car,707,Meath
167079,8.296,8.296,8.296,84.38799999999999,Maynooth University,MU,16.453733333333332,1,2,7,11,13,peak,car,54,Meath
167080,40.06,40.06,40.721999999999994,68.02399999999999,TU Dublin Blanchardstown,TU Dublin,78.78466666666667,0,2,5,10,12,peak,car,75,Meath
167081,44.986,58.83,62.116,44.986,Dundalk IT,DkIT,89.22223333333335,0,1,2,8,11,peak,car,59,Meath
167082,47.066,50.46,65.646,47.066,Dundalk IT,DkIT,93.34756666666668,0,0,3,10,12,peak,car,734,Meath
167083,52.098,64.268,64.268,52.098,Dundalk IT,DkIT,103.3277,0,0,1,5,10,peak,car,32,Meath
167084,55.126000000000005,69.82399999999998,69.82399999999998,55.126000000000005,Dundalk IT,DkIT,109.33323333333334,0,0,1,2,3,peak,car,18,Meath
167085,41.5375,41.5375,58.508,53.758,DCU Glasnevin,DCU,81.69041666666666,0,1,8,12,12,peak,car,329,Meath
167086,77.502,77.502,77.502,84.92,Maynooth University,MU,153.71229999999997,0,0,0,0,3,peak,car,6,Meath
167087,23.998,23.998,23.998,84.236,Maynooth University,MU,47.59603333333334,1,2,4,9,13,peak,car,72,Meath
167088,38.8775,38.8775,39.958,71.42,TU Dublin Blanchardstown,TU Dublin,76.45908333333333,0,2,5,10,12,peak,car,39,Meath
167089,63.864,63.864,63.864,68.876,Maynooth University,MU,126.6636,0,0,0,3,6,peak,car,32,Meath
167090,38.318,38.318,38.318,74.27399999999999,Maynooth University,MU,75.99736666666666,0,1,2,10,13,peak,car,396,Meath
167091,38.186,38.186,38.186,76.232,Maynooth University,MU,75.73556666666667,0,1,2,8,13,peak,car,32,Meath
167092,72.418,87.87399999999998,87.87399999999998,72.418,Dundalk IT,DkIT,143.62903333333333,0,0,0,1,2,peak,car,15,Meath
177001,66.408,136.994,136.994,66.408,Dundalk IT,DkIT,131.7092,0,0,0,1,1,peak,car,22,Monaghan
177002,71.988,,,71.988,Dundalk IT,DkIT,142.77620000000002,0,0,0,1,1,peak,car,63,Monaghan
177003,47.01399999999999,127.334,127.334,47.01399999999999,Dundalk IT,DkIT,93.24443333333332,0,0,1,1,1,peak,car,24,Monaghan
177004,60.0,123.462,123.462,60.0,Dundalk IT,DkIT,119.0,0,0,1,1,1,peak,car,12,Monaghan
177005,49.20399999999999,122.322,122.322,49.20399999999999,Dundalk IT,DkIT,97.58793333333332,0,0,1,1,1,peak,car,68,Monaghan
177006,49.008,121.768,121.768,49.008,Dundalk IT,DkIT,97.1992,0,0,1,1,1,peak,car,9,Monaghan
177007,27.066,94.445,100.834,27.066,Dundalk IT,DkIT,53.680899999999994,1,1,1,1,1,peak,car,56,Monaghan
177008,63.80199999999999,140.594,143.01,63.80199999999999,Dundalk IT,DkIT,126.54063333333332,0,0,0,1,1,peak,car,63,Monaghan
177009,46.8,113.68999999999998,113.68999999999998,46.8,Dundalk IT,DkIT,92.82,0,0,1,1,1,peak,car,16,Monaghan
177010,42.168,105.235,109.466,42.168,Dundalk IT,DkIT,83.63319999999999,0,1,1,1,1,peak,car,27,Monaghan
177011,77.384,,,77.384,Dundalk IT,DkIT,153.47826666666666,0,0,0,0,1,peak,car,14,Monaghan
177012,30.8,103.895,108.394,30.8,Dundalk IT,DkIT,61.086666666666666,0,1,1,1,1,peak,car,46,Monaghan
177013,61.168,136.344,136.344,61.168,Dundalk IT,DkIT,121.31653333333333,0,0,0,1,1,peak,car,28,Monaghan
177014,41.296,121.0,122.07799999999996,41.296,Dundalk IT,DkIT,81.90373333333332,0,1,1,1,1,peak,car,22,Monaghan
177015,53.541999999999994,126.628,126.628,53.541999999999994,Dundalk IT,DkIT,106.19163333333331,0,0,1,1,1,peak,car,20,Monaghan
177016,32.896,95.585,101.746,32.896,Dundalk IT,DkIT,65.24373333333332,0,1,1,1,1,peak,car,212,Monaghan
177017,31.246,93.5225,100.096,31.246,Dundalk IT,DkIT,61.97123333333333,0,1,1,1,1,peak,car,89,Monaghan
177018,33.912,112.2375,115.068,33.912,Dundalk IT,DkIT,67.2588,0,1,1,1,1,peak,car,26,Monaghan
177019,34.538000000000004,113.02,115.694,34.538000000000004,Dundalk IT,DkIT,68.50036666666668,0,1,1,1,1,peak,car,160,Monaghan
177020,50.99399999999999,130.202,130.202,50.99399999999999,Dundalk IT,DkIT,101.13809999999998,0,0,1,1,1,peak,car,49,Monaghan
177021,39.79,121.995,122.874,39.79,Dundalk IT,DkIT,78.91683333333333,0,1,1,1,1,peak,car,31,Monaghan
177022,74.978,133.72799999999998,145.42999999999998,74.978,Dundalk IT,DkIT,148.70636666666667,0,0,0,1,1,peak,car,24,Monaghan
177023,81.41199999999999,120.116,131.81799999999998,81.41199999999999,Dundalk IT,DkIT,161.46713333333332,0,0,0,0,1,peak,car,42,Monaghan
177024,78.746,117.45,129.15200000000002,78.746,Dundalk IT,DkIT,156.17956666666666,0,0,0,0,1,peak,car,18,Monaghan
177025,44.878,123.51,124.086,44.878,Dundalk IT,DkIT,89.00803333333333,0,1,1,1,1,peak,car,31,Monaghan
177026,64.046,119.798,119.798,64.046,Dundalk IT,DkIT,127.02456666666669,0,0,0,1,1,peak,car,17,Monaghan
177027,55.248,108.578,108.578,55.248,Dundalk IT,DkIT,109.5752,0,0,1,1,1,peak,car,17,Monaghan
177028,56.842,116.20399999999998,116.20399999999998,56.842,Dundalk IT,DkIT,112.73663333333332,0,0,1,1,1,peak,car,29,Monaghan
177029,39.974,117.38,119.182,39.974,Dundalk IT,DkIT,79.28176666666667,0,1,1,1,1,peak,car,55,Monaghan
177030,34.562,100.6675,105.812,34.562,Dundalk IT,DkIT,68.54796666666667,0,1,1,1,1,peak,car,28,Monaghan
177031,83.286,111.228,121.782,83.286,Dundalk IT,DkIT,165.1839,0,0,0,0,1,peak,car,30,Monaghan
177032,64.916,122.12,122.12,64.916,Dundalk IT,DkIT,128.75006666666667,0,0,0,1,1,peak,car,35,Monaghan
177033,80.35399999999998,,,80.35399999999998,Dundalk IT,DkIT,159.36876666666666,0,0,0,0,1,peak,car,9,Monaghan
177034,32.419999999999995,101.02,106.094,32.419999999999995,Dundalk IT,DkIT,64.29966666666667,0,1,1,1,1,peak,car,34,Monaghan
177035,74.112,126.726,126.726,74.112,Dundalk IT,DkIT,146.98879999999997,0,0,0,1,1,peak,car,14,Monaghan
177036,39.148,90.3325,97.544,39.148,Dundalk IT,DkIT,77.64353333333334,0,1,1,1,1,peak,car,31,Monaghan
177037,47.31999999999999,101.016,101.016,47.31999999999999,Dundalk IT,DkIT,93.85133333333332,0,0,1,1,1,peak,car,26,Monaghan
177038,42.18,107.19,107.19,42.18,Dundalk IT,DkIT,83.657,0,1,1,1,1,peak,car,38,Monaghan
177039,69.928,135.658,138.60799999999998,69.928,Dundalk IT,DkIT,138.69053333333332,0,0,0,1,1,peak,car,34,Monaghan
177040,84.57399999999998,109.992,121.694,84.57399999999998,Dundalk IT,DkIT,167.73843333333332,0,0,0,0,1,peak,car,5,Monaghan
177041,68.95,131.368,143.75799999999998,68.95,Dundalk IT,DkIT,136.75083333333333,0,0,0,1,1,peak,car,44,Monaghan
177042,68.494,147.702,147.702,68.494,Dundalk IT,DkIT,135.84643333333332,0,0,0,1,1,peak,car,49,Monaghan
177043,62.12,141.32799999999995,141.32799999999995,62.12,Dundalk IT,DkIT,123.20466666666668,0,0,0,1,1,peak,car,18,Monaghan
177044,41.072,93.832,93.832,41.072,Dundalk IT,DkIT,81.45946666666666,0,1,1,1,1,peak,car,26,Monaghan
177045,73.226,,,73.226,Dundalk IT,DkIT,145.23156666666665,0,0,0,1,1,peak,car,27,Monaghan
177046,62.866,142.07399999999998,142.07399999999998,62.866,Dundalk IT,DkIT,124.68423333333334,0,0,0,1,1,peak,car,24,Monaghan
177047,48.51,125.25,125.478,48.51,Dundalk IT,DkIT,96.2115,0,0,1,1,1,peak,car,17,Monaghan
177048,25.458,101.67,106.614,25.458,Dundalk IT,DkIT,50.491699999999994,1,1,1,1,1,peak,car,49,Monaghan
177049,72.23,125.66,134.10399999999998,72.23,Dundalk IT,DkIT,143.25616666666667,0,0,0,1,1,peak,car,14,Monaghan
177050,72.782,148.57399999999998,,72.782,Dundalk IT,DkIT,144.35096666666664,0,0,0,1,1,peak,car,23,Monaghan
177052,68.85,139.18,139.18,68.85,Dundalk IT,DkIT,136.5525,0,0,0,1,1,peak,car,24,Monaghan
177053,27.586,104.32999999999998,108.742,27.586,Dundalk IT,DkIT,54.71223333333333,1,1,1,1,1,peak,car,38,Monaghan
177054,31.538000000000004,109.27,112.694,31.538000000000004,Dundalk IT,DkIT,62.55036666666667,0,1,1,1,1,peak,car,28,Monaghan
177055,45.856,119.69,121.03,45.856,Dundalk IT,DkIT,90.94773333333332,0,0,1,1,1,peak,car,30,Monaghan
177056,58.39999999999999,128.996,128.996,58.39999999999999,Dundalk IT,DkIT,115.82666666666664,0,0,1,1,1,peak,car,26,Monaghan
177057,35.31,97.8525,101.738,35.31,Dundalk IT,DkIT,70.0315,0,1,1,1,1,peak,car,32,Monaghan
177058,58.004,137.212,137.212,58.004,Dundalk IT,DkIT,115.04126666666666,0,0,1,1,1,peak,car,288,Monaghan
177059,56.388,135.596,135.596,56.388,Dundalk IT,DkIT,111.8362,0,0,1,1,1,peak,car,53,Monaghan
177060,39.886,125.9825,126.064,39.886,Dundalk IT,DkIT,79.10723333333333,0,1,1,1,1,peak,car,12,Monaghan
177061,72.468,122.09799999999998,132.652,72.468,Dundalk IT,DkIT,143.72820000000002,0,0,0,1,1,peak,car,39,Monaghan
177062,52.96399999999999,132.172,132.172,52.96399999999999,Dundalk IT,DkIT,105.04526666666663,0,0,1,1,1,peak,car,43,Monaghan
177063,47.784,109.852,109.852,47.784,Dundalk IT,DkIT,94.7716,0,0,1,1,1,peak,car,11,Monaghan
177064,72.714,141.47,,72.714,Dundalk IT,DkIT,144.21609999999998,0,0,0,1,1,peak,car,60,Monaghan
177065,82.954,,,82.954,Dundalk IT,DkIT,164.52543333333332,0,0,0,0,1,peak,car,9,Monaghan
177066,84.17200000000001,140.138,,84.17200000000001,Dundalk IT,DkIT,166.94113333333337,0,0,0,0,1,peak,car,39,Monaghan
177067,71.17399999999999,124.606,136.308,71.17399999999999,Dundalk IT,DkIT,141.1617666666667,0,0,0,1,1,peak,car,15,Monaghan
177068,70.482,146.274,149.69,70.482,Dundalk IT,DkIT,139.7893,0,0,0,1,1,peak,car,42,Monaghan
177069,57.367999999999995,136.576,136.576,57.367999999999995,Dundalk IT,DkIT,113.77986666666666,0,0,1,1,1,peak,car,45,Monaghan
177070,52.578,131.786,131.786,52.578,Dundalk IT,DkIT,104.2797,0,0,1,1,1,peak,car,30,Monaghan
187001,68.25399999999999,68.25399999999999,115.062,68.25399999999999,TUS Athlone,TUS,135.37043333333332,0,0,0,1,2,peak,car,6,Offaly
187003,64.584,64.584,123.718,64.584,TUS Athlone,TUS,128.0916,0,0,0,1,1,peak,car,7,Offaly
187004,49.24999999999999,49.24999999999999,55.407999999999994,49.24999999999999,TUS Athlone,TUS,97.67916666666665,0,0,2,2,4,peak,car,56,Offaly
187005,45.52,45.52,74.782,45.52,TUS Athlone,TUS,90.28133333333332,0,0,1,2,3,peak,car,21,Offaly
187006,31.568,31.568,81.35000000000001,31.568,TUS Athlone,TUS,62.60986666666667,0,1,1,1,2,peak,car,35,Offaly
187007,54.95399999999999,54.95399999999999,54.95399999999999,55.796,Maynooth University,MU,108.9921,0,0,2,2,3,peak,car,32,Offaly
187008,63.861999999999995,63.861999999999995,71.41399999999999,63.861999999999995,TUS Athlone,TUS,126.65963333333332,0,0,0,3,3,peak,car,19,Offaly
187009,41.444,41.444,110.594,41.444,TUS Athlone,TUS,82.19726666666665,0,1,1,1,1,peak,car,92,Offaly
187010,71.96600000000001,71.96600000000001,120.328,71.96600000000001,TUS Athlone,TUS,142.73256666666668,0,0,0,1,1,peak,car,7,Offaly
187011,32.186,32.186,79.454,32.186,TUS Athlone,TUS,63.835566666666665,0,1,1,1,2,peak,car,23,Offaly
187012,49.623999999999995,49.623999999999995,108.758,49.623999999999995,TUS Athlone,TUS,98.42093333333332,0,0,1,1,1,peak,car,27,Offaly
187013,45.982,45.982,105.116,45.982,TUS Athlone,TUS,91.19763333333331,0,0,1,1,1,peak,car,185,Offaly
187014,61.977999999999994,61.977999999999994,61.977999999999994,68.178,Maynooth University,MU,122.92303333333332,0,0,0,3,4,peak,car,49,Offaly
187015,37.024,37.024,93.108,37.024,TUS Athlone,TUS,73.43093333333334,0,1,1,1,1,peak,car,5,Offaly
187016,70.602,70.602,127.24,70.602,TUS Athlone,TUS,140.0273,0,0,0,1,1,peak,car,9,Offaly
187017,40.522,40.522,69.78399999999999,40.522,TUS Athlone,TUS,80.36863333333332,0,1,1,2,3,peak,car,88,Offaly
187018,26.264,26.264,70.696,26.264,TUS Athlone,TUS,52.090266666666665,1,1,1,2,2,peak,car,181,Offaly
187019,31.903999999999996,31.903999999999996,98.608,31.903999999999996,TUS Athlone,TUS,63.27626666666666,0,1,1,1,1,peak,car,36,Offaly
187020,59.873999999999995,59.873999999999995,59.873999999999995,69.294,Maynooth University,MU,118.7501,0,0,1,2,3,peak,car,38,Offaly
187021,34.478,34.478,105.23,34.478,TUS Athlone,TUS,68.38136666666668,0,1,1,1,1,peak,car,12,Offaly
187022,56.598,56.598,56.598,60.349999999999994,Maynooth University,MU,112.2527,0,0,1,2,2,peak,car,17,Offaly
187023,56.48,56.48,81.1,56.48,TUS Athlone,TUS,112.01866666666666,0,0,1,2,3,peak,car,35,Offaly
187024,53.946000000000005,53.946000000000005,65.184,53.946000000000005,TUS Athlone,TUS,106.9929,0,0,1,2,2,peak,car,28,Offaly
187025,82.52,82.52,113.13,82.52,TUS Athlone,TUS,163.66466666666668,0,0,0,0,2,peak,car,21,Offaly
187026,55.106,55.106,67.888,55.106,TUS Athlone,TUS,109.29356666666666,0,0,1,2,3,peak,car,49,Offaly
187027,50.03600000000001,50.03600000000001,93.154,50.03600000000001,TUS Athlone,TUS,99.23806666666668,0,0,1,1,2,peak,car,8,Offaly
187028,54.17399999999999,54.17399999999999,118.834,54.17399999999999,TUS Athlone,TUS,107.44509999999998,0,0,1,1,1,peak,car,16,Offaly
187029,44.106,44.106,83.69200000000001,44.106,TUS Athlone,TUS,87.4769,0,1,1,1,2,peak,car,14,Offaly
187030,17.834,17.834,86.33399999999999,17.834,TUS Athlone,TUS,35.37076666666667,1,1,1,1,2,peak,car,17,Offaly
187031,55.578,55.578,113.378,55.578,TUS Athlone,TUS,110.2297,0,0,1,1,1,peak,car,22,Offaly
187032,49.762,49.762,96.926,49.762,TUS Athlone,TUS,98.69463333333331,0,0,1,1,1,peak,car,24,Offaly
187033,76.32600000000001,76.32600000000001,113.204,76.32600000000001,TUS Athlone,TUS,151.37990000000002,0,0,0,0,2,peak,car,18,Offaly
187034,32.562,32.562,61.82399999999999,32.562,TUS Athlone,TUS,64.5813,0,1,1,2,3,peak,car,34,Offaly
187035,50.617999999999995,50.617999999999995,50.617999999999995,72.65599999999999,Maynooth University,MU,100.39236666666665,0,0,1,2,4,peak,car,47,Offaly
187036,44.4,44.4,44.4,64.132,Maynooth University,MU,88.06,0,1,1,2,8,peak,car,373,Offaly
187037,48.864,48.864,102.48,48.864,TUS Athlone,TUS,96.9136,0,0,1,1,1,peak,car,4,Offaly
187039,62.74399999999999,62.74399999999999,118.606,62.74399999999999,TUS Athlone,TUS,124.44226666666664,0,0,0,1,1,peak,car,16,Offaly
187040,25.909999999999997,25.909999999999997,92.65,25.909999999999997,TUS Athlone,TUS,51.38816666666666,1,1,1,1,1,peak,car,49,Offaly
187041,29.38,29.38,98.53,29.38,TUS Athlone,TUS,58.27033333333333,1,1,1,1,1,peak,car,29,Offaly
187042,47.042,47.042,76.304,47.042,TUS Athlone,TUS,93.29996666666668,0,0,1,2,3,peak,car,55,Offaly
187043,77.08399999999999,77.08399999999999,106.73,77.08399999999999,TUS Athlone,TUS,152.88326666666666,0,0,0,0,2,peak,car,13,Offaly
187044,18.35,18.35,68.316,18.35,TUS Athlone,TUS,36.39416666666666,1,1,1,2,2,peak,car,23,Offaly
187045,59.544,59.544,78.498,59.544,SETU Carlow,SETU,118.0956,0,0,1,2,3,peak,car,26,Offaly
187046,19.834,19.834,90.586,19.834,TUS Athlone,TUS,39.33743333333333,1,1,1,1,1,peak,car,6,Offaly
187047,37.65,37.65,106.8,37.65,TUS Athlone,TUS,74.6725,0,1,1,1,1,peak,car,17,Offaly
187048,56.016,56.016,69.902,56.016,TUS Athlone,TUS,111.0984,0,0,1,2,2,peak,car,26,Offaly
187049,54.053999999999995,54.053999999999995,113.188,54.053999999999995,TUS Athlone,TUS,107.20709999999998,0,0,1,1,1,peak,car,21,Offaly
187050,41.843999999999994,41.843999999999994,87.77,41.843999999999994,TUS Athlone,TUS,82.99059999999999,0,1,1,1,2,peak,car,55,Offaly
187051,20.244,20.244,70.336,20.244,TUS Athlone,TUS,40.1506,1,1,1,2,2,peak,car,20,Offaly
187052,46.85399999999999,46.85399999999999,76.116,46.85399999999999,TUS Athlone,TUS,92.92709999999998,0,0,1,2,3,peak,car,67,Offaly
187053,47.85,47.85,85.032,47.85,TUS Athlone,TUS,94.9025,0,0,1,1,2,peak,car,11,Offaly
187054,47.13999999999999,47.13999999999999,81.99799999999999,47.13999999999999,TUS Athlone,TUS,93.49433333333332,0,0,1,1,3,peak,car,26,Offaly
187055,53.808,53.808,107.596,53.808,TUS Athlone,TUS,106.7192,0,0,1,1,1,peak,car,12,Offaly
187056,59.053999999999995,59.053999999999995,100.124,59.053999999999995,TUS Athlone,TUS,117.12376666666664,0,0,1,1,2,peak,car,13,Offaly
187057,55.754,55.754,100.82,55.754,TUS Athlone,TUS,110.57876666666668,0,0,1,1,2,peak,car,11,Offaly
187058,46.38399999999999,46.38399999999999,52.541999999999994,46.38399999999999,TUS Athlone,TUS,91.99493333333332,0,0,2,2,3,peak,car,11,Offaly
187059,42.06399999999999,42.06399999999999,89.99799999999998,42.06399999999999,TUS Athlone,TUS,83.42693333333332,0,1,1,1,2,peak,car,20,Offaly
187060,59.87199999999999,59.87199999999999,93.884,59.87199999999999,TUS Athlone,TUS,118.74613333333332,0,0,1,1,2,peak,car,6,Offaly
187061,29.856,29.856,100.608,29.856,TUS Athlone,TUS,59.2144,1,1,1,1,1,peak,car,11,Offaly
187062,48.102,48.102,117.252,48.102,TUS Athlone,TUS,95.4023,0,0,1,1,1,peak,car,22,Offaly
187063,55.14600000000001,55.14600000000001,55.14600000000001,61.99199999999999,Maynooth University,MU,109.37290000000002,0,0,1,2,3,peak,car,41,Offaly
187064,57.65399999999999,57.65399999999999,63.876000000000005,57.65399999999999,TUS Athlone,TUS,114.34709999999998,0,0,1,2,3,peak,car,15,Offaly
187065,47.29399999999999,47.29399999999999,110.826,47.29399999999999,TUS Athlone,TUS,93.79976666666664,0,0,1,1,1,peak,car,13,Offaly
187066,66.736,66.736,115.334,66.736,TUS Athlone,TUS,132.35973333333334,0,0,0,1,2,peak,car,99,Offaly
187067,30.642,30.642,99.79200000000002,30.642,TUS Athlone,TUS,60.7733,0,1,1,1,1,peak,car,23,Offaly
187068,53.906,53.906,77.978,53.906,TUS Athlone,TUS,106.91356666666668,0,0,1,2,3,peak,car,7,Offaly
187069,55.952,55.952,69.238,55.952,SETU Carlow,SETU,110.97146666666666,0,0,1,3,4,peak,car,85,Offaly
187070,38.983999999999995,38.983999999999995,78.108,38.983999999999995,TUS Athlone,TUS,77.31826666666666,0,1,1,1,2,peak,car,35,Offaly
187071,63.682,63.682,73.118,63.682,TUS Athlone,TUS,126.30263333333332,0,0,0,3,3,peak,car,16,Offaly
187072,63.873999999999995,63.873999999999995,71.634,63.873999999999995,TUS Athlone,TUS,126.68343333333333,0,0,0,2,3,peak,car,26,Offaly
187073,57.118,57.118,86.38,57.118,TUS Athlone,TUS,113.28403333333333,0,0,1,1,3,peak,car,22,Offaly
187074,71.994,71.994,113.33,71.994,TUS Athlone,TUS,142.7881,0,0,0,1,1,peak,car,11,Offaly
187075,46.396,46.396,75.658,46.396,TUS Athlone,TUS,92.01873333333332,0,0,1,1,3,peak,car,75,Offaly
187076,60.168,60.168,108.362,60.168,TUS Athlone,TUS,119.3332,0,0,0,1,1,peak,car,15,Offaly
187077,37.29,37.29,108.04200000000002,37.29,TUS Athlone,TUS,73.95849999999999,0,1,1,1,1,peak,car,8,Offaly
187078,38.756,38.756,107.906,38.756,TUS Athlone,TUS,76.86606666666667,0,1,1,1,1,peak,car,14,Offaly
187079,62.988,62.988,119.726,62.988,TUS Athlone,TUS,124.9262,0,0,0,1,1,peak,car,44,Offaly
187080,33.686,33.686,69.80199999999999,33.686,TUS Athlone,TUS,66.81056666666666,0,1,1,2,2,peak,car,33,Offaly
187081,31.848000000000003,31.848000000000003,88.08,31.848000000000003,TUS Athlone,TUS,63.165200000000006,0,1,1,1,2,peak,car,26,Offaly
187082,81.29399999999998,81.29399999999998,119.588,81.29399999999998,TUS Athlone,TUS,161.23309999999998,0,0,0,0,1,peak,car,7,Offaly
187083,24.89,24.89,74.856,24.89,TUS Athlone,TUS,49.36516666666667,1,1,1,2,2,peak,car,18,Offaly
187084,40.419999999999995,40.419999999999995,69.682,40.419999999999995,TUS Athlone,TUS,80.16633333333331,0,1,1,2,3,peak,car,25,Offaly
187085,70.82199999999999,70.82199999999999,112.396,70.82199999999999,TUS Athlone,TUS,140.46363333333332,0,0,0,1,1,peak,car,5,Offaly
187086,38.708,38.708,69.014,38.708,TUS Athlone,TUS,76.77086666666666,0,1,1,2,3,peak,car,131,Offaly
187087,40.188,40.188,69.45,40.188,TUS Athlone,TUS,79.7062,0,1,1,2,3,peak,car,423,Offaly
237001,38.3,38.3,67.562,38.3,TUS Athlone,TUS,75.96166666666667,0,1,1,2,2,peak,car,19,Westmeath
237002,22.026,22.026,96.702,22.026,TUS Athlone,TUS,43.6849,1,1,1,1,1,peak,car,20,Westmeath
237003,1.024,1.024,83.06599999999999,1.024,TUS Athlone,TUS,2.0309333333333335,1,1,1,1,2,peak,car,123,Westmeath
237004,4.13,4.13,84.28999999999999,4.13,TUS Athlone,TUS,8.191166666666668,1,1,1,1,2,peak,car,296,Westmeath
237005,5.972,5.972,87.58,5.972,TUS Athlone,TUS,11.844466666666667,1,1,1,1,2,peak,car,94,Westmeath
237006,26.088,26.088,100.764,26.088,TUS Athlone,TUS,51.741200000000006,1,1,1,1,1,peak,car,38,Westmeath
237007,62.486,62.486,63.132,62.486,TUS Athlone,TUS,123.93056666666668,0,0,0,2,2,peak,car,71,Westmeath
237008,72.886,72.886,72.886,84.742,Maynooth University,MU,144.55723333333333,0,0,0,1,4,peak,car,6,Westmeath
237009,40.142,40.142,73.578,40.142,TUS Athlone,TUS,79.61496666666667,0,1,1,2,2,peak,car,12,Westmeath
237010,28.42,28.42,78.634,28.42,TUS Athlone,TUS,56.36633333333333,1,1,1,1,2,peak,car,7,Westmeath
237011,74.91399999999999,74.91399999999999,74.91399999999999,80.526,Maynooth University,MU,148.57943333333333,0,0,0,1,3,peak,car,12,Westmeath
237012,35.254,35.254,49.628,35.254,TUS Athlone,TUS,69.92043333333334,0,1,2,2,4,peak,car,39,Westmeath
237013,28.658,28.658,81.414,28.658,TUS Athlone,TUS,56.83836666666667,1,1,1,1,2,peak,car,26,Westmeath
237014,40.651999999999994,40.651999999999994,65.782,40.651999999999994,TUS Athlone,TUS,80.62646666666666,0,1,1,2,2,peak,car,14,Westmeath
237015,64.156,64.156,64.156,80.68999999999998,Maynooth University,MU,127.24273333333336,0,0,0,1,2,peak,car,22,Westmeath
237016,20.65,20.65,76.088,20.65,TUS Athlone,TUS,40.95583333333333,1,1,1,1,2,peak,car,29,Westmeath
237017,49.594,49.594,58.28,49.594,TUS Athlone,TUS,98.36143333333334,0,0,2,2,2,peak,car,18,Westmeath
237018,71.78399999999999,71.78399999999999,88.18599999999999,71.78399999999999,TUS Athlone,TUS,142.3716,0,0,0,1,2,peak,car,17,Westmeath
237019,68.916,68.916,68.916,73.80399999999999,Maynooth University,MU,136.6834,0,0,0,2,2,peak,car,13,Westmeath
237020,19.36,19.36,89.55399999999999,19.36,TUS Athlone,TUS,38.397333333333336,1,1,1,1,2,peak,car,35,Westmeath
237021,45.112,45.112,58.756,45.112,TUS Athlone,TUS,89.47213333333333,0,0,2,2,2,peak,car,15,Westmeath
237022,47.822,47.822,47.822,51.764,Maynooth University,MU,94.84696666666666,0,0,2,2,6,peak,car,41,Westmeath
237023,21.36,21.36,83.476,21.36,TUS Athlone,TUS,42.364,1,1,1,1,2,peak,car,32,Westmeath
237024,43.026,43.026,48.168,43.026,TUS Athlone,TUS,85.3349,0,1,2,2,5,peak,car,88,Westmeath
237025,45.15,45.15,73.55,45.15,TUS Athlone,TUS,89.5475,0,0,1,2,2,peak,car,39,Westmeath
237026,45.158,45.158,69.6,45.158,TUS Athlone,TUS,89.56336666666667,0,0,1,2,2,peak,car,22,Westmeath
237027,54.616,54.616,54.616,59.504,Maynooth University,MU,108.32173333333331,0,0,2,2,3,peak,car,28,Westmeath
237028,79.12,79.12,79.12,84.008,Maynooth University,MU,156.92133333333334,0,0,0,0,2,peak,car,26,Westmeath
237029,36.976,36.976,50.62,36.976,TUS Athlone,TUS,73.33573333333334,0,1,2,2,4,peak,car,33,Westmeath
237030,58.541999999999994,58.541999999999994,58.541999999999994,63.43,Maynooth University,MU,116.1083,0,0,1,2,2,peak,car,21,Westmeath
237031,72.21399999999998,72.21399999999998,72.21399999999998,77.10199999999999,Maynooth University,MU,143.2244333333333,0,0,0,1,2,peak,car,25,Westmeath
237032,69.24600000000001,69.24600000000001,81.29199999999999,69.24600000000001,TUS Athlone,TUS,137.33790000000002,0,0,0,1,2,peak,car,10,Westmeath
237033,76.99,76.99,76.99,81.878,Maynooth University,MU,152.6968333333333,0,0,0,0,2,peak,car,7,Westmeath
237034,66.722,66.722,66.722,82.962,Maynooth University,MU,132.33196666666666,0,0,0,1,3,peak,car,5,Westmeath
237035,68.32399999999998,68.32399999999998,68.32399999999998,73.21199999999999,Maynooth University,MU,135.50926666666663,0,0,0,2,4,peak,car,44,Westmeath
237036,49.936,49.936,49.936,66.47,Maynooth University,MU,99.03973333333334,0,0,1,2,4,peak,car,17,Westmeath
237037,25.108,25.108,98.332,25.108,TUS Athlone,TUS,49.797533333333334,1,1,1,1,1,peak,car,18,Westmeath
237038,21.19,21.19,88.662,21.19,TUS Athlone,TUS,42.026833333333336,1,1,1,1,2,peak,car,14,Westmeath
237039,45.688,45.688,67.002,45.688,TUS Athlone,TUS,90.61453333333334,0,0,1,2,2,peak,car,13,Westmeath
237040,46.858,46.858,76.07199999999999,46.858,TUS Athlone,TUS,92.93503333333334,0,0,1,1,2,peak,car,7,Westmeath
237041,58.336,58.336,58.336,58.809999999999995,Maynooth University,MU,115.69973333333334,0,0,2,2,2,peak,car,23,Westmeath
237042,73.99399999999999,73.99399999999999,73.99399999999999,78.88199999999999,Maynooth University,MU,146.75476666666663,0,0,0,1,2,peak,car,17,Westmeath
237043,77.92,77.92,92.3,77.92,TUS Athlone,TUS,154.54133333333334,0,0,0,0,1,peak,car,10,Westmeath
237044,79.59599999999999,79.59599999999999,79.59599999999999,84.484,Maynooth University,MU,157.86539999999997,0,0,0,0,2,peak,car,14,Westmeath
237045,78.77,78.77,78.77,83.65799999999999,Maynooth University,MU,156.22716666666668,0,0,0,0,2,peak,car,21,Westmeath
237046,49.8,49.8,54.94199999999999,49.8,TUS Athlone,TUS,98.77,0,0,2,2,3,peak,car,15,Westmeath
237047,13.126,13.126,87.802,13.126,TUS Athlone,TUS,26.03323333333333,1,1,1,1,2,peak,car,14,Westmeath
237048,60.361999999999995,60.361999999999995,68.62199999999999,60.361999999999995,TUS Athlone,TUS,119.71796666666664,0,0,0,2,2,peak,car,8,Westmeath
237049,78.616,78.616,84.26799999999999,78.616,TUS Athlone,TUS,155.92173333333335,0,0,0,0,2,peak,car,8,Westmeath
237050,48.553999999999995,48.553999999999995,65.068,48.553999999999995,TUS Athlone,TUS,96.29876666666668,0,0,1,2,2,peak,car,11,Westmeath
237051,49.966,49.966,49.966,59.202,Maynooth University,MU,99.09923333333332,0,0,2,2,4,peak,car,29,Westmeath
237052,43.61,43.61,43.61,57.866,Maynooth University,MU,86.49316666666667,0,1,2,3,8,peak,car,31,Westmeath
237053,88.7,88.7,88.7,92.672,Maynooth University,MU,175.92166666666668,0,0,0,0,1,peak,car,13,Westmeath
237054,41.892,41.892,41.892,56.30199999999999,Maynooth University,MU,83.08579999999999,0,1,2,3,8,peak,car,13,Westmeath
237055,52.066,52.066,60.66399999999999,52.066,TUS Athlone,TUS,103.26423333333334,0,0,1,2,2,peak,car,25,Westmeath
237056,50.57399999999999,50.57399999999999,50.57399999999999,64.83,Maynooth University,MU,100.30509999999998,0,0,1,2,4,peak,car,22,Westmeath
237057,45.18,45.18,80.348,45.18,TUS Athlone,TUS,89.607,0,0,1,1,2,peak,car,8,Westmeath
237058,29.372,29.372,58.098,29.372,TUS Athlone,TUS,58.254466666666666,1,1,2,2,3,peak,car,73,Westmeath
237059,52.858,52.858,74.702,52.858,TUS Athlone,TUS,104.83503333333331,0,0,1,2,2,peak,car,33,Westmeath
237060,75.654,75.654,75.654,80.54199999999999,Maynooth University,MU,150.0471,0,0,0,0,2,peak,car,8,Westmeath
237061,35.961999999999996,35.961999999999996,85.322,35.961999999999996,TUS Athlone,TUS,71.32463333333332,0,1,1,1,2,peak,car,15,Westmeath
237062,34.788000000000004,34.788000000000004,82.24,34.788000000000004,TUS Athlone,TUS,68.9962,0,1,1,1,2,peak,car,18,Westmeath
237063,28.31199999999999,28.31199999999999,102.988,28.31199999999999,TUS Athlone,TUS,56.152133333333325,1,1,1,1,1,peak,car,19,Westmeath
237064,68.658,68.658,68.658,76.076,Maynooth University,MU,136.1717,0,0,0,2,4,peak,car,52,Westmeath
237065,48.61,48.61,48.61,65.14399999999999,Maynooth University,MU,96.40983333333332,0,0,1,2,5,peak,car,82,Westmeath
237066,68.566,68.566,68.566,73.454,Maynooth University,MU,135.98923333333337,0,0,0,2,2,peak,car,28,Westmeath
237067,72.82600000000001,72.82600000000001,72.82600000000001,77.714,Maynooth University,MU,144.43823333333336,0,0,0,1,2,peak,car,7,Westmeath
237068,36.826,36.826,36.826,53.36,Maynooth University,MU,73.03823333333332,0,1,2,4,11,peak,car,166,Westmeath
237069,74.388,74.388,74.388,79.276,Maynooth University,MU,147.5362,0,0,0,1,2,peak,car,73,Westmeath
237070,79.49199999999999,79.49199999999999,84.868,79.49199999999999,TUS Athlone,TUS,157.65913333333333,0,0,0,0,2,peak,car,7,Westmeath
237071,60.138,60.138,60.138,65.02600000000001,Maynooth University,MU,119.2737,0,0,0,2,2,peak,car,25,Westmeath
237072,69.49799999999999,69.49799999999999,69.49799999999999,70.636,Maynooth University,MU,137.83769999999998,0,0,0,2,2,peak,car,7,Westmeath
237073,34.57,34.57,63.36399999999999,34.57,TUS Athlone,TUS,68.56383333333333,0,1,1,2,2,peak,car,8,Westmeath
237074,51.366,51.366,66.116,51.366,TUS Athlone,TUS,101.8759,0,0,1,2,2,peak,car,12,Westmeath
237075,19.979999999999997,19.979999999999997,71.17399999999999,19.979999999999997,TUS Athlone,TUS,39.626999999999995,1,1,1,2,2,peak,car,117,Westmeath
237076,24.845999999999997,24.845999999999997,83.846,24.845999999999997,TUS Athlone,TUS,49.27789999999999,1,1,1,1,2,peak,car,36,Westmeath
237077,8.104,8.104,82.78,8.104,TUS Athlone,TUS,16.07293333333333,1,1,1,1,2,peak,car,127,Westmeath
237078,36.352,36.352,111.028,36.352,TUS Athlone,TUS,72.09813333333332,0,1,1,1,1,peak,car,9,Westmeath
237079,53.157999999999994,53.157999999999994,53.157999999999994,54.73,Maynooth University,MU,105.43003333333333,0,0,2,2,3,peak,car,544,Westmeath
237080,53.688,53.688,53.688,53.986,Maynooth University,MU,106.4812,0,0,2,2,3,peak,car,127,Westmeath
237081,66.11399999999999,66.11399999999999,66.11399999999999,71.002,Maynooth University,MU,131.12609999999998,0,0,0,2,2,peak,car,22,Westmeath
237082,35.008,35.008,53.73199999999999,35.008,TUS Athlone,TUS,69.43253333333334,0,1,2,2,3,peak,car,11,Westmeath
237083,27.436,27.436,93.64,27.436,TUS Athlone,TUS,54.41473333333333,1,1,1,1,1,peak,car,21,Westmeath
237084,51.978,51.978,51.978,56.866,Maynooth University,MU,103.0897,0,0,2,2,3,peak,car,10,Westmeath
237085,48.926,48.926,85.734,48.926,TUS Athlone,TUS,97.03656666666666,0,0,1,1,2,peak,car,5,Westmeath
237086,68.104,68.104,68.838,68.104,TUS Athlone,TUS,135.0729333333333,0,0,0,2,2,peak,car,15,Westmeath
237087,55.568,55.568,55.568,72.102,Maynooth University,MU,110.20986666666666,0,0,1,2,3,peak,car,30,Westmeath
237088,46.69,46.69,62.278,46.69,TUS Athlone,TUS,92.60183333333332,0,0,1,2,2,peak,car,7,Westmeath
237089,46.194,46.194,68.846,46.194,TUS Athlone,TUS,91.6181,0,0,1,2,2,peak,car,19,Westmeath
237090,53.988,53.988,68.696,53.988,TUS Athlone,TUS,107.0762,0,0,1,2,2,peak,car,17,Westmeath
237091,57.448,57.448,57.448,73.982,Maynooth University,MU,113.93853333333334,0,0,1,2,3,peak,car,36,Westmeath
237092,75.094,75.094,75.094,79.982,Maynooth University,MU,148.93643333333333,0,0,0,0,4,peak,car,16,Westmeath
237093,57.986,57.986,59.496,57.986,TUS Athlone,TUS,115.00556666666668,0,0,2,2,2,peak,car,25,Westmeath
237094,43.944,43.944,75.02799999999999,43.944,TUS Athlone,TUS,87.15559999999999,0,1,1,1,2,peak,car,17,Westmeath
237095,56.256,56.256,66.672,56.256,TUS Athlone,TUS,111.5744,0,0,1,2,2,peak,car,12,Westmeath
237096,65.448,65.448,65.448,70.336,Maynooth University,MU,129.8052,0,0,0,2,2,peak,car,12,Westmeath
237097,29.7,29.7,71.46,29.7,TUS Athlone,TUS,58.905,1,1,1,2,2,peak,car,23,Westmeath
237098,71.092,71.092,81.64399999999999,71.092,TUS Athlone,TUS,140.99913333333333,0,0,0,1,2,peak,car,9,Westmeath
237099,65.756,65.756,65.756,70.64399999999999,Maynooth University,MU,130.4160666666667,0,0,0,2,2,peak,car,25,Westmeath
237100,35.507999999999996,35.507999999999996,77.15599999999999,35.507999999999996,TUS Athlone,TUS,70.42419999999998,0,1,1,1,2,peak,car,10,Westmeath
237101,9.542,9.542,82.64999999999999,9.542,TUS Athlone,TUS,18.924966666666663,1,1,1,1,2,peak,car,32,Westmeath
237102,58.623999999999995,58.623999999999995,59.358,58.623999999999995,TUS Athlone,TUS,116.27093333333332,0,0,2,2,2,peak,car,22,Westmeath
237103,34.258,34.258,84.632,34.258,TUS Athlone,TUS,67.94503333333333,0,1,1,1,2,peak,car,12,Westmeath
237104,32.012,32.012,88.426,32.012,TUS Athlone,TUS,63.49046666666666,0,1,1,1,2,peak,car,6,Westmeath
237105,57.736,57.736,57.736,62.62399999999999,Maynooth University,MU,114.50973333333334,0,0,1,2,2,peak,car,11,Westmeath
237106,54.114,54.114,54.114,56.308,Maynooth University,MU,107.3261,0,0,2,2,3,peak,car,211,Westmeath
257001,41.882,41.882,99.248,41.882,SETU Carlow,SETU,83.06596666666667,0,1,1,1,1,peak,car,13,Wicklow
257002,47.4675,55.6525,66.752,106.87,IADT Dun Laoghaire,IADT,93.35275,0,0,2,9,11,peak,car,11,Wicklow
257003,88.23750000000001,90.762,99.36799999999998,90.762,IADT Dun Laoghaire,IADT,173.53375,0,0,0,0,1,peak,car,63,Wicklow
257004,76.675,84.86000000000001,90.118,88.734,IADT Dun Laoghaire,IADT,150.79416666666668,0,0,0,0,4,peak,car,475,Wicklow
257005,70.05799999999999,70.05799999999999,99.55799999999998,70.05799999999999,SETU Carlow,SETU,138.94836666666666,0,0,0,1,2,peak,car,117,Wicklow
257006,82.055,83.948,94.422,83.948,IADT Dun Laoghaire,IADT,161.37483333333336,0,0,0,0,2,peak,car,30,Wicklow
257007,84.83799999999998,84.83799999999998,100.854,84.83799999999998,SETU Carlow,SETU,168.2620333333333,0,0,0,0,1,peak,car,21,Wicklow
257008,79.35249999999999,87.5375,92.26,97.162,IADT Dun Laoghaire,IADT,156.05991666666665,0,0,0,0,2,peak,car,27,Wicklow
257009,50.866,50.866,110.09799999999998,50.866,SETU Carlow,SETU,100.88423333333331,0,0,1,1,1,peak,car,14,Wicklow
257010,65.892,65.892,111.006,65.892,SETU Carlow,SETU,130.68579999999997,0,0,0,1,1,peak,car,5,Wicklow
257011,65.232,65.232,96.73,65.232,SETU Carlow,SETU,129.3768,0,0,0,1,1,peak,car,5,Wicklow
257012,76.2825,84.46749999999999,89.80399999999999,86.69399999999999,IADT Dun Laoghaire,IADT,150.02225,0,0,0,0,5,peak,car,46,Wicklow
257013,61.96399999999999,61.96399999999999,107.078,61.96399999999999,SETU Carlow,SETU,122.89526666666666,0,0,0,1,1,peak,car,7,Wicklow
257014,64.31,72.495,80.226,102.456,IADT Dun Laoghaire,IADT,126.47633333333334,0,0,0,2,8,peak,car,14,Wicklow
257015,35.263999999999996,35.263999999999996,68.09,35.263999999999996,SETU Carlow,SETU,69.94026666666666,0,1,1,2,3,peak,car,109,Wicklow
257016,34.847500000000004,34.847500000000004,49.044,65.354,TU Dublin Tallaght,TU Dublin,68.53341666666668,0,1,7,12,12,peak,car,216,Wicklow
257017,27.4825,35.6675,50.76399999999999,96.816,IADT Dun Laoghaire,IADT,54.04891666666666,1,3,10,11,11,peak,car,199,Wicklow
257018,64.65,72.835,80.49799999999999,78.446,IADT Dun Laoghaire,IADT,127.145,0,0,0,2,9,peak,car,27,Wicklow
257019,38.15,38.15,51.68600000000001,60.876000000000005,TU Dublin Tallaght,TU Dublin,75.02833333333334,0,1,5,12,12,peak,car,109,Wicklow
257020,41.465,49.650000000000006,61.95,102.55799999999998,IADT Dun Laoghaire,IADT,81.54783333333333,0,1,4,11,11,peak,car,10,Wicklow
257021,55.7,55.7,113.066,55.7,SETU Carlow,SETU,110.47166666666666,0,0,1,1,1,peak,car,88,Wicklow
257022,48.43,48.43,105.796,48.43,SETU Carlow,SETU,96.05283333333333,0,0,1,1,1,peak,car,11,Wicklow
257023,61.398,61.398,105.532,61.398,SETU Carlow,SETU,121.7727,0,0,0,1,1,peak,car,23,Wicklow
257024,57.144,57.144,109.704,57.144,SETU Carlow,SETU,113.3356,0,0,1,1,1,peak,car,19,Wicklow
257025,75.82,84.005,89.434,92.016,IADT Dun Laoghaire,IADT,149.11266666666666,0,0,0,0,4,peak,car,22,Wicklow
257026,49.558,49.558,106.924,49.558,SETU Carlow,SETU,98.29003333333333,0,0,1,1,1,peak,car,5,Wicklow
257027,34.737500000000004,42.9225,56.568,102.62,IADT Dun Laoghaire,IADT,68.31708333333333,0,2,8,11,11,peak,car,338,Wicklow
257028,49.791999999999994,49.791999999999994,72.758,49.791999999999994,SETU Carlow,SETU,98.75413333333331,0,0,1,3,5,peak,car,22,Wicklow
257029,59.876,59.876,69.50999999999999,59.876,SETU Carlow,SETU,118.75406666666666,0,0,1,3,7,peak,car,28,Wicklow
257030,63.65499999999999,71.84,79.702,108.77,IADT Dun Laoghaire,IADT,125.18816666666665,0,0,0,2,8,peak,car,28,Wicklow
257031,58.83250000000001,67.01749999999998,75.844,94.576,IADT Dun Laoghaire,IADT,115.70391666666669,0,0,1,3,10,peak,car,30,Wicklow
257032,62.379999999999995,70.565,78.68199999999999,96.394,IADT Dun Laoghaire,IADT,122.68066666666668,0,0,0,3,9,peak,car,18,Wicklow
257033,43.686,43.686,57.4,43.686,SETU Carlow,SETU,86.6439,0,1,2,3,11,peak,car,70,Wicklow
257034,52.42600000000001,52.42600000000001,81.014,52.42600000000001,SETU Carlow,SETU,103.97823333333336,0,0,1,1,3,peak,car,8,Wicklow
257035,68.41,76.59500000000001,83.506,102.04200000000002,IADT Dun Laoghaire,IADT,134.53966666666668,0,0,0,1,7,peak,car,16,Wicklow
257036,28.015,36.2,51.19,97.242,IADT Dun Laoghaire,IADT,55.09616666666666,1,3,10,11,11,peak,car,126,Wicklow
257037,55.1425,55.1425,63.61399999999999,94.762,TU Dublin Tallaght,TU Dublin,108.44691666666664,0,0,1,9,11,peak,car,17,Wicklow
257038,53.275,61.46000000000001,71.398,107.07399999999998,IADT Dun Laoghaire,IADT,104.77416666666666,0,0,1,7,11,peak,car,135,Wicklow
257039,37.35249999999999,45.5375,58.66,104.712,IADT Dun Laoghaire,IADT,73.45991666666666,0,1,8,11,11,peak,car,333,Wicklow
257040,33.605999999999995,33.605999999999995,61.53399999999999,33.605999999999995,SETU Carlow,SETU,66.65189999999998,0,1,1,2,6,peak,car,17,Wicklow
257041,52.977500000000006,52.977500000000006,58.85399999999999,56.006,TU Dublin Tallaght,TU Dublin,104.18908333333334,0,0,3,6,12,peak,car,40,Wicklow
257042,51.056,51.056,82.554,51.056,SETU Carlow,SETU,101.26106666666666,0,0,1,1,2,peak,car,8,Wicklow
257043,67.088,67.088,84.06200000000001,67.088,SETU Carlow,SETU,133.05786666666663,0,0,0,1,3,peak,car,7,Wicklow
257044,55.85999999999999,55.85999999999999,76.386,55.85999999999999,SETU Carlow,SETU,110.789,0,0,1,2,5,peak,car,3,Wicklow
257045,69.872,69.872,104.062,69.872,SETU Carlow,SETU,138.57946666666666,0,0,0,1,1,peak,car,14,Wicklow
257046,25.4425,25.4425,41.52,68.978,TU Dublin Tallaght,TU Dublin,50.03691666666666,1,4,11,12,12,peak,car,22,Wicklow
257047,75.77250000000001,83.95750000000001,89.396,92.796,IADT Dun Laoghaire,IADT,149.01925,0,0,0,0,4,peak,car,30,Wicklow
257048,35.277499999999996,43.462500000000006,57.0,103.052,IADT Dun Laoghaire,IADT,69.37908333333333,0,2,8,11,11,peak,car,511,Wicklow
257049,37.462,37.462,94.828,37.462,SETU Carlow,SETU,74.29963333333333,0,1,1,1,1,peak,car,15,Wicklow
257050,51.5125,59.6975,69.988,107.512,IADT Dun Laoghaire,IADT,101.30791666666669,0,0,2,8,11,peak,car,60,Wicklow
257051,25.65,33.835,49.298,95.35,IADT Dun Laoghaire,IADT,50.44500000000001,1,4,11,11,11,peak,car,664,Wicklow
257052,67.758,67.758,110.438,67.758,SETU Carlow,SETU,134.3867,0,0,0,1,1,peak,car,19,Wicklow
257053,82.7575,85.792,94.984,85.792,IADT Dun Laoghaire,IADT,162.75641666666667,0,0,0,0,2,peak,car,13,Wicklow
257054,52.3125,52.3125,63.016,70.78399999999999,TU Dublin Tallaght,TU Dublin,102.88125,0,0,1,7,12,peak,car,28,Wicklow
257055,72.574,72.574,75.422,72.574,SETU Carlow,SETU,143.9384333333333,0,0,0,2,5,peak,car,11,Wicklow
257056,51.913999999999994,51.913999999999994,109.28,51.913999999999994,SETU Carlow,SETU,102.96276666666664,0,0,1,1,1,peak,car,6,Wicklow
257057,62.3675,70.5525,78.672,99.012,IADT Dun Laoghaire,IADT,122.65608333333331,0,0,0,3,9,peak,car,15,Wicklow
257058,40.82749999999999,49.0125,61.44,107.492,IADT Dun Laoghaire,IADT,80.29408333333332,0,1,4,11,11,peak,car,87,Wicklow
257059,34.2425,42.4275,56.17199999999999,102.224,IADT Dun Laoghaire,IADT,67.34358333333333,0,2,8,11,11,peak,car,180,Wicklow
257060,54.27499999999999,62.46,72.198,91.336,IADT Dun Laoghaire,IADT,106.74083333333331,0,0,1,6,11,peak,car,20,Wicklow
257061,81.14,86.552,93.69,86.552,IADT Dun Laoghaire,IADT,159.57533333333333,0,0,0,0,3,peak,car,26,Wicklow
257062,36.7825,42.54,53.532,99.584,IADT Dun Laoghaire,IADT,72.33891666666666,0,3,9,11,11,peak,car,17,Wicklow
257063,31.97199999999999,31.97199999999999,89.33799999999998,31.97199999999999,SETU Carlow,SETU,63.411133333333325,0,1,1,1,2,peak,car,8,Wicklow
257064,54.768,54.768,91.784,54.768,SETU Carlow,SETU,108.6232,0,0,1,1,1,peak,car,20,Wicklow
257065,68.32999999999998,76.515,83.44200000000001,87.15200000000002,IADT Dun Laoghaire,IADT,134.3823333333333,0,0,0,1,8,peak,car,131,Wicklow
257066,50.652,50.652,68.942,50.652,SETU Carlow,SETU,100.4598,0,0,1,2,3,peak,car,19,Wicklow
257067,45.95199999999999,45.95199999999999,103.318,45.95199999999999,SETU Carlow,SETU,91.13813333333331,0,0,1,1,1,peak,car,33,Wicklow
257068,45.252,45.252,71.00399999999999,45.252,SETU Carlow,SETU,89.7498,0,0,1,3,6,peak,car,4,Wicklow
257069,40.574,40.574,74.506,40.574,SETU Carlow,SETU,80.47176666666667,0,1,1,2,3,peak,car,18,Wicklow
257070,41.826,41.826,69.75399999999999,41.826,SETU Carlow,SETU,82.95490000000001,0,1,1,2,3,peak,car,14,Wicklow
257071,53.31999999999999,53.31999999999999,98.444,53.31999999999999,SETU Carlow,SETU,105.75133333333332,0,0,1,1,1,peak,car,86,Wicklow
257072,55.406,55.406,61.902,55.406,SETU Carlow,SETU,109.88856666666666,0,0,2,5,12,peak,car,25,Wicklow
257073,52.98,52.98,63.55,66.648,TU Dublin Tallaght,TU Dublin,104.194,0,0,1,6,12,peak,car,23,Wicklow
257074,46.54750000000001,54.7325,66.016,96.066,IADT Dun Laoghaire,IADT,91.54341666666669,0,0,3,9,11,peak,car,77,Wicklow
257075,77.745,85.92999999999999,90.974,96.29399999999998,IADT Dun Laoghaire,IADT,152.8985,0,0,0,0,3,peak,car,18,Wicklow
257076,42.232,42.232,73.906,42.232,SETU Carlow,SETU,83.76013333333333,0,1,1,3,5,peak,car,19,Wicklow
257077,52.675,60.86000000000001,70.918,108.41,IADT Dun Laoghaire,IADT,103.59416666666668,0,0,1,7,11,peak,car,498,Wicklow
257078,54.9175,63.102500000000006,72.712,109.64,IADT Dun Laoghaire,IADT,108.00441666666666,0,0,1,6,11,peak,car,288,Wicklow
257079,72.60249999999999,80.7875,86.86,91.414,IADT Dun Laoghaire,IADT,142.78491666666665,0,0,0,1,4,peak,car,121,Wicklow
257080,20.1575,28.3425,44.90399999999999,90.956,IADT Dun Laoghaire,IADT,39.64308333333333,2,8,11,11,11,peak,car,51,Wicklow
257081,24.472500000000004,32.6575,48.356,94.408,IADT Dun Laoghaire,IADT,48.129250000000006,1,5,11,11,11,peak,car,234,Wicklow
257082,22.944999999999997,31.130000000000003,47.13399999999999,93.186,IADT Dun Laoghaire,IADT,45.12516666666666,1,6,11,11,11,peak,car,107,Wicklow
267001,16.4225,16.4225,39.81999999999999,71.472,DCU Glasnevin,DCU,32.29758333333333,6,10,11,12,12,peak,car,103,Fingal
267002,34.955,34.955,53.242,52.28600000000001,DCU Glasnevin,DCU,68.74483333333333,0,3,10,12,12,peak,car,1077,Fingal
267003,35.052499999999995,35.052499999999995,53.31999999999999,52.364,DCU Glasnevin,DCU,68.93658333333332,0,3,10,12,12,peak,car,349,Fingal
267004,22.525,23.3825,43.656,76.38,Marino Institute of Education,Marino,44.299166666666665,2,9,11,11,12,peak,car,285,Fingal
267005,16.630000000000003,17.482499999999998,38.936,71.66,Marino Institute of Education,Marino,32.70566666666667,6,10,11,12,12,peak,car,210,Fingal
267006,13.55,13.55,35.26,73.666,TU Dublin Tallaght,TU Dublin,26.648333333333333,1,10,11,12,12,peak,car,41,South Dublin
267007,18.7475,18.7475,38.49,84.542,UCD Belfield,UCD,36.870083333333326,6,11,11,11,12,peak,car,199,Dún Laoghaire-Rathdown
267008,19.692500000000003,19.692500000000003,38.972,85.02399999999999,UCD Belfield,UCD,38.72858333333333,5,11,11,11,12,peak,car,65,Dún Laoghaire-Rathdown
267009,17.3775,17.3775,37.394,83.44600000000001,UCD Belfield,UCD,34.17575,6,11,11,11,12,peak,car,78,Dún Laoghaire-Rathdown
267010,22.007499999999997,22.007499999999997,37.37199999999999,83.42399999999999,UCD Belfield,UCD,43.28141666666666,6,11,11,11,12,peak,car,68,Dún Laoghaire-Rathdown
267011,17.5525,17.5525,39.054,85.106,UCD Belfield,UCD,34.51991666666666,6,11,11,11,12,peak,car,50,Dún Laoghaire-Rathdown
267012,19.67,19.67,39.264,85.31599999999999,UCD Belfield,UCD,38.684333333333335,7,11,11,11,12,peak,car,67,Dún Laoghaire-Rathdown
267013,17.1875,17.1875,32.478,78.52999999999999,TU Dublin Tallaght,TU Dublin,33.80208333333333,8,11,11,11,13,peak,car,184,South Dublin
267014,30.78,30.78,48.44,64.21199999999999,DCU Glasnevin,DCU,60.534,0,6,10,12,12,peak,car,75,Fingal
267015,12.34,23.91,46.698,92.75,IADT Dun Laoghaire,IADT,24.268666666666668,2,9,11,11,11,peak,car,112,Dún Laoghaire-Rathdown
267016,38.0625,38.0625,55.728,46.284,DCU Glasnevin,DCU,74.85624999999999,0,2,9,12,12,peak,car,26,Fingal
267017,9.7425,16.709999999999997,46.843999999999994,92.004,IADT Dun Laoghaire,IADT,19.16025,4,9,11,11,11,peak,car,95,Dún Laoghaire-Rathdown
267018,9.5675,15.555,45.919999999999995,91.08,IADT Dun Laoghaire,IADT,18.81608333333333,4,10,11,11,11,peak,car,46,Dún Laoghaire-Rathdown
267019,9.11,9.11,46.558,90.31,UCD Belfield,UCD,17.916333333333334,7,10,11,11,11,peak,car,108,Dún Laoghaire-Rathdown
267020,11.755,14.919999999999998,44.098,90.15,IADT Dun Laoghaire,IADT,23.118166666666667,5,11,11,11,11,peak,car,178,Dún Laoghaire-Rathdown
267021,11.2675,11.2675,46.108,89.666,UCD Belfield,UCD,22.159416666666665,5,10,11,11,12,peak,car,108,Dún Laoghaire-Rathdown
267022,7.1575,7.1575,45.517999999999994,87.98200000000001,UCD Belfield,UCD,14.076416666666669,7,10,11,11,12,peak,car,70,Dún Laoghaire-Rathdown
267023,9.1925,14.055,42.773999999999994,88.82600000000001,IADT Dun Laoghaire,IADT,18.07858333333333,5,11,11,11,12,peak,car,77,Dún Laoghaire-Rathdown
267024,5.572500000000001,15.0625,44.24,90.292,IADT Dun Laoghaire,IADT,10.95925,5,11,11,11,11,peak,car,87,Dún Laoghaire-Rathdown
267025,10.15,13.265,45.788,89.24799999999998,IADT Dun Laoghaire,IADT,19.961666666666662,5,10,11,11,12,peak,car,72,Dún Laoghaire-Rathdown
267026,9.655,9.655,45.797999999999995,87.572,UCD Belfield,UCD,18.988166666666665,7,10,11,11,12,peak,car,98,Dún Laoghaire-Rathdown
267027,8.447499999999998,8.447499999999998,28.41,77.84199999999998,TU Dublin Blanchardstown,TU Dublin,16.613416666666666,6,10,11,11,13,peak,car,217,Fingal
267028,11.2125,11.2125,24.588,82.64999999999999,TU Dublin Blanchardstown,TU Dublin,22.051249999999996,4,9,11,11,13,peak,car,2095,Fingal
267029,2.595,2.595,24.882,77.55399999999999,TU Dublin Blanchardstown,TU Dublin,5.1034999999999995,6,10,11,11,13,peak,car,475,Fingal
267030,7.96,7.96,27.596,79.348,TU Dublin Blanchardstown,TU Dublin,15.654666666666667,5,9,11,11,13,peak,car,150,Fingal
267031,6.75,6.75,27.734,78.202,TU Dublin Blanchardstown,TU Dublin,13.275,5,10,11,11,13,peak,car,165,Fingal
267032,7.0825,7.0825,26.894,78.646,TU Dublin Blanchardstown,TU Dublin,13.928916666666666,5,9,11,11,13,peak,car,225,Fingal
267033,6.692500000000001,6.692500000000001,26.418,75.102,TU Dublin Blanchardstown,TU Dublin,13.161916666666666,8,11,11,11,13,peak,car,29,Fingal
267034,7.949999999999999,7.949999999999999,26.431999999999995,78.866,TU Dublin Blanchardstown,TU Dublin,15.634999999999998,5,9,11,11,13,peak,car,273,Fingal
267035,14.412499999999998,14.412499999999998,35.651999999999994,79.368,TU Dublin Tallaght,TU Dublin,28.34458333333333,1,10,11,11,12,peak,car,273,South Dublin
267036,10.145,20.9675,46.644,92.696,IADT Dun Laoghaire,IADT,19.951833333333333,2,9,11,11,11,peak,car,108,Dún Laoghaire-Rathdown
267037,12.587500000000002,23.845,45.13,91.182,IADT Dun Laoghaire,IADT,24.75541666666667,2,9,11,11,11,peak,car,116,Dún Laoghaire-Rathdown
267038,17.244999999999997,25.43,44.126,90.17799999999998,IADT Dun Laoghaire,IADT,33.915166666666664,2,9,11,11,11,peak,car,186,Dún Laoghaire-Rathdown
267039,6.7575,19.915,46.67399999999999,92.726,IADT Dun Laoghaire,IADT,13.28975,2,10,11,11,11,peak,car,183,Dún Laoghaire-Rathdown
267040,9.927500000000002,9.927500000000002,28.894,80.74399999999999,TU Dublin Blanchardstown,TU Dublin,19.524083333333337,5,10,11,11,13,peak,car,751,Fingal
267041,11.329999999999998,11.329999999999998,26.09,76.97,TU Dublin Blanchardstown,TU Dublin,22.28233333333333,9,11,11,11,13,peak,car,165,Fingal
267042,17.59,17.59,38.158,84.21,UCD Belfield,UCD,34.593666666666664,7,11,11,11,12,peak,car,50,Dún Laoghaire-Rathdown
267043,17.515,17.515,38.111999999999995,84.164,UCD Belfield,UCD,34.44616666666667,7,11,11,11,12,peak,car,61,Dún Laoghaire-Rathdown
267044,17.3975,17.3975,37.616,83.66799999999999,UCD Belfield,UCD,34.21508333333333,7,11,11,11,12,peak,car,98,Dún Laoghaire-Rathdown
267045,17.822499999999998,17.91,38.24,84.292,NCAD (Thomas St),NCAD,35.050916666666666,7,11,11,11,12,peak,car,61,Dún Laoghaire-Rathdown
267046,15.225,15.225,40.374,86.426,UCD Belfield,UCD,29.942500000000003,7,11,11,11,12,peak,car,39,Dún Laoghaire-Rathdown
267047,12.880000000000004,12.880000000000004,28.368,72.49199999999999,TU Dublin Tallaght,TU Dublin,25.330666666666673,5,11,11,12,13,peak,car,82,South Dublin
267048,22.53,22.53,22.64,73.684,TU Dublin Blanchardstown,TU Dublin,44.309,4,10,11,12,13,peak,car,145,South Dublin
267049,19.505000000000003,19.505000000000003,26.766,72.982,TU Dublin Tallaght,TU Dublin,38.359833333333334,4,11,11,12,13,peak,car,565,South Dublin
267050,17.942500000000003,17.942500000000003,26.56,72.158,TU Dublin Tallaght,TU Dublin,35.28691666666667,6,11,11,12,13,peak,car,373,South Dublin
267051,18.450000000000003,18.450000000000003,22.33,75.58399999999999,TU Dublin Blanchardstown,TU Dublin,36.285,6,11,11,11,13,peak,car,314,South Dublin
267052,19.130000000000003,19.130000000000003,22.874,76.57600000000001,TU Dublin Blanchardstown,TU Dublin,37.62233333333334,6,11,11,11,13,peak,car,161,South Dublin
267053,15.98,15.98,26.744000000000003,70.882,TU Dublin Tallaght,TU Dublin,31.427333333333337,5,11,11,12,13,peak,car,342,South Dublin
267054,32.28999999999999,32.28999999999999,45.51399999999999,64.256,DCU Glasnevin,DCU,63.50366666666665,0,5,10,12,12,peak,car,25,Fingal
267055,13.239999999999998,13.239999999999998,43.808,89.494,UCD Belfield,UCD,26.038666666666664,7,11,11,11,12,peak,car,101,Dún Laoghaire-Rathdown
267056,5.4625,5.4625,45.096,89.44399999999999,UCD Belfield,UCD,10.742916666666666,7,10,11,11,12,peak,car,51,Dún Laoghaire-Rathdown
267057,14.1725,14.1725,41.681999999999995,87.734,UCD Belfield,UCD,27.87258333333333,8,11,11,11,13,peak,car,52,Dún Laoghaire-Rathdown
267058,9.8125,9.8125,44.214,90.266,UCD Belfield,UCD,19.297916666666666,7,11,11,11,11,peak,car,114,Dún Laoghaire-Rathdown
267059,13.185,13.185,42.553999999999995,88.60600000000001,UCD Belfield,UCD,25.930499999999995,8,11,11,11,13,peak,car,72,Dún Laoghaire-Rathdown
267060,12.7125,27.995,51.23800000000001,97.29,IADT Dun Laoghaire,IADT,25.00125,2,6,11,11,11,peak,car,49,Dún Laoghaire-Rathdown
267061,10.420000000000002,25.702499999999997,50.576,96.628,IADT Dun Laoghaire,IADT,20.49266666666667,2,8,11,11,11,peak,car,88,Dún Laoghaire-Rathdown
267062,9.4875,23.977500000000003,47.24399999999999,93.296,IADT Dun Laoghaire,IADT,18.65875,2,8,11,11,11,peak,car,56,Dún Laoghaire-Rathdown
267063,11.335,26.422500000000003,51.844,97.896,IADT Dun Laoghaire,IADT,22.292166666666667,2,8,11,11,11,peak,car,60,Dún Laoghaire-Rathdown
267064,12.41,27.6925,52.454,98.506,IADT Dun Laoghaire,IADT,24.406333333333333,2,6,11,11,11,peak,car,39,Dún Laoghaire-Rathdown
267065,25.905,25.905,46.002,66.294,DCU Glasnevin,DCU,50.9465,1,6,11,12,12,peak,car,552,Fingal
267066,14.7,14.7,31.322,73.38399999999999,DCU Glasnevin,DCU,28.910000000000004,6,10,11,12,13,peak,car,349,Fingal
267067,9.1175,22.6975,50.696000000000005,96.74799999999998,IADT Dun Laoghaire,IADT,17.931083333333333,2,8,11,11,11,peak,car,68,Dún Laoghaire-Rathdown
267068,8.415000000000001,23.5025,50.13399999999999,96.186,IADT Dun Laoghaire,IADT,16.549500000000002,2,8,11,11,11,peak,car,109,Dún Laoghaire-Rathdown
267069,5.04,20.3225,47.43399999999999,93.486,IADT Dun Laoghaire,IADT,9.912,2,9,11,11,11,peak,car,150,Dún Laoghaire-Rathdown
267070,4.5675,16.869999999999997,45.382,91.43399999999998,IADT Dun Laoghaire,IADT,8.98275,4,10,11,11,11,peak,car,64,Dún Laoghaire-Rathdown
267071,4.7,18.5725,47.16199999999999,93.21399999999998,IADT Dun Laoghaire,IADT,9.243333333333332,3,9,11,11,11,peak,car,80,Dún Laoghaire-Rathdown
267072,5.8825,21.165000000000003,47.431999999999995,93.484,IADT Dun Laoghaire,IADT,11.568916666666668,2,8,11,11,11,peak,car,120,Dún Laoghaire-Rathdown
267073,8.3,21.48,47.053999999999995,93.106,IADT Dun Laoghaire,IADT,16.323333333333334,2,8,11,11,11,peak,car,38,Dún Laoghaire-Rathdown
267074,4.3225,20.065,46.85999999999999,92.912,IADT Dun Laoghaire,IADT,8.500916666666667,2,9,11,11,11,peak,car,137,Dún Laoghaire-Rathdown
267075,7.154999999999999,18.8125,48.526,93.686,IADT Dun Laoghaire,IADT,14.0715,4,9,11,11,11,peak,car,56,Dún Laoghaire-Rathdown
267076,9.9825,25.069999999999997,50.861999999999995,96.914,IADT Dun Laoghaire,IADT,19.63225,2,8,11,11,11,peak,car,151,Dún Laoghaire-Rathdown
267077,7.3325,20.92,49.267999999999994,95.32,IADT Dun Laoghaire,IADT,14.420583333333331,2,9,11,11,11,peak,car,63,Dún Laoghaire-Rathdown
267078,17.372500000000002,17.372500000000002,39.13399999999999,85.18599999999999,UCD Belfield,UCD,34.16591666666667,6,11,11,11,12,peak,car,200,Dún Laoghaire-Rathdown
267079,13.614999999999998,13.614999999999998,39.506,85.55799999999999,UCD Belfield,UCD,26.776166666666665,6,11,11,11,12,peak,car,120,Dún Laoghaire-Rathdown
267080,18.53,18.53,40.816,86.868,UCD Belfield,UCD,36.44233333333334,5,11,11,11,12,peak,car,256,Dún Laoghaire-Rathdown
267081,16.5825,16.5825,40.49,86.542,UCD Belfield,UCD,32.61225,7,11,11,11,12,peak,car,78,Dún Laoghaire-Rathdown
267082,13.875,13.875,42.64399999999999,88.69600000000001,UCD Belfield,UCD,27.2875,7,11,11,11,12,peak,car,112,Dún Laoghaire-Rathdown
267083,22.9575,22.9575,37.05,83.10200000000002,TU Dublin Tallaght,TU Dublin,45.14975,5,11,11,11,12,peak,car,204,South Dublin
267084,12.925,12.925,31.145999999999997,77.198,TU Dublin Tallaght,TU Dublin,25.41916666666667,5,11,11,11,13,peak,car,573,South Dublin
267085,22.635,24.07,39.58,85.63199999999999,IADT Dun Laoghaire,IADT,44.5155,3,10,11,11,12,peak,car,365,South Dublin
267086,16.835,16.835,32.152,78.204,TU Dublin Tallaght,TU Dublin,33.10883333333334,6,11,11,11,13,peak,car,103,South Dublin
267087,7.6675,16.732499999999998,43.256,89.30799999999999,IADT Dun Laoghaire,IADT,15.079416666666663,4,11,11,11,12,peak,car,92,Dún Laoghaire-Rathdown
267088,10.8775,17.8675,42.13,88.182,IADT Dun Laoghaire,IADT,21.39241666666667,4,11,11,11,12,peak,car,264,Dún Laoghaire-Rathdown
267089,7.5,16.519999999999996,43.086,89.13799999999999,IADT Dun Laoghaire,IADT,14.75,4,11,11,11,12,peak,car,103,Dún Laoghaire-Rathdown
267090,12.654999999999998,17.9575,40.612,86.664,IADT Dun Laoghaire,IADT,24.888166666666663,4,11,11,11,12,peak,car,51,Dún Laoghaire-Rathdown
267091,37.07749999999999,37.07749999999999,48.67199999999999,62.52,TU Dublin Blanchardstown,TU Dublin,72.91908333333332,0,3,9,12,12,peak,car,103,Fingal
267092,18.25,19.855000000000004,39.273999999999994,85.32600000000001,IADT Dun Laoghaire,IADT,35.891666666666666,4,11,11,11,12,peak,car,960,Dún Laoghaire-Rathdown
267093,39.4025,39.4025,56.606,55.33,DCU Glasnevin,DCU,77.49158333333332,0,2,9,12,12,peak,car,68,Fingal
267094,37.53999999999999,37.53999999999999,55.31,62.214,DCU Glasnevin,DCU,73.82866666666666,0,2,8,12,12,peak,car,120,Fingal
267095,34.61,37.48,55.983999999999995,88.708,Marino Institute of Education,Marino,68.06633333333333,0,4,9,11,12,peak,car,317,Fingal
267096,14.597499999999998,29.880000000000003,50.17600000000001,96.228,IADT Dun Laoghaire,IADT,28.708416666666665,2,6,11,11,11,peak,car,144,Dún Laoghaire-Rathdown
267097,14.380000000000004,25.835000000000004,45.76,91.812,IADT Dun Laoghaire,IADT,28.28066666666667,2,7,11,11,11,peak,car,251,Dún Laoghaire-Rathdown
267098,28.1875,28.1875,42.232,74.27399999999999,DCU Glasnevin,DCU,55.43541666666667,1,7,11,12,12,peak,car,98,Fingal
267099,19.65,19.65,40.998,67.86,DCU Glasnevin,DCU,38.645,4,9,11,12,12,peak,car,375,Fingal
267100,19.523999999999997,19.523999999999997,19.523999999999997,75.006,Maynooth University,MU,38.7226,5,10,11,11,13,peak,car,1890,South Dublin
267101,19.542,19.542,19.542,83.56,Maynooth University,MU,38.7583,3,9,11,11,13,peak,car,186,South Dublin
267102,20.158,20.158,20.158,83.62,Maynooth University,MU,39.98003333333333,3,9,11,11,13,peak,car,117,Fingal
267103,15.444,15.444,15.444,78.00399999999999,Maynooth University,MU,30.6306,3,10,11,11,14,peak,car,581,South Dublin
267104,28.200000000000003,28.200000000000003,47.838,59.504,DCU Glasnevin,DCU,55.46000000000001,1,6,12,12,12,peak,car,563,Fingal
267105,32.1625,32.1625,50.68,74.524,DCU Glasnevin,DCU,63.252916666666664,0,6,10,12,12,peak,car,316,Fingal
267106,23.9675,23.9675,44.45199999999999,67.638,DCU Glasnevin,DCU,47.13608333333333,2,8,11,12,12,peak,car,185,Fingal
267107,23.09,23.09,23.09,67.08999999999999,Maynooth University,MU,45.79516666666667,2,7,11,12,12,peak,car,155,South Dublin
267108,15.057499999999996,15.9025,22.540000000000003,77.30999999999999,NCAD (Thomas St),NCAD,29.61308333333333,8,11,11,11,13,peak,car,103,South Dublin
267109,18.5525,18.5525,22.412,79.824,TU Dublin Blanchardstown,TU Dublin,36.486583333333336,6,11,11,11,13,peak,car,383,South Dublin
267110,28.9775,29.292499999999997,48.384,77.426,Marino Institute of Education,Marino,56.989083333333326,2,6,10,11,12,peak,car,121,Fingal
267111,24.51,25.362500000000004,45.24,77.264,Marino Institute of Education,Marino,48.203,2,7,11,11,12,peak,car,96,Fingal
267112,23.6075,23.6075,31.44,62.87,TU Dublin Tallaght,TU Dublin,46.42808333333333,3,9,11,12,12,peak,car,197,South Dublin
267113,15.84,15.84,31.851999999999997,77.904,TU Dublin Tallaght,TU Dublin,31.152,7,11,11,11,13,peak,car,92,South Dublin
267114,17.775,18.51,33.988,80.04,NCAD (Thomas St),NCAD,34.957499999999996,7,11,11,11,12,peak,car,118,South Dublin
267115,19.5075,22.557499999999997,37.256,83.30799999999999,NCAD (Thomas St),NCAD,38.36475,7,11,11,11,12,peak,car,164,South Dublin
267116,19.9175,22.055000000000003,36.328,82.38000000000001,NCAD (Thomas St),NCAD,39.171083333333335,6,11,11,11,12,peak,car,114,South Dublin
267117,14.75,20.43,35.524,81.57600000000001,NCAD (Thomas St),NCAD,29.008333333333333,8,11,11,11,13,peak,car,91,South Dublin
267118,36.5625,36.5625,54.528000000000006,68.77,DCU Glasnevin,DCU,71.90625,0,2,9,12,12,peak,car,545,Fingal
267119,17.6225,17.6225,31.108,64.67999999999999,TU Dublin Tallaght,TU Dublin,34.657583333333335,3,10,11,12,12,peak,car,189,South Dublin
267120,19.15,27.335000000000004,47.214,93.266,IADT Dun Laoghaire,IADT,37.66166666666667,2,6,11,11,11,peak,car,242,Dún Laoghaire-Rathdown
267121,18.555,28.8425,49.162,95.214,IADT Dun Laoghaire,IADT,36.4915,2,6,11,11,11,peak,car,129,Dún Laoghaire-Rathdown
267122,29.9475,38.1325,52.736,98.78799999999998,IADT Dun Laoghaire,IADT,58.89675,1,3,10,11,11,peak,car,187,Dún Laoghaire-Rathdown
267123,41.1975,41.1975,58.236,64.154,DCU Glasnevin,DCU,81.02175,0,1,7,12,12,peak,car,379,Fingal
267124,12.197499999999998,12.197499999999998,43.10399999999999,89.15599999999999,UCD Belfield,UCD,23.988416666666662,5,11,11,11,12,peak,car,124,Dún Laoghaire-Rathdown
267125,14.1675,14.1675,41.04600000000001,87.098,UCD Belfield,UCD,27.86275,6,11,11,11,12,peak,car,115,Dún Laoghaire-Rathdown
267126,13.015,13.465,40.074000000000005,86.126,IADT Dun Laoghaire,IADT,25.59616666666667,6,11,11,11,12,peak,car,75,Dún Laoghaire-Rathdown
267127,13.6525,13.757499999999997,41.806,87.85799999999999,IADT Dun Laoghaire,IADT,26.849916666666665,6,11,11,11,12,peak,car,118,Dún Laoghaire-Rathdown
267128,9.25,9.25,43.51,89.562,UCD Belfield,UCD,18.191666666666663,7,11,11,11,13,peak,car,111,Dún Laoghaire-Rathdown
267129,10.705,10.705,42.17399999999999,88.22600000000001,UCD Belfield,UCD,21.053166666666662,7,11,11,11,12,peak,car,72,Dún Laoghaire-Rathdown
267130,19.744999999999997,22.615,46.294,79.01799999999999,Marino Institute of Education,Marino,38.83183333333333,4,8,11,11,12,peak,car,203,Fingal
267131,22.79,22.79,43.276,66.27199999999999,DCU Glasnevin,DCU,44.82033333333333,2,8,11,12,12,peak,car,330,Fingal
267132,18.725,18.725,40.258,66.086,DCU Glasnevin,DCU,36.82583333333333,4,10,11,12,12,peak,car,590,Fingal
267133,26.475,26.475,46.16,65.434,DCU Glasnevin,DCU,52.067499999999995,1,6,11,12,12,peak,car,519,Fingal
267134,19.569999999999997,19.569999999999997,40.934,64.71,DCU Glasnevin,DCU,38.48766666666666,4,9,11,12,12,peak,car,272,Fingal
267135,21.1875,21.1875,42.228,64.57600000000001,DCU Glasnevin,DCU,41.66875,2,9,11,12,12,peak,car,53,Fingal
267136,10.94,10.94,29.953999999999997,76.006,TU Dublin Tallaght,TU Dublin,21.515333333333334,6,11,11,11,13,peak,car,61,South Dublin
267137,10.745,10.745,28.674,70.536,TU Dublin Tallaght,TU Dublin,21.131833333333333,5,11,11,12,13,peak,car,44,South Dublin
267138,14.465000000000002,14.465000000000002,32.548,69.266,TU Dublin Tallaght,TU Dublin,28.447833333333335,3,10,11,12,12,peak,car,561,South Dublin
267139,9.06,9.06,29.81199999999999,75.086,TU Dublin Tallaght,TU Dublin,17.817999999999998,6,11,11,11,13,peak,car,55,South Dublin
267140,16.9225,16.9225,33.494,69.948,TU Dublin Tallaght,TU Dublin,33.28091666666667,1,10,11,12,12,peak,car,1001,South Dublin
267141,12.505,12.505,34.424,72.83,TU Dublin Tallaght,TU Dublin,24.593166666666665,1,10,11,12,12,peak,car,188,South Dublin
267142,12.885,12.885,31.41,74.566,TU Dublin Tallaght,TU Dublin,25.3405,3,11,11,12,13,peak,car,131,South Dublin
267143,9.86,9.86,33.138,74.188,TU Dublin Tallaght,TU Dublin,19.391333333333332,3,11,11,12,13,peak,car,492,South Dublin
267144,9.1225,9.1225,28.4,71.556,TU Dublin Tallaght,TU Dublin,17.940916666666666,5,11,11,12,13,peak,car,126,South Dublin
267145,10.2225,10.2225,31.378,76.016,TU Dublin Tallaght,TU Dublin,20.10425,4,11,11,11,13,peak,car,104,South Dublin
267146,10.4475,10.4475,33.001999999999995,76.196,TU Dublin Tallaght,TU Dublin,20.54675,3,11,11,11,13,peak,car,132,South Dublin
267147,10.375,10.375,32.0,73.236,TU Dublin Tallaght,TU Dublin,20.40416666666667,3,11,11,12,13,peak,car,327,South Dublin
267148,14.6325,14.6325,31.455999999999996,76.53999999999999,TU Dublin Tallaght,TU Dublin,28.777249999999995,5,11,11,11,13,peak,car,168,South Dublin
267149,14.88,14.88,31.083999999999996,77.136,TU Dublin Tallaght,TU Dublin,29.264,8,11,11,11,13,peak,car,90,South Dublin
267150,15.325,17.3175,33.034,79.086,NCAD (Thomas St),NCAD,30.139166666666668,7,11,11,11,13,peak,car,167,South Dublin
267151,17.805,17.805,31.39,77.442,TU Dublin Tallaght,TU Dublin,35.0165,7,11,11,11,13,peak,car,130,South Dublin
267152,16.072499999999998,16.072499999999998,32.038,78.09,TU Dublin Tallaght,TU Dublin,31.609249999999996,7,11,11,11,13,peak,car,51,South Dublin
267153,14.9025,14.9025,31.101999999999997,77.154,TU Dublin Tallaght,TU Dublin,29.30825,8,11,11,11,13,peak,car,67,South Dublin
267154,16.0,16.0,31.979999999999997,78.032,TU Dublin Tallaght,TU Dublin,31.466666666666665,7,11,11,11,13,peak,car,70,South Dublin
267155,17.505,18.8475,30.898,76.39,NCAD (Thomas St),NCAD,34.4265,7,11,11,11,13,peak,car,57,South Dublin
267156,16.5425,19.237499999999997,32.879999999999995,78.372,NCAD (Thomas St),NCAD,32.53358333333333,7,11,11,11,13,peak,car,87,South Dublin
267157,18.6575,20.0,31.819999999999997,77.312,NCAD (Thomas St),NCAD,36.693083333333334,7,11,11,11,13,peak,car,72,South Dublin
267158,11.3725,11.3725,30.078,76.688,TU Dublin Blanchardstown,TU Dublin,22.365916666666664,3,9,11,11,13,peak,car,664,Fingal
267159,31.5225,31.5225,44.24399999999999,90.296,UCD Belfield,UCD,61.99425,0,9,11,11,11,peak,car,24,Dún Laoghaire-Rathdown
267160,10.5025,10.5025,35.629999999999995,68.25999999999999,DCU Glasnevin,DCU,20.65491666666667,7,10,11,12,12,peak,car,54,Fingal
268001,3.3774999999999995,3.3774999999999995,35.294000000000004,76.986,TU Dublin Grangegorman,TU Dublin,6.642416666666666,8,11,11,11,13,peak,car,34,Dublin City
268002,5.7524999999999995,5.7524999999999995,34.278,79.16,TU Dublin Grangegorman,TU Dublin,11.31325,8,11,11,11,13,peak,car,241,Dublin City
268003,2.5399999999999996,7.5425,31.514,79.30399999999999,NCAD (Thomas St),NCAD,4.995333333333333,8,11,11,11,13,peak,car,60,Dublin City
268004,6.0075,6.797499999999999,31.654,81.032,NCAD (Thomas St),NCAD,11.81475,8,11,11,11,13,peak,car,31,Dublin City
268005,6.12,6.12,33.828,80.49,TU Dublin Grangegorman,TU Dublin,12.036,8,11,11,11,13,peak,car,65,Dublin City
268006,12.7625,12.7625,30.01,80.89,TU Dublin Grangegorman,TU Dublin,25.09958333333333,7,10,11,11,13,peak,car,301,Dublin City
268007,8.9825,8.9825,28.706,79.586,TU Dublin Grangegorman,TU Dublin,17.66558333333333,8,11,11,11,13,peak,car,63,Dublin City
268008,15.17,17.71,40.35,73.074,Marino Institute of Education,Marino,29.834333333333333,6,10,11,12,12,peak,car,217,Dublin City
268009,7.579999999999999,8.495,38.884,75.1,Marino Institute of Education,Marino,14.90733333333333,8,11,11,11,12,peak,car,102,Dublin City
268010,6.842499999999999,6.842499999999999,37.562,75.422,TU Dublin Grangegorman,TU Dublin,13.456916666666665,8,11,11,11,13,peak,car,65,Dublin City
268011,5.5825,5.5825,34.879999999999995,73.14399999999999,DCU Glasnevin,DCU,10.978916666666668,7,11,11,12,13,peak,car,110,Dublin City
268012,12.282500000000002,12.282500000000002,32.04,75.568,DCU Glasnevin,DCU,24.155583333333336,7,10,11,11,13,peak,car,100,Dublin City
268013,8.0325,8.0325,32.984,75.104,DCU Glasnevin,DCU,15.797250000000002,7,10,11,11,13,peak,car,66,Dublin City
268014,8.959999999999999,8.959999999999999,33.604,75.152,DCU Glasnevin,DCU,17.621333333333332,7,11,11,11,13,peak,car,72,Dublin City
268015,9.615,9.615,30.698,71.008,DCU Glasnevin,DCU,18.9095,7,10,11,12,13,peak,car,212,Dublin City
268016,8.5475,8.5475,32.68,70.154,DCU Glasnevin,DCU,16.81008333333333,7,10,11,12,13,peak,car,152,Dublin City
268017,8.477500000000001,8.477500000000001,33.614,69.676,DCU Glasnevin,DCU,16.67241666666667,7,10,11,12,13,peak,car,197,Dublin City
268018,6.5424999999999995,6.5424999999999995,33.954,71.428,DCU Glasnevin,DCU,12.866916666666665,7,10,11,12,13,peak,car,49,Dublin City
268019,6.362499999999999,6.362499999999999,33.242,73.768,DCU Glasnevin,DCU,12.512916666666666,7,10,11,12,13,peak,car,53,Dublin City
268020,7.237500000000001,7.237500000000001,31.86,74.46799999999999,DCU Glasnevin,DCU,14.23375,7,10,11,12,13,peak,car,68,Dublin City
268021,6.484999999999999,6.484999999999999,37.529999999999994,70.60600000000001,DCU Glasnevin,DCU,12.753833333333333,7,11,11,12,12,peak,car,71,Dublin City
268022,9.0425,9.0425,39.692,72.32199999999999,DCU Glasnevin,DCU,17.783583333333333,7,11,11,12,12,peak,car,141,Dublin City
268023,9.63,10.855,39.34,71.97,Marino Institute of Education,Marino,18.939,7,11,11,12,12,peak,car,104,Dublin City
268024,9.9825,9.9825,40.91,73.766,DCU Glasnevin,DCU,19.63225,7,10,11,12,12,peak,car,55,Dublin City
268025,7.777500000000001,7.777500000000001,39.395999999999994,72.026,DCU Glasnevin,DCU,15.295750000000002,8,11,11,12,12,peak,car,58,Dublin City
268026,7.0225,7.0225,38.792,71.422,DCU Glasnevin,DCU,13.810916666666667,7,11,11,12,12,peak,car,117,Dublin City
268027,10.905,10.905,36.596,80.124,TU Dublin Grangegorman,TU Dublin,21.4465,7,11,11,11,12,peak,car,76,Dublin City
268028,8.027500000000002,8.027500000000002,37.134,73.732,TU Dublin Grangegorman,TU Dublin,15.787416666666669,8,11,11,12,12,peak,car,91,Dublin City
268029,8.227500000000001,8.227500000000001,36.822,74.722,TU Dublin Grangegorman,TU Dublin,16.180750000000003,8,11,11,12,13,peak,car,78,Dublin City
268030,6.720000000000001,6.720000000000001,35.378,78.172,TU Dublin Grangegorman,TU Dublin,13.216,8,11,11,11,13,peak,car,115,Dublin City
268031,4.9825,4.9825,33.578,78.32199999999999,TU Dublin Grangegorman,TU Dublin,9.798916666666669,8,11,11,11,13,peak,car,89,Dublin City
268032,3.0749999999999997,3.0749999999999997,32.339999999999996,78.054,TU Dublin Grangegorman,TU Dublin,6.047499999999999,8,11,11,11,13,peak,car,92,Dublin City
268033,9.29,9.29,32.78,79.80600000000001,TU Dublin Grangegorman,TU Dublin,18.270333333333333,7,11,11,11,13,peak,car,40,Dublin City
268034,8.0375,8.0375,32.532,80.434,TU Dublin Grangegorman,TU Dublin,15.807083333333331,8,11,11,11,13,peak,car,67,Dublin City
268035,5.9975000000000005,5.9975000000000005,32.006,80.056,TU Dublin Grangegorman,TU Dublin,11.795083333333334,8,11,11,11,13,peak,car,72,Dublin City
268036,6.2875,6.2875,32.414,80.624,TU Dublin Grangegorman,TU Dublin,12.365416666666665,8,11,11,11,13,peak,car,77,Dublin City
268037,12.022499999999996,14.3025,24.736,79.17199999999998,NCAD (Thomas St),NCAD,23.644249999999996,9,11,11,11,13,peak,car,63,Dublin City
268038,25.22,28.57,30.868,80.954,NCAD (Thomas St),NCAD,49.599333333333334,4,10,11,11,12,peak,car,147,Dublin City
268039,16.8825,20.742500000000003,25.632,79.39800000000001,NCAD (Thomas St),NCAD,33.20225,6,11,11,11,13,peak,car,100,Dublin City
268040,19.715000000000003,23.575,28.792,78.952,NCAD (Thomas St),NCAD,38.77283333333334,6,11,11,11,13,peak,car,200,Dublin City
268041,12.9,15.769999999999998,45.07600000000001,77.706,Marino Institute of Education,Marino,25.369999999999997,6,9,11,11,12,peak,car,133,Dublin City
268042,13.6925,16.5625,46.42399999999999,79.05399999999999,Marino Institute of Education,Marino,26.928583333333336,6,9,11,11,12,peak,car,201,Dublin City
268043,11.09,14.1725,44.512,77.142,Marino Institute of Education,Marino,21.810333333333332,7,10,11,11,12,peak,car,133,Dublin City
268044,9.2825,13.26,43.782,76.41199999999999,Marino Institute of Education,Marino,18.255583333333337,7,10,11,11,12,peak,car,107,Dublin City
268045,8.9225,11.7925,42.608,75.238,Marino Institute of Education,Marino,17.547583333333332,7,10,11,11,12,peak,car,62,Dublin City
268046,9.62,12.159999999999998,41.842,74.472,Marino Institute of Education,Marino,18.919333333333334,6,10,11,12,12,peak,car,118,Dublin City
268047,6.8825,9.45,40.734,73.36399999999999,Marino Institute of Education,Marino,13.535583333333337,8,10,11,12,12,peak,car,49,Dublin City
268048,4.6625,11.3675,42.11600000000001,74.898,Marino Institute of Education,Marino,9.169583333333332,7,11,11,12,12,peak,car,101,Dublin City
268049,7.017499999999999,12.400000000000002,42.138,76.182,Marino Institute of Education,Marino,13.801083333333333,7,11,11,11,12,peak,car,48,Dublin City
268050,4.2225,9.695,40.778,73.55999999999999,Marino Institute of Education,Marino,8.30425,8,11,11,12,12,peak,car,69,Dublin City
268051,9.9075,16.2025,31.108,77.262,NCAD (Thomas St),NCAD,19.48475,9,11,11,11,13,peak,car,111,Dublin City
268052,7.612500000000001,13.9075,30.251999999999995,79.458,NCAD (Thomas St),NCAD,14.97125,9,11,11,11,13,peak,car,99,Dublin City
268053,7.585,15.345,31.446,79.5,NCAD (Thomas St),NCAD,14.917166666666668,9,11,11,11,13,peak,car,75,Dublin City
268054,9.972499999999998,16.752499999999998,31.571999999999996,77.064,NCAD (Thomas St),NCAD,19.61258333333333,9,11,11,11,13,peak,car,110,Dublin City
268055,10.7025,16.997500000000002,31.658,77.15,NCAD (Thomas St),NCAD,21.048250000000003,9,11,11,11,13,peak,car,95,Dublin City
268056,13.182499999999996,19.317500000000003,30.685999999999996,76.178,NCAD (Thomas St),NCAD,25.92558333333333,9,11,11,11,13,peak,car,88,Dublin City
268057,12.625,16.485,26.698,76.98,NCAD (Thomas St),NCAD,24.829166666666666,9,11,11,11,13,peak,car,101,Dublin City
268058,8.2425,9.3875,40.636,73.314,Marino Institute of Education,Marino,16.21025,8,11,11,12,12,peak,car,123,Dublin City
268059,10.677500000000002,11.0575,40.934,76.5,Marino Institute of Education,Marino,20.99908333333334,8,11,11,11,12,peak,car,29,Dublin City
268060,8.155,8.155,37.233999999999995,72.23,DCU Glasnevin,DCU,16.038166666666665,8,11,11,12,12,peak,car,92,Dublin City
268061,16.1125,19.9725,26.218000000000004,78.8,NCAD (Thomas St),NCAD,31.687916666666663,6,11,11,11,13,peak,car,130,Dublin City
268062,13.5325,16.072499999999998,41.248,73.878,Marino Institute of Education,Marino,26.613916666666665,5,9,11,12,12,peak,car,81,Dublin City
268063,13.8925,13.8925,30.754,74.282,DCU Glasnevin,DCU,27.321916666666667,7,10,11,12,13,peak,car,122,Dublin City
268064,11.6025,11.6025,29.856,73.38399999999999,DCU Glasnevin,DCU,22.81825,8,10,11,12,13,peak,car,104,Dublin City
268065,9.7175,9.7175,30.886,74.29599999999999,DCU Glasnevin,DCU,19.111083333333333,7,10,11,12,13,peak,car,131,Dublin City
268066,13.205000000000002,13.205000000000002,32.368,75.896,DCU Glasnevin,DCU,25.969833333333337,7,10,11,11,13,peak,car,118,Dublin City
268067,12.735,12.735,32.406,75.934,TU Dublin Grangegorman,TU Dublin,25.045499999999997,7,11,11,11,13,peak,car,210,Dublin City
268068,13.010000000000002,13.010000000000002,32.374,75.902,DCU Glasnevin,DCU,25.586333333333336,7,10,11,11,13,peak,car,120,Dublin City
268069,11.39,11.39,32.938,77.03399999999999,TU Dublin Grangegorman,TU Dublin,22.400333333333336,7,10,11,11,13,peak,car,132,Dublin City
268070,6.7175,10.155,41.146,73.928,Marino Institute of Education,Marino,13.211083333333336,7,10,11,12,12,peak,car,198,Dublin City
268071,15.2825,16.14,37.861999999999995,70.586,Marino Institute of Education,Marino,30.05558333333333,6,10,11,12,12,peak,car,451,Dublin City
268072,19.382499999999997,20.24,41.142,73.866,Marino Institute of Education,Marino,38.118916666666664,4,9,11,12,12,peak,car,189,Dublin City
268073,19.19,20.7025,41.512,74.236,Marino Institute of Education,Marino,37.740333333333325,4,9,11,12,12,peak,car,96,Dublin City
268074,17.1025,19.9725,43.28,76.00399999999999,Marino Institute of Education,Marino,33.63491666666667,5,9,11,11,12,peak,car,113,Dublin City
268075,16.69,19.56,43.002,75.726,Marino Institute of Education,Marino,32.82366666666667,5,9,11,11,12,peak,car,90,Dublin City
268076,11.8275,14.367500000000003,41.514,74.14399999999999,Marino Institute of Education,Marino,23.26075,6,10,11,12,12,peak,car,87,Dublin City
268077,13.667500000000002,16.4925,44.538,77.168,Marino Institute of Education,Marino,26.87941666666667,6,9,11,11,12,peak,car,116,Dublin City
268078,8.5625,14.35,28.761999999999997,75.96399999999998,NCAD (Thomas St),NCAD,16.83958333333333,10,11,11,11,13,peak,car,72,Dublin City
268079,12.1225,17.91,29.194,75.152,NCAD (Thomas St),NCAD,23.840916666666665,10,11,11,11,13,peak,car,117,Dublin City
268080,4.5075,4.5075,35.694,74.688,TU Dublin Grangegorman,TU Dublin,8.86475,8,11,11,12,13,peak,car,35,Dublin City
268081,5.772500000000001,5.772500000000001,36.072,75.966,TU Dublin Grangegorman,TU Dublin,11.352583333333335,8,11,11,11,13,peak,car,119,Dublin City
268082,4.5225,6.709999999999999,33.775999999999996,76.704,NCAD (Thomas St),NCAD,8.89425,8,11,11,11,13,peak,car,92,Dublin City
268083,9.9175,13.7775,27.164,79.24600000000001,NCAD (Thomas St),NCAD,19.504416666666664,10,11,11,11,13,peak,car,66,Dublin City
268084,8.555,12.415,26.042,79.094,NCAD (Thomas St),NCAD,16.82483333333333,10,11,11,11,13,peak,car,41,Dublin City
268085,6.145,12.555,28.626,77.958,NCAD (Thomas St),NCAD,12.085166666666666,10,11,11,11,13,peak,car,124,Dublin City
268086,14.5625,14.5625,39.724,72.35399999999998,DCU Glasnevin,DCU,28.639583333333334,6,10,11,12,12,peak,car,67,Dublin City
268087,12.32,12.32,37.93,70.55999999999999,DCU Glasnevin,DCU,24.229333333333333,7,10,11,12,12,peak,car,73,Dublin City
268088,8.329999999999998,8.329999999999998,34.738,67.368,DCU Glasnevin,DCU,16.382333333333328,7,11,11,12,13,peak,car,116,Dublin City
268089,12.959999999999996,12.959999999999996,37.956,70.586,DCU Glasnevin,DCU,25.487999999999996,7,10,11,12,12,peak,car,101,Dublin City
268090,12.44,19.22,32.629999999999995,78.12199999999999,NCAD (Thomas St),NCAD,24.465333333333337,9,11,11,11,13,peak,car,74,Dublin City
268091,10.9475,17.7125,32.768,78.26,NCAD (Thomas St),NCAD,21.53008333333333,9,11,11,11,13,peak,car,100,Dublin City
268092,12.0425,18.805,37.824,85.14399999999999,NCAD (Thomas St),NCAD,23.68358333333333,8,11,11,11,13,peak,car,84,Dublin City
268093,12.282500000000002,19.0475,34.364,80.452,NCAD (Thomas St),NCAD,24.155583333333336,8,11,11,11,13,peak,car,49,Dublin City
268094,13.9625,20.7275,32.98,78.472,NCAD (Thomas St),NCAD,27.459583333333335,9,11,11,11,13,peak,car,99,Dublin City
268095,16.7775,20.6375,27.878000000000004,80.02799999999999,NCAD (Thomas St),NCAD,32.99575,6,11,11,11,13,peak,car,95,Dublin City
268096,4.3925,4.3925,38.624,79.116,Trinity College Dublin,TCD,8.638583333333333,8,11,11,11,13,peak,car,172,Dublin City
268097,8.5275,10.5375,39.733999999999995,82.65200000000002,RCSI (St Stephen's Green),RCSI,16.77075,8,11,11,11,13,peak,car,13,Dublin City
268098,3.3774999999999995,9.340000000000002,32.12199999999999,80.226,NCAD (Thomas St),NCAD,6.642416666666666,8,11,11,11,13,peak,car,58,Dublin City
268099,3.28,11.5525,34.338,81.29199999999999,NCAD (Thomas St),NCAD,6.450666666666667,8,11,11,11,13,peak,car,58,Dublin City
268100,3.4475,11.2075,32.952,81.016,NCAD (Thomas St),NCAD,6.780083333333334,9,11,11,11,13,peak,car,63,Dublin City
268101,5.550000000000001,13.5675,33.848,82.12,NCAD (Thomas St),NCAD,10.915,8,11,11,11,13,peak,car,33,Dublin City
268102,6.379999999999999,13.1425,34.757999999999996,82.564,NCAD (Thomas St),NCAD,12.54733333333333,8,11,11,11,13,peak,car,48,Dublin City
268103,6.977500000000001,14.7375,32.756,80.96799999999999,NCAD (Thomas St),NCAD,13.722416666666668,9,11,11,11,13,peak,car,59,Dublin City
268104,9.515,9.515,39.708000000000006,77.46600000000001,Trinity College Dublin,TCD,18.712833333333336,8,11,11,11,12,peak,car,157,Dublin City
268105,7.3625,7.3625,37.978,75.832,TU Dublin Grangegorman,TU Dublin,14.479583333333332,8,11,11,11,13,peak,car,86,Dublin City
268106,10.26,11.11,38.366,78.804,NCAD (Thomas St),NCAD,20.177999999999997,8,11,11,11,13,peak,car,120,Dublin City
268107,7.134999999999999,9.03,40.198,75.92999999999999,Marino Institute of Education,Marino,14.032166666666663,8,11,11,11,12,peak,car,24,Dublin City
268108,10.0,10.06,41.17600000000001,74.668,Marino Institute of Education,Marino,19.666666666666664,7,11,11,12,12,peak,car,241,Dublin City
268109,7.722499999999998,7.722499999999998,39.572,76.734,Trinity College Dublin,TCD,15.187583333333327,8,11,11,11,12,peak,car,76,Dublin City
268110,8.97,8.97,40.954,78.934,Trinity College Dublin,TCD,17.641000000000002,8,11,11,11,13,peak,car,137,Dublin City
268111,12.17,12.17,42.489999999999995,80.43599999999999,Trinity College Dublin,TCD,23.934333333333335,8,11,11,11,12,peak,car,125,Dublin City
268112,11.4875,11.4875,44.416,83.022,UCD Belfield,UCD,22.592083333333335,8,11,11,11,12,peak,car,112,Dublin City
268113,7.2875,7.2875,43.59,86.93399999999998,UCD Belfield,UCD,14.332083333333332,8,11,11,11,12,peak,car,122,Dublin City
268114,9.735,9.735,41.034,83.03799999999998,UCD Belfield,UCD,19.1455,8,11,11,11,13,peak,car,93,Dublin City
268115,7.997499999999999,7.997499999999999,38.454,79.332,Trinity College Dublin,TCD,15.728416666666664,8,11,11,11,13,peak,car,85,Dublin City
268116,9.7225,10.0,39.23800000000001,81.588,RCSI (St Stephen's Green),RCSI,19.120916666666663,8,11,11,11,13,peak,car,59,Dublin City
268117,8.01,10.1625,37.632,81.642,RCSI (St Stephen's Green),RCSI,15.753,8,11,11,11,13,peak,car,71,Dublin City
268118,8.695,10.5675,34.806,84.04799999999999,NCAD (Thomas St),NCAD,17.100166666666667,8,11,11,11,13,peak,car,15,Dublin City
268119,19.065,20.97,41.832,74.556,Marino Institute of Education,Marino,37.4945,4,9,11,12,12,peak,car,202,Dublin City
268120,13.6,13.992500000000003,38.258,70.982,Marino Institute of Education,Marino,26.746666666666663,6,10,11,12,12,peak,car,105,Dublin City
268121,14.857499999999998,14.857499999999998,36.942,69.666,DCU Glasnevin,DCU,29.21975,6,10,11,12,12,peak,car,70,Dublin City
268122,16.099999999999998,16.099999999999998,37.936,70.66,DCU Glasnevin,DCU,31.663333333333327,6,10,11,12,12,peak,car,133,Dublin City
268123,12.7675,12.7675,36.546,69.27,DCU Glasnevin,DCU,25.109416666666668,6,10,11,12,12,peak,car,120,Dublin City
268124,16.847499999999997,19.7175,45.956,78.67999999999999,Marino Institute of Education,Marino,33.13341666666666,5,8,11,11,12,peak,car,105,Dublin City
268125,18.975,21.845,44.776,77.49999999999999,Marino Institute of Education,Marino,37.3175,4,9,11,11,12,peak,car,72,Dublin City
268126,14.9975,17.8675,44.954,77.584,Marino Institute of Education,Marino,29.495083333333337,5,9,11,11,12,peak,car,111,Dublin City
268127,13.53,15.830000000000002,37.048,83.1,NCAD (Thomas St),NCAD,26.609,9,11,11,11,13,peak,car,143,Dublin City
268128,8.265,11.6175,37.285999999999994,83.51599999999999,RCSI (St Stephen's Green),RCSI,16.2545,9,11,11,11,13,peak,car,100,Dublin City
268129,9.8825,9.8825,39.675999999999995,86.19,UCD Belfield,UCD,19.435583333333337,9,11,11,11,13,peak,car,128,Dublin City
268130,12.8025,15.0025,39.21999999999999,85.35200000000002,RCSI (St Stephen's Green),RCSI,25.17825,9,11,11,11,13,peak,car,113,Dublin City
268131,11.19,13.0425,38.336,85.856,RCSI (St Stephen's Green),RCSI,22.007,9,11,11,11,13,peak,car,73,Dublin City
268132,7.800000000000001,14.5625,34.43,82.75799999999998,NCAD (Thomas St),NCAD,15.34,8,11,11,11,13,peak,car,86,Dublin City
268133,9.065,12.4175,35.98,84.28599999999999,RCSI (St Stephen's Green),RCSI,17.827833333333334,9,11,11,11,13,peak,car,63,Dublin City
268134,12.892500000000002,15.0925,38.322,86.64399999999999,RCSI (St Stephen's Green),RCSI,25.35525,9,11,11,11,13,peak,car,162,Dublin City
268135,13.0425,16.099999999999998,37.734,84.09,NCAD (Thomas St),NCAD,25.65025,9,11,11,11,13,peak,car,83,Dublin City
268136,11.8275,17.330000000000002,36.288,83.008,NCAD (Thomas St),NCAD,23.26075,8,11,11,11,13,peak,car,103,Dublin City
268137,10.695,14.8475,36.072,82.792,NCAD (Thomas St),NCAD,21.0335,9,11,11,11,13,peak,car,68,Dublin City
268138,7.327500000000001,7.327500000000001,36.828,75.684,TU Dublin Grangegorman,TU Dublin,14.41075,8,11,11,11,13,peak,car,159,Dublin City
268139,8.142499999999998,8.142499999999998,36.916,76.43,TU Dublin Grangegorman,TU Dublin,16.01358333333333,8,11,11,11,13,peak,car,52,Dublin City
268140,9.527500000000002,16.290000000000003,38.128,85.08200000000001,NCAD (Thomas St),NCAD,18.737416666666668,7,11,11,11,13,peak,car,69,Dublin City
268141,5.6450000000000005,12.1725,35.022,81.976,NCAD (Thomas St),NCAD,11.101833333333335,8,11,11,11,13,peak,car,44,Dublin City
268142,7.779999999999999,12.2775,34.724,82.95,NCAD (Thomas St),NCAD,15.300666666666665,9,11,11,11,13,peak,car,67,Dublin City
268143,5.51,5.51,39.517999999999994,77.472,Trinity College Dublin,TCD,10.836333333333332,8,11,11,11,13,peak,car,111,Dublin City
268144,9.902500000000002,16.665000000000003,34.461999999999996,81.182,NCAD (Thomas St),NCAD,19.47491666666667,8,11,11,11,13,peak,car,84,Dublin City
268145,12.65,19.4125,35.94,81.848,NCAD (Thomas St),NCAD,24.878333333333337,8,11,11,11,13,peak,car,85,Dublin City
268146,14.19,19.5375,34.809999999999995,80.86200000000001,NCAD (Thomas St),NCAD,27.907000000000004,8,11,11,11,13,peak,car,76,Dublin City
268147,14.169999999999998,18.9,34.3,80.35199999999999,NCAD (Thomas St),NCAD,27.867666666666665,9,11,11,11,13,peak,car,26,Dublin City
268148,6.765000000000001,12.6325,31.988000000000003,83.842,NCAD (Thomas St),NCAD,13.3045,8,11,11,11,13,peak,car,39,Dublin City
268149,1.6899999999999995,11.175,32.778,80.99,NCAD (Thomas St),NCAD,3.323666666666666,9,11,11,11,13,peak,car,67,Dublin City
268150,3.675,13.3425,32.398,81.672,NCAD (Thomas St),NCAD,7.227500000000001,9,11,11,11,13,peak,car,109,Dublin City
268151,6.87,14.3625,30.615999999999996,80.25,NCAD (Thomas St),NCAD,13.511,9,11,11,11,13,peak,car,47,Dublin City
268152,6.1625,13.655,30.05,79.22,NCAD (Thomas St),NCAD,12.119583333333331,9,11,11,11,13,peak,car,53,Dublin City
268153,4.199999999999999,12.905,29.45,79.58,NCAD (Thomas St),NCAD,8.259999999999998,10,11,11,11,13,peak,car,70,Dublin City
268154,14.445,19.0475,28.298,73.78999999999999,NCAD (Thomas St),NCAD,28.408499999999997,8,11,11,12,13,peak,car,95,Dublin City
268155,13.614999999999998,19.5075,29.338,74.83,NCAD (Thomas St),NCAD,26.776166666666665,10,11,11,12,13,peak,car,59,Dublin City
268156,15.775000000000002,19.307499999999997,31.266,76.758,NCAD (Thomas St),NCAD,31.02416666666667,7,11,11,11,13,peak,car,71,Dublin City
268157,6.775,6.775,40.124,75.878,DCU Glasnevin,DCU,13.324166666666668,7,10,11,11,12,peak,car,98,Dublin City
268158,3.49,3.49,36.745999999999995,70.67999999999999,DCU Glasnevin,DCU,6.863666666666667,7,11,11,12,12,peak,car,103,Dublin City
268159,8.295,8.295,35.86,68.936,DCU Glasnevin,DCU,16.313499999999998,7,10,11,12,12,peak,car,85,Dublin City
268160,5.470000000000001,5.470000000000001,37.55,70.17999999999999,DCU Glasnevin,DCU,10.757666666666667,8,11,11,12,12,peak,car,57,Dublin City
268161,6.1875,12.95,35.455999999999996,82.41,NCAD (Thomas St),NCAD,12.16875,7,11,11,11,13,peak,car,52,Dublin City
268162,6.3825,13.144999999999998,33.774,81.99999999999999,NCAD (Thomas St),NCAD,12.55225,9,11,11,11,13,peak,car,76,Dublin City
017001,,,,,,,,0,0,0,0,0,peak,pt,25,Carlow
017002,,,,,,,,0,0,0,0,0,peak,pt,46,Carlow
017003,,,,,,,,0,0,0,0,0,peak,pt,26,Carlow
017004,,,,,,,,0,0,0,0,0,peak,pt,42,Carlow
017005,,,,,,,,0,0,0,0,0,peak,pt,17,Carlow
017006,,,,,,,,0,0,0,0,0,peak,pt,15,Carlow
017007,,,,,,,,0,0,0,0,0,peak,pt,11,Carlow
017008,,,,,,,,0,0,0,0,0,peak,pt,15,Carlow
017009,,,,,,,,0,0,0,0,0,peak,pt,31,Carlow
017010,44.0,44.0,161.0,44.0,SETU Carlow,SETU,86.0,0,1,1,1,1,peak,pt,661,Carlow
017011,22.0,22.0,150.0,22.0,SETU Carlow,SETU,44.0,1,1,1,1,1,peak,pt,131,Carlow
017012,,,,,,,,0,0,0,0,0,peak,pt,29,Carlow
017013,,,,,,,,0,0,0,0,0,peak,pt,45,Carlow
017014,,,,,,,,0,0,0,0,0,peak,pt,26,Carlow
017015,,,,,,,,0,0,0,0,0,peak,pt,9,Carlow
017016,,,,,,,,0,0,0,0,0,peak,pt,29,Carlow
017017,,,,,,,,0,0,0,0,0,peak,pt,56,Carlow
017018,,,,,,,,0,0,0,0,0,peak,pt,21,Carlow
017019,,,,,,,,0,0,0,0,0,peak,pt,29,Carlow
017020,,,,,,,,0,0,0,0,0,peak,pt,13,Carlow
017021,,,,,,,,0,0,0,0,0,peak,pt,27,Carlow
017022,,,,,,,,0,0,0,0,0,peak,pt,51,Carlow
017023,,,,,,,,0,0,0,0,0,peak,pt,11,Carlow
017024,,,,,,,,0,0,0,0,0,peak,pt,30,Carlow
017025,,,,,,,,0,0,0,0,0,peak,pt,42,Carlow
017026,,,,,,,,0,0,0,0,0,peak,pt,14,Carlow
017027,,,,,,,,0,0,0,0,0,peak,pt,13,Carlow
017028,,,,,,,,0,0,0,0,0,peak,pt,31,Carlow
017029,,,,,,,,0,0,0,0,0,peak,pt,7,Carlow
017030,,,,,,,,0,0,0,0,0,peak,pt,23,Carlow
017031,80.0,80.0,,80.0,SETU Carlow,SETU,308.0,0,0,0,0,1,peak,pt,71,Carlow
017032,,,,,,,,0,0,0,0,0,peak,pt,24,Carlow
017033,88.0,88.0,178.0,88.0,SETU Carlow,SETU,198.0,0,0,0,0,1,peak,pt,22,Carlow
017034,76.0,76.0,170.0,76.0,SETU Carlow,SETU,177.0,0,0,0,0,1,peak,pt,106,Carlow
017035,,,,,,,,0,0,0,0,0,peak,pt,28,Carlow
017036,,,,,,,,0,0,0,0,0,peak,pt,35,Carlow
017037,,,,,,,,0,0,0,0,0,peak,pt,27,Carlow
017038,,,,,,,,0,0,0,0,0,peak,pt,35,Carlow
017039,,,,,,,,0,0,0,0,0,peak,pt,5,Carlow
017041,,,,,,,,0,0,0,0,0,peak,pt,68,Carlow
017042,,,,,,,,0,0,0,0,0,peak,pt,23,Carlow
017043,,,,,,,,0,0,0,0,0,peak,pt,22,Carlow
017044,,,,,,,,0,0,0,0,0,peak,pt,24,Carlow
017045,,,,,,,,0,0,0,0,0,peak,pt,20,Carlow
017046,,,,,,,,0,0,0,0,0,peak,pt,16,Carlow
017047,,,,,,,,0,0,0,0,0,peak,pt,24,Carlow
017048,,,,,,,,0,0,0,0,0,peak,pt,20,Carlow
017049,,,,,,,,0,0,0,0,0,peak,pt,29,Carlow
017050,,,,,,,,0,0,0,0,0,peak,pt,31,Carlow
017051,181.0,181.0,,,UCD Belfield,UCD,401.0,0,0,0,0,0,peak,pt,187,Carlow
017052,,,,,,,,0,0,0,0,0,peak,pt,27,Carlow
017053,,,,,,,,0,0,0,0,0,peak,pt,18,Carlow
017054,15.0,15.0,160.0,15.0,SETU Carlow,SETU,30.0,1,1,1,1,1,peak,pt,41,Carlow
087001,101.0,101.0,149.0,101.0,SETU Carlow,SETU,189.0,0,0,0,0,0,peak,pt,225,Kildare
087002,102.0,102.0,152.0,102.0,SETU Carlow,SETU,186.0,0,0,0,0,0,peak,pt,147,Kildare
087003,,,,,,,,0,0,0,0,0,peak,pt,6,Kildare
087004,158.0,158.0,,158.0,SETU Carlow,SETU,256.0,0,0,0,0,0,peak,pt,57,Kildare
087005,,,,,,,,0,0,0,0,0,peak,pt,20,Kildare
087006,116.0,116.0,,,TU Dublin Tallaght,TU Dublin,218.0,0,0,0,0,0,peak,pt,58,Kildare
087007,64.0,64.0,64.0,172.0,Maynooth University,MU,129.0,0,0,0,1,1,peak,pt,27,Kildare
087008,124.0,124.0,157.0,211.0,TU Dublin Tallaght,TU Dublin,247.0,0,0,0,0,0,peak,pt,81,Kildare
087009,,,,,,,,0,0,0,0,0,peak,pt,50,Kildare
087010,173.0,173.0,207.0,173.0,SETU Carlow,SETU,288.0,0,0,0,0,0,peak,pt,107,Kildare
087011,57.0,57.0,57.0,177.0,Maynooth University,MU,114.0,0,0,1,1,2,peak,pt,305,Kildare
087012,,,,,,,,0,0,0,0,0,peak,pt,19,Kildare
087013,,,,,,,,0,0,0,0,0,peak,pt,6,Kildare
087014,95.0,95.0,95.0,136.0,Maynooth University,MU,186.0,0,0,0,0,0,peak,pt,268,Kildare
087015,,,,,,,,0,0,0,0,0,peak,pt,16,Kildare
087016,,,,,,,,0,0,0,0,0,peak,pt,92,Kildare
087017,129.0,129.0,129.0,231.0,Maynooth University,MU,217.0,0,0,0,0,0,peak,pt,100,Kildare
087018,180.0,180.0,203.0,180.0,SETU Carlow,SETU,317.0,0,0,0,0,0,peak,pt,102,Kildare
087019,143.0,143.0,143.0,,Maynooth University,MU,272.0,0,0,0,0,0,peak,pt,122,Kildare
087020,,,,,,,,0,0,0,0,0,peak,pt,23,Kildare
087021,,,,,,,,0,0,0,0,0,peak,pt,23,Kildare
087022,91.0,91.0,,91.0,SETU Carlow,SETU,187.0,0,0,0,0,0,peak,pt,83,Kildare
087023,47.0,47.0,47.0,175.0,Maynooth University,MU,87.0,0,0,1,3,7,peak,pt,711,Kildare
087024,,,,,,,,0,0,0,0,0,peak,pt,34,Kildare
087025,50.0,50.0,50.0,128.0,Maynooth University,MU,109.0,0,0,1,1,3,peak,pt,349,Kildare
087026,,,,,,,,0,0,0,0,0,peak,pt,84,Kildare
087027,,,,,,,,0,0,0,0,0,peak,pt,23,Kildare
087028,,,,,,,,0,0,0,0,0,peak,pt,46,Kildare
087029,54.0,54.0,54.0,172.0,Maynooth University,MU,105.0,0,0,1,4,9,peak,pt,292,Kildare
087030,,,,,,,,0,0,0,0,0,peak,pt,36,Kildare
087031,84.0,84.0,84.0,142.0,Maynooth University,MU,163.0,0,0,0,0,1,peak,pt,143,Kildare
087032,,,,,,,,0,0,0,0,0,peak,pt,11,Kildare
087033,128.0,128.0,197.0,128.0,SETU Carlow,SETU,302.0,0,0,0,0,0,peak,pt,174,Kildare
087034,66.0,75.0,82.0,123.0,NCAD (Thomas St),NCAD,137.0,0,0,0,2,8,peak,pt,241,Kildare
087035,,,,,,,,0,0,0,0,0,peak,pt,32,Kildare
087036,,,,,,,,0,0,0,0,0,peak,pt,13,Kildare
087037,,,,,,,,0,0,0,0,0,peak,pt,24,Kildare
087038,,,,,,,,0,0,0,0,0,peak,pt,25,Kildare
087039,217.0,217.0,217.0,,Maynooth University,MU,352.0,0,0,0,0,0,peak,pt,19,Kildare
087040,,,,,,,,0,0,0,0,0,peak,pt,45,Kildare
087041,,,,,,,,0,0,0,0,0,peak,pt,28,Kildare
087042,,,,,,,,0,0,0,0,0,peak,pt,30,Kildare
087044,,,,,,,,0,0,0,0,0,peak,pt,12,Kildare
087045,,,,,,,,0,0,0,0,0,peak,pt,13,Kildare
087046,,,,,,,,0,0,0,0,0,peak,pt,27,Kildare
087047,30.0,30.0,30.0,172.0,Maynooth University,MU,55.0,1,1,1,2,6,peak,pt,342,Kildare
087048,109.0,109.0,187.0,109.0,SETU Carlow,SETU,235.0,0,0,0,0,0,peak,pt,169,Kildare
087049,,,,,,,,0,0,0,0,0,peak,pt,46,Kildare
087050,64.0,74.0,87.0,114.0,NCAD (Thomas St),NCAD,140.0,0,0,0,3,8,peak,pt,550,Kildare
087051,,,,,,,,0,0,0,0,0,peak,pt,20,Kildare
087052,95.0,95.0,125.0,153.0,TU Dublin Tallaght,TU Dublin,171.0,0,0,0,0,0,peak,pt,234,Kildare
087053,,,,,,,,0,0,0,0,0,peak,pt,12,Kildare
087054,,,,,,,,0,0,0,0,0,peak,pt,21,Kildare
087055,119.0,119.0,119.0,206.0,Maynooth University,MU,222.0,0,0,0,0,0,peak,pt,129,Kildare
087056,200.0,206.0,206.0,,NCAD (Thomas St),NCAD,380.0,0,0,0,0,0,peak,pt,115,Kildare
087057,,,,,,,,0,0,0,0,0,peak,pt,37,Kildare
087058,,,,,,,,0,0,0,0,0,peak,pt,42,Kildare
087059,,,,,,,,0,0,0,0,0,peak,pt,37,Kildare
087060,,,,,,,,0,0,0,0,0,peak,pt,31,Kildare
087061,,,,,,,,0,0,0,0,0,peak,pt,44,Kildare
087062,,,,,,,,0,0,0,0,0,peak,pt,64,Kildare
087064,35.0,35.0,35.0,156.0,Maynooth University,MU,68.0,0,1,4,7,9,peak,pt,584,Kildare
087065,231.0,231.0,231.0,,Maynooth University,MU,411.0,0,0,0,0,0,peak,pt,10,Kildare
087066,11.0,11.0,11.0,147.0,Maynooth University,MU,22.0,1,1,2,6,8,peak,pt,577,Kildare
087067,109.0,117.0,117.0,144.0,NCAD (Thomas St),NCAD,202.0,0,0,0,0,0,peak,pt,216,Kildare
087068,,,,,,,,0,0,0,0,0,peak,pt,17,Kildare
087069,69.0,78.0,86.0,123.0,NCAD (Thomas St),NCAD,145.0,0,0,0,1,7,peak,pt,784,Kildare
087070,68.0,71.0,71.0,128.0,NCAD (Thomas St),NCAD,139.0,0,0,0,2,7,peak,pt,121,Kildare
087071,70.0,70.0,70.0,116.0,Maynooth University,MU,145.0,0,0,0,1,5,peak,pt,1002,Kildare
087072,179.0,179.0,,179.0,SETU Carlow,SETU,300.0,0,0,0,0,0,peak,pt,47,Kildare
087073,138.0,138.0,,,TU Dublin Tallaght,TU Dublin,247.0,0,0,0,0,0,peak,pt,51,Kildare
087074,,,,,,,,0,0,0,0,0,peak,pt,55,Kildare
087075,,,,,,,,0,0,0,0,0,peak,pt,49,Kildare
087076,,,,,,,,0,0,0,0,0,peak,pt,40,Kildare
087077,,,,,,,,0,0,0,0,0,peak,pt,19,Kildare
087078,,,,,,,,0,0,0,0,0,peak,pt,5,Kildare
087079,187.0,191.0,197.0,,NCAD (Thomas St),NCAD,368.0,0,0,0,0,0,peak,pt,100,Kildare
087080,200.0,206.0,206.0,,NCAD (Thomas St),NCAD,395.0,0,0,0,0,0,peak,pt,29,Kildare
087081,107.0,107.0,128.0,139.0,TU Dublin Tallaght,TU Dublin,311.0,0,0,0,0,0,peak,pt,60,Kildare
087082,117.0,117.0,117.0,204.0,Maynooth University,MU,222.0,0,0,0,0,0,peak,pt,103,Kildare
087083,217.0,217.0,217.0,,Maynooth University,MU,343.0,0,0,0,0,0,peak,pt,44,Kildare
087084,87.0,90.0,90.0,147.0,NCAD (Thomas St),NCAD,161.0,0,0,0,0,3,peak,pt,93,Kildare
087085,212.0,212.0,212.0,,Maynooth University,MU,416.0,0,0,0,0,0,peak,pt,58,Kildare
087086,,,,,,,,0,0,0,0,0,peak,pt,55,Kildare
087087,,,,,,,,0,0,0,0,0,peak,pt,39,Kildare
087088,,,,,,,,0,0,0,0,0,peak,pt,29,Kildare
087089,125.0,125.0,125.0,223.0,Maynooth University,MU,226.0,0,0,0,0,0,peak,pt,79,Kildare
087090,78.0,78.0,127.0,78.0,SETU Carlow,SETU,166.0,0,0,0,0,1,peak,pt,175,Kildare
097001,,,,,,,,0,0,0,0,0,peak,pt,16,Kilkenny
097002,,,,,,,,0,0,0,0,0,peak,pt,54,Kilkenny
097003,,,,,,,,0,0,0,0,0,peak,pt,14,Kilkenny
097004,,,,,,,,0,0,0,0,0,peak,pt,21,Kilkenny
097005,,,,,,,,0,0,0,0,0,peak,pt,20,Kilkenny
097006,,,,,,,,0,0,0,0,0,peak,pt,14,Kilkenny
097007,,,,,,,,0,0,0,0,0,peak,pt,12,Kilkenny
097008,,,,,,,,0,0,0,0,0,peak,pt,21,Kilkenny
097009,,,,,,,,0,0,0,0,0,peak,pt,5,Kilkenny
097010,225.0,225.0,,225.0,SETU Carlow,SETU,401.0,0,0,0,0,0,peak,pt,15,Kilkenny
097011,182.0,182.0,,182.0,SETU Carlow,SETU,365.0,0,0,0,0,0,peak,pt,59,Kilkenny
097012,,,,,,,,0,0,0,0,0,peak,pt,12,Kilkenny
097013,,,,,,,,0,0,0,0,0,peak,pt,4,Kilkenny
097014,,,,,,,,0,0,0,0,0,peak,pt,44,Kilkenny
097015,,,,,,,,0,0,0,0,0,peak,pt,6,Kilkenny
097016,,,,,,,,0,0,0,0,0,peak,pt,21,Kilkenny
097017,,,,,,,,0,0,0,0,0,peak,pt,8,Kilkenny
097018,,,,,,,,0,0,0,0,0,peak,pt,46,Kilkenny
097019,164.0,164.0,,185.0,TU Dublin Tallaght,TU Dublin,355.0,0,0,0,0,0,peak,pt,84,Kilkenny
097020,161.0,161.0,,182.0,TU Dublin Tallaght,TU Dublin,347.0,0,0,0,0,0,peak,pt,77,Kilkenny
097021,,,,,,,,0,0,0,0,0,peak,pt,8,Kilkenny
097022,182.0,182.0,,182.0,SETU Carlow,SETU,347.0,0,0,0,0,0,peak,pt,78,Kilkenny
097023,,,,,,,,0,0,0,0,0,peak,pt,4,Kilkenny
097024,,,,,,,,0,0,0,0,0,peak,pt,18,Kilkenny
097025,167.0,167.0,,167.0,SETU Carlow,SETU,371.0,0,0,0,0,0,peak,pt,33,Kilkenny
097026,,,,,,,,0,0,0,0,0,peak,pt,11,Kilkenny
097027,,,,,,,,0,0,0,0,0,peak,pt,15,Kilkenny
097028,,,,,,,,0,0,0,0,0,peak,pt,24,Kilkenny
097029,,,,,,,,0,0,0,0,0,peak,pt,24,Kilkenny
097030,,,,,,,,0,0,0,0,0,peak,pt,14,Kilkenny
097031,,,,,,,,0,0,0,0,0,peak,pt,22,Kilkenny
097032,,,,,,,,0,0,0,0,0,peak,pt,18,Kilkenny
097033,,,,,,,,0,0,0,0,0,peak,pt,45,Kilkenny
097034,163.0,163.0,200.0,163.0,SETU Carlow,SETU,305.0,0,0,0,0,0,peak,pt,25,Kilkenny
097035,,,,,,,,0,0,0,0,0,peak,pt,23,Kilkenny
097036,,,,,,,,0,0,0,0,0,peak,pt,12,Kilkenny
097037,,,,,,,,0,0,0,0,0,peak,pt,11,Kilkenny
097038,,,,,,,,0,0,0,0,0,peak,pt,27,Kilkenny
097039,,,,,,,,0,0,0,0,0,peak,pt,13,Kilkenny
097040,,,,,,,,0,0,0,0,0,peak,pt,15,Kilkenny
097041,231.0,231.0,,231.0,SETU Carlow,SETU,414.0,0,0,0,0,0,peak,pt,56,Kilkenny
097042,,,,,,,,0,0,0,0,0,peak,pt,11,Kilkenny
097043,,,,,,,,0,0,0,0,0,peak,pt,38,Kilkenny
097044,,,,,,,,0,0,0,0,0,peak,pt,11,Kilkenny
097045,,,,,,,,0,0,0,0,0,peak,pt,18,Kilkenny
097046,,,,,,,,0,0,0,0,0,peak,pt,9,Kilkenny
097047,137.0,137.0,,137.0,SETU Carlow,SETU,338.0,0,0,0,0,0,peak,pt,84,Kilkenny
097048,,,,,,,,0,0,0,0,0,peak,pt,76,Kilkenny
097049,,,,,,,,0,0,0,0,0,peak,pt,40,Kilkenny
097050,,,,,,,,0,0,0,0,0,peak,pt,33,Kilkenny
097051,225.0,225.0,,225.0,SETU Carlow,SETU,425.0,0,0,0,0,0,peak,pt,37,Kilkenny
097052,,,,,,,,0,0,0,0,0,peak,pt,27,Kilkenny
097053,206.0,213.0,216.0,,NCAD (Thomas St),NCAD,395.0,0,0,0,0,0,peak,pt,32,Kilkenny
097054,,,,,,,,0,0,0,0,0,peak,pt,38,Kilkenny
097055,,,,,,,,0,0,0,0,0,peak,pt,9,Kilkenny
097056,,,,,,,,0,0,0,0,0,peak,pt,29,Kilkenny
097057,,,,,,,,0,0,0,0,0,peak,pt,27,Kilkenny
097058,153.0,153.0,,153.0,SETU Carlow,SETU,325.0,0,0,0,0,0,peak,pt,234,Kilkenny
097059,,,,,,,,0,0,0,0,0,peak,pt,13,Kilkenny
097060,,,,,,,,0,0,0,0,0,peak,pt,18,Kilkenny
097061,112.0,112.0,183.0,112.0,SETU Carlow,SETU,238.0,0,0,0,0,0,peak,pt,169,Kilkenny
097062,101.0,101.0,169.0,101.0,SETU Carlow,SETU,213.0,0,0,0,0,0,peak,pt,89,Kilkenny
097063,98.0,98.0,166.0,98.0,SETU Carlow,SETU,206.0,0,0,0,0,0,peak,pt,862,Kilkenny
097064,,,,,,,,0,0,0,0,0,peak,pt,53,Kilkenny
097065,225.0,225.0,,225.0,SETU Carlow,SETU,398.0,0,0,0,0,0,peak,pt,16,Kilkenny
097066,,,,,,,,0,0,0,0,0,peak,pt,12,Kilkenny
097067,,,,,,,,0,0,0,0,0,peak,pt,24,Kilkenny
097068,,,,,,,,0,0,0,0,0,peak,pt,30,Kilkenny
097069,,,,,,,,0,0,0,0,0,peak,pt,15,Kilkenny
097070,,,,,,,,0,0,0,0,0,peak,pt,28,Kilkenny
097071,,,,,,,,0,0,0,0,0,peak,pt,7,Kilkenny
097072,,,,,,,,0,0,0,0,0,peak,pt,30,Kilkenny
097073,,,,,,,,0,0,0,0,0,peak,pt,9,Kilkenny
097074,,,,,,,,0,0,0,0,0,peak,pt,16,Kilkenny
097075,,,,,,,,0,0,0,0,0,peak,pt,2,Kilkenny
097076,,,,,,,,0,0,0,0,0,peak,pt,44,Kilkenny
097077,,,,,,,,0,0,0,0,0,peak,pt,27,Kilkenny
097078,,,,,,,,0,0,0,0,0,peak,pt,13,Kilkenny
097079,,,,,,,,0,0,0,0,0,peak,pt,32,Kilkenny
097080,,,,,,,,0,0,0,0,0,peak,pt,15,Kilkenny
097081,,,,,,,,0,0,0,0,0,peak,pt,35,Kilkenny
097082,94.0,94.0,,94.0,SETU Carlow,SETU,189.0,0,0,0,0,0,peak,pt,62,Kilkenny
097083,232.0,232.0,,232.0,SETU Carlow,SETU,413.0,0,0,0,0,0,peak,pt,95,Kilkenny
097084,,,,,,,,0,0,0,0,0,peak,pt,9,Kilkenny
097085,211.0,211.0,,211.0,SETU Carlow,SETU,381.0,0,0,0,0,0,peak,pt,32,Kilkenny
097086,,,,,,,,0,0,0,0,0,peak,pt,54,Kilkenny
097087,,,,,,,,0,0,0,0,0,peak,pt,19,Kilkenny
097088,,,,,,,,0,0,0,0,0,peak,pt,17,Kilkenny
097089,,,,,,,,0,0,0,0,0,peak,pt,34,Kilkenny
097090,,,,,,,,0,0,0,0,0,peak,pt,13,Kilkenny
097091,,,,,,,,0,0,0,0,0,peak,pt,40,Kilkenny
097092,,,,,,,,0,0,0,0,0,peak,pt,19,Kilkenny
097093,,,,,,,,0,0,0,0,0,peak,pt,38,Kilkenny
097094,,,,,,,,0,0,0,0,0,peak,pt,8,Kilkenny
097095,,,,,,,,0,0,0,0,0,peak,pt,28,Kilkenny
097096,85.0,85.0,,85.0,SETU Carlow,SETU,175.0,0,0,0,0,1,peak,pt,30,Kilkenny
097097,,,,,,,,0,0,0,0,0,peak,pt,31,Kilkenny
097098,,,,,,,,0,0,0,0,0,peak,pt,11,Kilkenny
097099,,,,,,,,0,0,0,0,0,peak,pt,22,Kilkenny
097100,,,,,,,,0,0,0,0,0,peak,pt,42,Kilkenny
097101,183.0,183.0,,183.0,SETU Carlow,SETU,325.0,0,0,0,0,0,peak,pt,99,Kilkenny
097102,,,,,,,,0,0,0,0,0,peak,pt,20,Kilkenny
097103,,,,,,,,0,0,0,0,0,peak,pt,22,Kilkenny
097104,,,,,,,,0,0,0,0,0,peak,pt,13,Kilkenny
097105,,,,,,,,0,0,0,0,0,peak,pt,26,Kilkenny
097107,,,,,,,,0,0,0,0,0,peak,pt,6,Kilkenny
097108,,,,,,,,0,0,0,0,0,peak,pt,11,Kilkenny
097109,,,,,,,,0,0,0,0,0,peak,pt,18,Kilkenny
097110,,,,,,,,0,0,0,0,0,peak,pt,44,Kilkenny
097111,203.0,210.0,212.0,,NCAD (Thomas St),NCAD,398.0,0,0,0,0,0,peak,pt,60,Kilkenny
097112,,,,,,,,0,0,0,0,0,peak,pt,15,Kilkenny
107001,139.0,149.0,184.0,193.0,NCAD (Thomas St),NCAD,291.0,0,0,0,0,0,peak,pt,133,Laois
107002,,,,,,,,0,0,0,0,0,peak,pt,22,Laois
107003,,,,,,,,0,0,0,0,0,peak,pt,13,Laois
107004,,,,,,,,0,0,0,0,0,peak,pt,12,Laois
107005,,,,,,,,0,0,0,0,0,peak,pt,29,Laois
107006,85.0,85.0,,85.0,SETU Carlow,SETU,244.0,0,0,0,0,1,peak,pt,35,Laois
107007,150.0,160.0,,200.0,NCAD (Thomas St),NCAD,372.0,0,0,0,0,0,peak,pt,23,Laois
107008,,,,,,,,0,0,0,0,0,peak,pt,30,Laois
107009,,,,,,,,0,0,0,0,0,peak,pt,51,Laois
107011,,,,,,,,0,0,0,0,0,peak,pt,14,Laois
107012,,,,,,,,0,0,0,0,0,peak,pt,38,Laois
107013,,,,,,,,0,0,0,0,0,peak,pt,5,Laois
107014,70.0,70.0,,70.0,SETU Carlow,SETU,156.0,0,0,0,1,1,peak,pt,86,Laois
107015,,,,,,,,0,0,0,0,0,peak,pt,64,Laois
107016,,,,,,,,0,0,0,0,0,peak,pt,19,Laois
107017,,,,,,,,0,0,0,0,0,peak,pt,12,Laois
107018,127.0,137.0,170.0,172.0,NCAD (Thomas St),NCAD,249.0,0,0,0,0,0,peak,pt,76,Laois
107019,208.0,215.0,217.0,,NCAD (Thomas St),NCAD,389.0,0,0,0,0,0,peak,pt,42,Laois
107021,,,,,,,,0,0,0,0,0,peak,pt,6,Laois
107023,,,,,,,,0,0,0,0,0,peak,pt,21,Laois
107024,,,,,,,,0,0,0,0,0,peak,pt,10,Laois
107025,,,,,,,,0,0,0,0,0,peak,pt,18,Laois
107026,205.0,212.0,214.0,,NCAD (Thomas St),NCAD,385.0,0,0,0,0,0,peak,pt,41,Laois
107027,,,,,,,,0,0,0,0,0,peak,pt,17,Laois
107028,,,,,,,,0,0,0,0,0,peak,pt,45,Laois
107029,131.0,141.0,159.0,170.0,NCAD (Thomas St),NCAD,255.0,0,0,0,0,0,peak,pt,100,Laois
107030,,,,,,,,0,0,0,0,0,peak,pt,13,Laois
107031,,,,,,,,0,0,0,0,0,peak,pt,34,Laois
107032,,,,,,,,0,0,0,0,0,peak,pt,9,Laois
107033,,,,,,,,0,0,0,0,0,peak,pt,5,Laois
107034,,,,,,,,0,0,0,0,0,peak,pt,17,Laois
107035,,,,,,,,0,0,0,0,0,peak,pt,16,Laois
107036,222.0,229.0,231.0,,NCAD (Thomas St),NCAD,411.0,0,0,0,0,0,peak,pt,21,Laois
107037,,,,,,,,0,0,0,0,0,peak,pt,10,Laois
107038,,,,,,,,0,0,0,0,0,peak,pt,15,Laois
107039,139.0,151.0,173.0,,NCAD (Thomas St),NCAD,370.0,0,0,0,0,0,peak,pt,99,Laois
107040,,,,,,,,0,0,0,0,0,peak,pt,14,Laois
107041,,,,,,,,0,0,0,0,0,peak,pt,23,Laois
107042,182.0,182.0,,182.0,SETU Carlow,SETU,406.0,0,0,0,0,0,peak,pt,34,Laois
107043,,,,,,,,0,0,0,0,0,peak,pt,17,Laois
107044,203.0,210.0,212.0,,NCAD (Thomas St),NCAD,373.0,0,0,0,0,0,peak,pt,56,Laois
107045,,,,,,,,0,0,0,0,0,peak,pt,15,Laois
107046,,,,,,,,0,0,0,0,0,peak,pt,59,Laois
107047,,,,,,,,0,0,0,0,0,peak,pt,28,Laois
107048,,,,,,,,0,0,0,0,0,peak,pt,8,Laois
107049,,,,,,,,0,0,0,0,0,peak,pt,8,Laois
107050,,,,,,,,0,0,0,0,0,peak,pt,24,Laois
107051,,,,,,,,0,0,0,0,0,peak,pt,10,Laois
107052,19.0,19.0,166.0,19.0,SETU Carlow,SETU,38.0,1,1,1,1,1,peak,pt,284,Laois
107053,,,,,,,,0,0,0,0,0,peak,pt,18,Laois
107054,,,,,,,,0,0,0,0,0,peak,pt,22,Laois
107055,,,,,,,,0,0,0,0,0,peak,pt,7,Laois
107056,,,,,,,,0,0,0,0,0,peak,pt,38,Laois
107057,,,,,,,,0,0,0,0,0,peak,pt,14,Laois
107058,,,,,,,,0,0,0,0,0,peak,pt,21,Laois
107059,,,,,,,,0,0,0,0,0,peak,pt,16,Laois
107060,,,,,,,,0,0,0,0,0,peak,pt,24,Laois
107061,,,,,,,,0,0,0,0,0,peak,pt,15,Laois
107062,,,,,,,,0,0,0,0,0,peak,pt,16,Laois
107063,,,,,,,,0,0,0,0,0,peak,pt,7,Laois
107064,,,,,,,,0,0,0,0,0,peak,pt,10,Laois
107065,,,,,,,,0,0,0,0,0,peak,pt,11,Laois
107066,,,,,,,,0,0,0,0,0,peak,pt,16,Laois
107067,,,,,,,,0,0,0,0,0,peak,pt,3,Laois
107068,,,,,,,,0,0,0,0,0,peak,pt,17,Laois
107069,,,,,,,,0,0,0,0,0,peak,pt,7,Laois
107070,,,,,,,,0,0,0,0,0,peak,pt,4,Laois
107071,,,,,,,,0,0,0,0,0,peak,pt,39,Laois
107072,131.0,141.0,171.0,172.0,NCAD (Thomas St),NCAD,350.0,0,0,0,0,0,peak,pt,115,Laois
107073,145.0,155.0,190.0,201.0,NCAD (Thomas St),NCAD,303.0,0,0,0,0,0,peak,pt,113,Laois
107074,,,,,,,,0,0,0,0,0,peak,pt,15,Laois
107076,160.0,160.0,,160.0,SETU Carlow,SETU,338.0,0,0,0,0,0,peak,pt,18,Laois
107077,,,,,,,,0,0,0,0,0,peak,pt,22,Laois
107078,105.0,116.0,127.0,147.0,NCAD (Thomas St),NCAD,203.0,0,0,0,0,0,peak,pt,328,Laois
107079,116.0,127.0,153.0,164.0,NCAD (Thomas St),NCAD,224.0,0,0,0,0,0,peak,pt,741,Laois
107080,102.0,113.0,125.0,136.0,NCAD (Thomas St),NCAD,195.0,0,0,0,0,0,peak,pt,137,Laois
107081,,,,,,,,0,0,0,0,0,peak,pt,27,Laois
107082,,,,,,,,0,0,0,0,0,peak,pt,9,Laois
107083,,,,,,,,0,0,0,0,0,peak,pt,48,Laois
107084,,,,,,,,0,0,0,0,0,peak,pt,4,Laois
107085,,,,,,,,0,0,0,0,0,peak,pt,17,Laois
107086,,,,,,,,0,0,0,0,0,peak,pt,24,Laois
107087,,,,,,,,0,0,0,0,0,peak,pt,21,Laois
107088,,,,,,,,0,0,0,0,0,peak,pt,34,Laois
107089,,,,,,,,0,0,0,0,0,peak,pt,32,Laois
107090,,,,,,,,0,0,0,0,0,peak,pt,15,Laois
107091,,,,,,,,0,0,0,0,0,peak,pt,83,Laois
107092,,,,,,,,0,0,0,0,0,peak,pt,29,Laois
107093,,,,,,,,0,0,0,0,0,peak,pt,24,Laois
107094,,,,,,,,0,0,0,0,0,peak,pt,18,Laois
107095,,,,,,,,0,0,0,0,0,peak,pt,2,Laois
107096,,,,,,,,0,0,0,0,0,peak,pt,7,Laois
107097,,,,,,,,0,0,0,0,0,peak,pt,12,Laois
107098,,,,,,,,0,0,0,0,0,peak,pt,8,Laois
137001,179.0,179.0,,,TU Dublin Blanchardstown,TU Dublin,351.0,0,0,0,0,0,peak,pt,13,Longford
137002,,,,,,,,0,0,0,0,0,peak,pt,31,Longford
137003,,,,,,,,0,0,0,0,0,peak,pt,28,Longford
137004,,,,,,,,0,0,0,0,0,peak,pt,26,Longford
137005,,,,,,,,0,0,0,0,0,peak,pt,25,Longford
137006,,,,,,,,0,0,0,0,0,peak,pt,23,Longford
137007,,,,,,,,0,0,0,0,0,peak,pt,35,Longford
137008,,,,,,,,0,0,0,0,0,peak,pt,23,Longford
137009,66.0,66.0,185.0,66.0,TUS Athlone,TUS,175.0,0,0,0,1,1,peak,pt,126,Longford
137010,,,,,,,,0,0,0,0,0,peak,pt,10,Longford
137011,,,,,,,,0,0,0,0,0,peak,pt,50,Longford
137012,,,,,,,,0,0,0,0,0,peak,pt,6,Longford
137013,,,,,,,,0,0,0,0,0,peak,pt,114,Longford
137014,,,,,,,,0,0,0,0,0,peak,pt,13,Longford
137015,,,,,,,,0,0,0,0,0,peak,pt,23,Longford
137016,,,,,,,,0,0,0,0,0,peak,pt,36,Longford
137017,,,,,,,,0,0,0,0,0,peak,pt,38,Longford
137018,,,,,,,,0,0,0,0,0,peak,pt,22,Longford
137019,,,,,,,,0,0,0,0,0,peak,pt,15,Longford
137020,,,,,,,,0,0,0,0,0,peak,pt,21,Longford
137021,,,,,,,,0,0,0,0,0,peak,pt,20,Longford
137022,,,,,,,,0,0,0,0,0,peak,pt,10,Longford
137023,,,,,,,,0,0,0,0,0,peak,pt,6,Longford
137024,,,,,,,,0,0,0,0,0,peak,pt,13,Longford
137025,,,,,,,,0,0,0,0,0,peak,pt,20,Longford
137026,,,,,,,,0,0,0,0,0,peak,pt,27,Longford
137027,,,,,,,,0,0,0,0,0,peak,pt,48,Longford
137028,,,,,,,,0,0,0,0,0,peak,pt,3,Longford
137029,103.0,103.0,103.0,238.0,Maynooth University,MU,208.0,0,0,0,0,0,peak,pt,85,Longford
137031,,,,,,,,0,0,0,0,0,peak,pt,75,Longford
137032,,,,,,,,0,0,0,0,0,peak,pt,19,Longford
137033,,,,,,,,0,0,0,0,0,peak,pt,20,Longford
137034,,,,,,,,0,0,0,0,0,peak,pt,12,Longford
137035,176.0,176.0,176.0,,Maynooth University,MU,336.0,0,0,0,0,0,peak,pt,49,Longford
137036,210.0,210.0,210.0,220.0,Maynooth University,MU,343.0,0,0,0,0,0,peak,pt,48,Longford
137037,,,,,,,,0,0,0,0,0,peak,pt,35,Longford
137038,,,,,,,,0,0,0,0,0,peak,pt,30,Longford
137039,,,,,,,,0,0,0,0,0,peak,pt,22,Longford
137040,,,,,,,,0,0,0,0,0,peak,pt,7,Longford
137041,,,,,,,,0,0,0,0,0,peak,pt,20,Longford
137042,,,,,,,,0,0,0,0,0,peak,pt,8,Longford
137043,105.0,105.0,105.0,139.0,Maynooth University,MU,210.0,0,0,0,0,0,peak,pt,160,Longford
137044,138.0,138.0,138.0,152.0,Maynooth University,MU,260.0,0,0,0,0,0,peak,pt,32,Longford
137045,111.0,111.0,111.0,155.0,Maynooth University,MU,222.0,0,0,0,0,0,peak,pt,255,Longford
137046,,,,,,,,0,0,0,0,0,peak,pt,19,Longford
137047,,,,,,,,0,0,0,0,0,peak,pt,15,Longford
137048,,,,,,,,0,0,0,0,0,peak,pt,11,Longford
137049,,,,,,,,0,0,0,0,0,peak,pt,47,Longford
137050,,,,,,,,0,0,0,0,0,peak,pt,13,Longford
137051,,,,,,,,0,0,0,0,0,peak,pt,11,Longford
137053,231.0,231.0,231.0,,Maynooth University,MU,373.0,0,0,0,0,0,peak,pt,31,Longford
137054,,,,,,,,0,0,0,0,0,peak,pt,47,Longford
147001,77.0,132.0,190.0,77.0,Dundalk IT,DkIT,161.0,0,0,0,0,1,peak,pt,155,Louth
147002,69.0,116.0,168.0,69.0,Dundalk IT,DkIT,146.0,0,0,0,1,1,peak,pt,223,Louth
147003,,,,,,,,0,0,0,0,0,peak,pt,105,Louth
147004,,,,,,,,0,0,0,0,0,peak,pt,42,Louth
147005,,,,,,,,0,0,0,0,0,peak,pt,61,Louth
147006,56.0,122.0,184.0,56.0,Dundalk IT,DkIT,127.0,0,0,1,1,1,peak,pt,57,Louth
147007,,,,,,,,0,0,0,0,0,peak,pt,51,Louth
147008,,,,,,,,0,0,0,0,0,peak,pt,194,Louth
147009,148.0,235.0,,148.0,Dundalk IT,DkIT,280.0,0,0,0,0,0,peak,pt,165,Louth
147010,,,,,,,,0,0,0,0,0,peak,pt,36,Louth
147011,95.0,122.0,186.0,95.0,Dundalk IT,DkIT,190.0,0,0,0,0,0,peak,pt,101,Louth
147012,,,,,,,,0,0,0,0,0,peak,pt,37,Louth
147013,,,,,,,,0,0,0,0,0,peak,pt,11,Louth
147014,80.0,83.0,141.0,80.0,Dundalk IT,DkIT,152.0,0,0,0,0,2,peak,pt,331,Louth
147015,,,,,,,,0,0,0,0,0,peak,pt,35,Louth
147016,73.0,126.0,190.0,73.0,Dundalk IT,DkIT,181.0,0,0,0,1,1,peak,pt,100,Louth
147017,,,,,,,,0,0,0,0,0,peak,pt,80,Louth
147018,,,,,,,,0,0,0,0,0,peak,pt,79,Louth
147019,19.0,108.0,167.0,19.0,Dundalk IT,DkIT,38.0,1,1,1,1,1,peak,pt,903,Louth
147020,22.0,98.0,156.0,22.0,Dundalk IT,DkIT,44.0,1,1,1,1,1,peak,pt,43,Louth
147021,109.0,180.0,219.0,109.0,Dundalk IT,DkIT,253.0,0,0,0,0,0,peak,pt,147,Louth
147022,,,,,,,,0,0,0,0,0,peak,pt,68,Louth
147023,,,,,,,,0,0,0,0,0,peak,pt,42,Louth
147024,,,,,,,,0,0,0,0,0,peak,pt,74,Louth
147025,49.0,120.0,182.0,49.0,Dundalk IT,DkIT,149.0,0,0,1,1,1,peak,pt,335,Louth
147026,,,,,,,,0,0,0,0,0,peak,pt,92,Louth
147027,,,,,,,,0,0,0,0,0,peak,pt,60,Louth
147028,67.0,143.0,,67.0,Dundalk IT,DkIT,129.0,0,0,0,1,1,peak,pt,82,Louth
147029,,,,,,,,0,0,0,0,0,peak,pt,39,Louth
147030,,,,,,,,0,0,0,0,0,peak,pt,63,Louth
147031,,,,,,,,0,0,0,0,0,peak,pt,127,Louth
147032,,,,,,,,0,0,0,0,0,peak,pt,59,Louth
147033,,,,,,,,0,0,0,0,0,peak,pt,55,Louth
147034,74.0,75.0,135.0,74.0,Dundalk IT,DkIT,141.0,0,0,0,2,5,peak,pt,261,Louth
147035,86.0,97.0,164.0,86.0,Dundalk IT,DkIT,166.0,0,0,0,0,1,peak,pt,637,Louth
147036,,,,,,,,0,0,0,0,0,peak,pt,35,Louth
147037,,,,,,,,0,0,0,0,0,peak,pt,39,Louth
147038,135.0,222.0,,135.0,Dundalk IT,DkIT,269.0,0,0,0,0,0,peak,pt,177,Louth
147039,77.0,89.0,138.0,77.0,Dundalk IT,DkIT,157.0,0,0,0,0,2,peak,pt,134,Louth
147040,18.0,105.0,162.0,18.0,Dundalk IT,DkIT,36.0,1,1,1,1,1,peak,pt,55,Louth
147041,15.0,107.0,166.0,15.0,Dundalk IT,DkIT,30.0,1,1,1,1,1,peak,pt,33,Louth
147042,11.0,104.0,165.0,11.0,Dundalk IT,DkIT,22.0,1,1,1,1,1,peak,pt,220,Louth
147043,73.0,82.0,137.0,73.0,Dundalk IT,DkIT,147.0,0,0,0,1,4,peak,pt,375,Louth
167001,,,,,,,,0,0,0,0,0,peak,pt,25,Meath
167002,,,,,,,,0,0,0,0,0,peak,pt,107,Meath
167003,,,,,,,,0,0,0,0,0,peak,pt,83,Meath
167004,,,,,,,,0,0,0,0,0,peak,pt,52,Meath
167005,89.0,89.0,89.0,173.0,Maynooth University,MU,171.0,0,0,0,0,1,peak,pt,27,Meath
167006,118.0,118.0,144.0,224.0,TU Dublin Blanchardstown,TU Dublin,192.0,0,0,0,0,0,peak,pt,103,Meath
167007,203.0,203.0,,,TU Dublin Blanchardstown,TU Dublin,405.0,0,0,0,0,0,peak,pt,17,Meath
167008,,,,,,,,0,0,0,0,0,peak,pt,25,Meath
167009,,,,,,,,0,0,0,0,0,peak,pt,24,Meath
167010,,,,,,,,0,0,0,0,0,peak,pt,30,Meath
167011,127.0,127.0,180.0,206.0,TU Dublin Blanchardstown,TU Dublin,227.0,0,0,0,0,0,peak,pt,65,Meath
167012,,,,,,,,0,0,0,0,0,peak,pt,15,Meath
167013,,,,,,,,0,0,0,0,0,peak,pt,16,Meath
167014,,,,,,,,0,0,0,0,0,peak,pt,19,Meath
167015,,,,,,,,0,0,0,0,0,peak,pt,24,Meath
167016,,,,,,,,0,0,0,0,0,peak,pt,17,Meath
167017,80.0,80.0,80.0,180.0,Maynooth University,MU,183.0,0,0,0,0,1,peak,pt,137,Meath
167018,,,,,,,,0,0,0,0,0,peak,pt,47,Meath
167019,,,,,,,,0,0,0,0,0,peak,pt,22,Meath
167020,,,,,,,,0,0,0,0,0,peak,pt,28,Meath
167021,205.0,205.0,,,TU Dublin Blanchardstown,TU Dublin,415.0,0,0,0,0,0,peak,pt,26,Meath
167022,,,,,,,,0,0,0,0,0,peak,pt,11,Meath
167023,,,,,,,,0,0,0,0,0,peak,pt,17,Meath
167024,,,,,,,,0,0,0,0,0,peak,pt,40,Meath
167025,66.0,66.0,95.0,158.0,DCU Glasnevin,DCU,128.0,0,0,0,3,7,peak,pt,512,Meath
167026,,,,,,,,0,0,0,0,0,peak,pt,97,Meath
167027,108.0,161.0,,108.0,Dundalk IT,DkIT,271.0,0,0,0,0,0,peak,pt,23,Meath
167028,102.0,110.0,161.0,102.0,Dundalk IT,DkIT,198.0,0,0,0,0,0,peak,pt,303,Meath
167029,37.0,37.0,74.0,164.0,TU Dublin Blanchardstown,TU Dublin,69.0,0,1,1,4,8,peak,pt,416,Meath
167030,51.0,51.0,91.0,170.0,TU Dublin Blanchardstown,TU Dublin,91.0,0,0,1,2,7,peak,pt,283,Meath
167031,,,,,,,,0,0,0,0,0,peak,pt,44,Meath
167032,78.0,78.0,122.0,192.0,TU Dublin Blanchardstown,TU Dublin,134.0,0,0,0,0,1,peak,pt,25,Meath
167033,,,,,,,,0,0,0,0,0,peak,pt,20,Meath
167034,,,,,,,,0,0,0,0,0,peak,pt,33,Meath
167035,139.0,139.0,165.0,,TU Dublin Blanchardstown,TU Dublin,236.0,0,0,0,0,0,peak,pt,16,Meath
167036,,,,,,,,0,0,0,0,0,peak,pt,13,Meath
167037,48.0,48.0,48.0,172.0,Maynooth University,MU,103.0,0,0,1,5,6,peak,pt,201,Meath
167038,90.0,90.0,161.0,118.0,DCU Glasnevin,DCU,168.0,0,0,0,0,2,peak,pt,556,Meath
167039,92.0,92.0,155.0,191.0,TU Dublin Blanchardstown,TU Dublin,169.0,0,0,0,0,0,peak,pt,204,Meath
167040,91.0,91.0,154.0,190.0,TU Dublin Blanchardstown,TU Dublin,168.0,0,0,0,0,0,peak,pt,96,Meath
167041,107.0,107.0,158.0,123.0,TU Dublin Grangegorman,TU Dublin,206.0,0,0,0,0,0,peak,pt,126,Meath
167042,,,,,,,,0,0,0,0,0,peak,pt,157,Meath
167043,,,,,,,,0,0,0,0,0,peak,pt,22,Meath
167044,117.0,117.0,167.0,181.0,TU Dublin Blanchardstown,TU Dublin,213.0,0,0,0,0,0,peak,pt,20,Meath
167045,166.0,166.0,172.0,,TU Dublin Blanchardstown,TU Dublin,319.0,0,0,0,0,0,peak,pt,60,Meath
167046,135.0,135.0,167.0,173.0,TU Dublin Blanchardstown,TU Dublin,244.0,0,0,0,0,0,peak,pt,121,Meath
167047,,,,,,,,0,0,0,0,0,peak,pt,14,Meath
167048,,,,,,,,0,0,0,0,0,peak,pt,41,Meath
167049,,,,,,,,0,0,0,0,0,peak,pt,13,Meath
167050,116.0,116.0,178.0,,TU Dublin Blanchardstown,TU Dublin,257.0,0,0,0,0,0,peak,pt,50,Meath
167051,,,,,,,,0,0,0,0,0,peak,pt,31,Meath
167052,146.0,146.0,,204.0,TU Dublin Blanchardstown,TU Dublin,329.0,0,0,0,0,0,peak,pt,35,Meath
167053,112.0,112.0,174.0,,TU Dublin Blanchardstown,TU Dublin,248.0,0,0,0,0,0,peak,pt,74,Meath
167054,,,,,,,,0,0,0,0,0,peak,pt,75,Meath
167055,,,,,,,,0,0,0,0,0,peak,pt,26,Meath
167056,,,,,,,,0,0,0,0,0,peak,pt,12,Meath
167057,,,,,,,,0,0,0,0,0,peak,pt,28,Meath
167058,121.0,121.0,173.0,203.0,TU Dublin Blanchardstown,TU Dublin,213.0,0,0,0,0,0,peak,pt,27,Meath
167059,,,,,,,,0,0,0,0,0,peak,pt,12,Meath
167060,,,,,,,,0,0,0,0,0,peak,pt,34,Meath
167061,,,,,,,,0,0,0,0,0,peak,pt,31,Meath
167062,145.0,145.0,,217.0,TU Dublin Blanchardstown,TU Dublin,340.0,0,0,0,0,0,peak,pt,20,Meath
167063,,,,,,,,0,0,0,0,0,peak,pt,12,Meath
167064,122.0,122.0,,211.0,TU Dublin Blanchardstown,TU Dublin,327.0,0,0,0,0,0,peak,pt,7,Meath
167065,75.0,75.0,130.0,168.0,TU Dublin Blanchardstown,TU Dublin,140.0,0,0,0,1,1,peak,pt,1576,Meath
167066,70.0,70.0,122.0,127.0,TU Dublin Blanchardstown,TU Dublin,126.0,0,0,0,1,1,peak,pt,94,Meath
167067,,,,,,,,0,0,0,0,0,peak,pt,13,Meath
167068,128.0,128.0,,208.0,TU Dublin Blanchardstown,TU Dublin,343.0,0,0,0,0,0,peak,pt,40,Meath
167069,129.0,129.0,,199.0,TU Dublin Blanchardstown,TU Dublin,229.0,0,0,0,0,0,peak,pt,31,Meath
167070,206.0,206.0,,,TU Dublin Blanchardstown,TU Dublin,388.0,0,0,0,0,0,peak,pt,103,Meath
167071,108.0,108.0,155.0,186.0,Trinity College Dublin,TCD,216.0,0,0,0,0,0,peak,pt,52,Meath
167072,,,,,,,,0,0,0,0,0,peak,pt,10,Meath
167073,,,,,,,,0,0,0,0,0,peak,pt,21,Meath
167074,,,,,,,,0,0,0,0,0,peak,pt,49,Meath
167075,,,,,,,,0,0,0,0,0,peak,pt,26,Meath
167076,,,,,,,,0,0,0,0,0,peak,pt,52,Meath
167077,,,,,,,,0,0,0,0,0,peak,pt,50,Meath
167078,63.0,63.0,75.0,171.0,TU Dublin Blanchardstown,TU Dublin,119.0,0,0,0,2,6,peak,pt,707,Meath
167079,,,,,,,,0,0,0,0,0,peak,pt,54,Meath
167080,,,,,,,,0,0,0,0,0,peak,pt,75,Meath
167081,108.0,108.0,149.0,114.0,Trinity College Dublin,TCD,206.0,0,0,0,0,0,peak,pt,59,Meath
167082,90.0,90.0,153.0,101.0,DCU Glasnevin,DCU,170.0,0,0,0,0,2,peak,pt,734,Meath
167083,,,,,,,,0,0,0,0,0,peak,pt,32,Meath
167084,,,,,,,,0,0,0,0,0,peak,pt,18,Meath
167085,88.0,88.0,154.0,135.0,Trinity College Dublin,TCD,170.0,0,0,0,0,2,peak,pt,329,Meath
167086,,,,,,,,0,0,0,0,0,peak,pt,6,Meath
167087,61.0,61.0,61.0,,Maynooth University,MU,115.0,0,0,0,1,1,peak,pt,72,Meath
167088,90.0,90.0,141.0,191.0,TU Dublin Blanchardstown,TU Dublin,152.0,0,0,0,0,1,peak,pt,39,Meath
167089,,,,,,,,0,0,0,0,0,peak,pt,32,Meath
167090,72.0,72.0,72.0,173.0,Maynooth University,MU,137.0,0,0,0,1,2,peak,pt,396,Meath
167091,76.0,76.0,76.0,173.0,Maynooth University,MU,158.0,0,0,0,0,1,peak,pt,32,Meath
167092,,,,,,,,0,0,0,0,0,peak,pt,15,Meath
177001,,,,,,,,0,0,0,0,0,peak,pt,22,Monaghan
177002,,,,,,,,0,0,0,0,0,peak,pt,63,Monaghan
177003,,,,,,,,0,0,0,0,0,peak,pt,24,Monaghan
177004,,,,,,,,0,0,0,0,0,peak,pt,12,Monaghan
177005,,,,,,,,0,0,0,0,0,peak,pt,68,Monaghan
177006,,,,,,,,0,0,0,0,0,peak,pt,9,Monaghan
177007,,,,,,,,0,0,0,0,0,peak,pt,56,Monaghan
177008,,,,,,,,0,0,0,0,0,peak,pt,63,Monaghan
177009,,,,,,,,0,0,0,0,0,peak,pt,16,Monaghan
177010,,,,,,,,0,0,0,0,0,peak,pt,27,Monaghan
177011,,,,,,,,0,0,0,0,0,peak,pt,14,Monaghan
177012,,,,,,,,0,0,0,0,0,peak,pt,46,Monaghan
177013,,,,,,,,0,0,0,0,0,peak,pt,28,Monaghan
177014,,,,,,,,0,0,0,0,0,peak,pt,22,Monaghan
177015,,,,,,,,0,0,0,0,0,peak,pt,20,Monaghan
177016,87.0,140.0,179.0,87.0,Dundalk IT,DkIT,194.0,0,0,0,0,1,peak,pt,212,Monaghan
177017,82.0,135.0,174.0,82.0,Dundalk IT,DkIT,184.0,0,0,0,0,1,peak,pt,89,Monaghan
177018,100.0,141.0,196.0,100.0,Dundalk IT,DkIT,240.0,0,0,0,0,0,peak,pt,26,Monaghan
177019,117.0,146.0,,117.0,Dundalk IT,DkIT,268.0,0,0,0,0,0,peak,pt,160,Monaghan
177020,,,,,,,,0,0,0,0,0,peak,pt,49,Monaghan
177021,,,,,,,,0,0,0,0,0,peak,pt,31,Monaghan
177022,,,,,,,,0,0,0,0,0,peak,pt,24,Monaghan
177023,,,,,,,,0,0,0,0,0,peak,pt,42,Monaghan
177024,,,,,,,,0,0,0,0,0,peak,pt,18,Monaghan
177025,218.0,,,218.0,Dundalk IT,DkIT,416.0,0,0,0,0,0,peak,pt,31,Monaghan
177026,,,,,,,,0,0,0,0,0,peak,pt,17,Monaghan
177027,,,,,,,,0,0,0,0,0,peak,pt,17,Monaghan
177028,,,,,,,,0,0,0,0,0,peak,pt,29,Monaghan
177029,,,,,,,,0,0,0,0,0,peak,pt,55,Monaghan
177030,,,,,,,,0,0,0,0,0,peak,pt,28,Monaghan
177031,,,,,,,,0,0,0,0,0,peak,pt,30,Monaghan
177032,,,,,,,,0,0,0,0,0,peak,pt,35,Monaghan
177033,,,,,,,,0,0,0,0,0,peak,pt,9,Monaghan
177034,,,,,,,,0,0,0,0,0,peak,pt,34,Monaghan
177035,,,,,,,,0,0,0,0,0,peak,pt,14,Monaghan
177036,,,,,,,,0,0,0,0,0,peak,pt,31,Monaghan
177037,,,,,,,,0,0,0,0,0,peak,pt,26,Monaghan
177038,,,,,,,,0,0,0,0,0,peak,pt,38,Monaghan
177039,,,,,,,,0,0,0,0,0,peak,pt,34,Monaghan
177040,,,,,,,,0,0,0,0,0,peak,pt,5,Monaghan
177041,,,,,,,,0,0,0,0,0,peak,pt,44,Monaghan
177042,233.0,,,233.0,Dundalk IT,DkIT,450.0,0,0,0,0,0,peak,pt,49,Monaghan
177043,,,,,,,,0,0,0,0,0,peak,pt,18,Monaghan
177044,,,,,,,,0,0,0,0,0,peak,pt,26,Monaghan
177045,,,,,,,,0,0,0,0,0,peak,pt,27,Monaghan
177046,,,,,,,,0,0,0,0,0,peak,pt,24,Monaghan
177047,,,,,,,,0,0,0,0,0,peak,pt,17,Monaghan
177048,,,,,,,,0,0,0,0,0,peak,pt,49,Monaghan
177049,,,,,,,,0,0,0,0,0,peak,pt,14,Monaghan
177050,,,,,,,,0,0,0,0,0,peak,pt,23,Monaghan
177052,,,,,,,,0,0,0,0,0,peak,pt,24,Monaghan
177053,,,,,,,,0,0,0,0,0,peak,pt,38,Monaghan
177054,,,,,,,,0,0,0,0,0,peak,pt,28,Monaghan
177055,,,,,,,,0,0,0,0,0,peak,pt,30,Monaghan
177056,,,,,,,,0,0,0,0,0,peak,pt,26,Monaghan
177057,,,,,,,,0,0,0,0,0,peak,pt,32,Monaghan
177058,162.0,162.0,,177.0,DCU Glasnevin,DCU,348.0,0,0,0,0,0,peak,pt,288,Monaghan
177059,153.0,153.0,,156.0,DCU Glasnevin,DCU,324.0,0,0,0,0,0,peak,pt,53,Monaghan
177060,,,,,,,,0,0,0,0,0,peak,pt,12,Monaghan
177061,,,,,,,,0,0,0,0,0,peak,pt,39,Monaghan
177062,,,,,,,,0,0,0,0,0,peak,pt,43,Monaghan
177063,,,,,,,,0,0,0,0,0,peak,pt,11,Monaghan
177064,,,,,,,,0,0,0,0,0,peak,pt,60,Monaghan
177065,,,,,,,,0,0,0,0,0,peak,pt,9,Monaghan
177066,,,,,,,,0,0,0,0,0,peak,pt,39,Monaghan
177067,,,,,,,,0,0,0,0,0,peak,pt,15,Monaghan
177068,,,,,,,,0,0,0,0,0,peak,pt,42,Monaghan
177069,,,,,,,,0,0,0,0,0,peak,pt,45,Monaghan
177070,,,,,,,,0,0,0,0,0,peak,pt,30,Monaghan
187001,,,,,,,,0,0,0,0,0,peak,pt,6,Offaly
187003,,,,,,,,0,0,0,0,0,peak,pt,7,Offaly
187004,175.0,175.0,175.0,,Maynooth University,MU,293.0,0,0,0,0,0,peak,pt,56,Offaly
187005,,,,,,,,0,0,0,0,0,peak,pt,21,Offaly
187006,164.0,170.0,196.0,172.0,NCAD (Thomas St),NCAD,394.0,0,0,0,0,0,peak,pt,35,Offaly
187007,175.0,175.0,175.0,,Maynooth University,MU,296.0,0,0,0,0,0,peak,pt,32,Offaly
187008,,,,,,,,0,0,0,0,0,peak,pt,19,Offaly
187009,184.0,184.0,,184.0,TUS Athlone,TUS,415.0,0,0,0,0,0,peak,pt,92,Offaly
187010,,,,,,,,0,0,0,0,0,peak,pt,7,Offaly
187011,,,,,,,,0,0,0,0,0,peak,pt,23,Offaly
187012,163.0,172.0,,172.0,NCAD (Thomas St),NCAD,394.0,0,0,0,0,0,peak,pt,27,Offaly
187013,150.0,172.0,,172.0,NCAD (Thomas St),NCAD,380.0,0,0,0,0,0,peak,pt,185,Offaly
187014,,,,,,,,0,0,0,0,0,peak,pt,49,Offaly
187015,,,,,,,,0,0,0,0,0,peak,pt,5,Offaly
187016,,,,,,,,0,0,0,0,0,peak,pt,9,Offaly
187017,,,,,,,,0,0,0,0,0,peak,pt,88,Offaly
187018,62.0,62.0,186.0,62.0,TUS Athlone,TUS,183.0,0,0,0,1,1,peak,pt,181,Offaly
187019,176.0,176.0,,176.0,TUS Athlone,TUS,403.0,0,0,0,0,0,peak,pt,36,Offaly
187020,,,,,,,,0,0,0,0,0,peak,pt,38,Offaly
187021,,,,,,,,0,0,0,0,0,peak,pt,12,Offaly
187022,,,,,,,,0,0,0,0,0,peak,pt,17,Offaly
187023,,,,,,,,0,0,0,0,0,peak,pt,35,Offaly
187024,,,,,,,,0,0,0,0,0,peak,pt,28,Offaly
187025,,,,,,,,0,0,0,0,0,peak,pt,21,Offaly
187026,175.0,175.0,175.0,,Maynooth University,MU,305.0,0,0,0,0,0,peak,pt,49,Offaly
187027,,,,,,,,0,0,0,0,0,peak,pt,8,Offaly
187028,,,,,,,,0,0,0,0,0,peak,pt,16,Offaly
187029,,,,,,,,0,0,0,0,0,peak,pt,14,Offaly
187030,,,,,,,,0,0,0,0,0,peak,pt,17,Offaly
187031,,,,,,,,0,0,0,0,0,peak,pt,22,Offaly
187032,,,,,,,,0,0,0,0,0,peak,pt,24,Offaly
187033,,,,,,,,0,0,0,0,0,peak,pt,18,Offaly
187034,,,,,,,,0,0,0,0,0,peak,pt,34,Offaly
187035,,,,,,,,0,0,0,0,0,peak,pt,47,Offaly
187036,138.0,138.0,138.0,,Maynooth University,MU,229.0,0,0,0,0,0,peak,pt,373,Offaly
187037,,,,,,,,0,0,0,0,0,peak,pt,4,Offaly
187039,,,,,,,,0,0,0,0,0,peak,pt,16,Offaly
187040,,,,,,,,0,0,0,0,0,peak,pt,49,Offaly
187041,,,,,,,,0,0,0,0,0,peak,pt,29,Offaly
187042,,,,,,,,0,0,0,0,0,peak,pt,55,Offaly
187043,,,,,,,,0,0,0,0,0,peak,pt,13,Offaly
187044,153.0,153.0,,153.0,TUS Athlone,TUS,268.0,0,0,0,0,0,peak,pt,23,Offaly
187045,,,,,,,,0,0,0,0,0,peak,pt,26,Offaly
187046,,,,,,,,0,0,0,0,0,peak,pt,6,Offaly
187047,,,,,,,,0,0,0,0,0,peak,pt,17,Offaly
187048,,,,,,,,0,0,0,0,0,peak,pt,26,Offaly
187049,,,,,,,,0,0,0,0,0,peak,pt,21,Offaly
187050,,,,,,,,0,0,0,0,0,peak,pt,55,Offaly
187051,,,,,,,,0,0,0,0,0,peak,pt,20,Offaly
187052,,,,,,,,0,0,0,0,0,peak,pt,67,Offaly
187053,,,,,,,,0,0,0,0,0,peak,pt,11,Offaly
187054,,,,,,,,0,0,0,0,0,peak,pt,26,Offaly
187055,,,,,,,,0,0,0,0,0,peak,pt,12,Offaly
187056,,,,,,,,0,0,0,0,0,peak,pt,13,Offaly
187057,,,,,,,,0,0,0,0,0,peak,pt,11,Offaly
187058,,,,,,,,0,0,0,0,0,peak,pt,11,Offaly
187059,,,,,,,,0,0,0,0,0,peak,pt,20,Offaly
187060,,,,,,,,0,0,0,0,0,peak,pt,6,Offaly
187061,225.0,225.0,,225.0,TUS Athlone,TUS,450.0,0,0,0,0,0,peak,pt,11,Offaly
187062,,,,,,,,0,0,0,0,0,peak,pt,22,Offaly
187063,,,,,,,,0,0,0,0,0,peak,pt,41,Offaly
187064,,,,,,,,0,0,0,0,0,peak,pt,15,Offaly
187065,,,,,,,,0,0,0,0,0,peak,pt,13,Offaly
187066,,,,,,,,0,0,0,0,0,peak,pt,99,Offaly
187067,,,,,,,,0,0,0,0,0,peak,pt,23,Offaly
187068,,,,,,,,0,0,0,0,0,peak,pt,7,Offaly
187069,134.0,143.0,157.0,158.0,NCAD (Thomas St),NCAD,262.0,0,0,0,0,0,peak,pt,85,Offaly
187070,,,,,,,,0,0,0,0,0,peak,pt,35,Offaly
187071,,,,,,,,0,0,0,0,0,peak,pt,16,Offaly
187072,,,,,,,,0,0,0,0,0,peak,pt,26,Offaly
187073,,,,,,,,0,0,0,0,0,peak,pt,22,Offaly
187074,,,,,,,,0,0,0,0,0,peak,pt,11,Offaly
187075,,,,,,,,0,0,0,0,0,peak,pt,75,Offaly
187076,,,,,,,,0,0,0,0,0,peak,pt,15,Offaly
187077,,,,,,,,0,0,0,0,0,peak,pt,8,Offaly
187078,,,,,,,,0,0,0,0,0,peak,pt,14,Offaly
187079,,,,,,,,0,0,0,0,0,peak,pt,44,Offaly
187080,172.0,172.0,238.0,172.0,TUS Athlone,TUS,364.0,0,0,0,0,0,peak,pt,33,Offaly
187081,,,,,,,,0,0,0,0,0,peak,pt,26,Offaly
187082,,,,,,,,0,0,0,0,0,peak,pt,7,Offaly
187083,,,,,,,,0,0,0,0,0,peak,pt,18,Offaly
187084,,,,,,,,0,0,0,0,0,peak,pt,25,Offaly
187085,,,,,,,,0,0,0,0,0,peak,pt,5,Offaly
187086,93.0,93.0,171.0,93.0,TUS Athlone,TUS,230.0,0,0,0,0,0,peak,pt,131,Offaly
187087,90.0,90.0,170.0,90.0,TUS Athlone,TUS,223.0,0,0,0,0,1,peak,pt,423,Offaly
237001,,,,,,,,0,0,0,0,0,peak,pt,19,Westmeath
237002,,,,,,,,0,0,0,0,0,peak,pt,20,Westmeath
237003,5.0,5.0,171.0,5.0,TUS Athlone,TUS,10.0,1,1,1,1,1,peak,pt,123,Westmeath
237004,21.0,21.0,171.0,21.0,TUS Athlone,TUS,42.0,1,1,1,1,1,peak,pt,296,Westmeath
237005,20.0,20.0,171.0,20.0,TUS Athlone,TUS,40.0,1,1,1,1,1,peak,pt,94,Westmeath
237006,,,,,,,,0,0,0,0,0,peak,pt,38,Westmeath
237007,109.0,109.0,109.0,224.0,Maynooth University,MU,217.0,0,0,0,0,0,peak,pt,71,Westmeath
237008,,,,,,,,0,0,0,0,0,peak,pt,6,Westmeath
237009,,,,,,,,0,0,0,0,0,peak,pt,12,Westmeath
237010,,,,,,,,0,0,0,0,0,peak,pt,7,Westmeath
237011,,,,,,,,0,0,0,0,0,peak,pt,12,Westmeath
237012,,,,,,,,0,0,0,0,0,peak,pt,39,Westmeath
237013,204.0,204.0,204.0,,Maynooth University,MU,353.0,0,0,0,0,0,peak,pt,26,Westmeath
237014,,,,,,,,0,0,0,0,0,peak,pt,14,Westmeath
237015,,,,,,,,0,0,0,0,0,peak,pt,22,Westmeath
237016,,,,,,,,0,0,0,0,0,peak,pt,29,Westmeath
237017,,,,,,,,0,0,0,0,0,peak,pt,18,Westmeath
237018,,,,,,,,0,0,0,0,0,peak,pt,17,Westmeath
237019,,,,,,,,0,0,0,0,0,peak,pt,13,Westmeath
237020,,,,,,,,0,0,0,0,0,peak,pt,35,Westmeath
237021,,,,,,,,0,0,0,0,0,peak,pt,15,Westmeath
237022,113.0,113.0,113.0,173.0,Maynooth University,MU,202.0,0,0,0,0,0,peak,pt,41,Westmeath
237023,,,,,,,,0,0,0,0,0,peak,pt,32,Westmeath
237024,144.0,150.0,155.0,155.0,NCAD (Thomas St),NCAD,273.0,0,0,0,0,0,peak,pt,88,Westmeath
237025,,,,,,,,0,0,0,0,0,peak,pt,39,Westmeath
237026,,,,,,,,0,0,0,0,0,peak,pt,22,Westmeath
237027,,,,,,,,0,0,0,0,0,peak,pt,28,Westmeath
237028,,,,,,,,0,0,0,0,0,peak,pt,26,Westmeath
237029,164.0,167.0,175.0,167.0,NCAD (Thomas St),NCAD,297.0,0,0,0,0,0,peak,pt,33,Westmeath
237030,,,,,,,,0,0,0,0,0,peak,pt,21,Westmeath
237031,175.0,175.0,,,TU Dublin Blanchardstown,TU Dublin,324.0,0,0,0,0,0,peak,pt,25,Westmeath
237032,175.0,175.0,,,TU Dublin Blanchardstown,TU Dublin,344.0,0,0,0,0,0,peak,pt,10,Westmeath
237033,,,,,,,,0,0,0,0,0,peak,pt,7,Westmeath
237034,,,,,,,,0,0,0,0,0,peak,pt,5,Westmeath
237035,174.0,174.0,,,TU Dublin Blanchardstown,TU Dublin,271.0,0,0,0,0,0,peak,pt,44,Westmeath
237036,,,,,,,,0,0,0,0,0,peak,pt,17,Westmeath
237037,,,,,,,,0,0,0,0,0,peak,pt,18,Westmeath
237038,68.0,68.0,195.0,68.0,TUS Athlone,TUS,275.0,0,0,0,1,1,peak,pt,14,Westmeath
237039,231.0,231.0,231.0,,Maynooth University,MU,377.0,0,0,0,0,0,peak,pt,13,Westmeath
237040,,,,,,,,0,0,0,0,0,peak,pt,7,Westmeath
237041,,,,,,,,0,0,0,0,0,peak,pt,23,Westmeath
237042,,,,,,,,0,0,0,0,0,peak,pt,17,Westmeath
237043,,,,,,,,0,0,0,0,0,peak,pt,10,Westmeath
237044,,,,,,,,0,0,0,0,0,peak,pt,14,Westmeath
237045,,,,,,,,0,0,0,0,0,peak,pt,21,Westmeath
237046,,,,,,,,0,0,0,0,0,peak,pt,15,Westmeath
237047,70.0,70.0,194.0,70.0,TUS Athlone,TUS,173.0,0,0,0,1,1,peak,pt,14,Westmeath
237048,,,,,,,,0,0,0,0,0,peak,pt,8,Westmeath
237049,,,,,,,,0,0,0,0,0,peak,pt,8,Westmeath
237050,,,,,,,,0,0,0,0,0,peak,pt,11,Westmeath
237051,,,,,,,,0,0,0,0,0,peak,pt,29,Westmeath
237052,,,,,,,,0,0,0,0,0,peak,pt,31,Westmeath
237053,,,,,,,,0,0,0,0,0,peak,pt,13,Westmeath
237054,177.0,177.0,,177.0,TUS Athlone,TUS,319.0,0,0,0,0,0,peak,pt,13,Westmeath
237055,227.0,227.0,227.0,,Maynooth University,MU,361.0,0,0,0,0,0,peak,pt,25,Westmeath
237056,,,,,,,,0,0,0,0,0,peak,pt,22,Westmeath
237057,,,,,,,,0,0,0,0,0,peak,pt,8,Westmeath
237058,86.0,86.0,166.0,86.0,TUS Athlone,TUS,183.0,0,0,0,0,1,peak,pt,73,Westmeath
237059,,,,,,,,0,0,0,0,0,peak,pt,33,Westmeath
237060,175.0,175.0,,,TU Dublin Blanchardstown,TU Dublin,343.0,0,0,0,0,0,peak,pt,8,Westmeath
237061,,,,,,,,0,0,0,0,0,peak,pt,15,Westmeath
237062,,,,,,,,0,0,0,0,0,peak,pt,18,Westmeath
237063,,,,,,,,0,0,0,0,0,peak,pt,19,Westmeath
237064,218.0,218.0,,,TU Dublin Blanchardstown,TU Dublin,335.0,0,0,0,0,0,peak,pt,52,Westmeath
237065,173.0,173.0,173.0,173.0,Maynooth University,MU,275.0,0,0,0,0,0,peak,pt,82,Westmeath
237066,,,,,,,,0,0,0,0,0,peak,pt,28,Westmeath
237067,,,,,,,,0,0,0,0,0,peak,pt,7,Westmeath
237068,71.0,71.0,71.0,160.0,Maynooth University,MU,148.0,0,0,0,1,1,peak,pt,166,Westmeath
237069,175.0,175.0,,,TU Dublin Blanchardstown,TU Dublin,325.0,0,0,0,0,0,peak,pt,73,Westmeath
237070,,,,,,,,0,0,0,0,0,peak,pt,7,Westmeath
237071,,,,,,,,0,0,0,0,0,peak,pt,25,Westmeath
237072,,,,,,,,0,0,0,0,0,peak,pt,7,Westmeath
237073,,,,,,,,0,0,0,0,0,peak,pt,8,Westmeath
237074,,,,,,,,0,0,0,0,0,peak,pt,12,Westmeath
237075,48.0,48.0,172.0,48.0,TUS Athlone,TUS,105.0,0,0,1,1,1,peak,pt,117,Westmeath
237076,76.0,76.0,202.0,76.0,TUS Athlone,TUS,286.0,0,0,0,0,1,peak,pt,36,Westmeath
237077,43.0,43.0,175.0,43.0,TUS Athlone,TUS,85.0,0,1,1,1,1,peak,pt,127,Westmeath
237078,,,,,,,,0,0,0,0,0,peak,pt,9,Westmeath
237079,89.0,89.0,89.0,161.0,Maynooth University,MU,172.0,0,0,0,0,1,peak,pt,544,Westmeath
237080,97.0,97.0,97.0,172.0,Maynooth University,MU,189.0,0,0,0,0,0,peak,pt,127,Westmeath
237081,,,,,,,,0,0,0,0,0,peak,pt,22,Westmeath
237082,,,,,,,,0,0,0,0,0,peak,pt,11,Westmeath
237083,,,,,,,,0,0,0,0,0,peak,pt,21,Westmeath
237084,,,,,,,,0,0,0,0,0,peak,pt,10,Westmeath
237085,,,,,,,,0,0,0,0,0,peak,pt,5,Westmeath
237086,,,,,,,,0,0,0,0,0,peak,pt,15,Westmeath
237087,173.0,173.0,175.0,173.0,TUS Athlone,TUS,283.0,0,0,0,0,0,peak,pt,30,Westmeath
237088,,,,,,,,0,0,0,0,0,peak,pt,7,Westmeath
237089,,,,,,,,0,0,0,0,0,peak,pt,19,Westmeath
237090,109.0,109.0,109.0,232.0,Maynooth University,MU,215.0,0,0,0,0,0,peak,pt,17,Westmeath
237091,173.0,173.0,175.0,173.0,TUS Athlone,TUS,287.0,0,0,0,0,0,peak,pt,36,Westmeath
237092,,,,,,,,0,0,0,0,0,peak,pt,16,Westmeath
237093,,,,,,,,0,0,0,0,0,peak,pt,25,Westmeath
237094,,,,,,,,0,0,0,0,0,peak,pt,17,Westmeath
237095,,,,,,,,0,0,0,0,0,peak,pt,12,Westmeath
237096,,,,,,,,0,0,0,0,0,peak,pt,12,Westmeath
237097,,,,,,,,0,0,0,0,0,peak,pt,23,Westmeath
237098,,,,,,,,0,0,0,0,0,peak,pt,9,Westmeath
237099,,,,,,,,0,0,0,0,0,peak,pt,25,Westmeath
237100,,,,,,,,0,0,0,0,0,peak,pt,10,Westmeath
237101,,,,,,,,0,0,0,0,0,peak,pt,32,Westmeath
237102,,,,,,,,0,0,0,0,0,peak,pt,22,Westmeath
237103,,,,,,,,0,0,0,0,0,peak,pt,12,Westmeath
237104,,,,,,,,0,0,0,0,0,peak,pt,6,Westmeath
237105,,,,,,,,0,0,0,0,0,peak,pt,11,Westmeath
237106,95.0,95.0,95.0,167.0,Maynooth University,MU,183.0,0,0,0,0,0,peak,pt,211,Westmeath
257001,,,,,,,,0,0,0,0,0,peak,pt,13,Wicklow
257002,,,,,,,,0,0,0,0,0,peak,pt,11,Wicklow
257003,,,,,,,,0,0,0,0,0,peak,pt,63,Wicklow
257004,98.0,98.0,182.0,,UCD Belfield,UCD,200.0,0,0,0,0,0,peak,pt,475,Wicklow
257005,199.0,199.0,,,UCD Belfield,UCD,386.0,0,0,0,0,0,peak,pt,117,Wicklow
257006,,,,,,,,0,0,0,0,0,peak,pt,30,Wicklow
257007,,,,,,,,0,0,0,0,0,peak,pt,21,Wicklow
257008,,,,,,,,0,0,0,0,0,peak,pt,27,Wicklow
257009,,,,,,,,0,0,0,0,0,peak,pt,14,Wicklow
257010,,,,,,,,0,0,0,0,0,peak,pt,5,Wicklow
257011,,,,,,,,0,0,0,0,0,peak,pt,5,Wicklow
257012,,,,,,,,0,0,0,0,0,peak,pt,46,Wicklow
257013,,,,,,,,0,0,0,0,0,peak,pt,7,Wicklow
257014,,,,,,,,0,0,0,0,0,peak,pt,14,Wicklow
257015,,,,,,,,0,0,0,0,0,peak,pt,109,Wicklow
257016,109.0,109.0,141.0,,TU Dublin Tallaght,TU Dublin,188.0,0,0,0,0,0,peak,pt,216,Wicklow
257017,60.0,60.0,130.0,182.0,UCD Belfield,UCD,123.0,0,0,1,2,4,peak,pt,199,Wicklow
257018,148.0,148.0,181.0,,TU Dublin Tallaght,TU Dublin,386.0,0,0,0,0,0,peak,pt,27,Wicklow
257019,138.0,138.0,,,TU Dublin Tallaght,TU Dublin,217.0,0,0,0,0,0,peak,pt,109,Wicklow
257020,,,,,,,,0,0,0,0,0,peak,pt,10,Wicklow
257021,,,,,,,,0,0,0,0,0,peak,pt,88,Wicklow
257022,199.0,199.0,,,UCD Belfield,UCD,425.0,0,0,0,0,0,peak,pt,11,Wicklow
257023,,,,,,,,0,0,0,0,0,peak,pt,23,Wicklow
257024,,,,,,,,0,0,0,0,0,peak,pt,19,Wicklow
257025,,,,,,,,0,0,0,0,0,peak,pt,22,Wicklow
257026,,,,,,,,0,0,0,0,0,peak,pt,5,Wicklow
257027,78.0,78.0,160.0,206.0,UCD Belfield,UCD,160.0,0,0,0,0,2,peak,pt,338,Wicklow
257028,,,,,,,,0,0,0,0,0,peak,pt,22,Wicklow
257029,,,,,,,,0,0,0,0,0,peak,pt,28,Wicklow
257030,,,,,,,,0,0,0,0,0,peak,pt,28,Wicklow
257031,127.0,127.0,206.0,,UCD Belfield,UCD,258.0,0,0,0,0,0,peak,pt,30,Wicklow
257032,,,,,,,,0,0,0,0,0,peak,pt,18,Wicklow
257033,,,,,,,,0,0,0,0,0,peak,pt,70,Wicklow
257034,,,,,,,,0,0,0,0,0,peak,pt,8,Wicklow
257035,,,,,,,,0,0,0,0,0,peak,pt,16,Wicklow
257036,90.0,90.0,159.0,197.0,UCD Belfield,UCD,184.0,0,0,0,0,1,peak,pt,126,Wicklow
257037,,,,,,,,0,0,0,0,0,peak,pt,17,Wicklow
257038,,,,,,,,0,0,0,0,0,peak,pt,135,Wicklow
257039,75.0,75.0,145.0,193.0,UCD Belfield,UCD,153.0,0,0,0,1,3,peak,pt,333,Wicklow
257040,,,,,,,,0,0,0,0,0,peak,pt,17,Wicklow
257041,,,,,,,,0,0,0,0,0,peak,pt,40,Wicklow
257042,,,,,,,,0,0,0,0,0,peak,pt,8,Wicklow
257043,,,,,,,,0,0,0,0,0,peak,pt,7,Wicklow
257044,,,,,,,,0,0,0,0,0,peak,pt,3,Wicklow
257045,199.0,199.0,,,UCD Belfield,UCD,395.0,0,0,0,0,0,peak,pt,14,Wicklow
257046,119.0,119.0,152.0,,TU Dublin Tallaght,TU Dublin,191.0,0,0,0,0,0,peak,pt,22,Wicklow
257047,126.0,126.0,200.0,,UCD Belfield,UCD,236.0,0,0,0,0,0,peak,pt,30,Wicklow
257048,91.0,91.0,152.0,203.0,IADT Dun Laoghaire,IADT,181.0,0,0,0,0,0,peak,pt,511,Wicklow
257049,226.0,226.0,,,UCD Belfield,UCD,447.0,0,0,0,0,0,peak,pt,15,Wicklow
257050,143.0,143.0,213.0,,UCD Belfield,UCD,341.0,0,0,0,0,0,peak,pt,60,Wicklow
257051,55.0,55.0,138.0,184.0,UCD Belfield,UCD,120.0,0,0,1,2,4,peak,pt,664,Wicklow
257052,,,,,,,,0,0,0,0,0,peak,pt,19,Wicklow
257053,,,,,,,,0,0,0,0,0,peak,pt,13,Wicklow
257054,,,,,,,,0,0,0,0,0,peak,pt,28,Wicklow
257055,,,,,,,,0,0,0,0,0,peak,pt,11,Wicklow
257056,,,,,,,,0,0,0,0,0,peak,pt,6,Wicklow
257057,,,,,,,,0,0,0,0,0,peak,pt,15,Wicklow
257058,93.0,93.0,181.0,231.0,UCD Belfield,UCD,189.0,0,0,0,0,0,peak,pt,87,Wicklow
257059,77.0,77.0,163.0,220.0,UCD Belfield,UCD,161.0,0,0,0,0,2,peak,pt,180,Wicklow
257060,,,,,,,,0,0,0,0,0,peak,pt,20,Wicklow
257061,166.0,166.0,,,UCD Belfield,UCD,346.0,0,0,0,0,0,peak,pt,26,Wicklow
257062,,,,,,,,0,0,0,0,0,peak,pt,17,Wicklow
257063,234.0,234.0,,,UCD Belfield,UCD,471.0,0,0,0,0,0,peak,pt,8,Wicklow
257064,,,,,,,,0,0,0,0,0,peak,pt,20,Wicklow
257065,132.0,132.0,206.0,,UCD Belfield,UCD,264.0,0,0,0,0,0,peak,pt,131,Wicklow
257066,,,,,,,,0,0,0,0,0,peak,pt,19,Wicklow
257067,194.0,194.0,,,UCD Belfield,UCD,403.0,0,0,0,0,0,peak,pt,33,Wicklow
257068,,,,,,,,0,0,0,0,0,peak,pt,4,Wicklow
257069,,,,,,,,0,0,0,0,0,peak,pt,18,Wicklow
257070,,,,,,,,0,0,0,0,0,peak,pt,14,Wicklow
257071,195.0,195.0,,,UCD Belfield,UCD,383.0,0,0,0,0,0,peak,pt,86,Wicklow
257072,,,,,,,,0,0,0,0,0,peak,pt,25,Wicklow
257073,,,,,,,,0,0,0,0,0,peak,pt,23,Wicklow
257074,,,,,,,,0,0,0,0,0,peak,pt,77,Wicklow
257075,,,,,,,,0,0,0,0,0,peak,pt,18,Wicklow
257076,,,,,,,,0,0,0,0,0,peak,pt,19,Wicklow
257077,109.0,109.0,195.0,,UCD Belfield,UCD,214.0,0,0,0,0,0,peak,pt,498,Wicklow
257078,99.0,99.0,185.0,,UCD Belfield,UCD,190.0,0,0,0,0,0,peak,pt,288,Wicklow
257079,98.0,98.0,183.0,,UCD Belfield,UCD,200.0,0,0,0,0,0,peak,pt,121,Wicklow
257080,51.0,51.0,129.0,178.0,UCD Belfield,UCD,102.0,0,0,2,3,7,peak,pt,51,Wicklow
257081,60.0,60.0,121.0,170.0,UCD Belfield,UCD,121.0,0,0,1,4,7,peak,pt,234,Wicklow
257082,58.0,58.0,133.0,186.0,UCD Belfield,UCD,118.0,0,0,1,2,4,peak,pt,107,Wicklow
267001,43.0,43.0,107.0,133.0,DCU Glasnevin,DCU,84.0,0,1,2,5,7,peak,pt,103,Fingal
267002,74.0,74.0,118.0,128.0,Trinity College Dublin,TCD,148.0,0,0,0,1,5,peak,pt,1077,Fingal
267003,74.0,74.0,130.0,119.0,Trinity College Dublin,TCD,143.0,0,0,0,1,6,peak,pt,349,Fingal
267004,49.0,52.0,99.0,128.0,Marino Institute of Education,Marino,94.0,0,0,2,6,7,peak,pt,285,Fingal
267005,40.0,58.0,107.0,130.0,Marino Institute of Education,Marino,75.0,0,1,2,6,6,peak,pt,210,Fingal
267006,44.0,44.0,107.0,185.0,TU Dublin Tallaght,TU Dublin,88.0,0,1,1,1,4,peak,pt,41,South Dublin
267007,47.0,54.0,106.0,157.0,RCSI (St Stephen's Green),RCSI,90.0,0,0,3,7,9,peak,pt,199,Dún Laoghaire-Rathdown
267008,46.0,53.0,104.0,156.0,RCSI (St Stephen's Green),RCSI,90.0,0,0,3,7,9,peak,pt,65,Dún Laoghaire-Rathdown
267009,41.0,48.0,104.0,155.0,RCSI (St Stephen's Green),RCSI,81.0,0,1,3,8,9,peak,pt,78,Dún Laoghaire-Rathdown
267010,51.0,58.0,107.0,161.0,RCSI (St Stephen's Green),RCSI,98.0,0,0,4,7,8,peak,pt,68,Dún Laoghaire-Rathdown
267011,36.0,43.0,100.0,155.0,RCSI (St Stephen's Green),RCSI,71.0,0,2,5,8,9,peak,pt,50,Dún Laoghaire-Rathdown
267012,42.0,49.0,106.0,156.0,RCSI (St Stephen's Green),RCSI,82.0,0,1,3,8,9,peak,pt,67,Dún Laoghaire-Rathdown
267013,47.0,47.0,107.0,162.0,TU Dublin Tallaght,TU Dublin,91.0,0,0,1,5,8,peak,pt,184,South Dublin
267014,101.0,101.0,179.0,155.0,DCU Glasnevin,DCU,225.0,0,0,0,0,0,peak,pt,75,Fingal
267015,42.0,47.0,126.0,171.0,IADT Dun Laoghaire,IADT,79.0,0,1,2,4,7,peak,pt,112,Dún Laoghaire-Rathdown
267016,,,,,,,,0,0,0,0,0,peak,pt,26,Fingal
267017,38.0,46.0,102.0,152.0,IADT Dun Laoghaire,IADT,75.0,0,1,5,7,8,peak,pt,95,Dún Laoghaire-Rathdown
267018,37.0,38.0,93.0,145.0,IADT Dun Laoghaire,IADT,71.0,0,3,7,8,10,peak,pt,46,Dún Laoghaire-Rathdown
267019,17.0,17.0,95.0,148.0,UCD Belfield,UCD,36.0,1,3,7,8,10,peak,pt,108,Dún Laoghaire-Rathdown
267020,29.0,29.0,117.0,154.0,UCD Belfield,UCD,60.0,1,2,4,6,9,peak,pt,178,Dún Laoghaire-Rathdown
267021,30.0,30.0,99.0,148.0,UCD Belfield,UCD,59.0,1,3,6,7,9,peak,pt,108,Dún Laoghaire-Rathdown
267022,13.0,13.0,103.0,151.0,UCD Belfield,UCD,26.0,1,4,6,8,9,peak,pt,70,Dún Laoghaire-Rathdown
267023,32.0,36.0,111.0,154.0,IADT Dun Laoghaire,IADT,64.0,0,2,4,7,9,peak,pt,77,Dún Laoghaire-Rathdown
267024,24.0,35.0,108.0,156.0,IADT Dun Laoghaire,IADT,48.0,1,2,4,7,8,peak,pt,87,Dún Laoghaire-Rathdown
267025,38.0,38.0,97.0,146.0,UCD Belfield,UCD,74.0,0,3,7,7,9,peak,pt,72,Dún Laoghaire-Rathdown
267026,24.0,24.0,97.0,149.0,UCD Belfield,UCD,51.0,1,2,7,7,10,peak,pt,98,Dún Laoghaire-Rathdown
267027,30.0,30.0,73.0,157.0,TU Dublin Blanchardstown,TU Dublin,59.0,1,1,3,8,8,peak,pt,217,Fingal
267028,23.0,23.0,60.0,156.0,TU Dublin Blanchardstown,TU Dublin,46.0,1,1,3,5,8,peak,pt,2095,Fingal
267029,7.0,7.0,65.0,155.0,TU Dublin Blanchardstown,TU Dublin,14.0,1,1,3,8,9,peak,pt,475,Fingal
267030,25.0,25.0,73.0,156.0,TU Dublin Blanchardstown,TU Dublin,50.0,1,1,3,8,9,peak,pt,150,Fingal
267031,22.0,22.0,52.0,149.0,TU Dublin Blanchardstown,TU Dublin,44.0,1,2,6,8,10,peak,pt,165,Fingal
267032,24.0,24.0,78.0,161.0,TU Dublin Blanchardstown,TU Dublin,48.0,1,1,2,5,8,peak,pt,225,Fingal
267033,20.0,20.0,63.0,151.0,TU Dublin Blanchardstown,TU Dublin,40.0,1,2,4,8,10,peak,pt,29,Fingal
267034,30.0,30.0,83.0,165.0,TU Dublin Blanchardstown,TU Dublin,58.0,1,1,1,4,8,peak,pt,273,Fingal
267035,,,,,,,,0,0,0,0,0,peak,pt,273,South Dublin
267036,37.0,41.0,121.0,171.0,IADT Dun Laoghaire,IADT,71.0,0,2,2,4,7,peak,pt,108,Dún Laoghaire-Rathdown
267037,42.0,42.0,126.0,171.0,IADT Dun Laoghaire,IADT,79.0,0,2,2,4,7,peak,pt,116,Dún Laoghaire-Rathdown
267038,49.0,49.0,112.0,164.0,RCSI (St Stephen's Green),RCSI,95.0,0,0,4,6,9,peak,pt,186,Dún Laoghaire-Rathdown
267039,34.0,38.0,124.0,171.0,IADT Dun Laoghaire,IADT,65.0,0,2,2,4,7,peak,pt,183,Dún Laoghaire-Rathdown
267040,29.0,29.0,59.0,151.0,TU Dublin Blanchardstown,TU Dublin,58.0,1,1,5,8,8,peak,pt,751,Fingal
267041,31.0,31.0,62.0,146.0,TU Dublin Blanchardstown,TU Dublin,60.0,0,3,7,8,10,peak,pt,165,Fingal
267042,42.0,49.0,104.0,157.0,RCSI (St Stephen's Green),RCSI,82.0,0,1,4,7,9,peak,pt,50,Dún Laoghaire-Rathdown
267043,43.0,50.0,107.0,156.0,RCSI (St Stephen's Green),RCSI,81.0,0,1,3,7,9,peak,pt,61,Dún Laoghaire-Rathdown
267044,43.0,50.0,104.0,157.0,RCSI (St Stephen's Green),RCSI,82.0,0,1,4,7,9,peak,pt,98,Dún Laoghaire-Rathdown
267045,43.0,50.0,107.0,157.0,RCSI (St Stephen's Green),RCSI,82.0,0,1,3,7,9,peak,pt,61,Dún Laoghaire-Rathdown
267046,26.0,33.0,91.0,149.0,RCSI (St Stephen's Green),RCSI,51.0,1,3,6,9,10,peak,pt,39,Dún Laoghaire-Rathdown
267047,35.0,35.0,82.0,130.0,TU Dublin Tallaght,TU Dublin,69.0,0,2,5,6,10,peak,pt,82,South Dublin
267048,47.0,47.0,75.0,157.0,NCAD (Thomas St),NCAD,95.0,0,0,6,9,10,peak,pt,145,South Dublin
267049,53.0,53.0,79.0,166.0,TU Dublin Tallaght,TU Dublin,99.0,0,0,3,6,9,peak,pt,565,South Dublin
267050,40.0,40.0,82.0,127.0,TU Dublin Tallaght,TU Dublin,77.0,0,2,5,7,10,peak,pt,373,South Dublin
267051,53.0,53.0,77.0,166.0,TU Dublin Blanchardstown,TU Dublin,104.0,0,0,3,6,9,peak,pt,314,South Dublin
267052,45.0,45.0,74.0,163.0,TU Dublin Blanchardstown,TU Dublin,96.0,0,1,5,8,10,peak,pt,161,South Dublin
267053,45.0,45.0,82.0,162.0,TU Dublin Tallaght,TU Dublin,84.0,0,1,1,5,8,peak,pt,342,South Dublin
267054,110.0,110.0,186.0,167.0,DCU Glasnevin,DCU,239.0,0,0,0,0,0,peak,pt,25,Fingal
267055,29.0,29.0,105.0,155.0,UCD Belfield,UCD,56.0,1,2,4,7,9,peak,pt,101,Dún Laoghaire-Rathdown
267056,10.0,10.0,104.0,154.0,UCD Belfield,UCD,20.0,1,3,6,8,9,peak,pt,51,Dún Laoghaire-Rathdown
267057,24.0,31.0,89.0,148.0,RCSI (St Stephen's Green),RCSI,46.0,1,5,6,9,11,peak,pt,52,Dún Laoghaire-Rathdown
267058,21.0,21.0,110.0,158.0,UCD Belfield,UCD,43.0,1,2,4,8,9,peak,pt,114,Dún Laoghaire-Rathdown
267059,28.0,29.0,94.0,151.0,RCSI (St Stephen's Green),RCSI,55.0,2,3,6,9,10,peak,pt,72,Dún Laoghaire-Rathdown
267060,50.0,56.0,110.0,159.0,IADT Dun Laoghaire,IADT,95.0,0,0,2,7,8,peak,pt,49,Dún Laoghaire-Rathdown
267061,49.0,59.0,112.0,163.0,IADT Dun Laoghaire,IADT,95.0,0,0,2,7,7,peak,pt,88,Dún Laoghaire-Rathdown
267062,40.0,59.0,114.0,164.0,IADT Dun Laoghaire,IADT,78.0,0,1,3,6,7,peak,pt,56,Dún Laoghaire-Rathdown
267063,47.0,55.0,109.0,158.0,IADT Dun Laoghaire,IADT,89.0,0,0,3,7,8,peak,pt,60,Dún Laoghaire-Rathdown
267064,44.0,49.0,103.0,152.0,IADT Dun Laoghaire,IADT,82.0,0,1,4,7,8,peak,pt,39,Dún Laoghaire-Rathdown
267065,59.0,59.0,105.0,136.0,Trinity College Dublin,TCD,120.0,0,0,1,5,6,peak,pt,552,Fingal
267066,39.0,39.0,95.0,140.0,DCU Glasnevin,DCU,74.0,0,1,4,7,9,peak,pt,349,Fingal
267067,29.0,44.0,99.0,148.0,IADT Dun Laoghaire,IADT,58.0,1,2,6,7,8,peak,pt,68,Dún Laoghaire-Rathdown
267068,35.0,46.0,99.0,150.0,IADT Dun Laoghaire,IADT,68.0,0,1,6,7,8,peak,pt,109,Dún Laoghaire-Rathdown
267069,17.0,45.0,108.0,154.0,IADT Dun Laoghaire,IADT,34.0,1,2,3,7,8,peak,pt,150,Dún Laoghaire-Rathdown
267070,13.0,37.0,112.0,160.0,IADT Dun Laoghaire,IADT,26.0,1,2,3,7,7,peak,pt,64,Dún Laoghaire-Rathdown
267071,13.0,42.0,106.0,155.0,IADT Dun Laoghaire,IADT,26.0,1,2,3,7,8,peak,pt,80,Dún Laoghaire-Rathdown
267072,27.0,52.0,114.0,160.0,IADT Dun Laoghaire,IADT,54.0,1,1,3,5,7,peak,pt,120,Dún Laoghaire-Rathdown
267073,32.0,48.0,112.0,167.0,IADT Dun Laoghaire,IADT,64.0,0,1,2,5,7,peak,pt,38,Dún Laoghaire-Rathdown
267074,14.0,43.0,112.0,163.0,IADT Dun Laoghaire,IADT,28.0,1,2,3,7,7,peak,pt,137,Dún Laoghaire-Rathdown
267075,25.0,42.0,95.0,148.0,IADT Dun Laoghaire,IADT,49.0,1,3,7,7,10,peak,pt,56,Dún Laoghaire-Rathdown
267076,42.0,50.0,103.0,152.0,IADT Dun Laoghaire,IADT,80.0,0,1,4,7,8,peak,pt,151,Dún Laoghaire-Rathdown
267077,22.0,44.0,100.0,148.0,IADT Dun Laoghaire,IADT,42.0,1,3,5,7,8,peak,pt,63,Dún Laoghaire-Rathdown
267078,38.0,40.0,102.0,155.0,RCSI (St Stephen's Green),RCSI,73.0,0,3,6,8,9,peak,pt,200,Dún Laoghaire-Rathdown
267079,31.0,38.0,96.0,152.0,RCSI (St Stephen's Green),RCSI,61.0,0,3,6,9,10,peak,pt,120,Dún Laoghaire-Rathdown
267080,42.0,49.0,107.0,155.0,RCSI (St Stephen's Green),RCSI,82.0,0,1,3,8,9,peak,pt,256,Dún Laoghaire-Rathdown
267081,30.0,37.0,95.0,152.0,RCSI (St Stephen's Green),RCSI,59.0,1,3,5,9,10,peak,pt,78,Dún Laoghaire-Rathdown
267082,33.0,37.0,98.0,153.0,RCSI (St Stephen's Green),RCSI,65.0,0,3,5,8,10,peak,pt,112,Dún Laoghaire-Rathdown
267083,57.0,57.0,112.0,167.0,TU Dublin Tallaght,TU Dublin,108.0,0,0,1,5,8,peak,pt,204,South Dublin
267084,32.0,32.0,112.0,167.0,TU Dublin Tallaght,TU Dublin,61.0,0,1,1,5,9,peak,pt,573,South Dublin
267085,42.0,42.0,109.0,164.0,TU Dublin Tallaght,TU Dublin,81.0,0,1,1,5,8,peak,pt,365,South Dublin
267086,39.0,39.0,108.0,166.0,TU Dublin Tallaght,TU Dublin,75.0,0,1,2,5,7,peak,pt,103,South Dublin
267087,29.0,31.0,119.0,166.0,IADT Dun Laoghaire,IADT,57.0,1,2,4,6,8,peak,pt,92,Dún Laoghaire-Rathdown
267088,37.0,37.0,122.0,171.0,UCD Belfield,UCD,77.0,0,2,3,4,8,peak,pt,264,Dún Laoghaire-Rathdown
267089,30.0,32.0,119.0,159.0,IADT Dun Laoghaire,IADT,57.0,1,2,4,5,8,peak,pt,103,Dún Laoghaire-Rathdown
267090,39.0,39.0,116.0,163.0,UCD Belfield,UCD,82.0,0,1,4,6,8,peak,pt,51,Dún Laoghaire-Rathdown
267091,174.0,174.0,224.0,226.0,TU Dublin Blanchardstown,TU Dublin,366.0,0,0,0,0,0,peak,pt,103,Fingal
267092,41.0,48.0,104.0,157.0,RCSI (St Stephen's Green),RCSI,79.0,0,1,4,7,9,peak,pt,960,Dún Laoghaire-Rathdown
267093,107.0,107.0,173.0,147.0,Trinity College Dublin,TCD,218.0,0,0,0,0,0,peak,pt,68,Fingal
267094,79.0,79.0,133.0,132.0,Trinity College Dublin,TCD,156.0,0,0,0,0,4,peak,pt,120,Fingal
267095,62.0,67.0,115.0,136.0,Marino Institute of Education,Marino,126.0,0,0,0,3,6,peak,pt,317,Fingal
267096,49.0,61.0,120.0,171.0,IADT Dun Laoghaire,IADT,96.0,0,0,1,4,7,peak,pt,144,Dún Laoghaire-Rathdown
267097,48.0,49.0,123.0,174.0,IADT Dun Laoghaire,IADT,91.0,0,0,2,4,7,peak,pt,251,Dún Laoghaire-Rathdown
267098,154.0,154.0,,,DCU Glasnevin,DCU,279.0,0,0,0,0,0,peak,pt,98,Fingal
267099,53.0,53.0,105.0,143.0,Trinity College Dublin,TCD,106.0,0,0,3,6,7,peak,pt,375,Fingal
267100,39.0,39.0,60.0,161.0,TU Dublin Blanchardstown,TU Dublin,84.0,0,2,7,8,10,peak,pt,1890,South Dublin
267101,46.0,46.0,50.0,166.0,TU Dublin Blanchardstown,TU Dublin,95.0,0,0,5,8,10,peak,pt,186,South Dublin
267102,56.0,56.0,65.0,172.0,TU Dublin Blanchardstown,TU Dublin,113.0,0,0,1,5,7,peak,pt,117,Fingal
267103,51.0,51.0,51.0,170.0,Maynooth University,MU,95.0,0,0,3,7,9,peak,pt,581,South Dublin
267104,74.0,74.0,131.0,143.0,Trinity College Dublin,TCD,151.0,0,0,0,1,6,peak,pt,563,Fingal
267105,60.0,60.0,108.0,128.0,Trinity College Dublin,TCD,123.0,0,0,1,5,7,peak,pt,316,Fingal
267106,57.0,57.0,107.0,128.0,Marino Institute of Education,Marino,110.0,0,0,2,6,7,peak,pt,185,Fingal
267107,66.0,66.0,67.0,183.0,TU Dublin Tallaght,TU Dublin,122.0,0,0,0,2,4,peak,pt,155,South Dublin
267108,31.0,41.0,54.0,144.0,NCAD (Thomas St),NCAD,62.0,0,3,7,10,10,peak,pt,103,South Dublin
267109,34.0,34.0,65.0,154.0,TU Dublin Blanchardstown,TU Dublin,81.0,0,2,5,8,10,peak,pt,383,South Dublin
267110,58.0,58.0,107.0,128.0,Trinity College Dublin,TCD,118.0,0,0,2,5,7,peak,pt,121,Fingal
267111,51.0,51.0,98.0,128.0,Trinity College Dublin,TCD,103.0,0,0,3,6,7,peak,pt,96,Fingal
267112,73.0,73.0,93.0,151.0,TU Dublin Tallaght,TU Dublin,124.0,0,0,0,1,2,peak,pt,197,South Dublin
267113,43.0,43.0,109.0,165.0,TU Dublin Tallaght,TU Dublin,81.0,0,1,2,5,8,peak,pt,92,South Dublin
267114,49.0,49.0,113.0,164.0,TU Dublin Tallaght,TU Dublin,92.0,0,0,2,6,8,peak,pt,118,South Dublin
267115,57.0,59.0,112.0,167.0,RCSI (St Stephen's Green),RCSI,106.0,0,0,2,5,8,peak,pt,164,South Dublin
267116,59.0,59.0,113.0,168.0,TU Dublin Tallaght,TU Dublin,110.0,0,0,1,5,8,peak,pt,114,South Dublin
267117,47.0,53.0,109.0,158.0,RCSI (St Stephen's Green),RCSI,86.0,0,0,5,7,9,peak,pt,91,South Dublin
267118,78.0,78.0,134.0,140.0,Trinity College Dublin,TCD,164.0,0,0,0,0,5,peak,pt,545,Fingal
267119,46.0,46.0,81.0,166.0,TU Dublin Tallaght,TU Dublin,89.0,0,0,1,5,8,peak,pt,189,South Dublin
267120,48.0,48.0,129.0,179.0,UCD Belfield,UCD,100.0,0,0,2,4,6,peak,pt,242,Dún Laoghaire-Rathdown
267121,48.0,48.0,111.0,161.0,UCD Belfield,UCD,96.0,0,0,3,7,8,peak,pt,129,Dún Laoghaire-Rathdown
267122,51.0,51.0,117.0,168.0,UCD Belfield,UCD,103.0,0,0,2,5,7,peak,pt,187,Dún Laoghaire-Rathdown
267123,76.0,76.0,127.0,127.0,Trinity College Dublin,TCD,149.0,0,0,0,0,5,peak,pt,379,Fingal
267124,25.0,25.0,110.0,154.0,UCD Belfield,UCD,52.0,1,1,4,8,9,peak,pt,124,Dún Laoghaire-Rathdown
267125,34.0,34.0,104.0,156.0,UCD Belfield,UCD,68.0,0,2,5,7,9,peak,pt,115,Dún Laoghaire-Rathdown
267126,24.0,24.0,108.0,155.0,UCD Belfield,UCD,52.0,1,3,4,7,9,peak,pt,75,Dún Laoghaire-Rathdown
267127,24.0,24.0,104.0,156.0,UCD Belfield,UCD,51.0,1,3,5,7,9,peak,pt,118,Dún Laoghaire-Rathdown
267128,18.0,18.0,107.0,150.0,UCD Belfield,UCD,39.0,1,3,4,7,9,peak,pt,111,Dún Laoghaire-Rathdown
267129,28.0,28.0,111.0,156.0,UCD Belfield,UCD,58.0,1,2,4,7,9,peak,pt,72,Dún Laoghaire-Rathdown
267130,41.0,45.0,93.0,128.0,Marino Institute of Education,Marino,81.0,0,2,6,6,10,peak,pt,203,Fingal
267131,64.0,64.0,117.0,147.0,Trinity College Dublin,TCD,129.0,0,0,0,5,6,peak,pt,330,Fingal
267132,51.0,51.0,101.0,141.0,Trinity College Dublin,TCD,100.0,0,0,5,6,8,peak,pt,590,Fingal
267133,64.0,64.0,119.0,149.0,Trinity College Dublin,TCD,130.0,0,0,0,5,6,peak,pt,519,Fingal
267134,54.0,54.0,105.0,128.0,Trinity College Dublin,TCD,112.0,0,0,3,6,7,peak,pt,272,Fingal
267135,56.0,56.0,107.0,135.0,Trinity College Dublin,TCD,113.0,0,0,2,6,7,peak,pt,53,Fingal
267136,23.0,23.0,109.0,171.0,TU Dublin Tallaght,TU Dublin,46.0,1,1,2,4,8,peak,pt,61,South Dublin
267137,25.0,25.0,83.0,152.0,TU Dublin Tallaght,TU Dublin,50.0,1,1,4,7,10,peak,pt,44,South Dublin
267138,31.0,31.0,91.0,161.0,TU Dublin Tallaght,TU Dublin,62.0,0,1,2,6,7,peak,pt,561,South Dublin
267139,19.0,19.0,103.0,169.0,TU Dublin Tallaght,TU Dublin,38.0,1,1,2,5,8,peak,pt,55,South Dublin
267140,46.0,46.0,99.0,173.0,TU Dublin Tallaght,TU Dublin,85.0,0,0,1,2,6,peak,pt,1001,South Dublin
267141,25.0,25.0,93.0,169.0,TU Dublin Tallaght,TU Dublin,50.0,1,1,2,6,7,peak,pt,188,South Dublin
267142,28.0,28.0,83.0,133.0,TU Dublin Tallaght,TU Dublin,56.0,1,2,5,6,10,peak,pt,131,South Dublin
267143,27.0,27.0,97.0,166.0,TU Dublin Tallaght,TU Dublin,52.0,1,1,1,4,8,peak,pt,492,South Dublin
267144,21.0,21.0,81.0,134.0,TU Dublin Tallaght,TU Dublin,42.0,1,2,5,7,10,peak,pt,126,South Dublin
267145,21.0,21.0,104.0,170.0,TU Dublin Tallaght,TU Dublin,42.0,1,1,1,4,8,peak,pt,104,South Dublin
267146,14.0,14.0,94.0,164.0,TU Dublin Tallaght,TU Dublin,28.0,1,1,2,5,8,peak,pt,132,South Dublin
267147,20.0,20.0,89.0,156.0,TU Dublin Tallaght,TU Dublin,40.0,1,1,2,6,10,peak,pt,327,South Dublin
267148,27.0,27.0,105.0,168.0,TU Dublin Tallaght,TU Dublin,54.0,1,1,2,5,8,peak,pt,168,South Dublin
267149,42.0,42.0,111.0,166.0,TU Dublin Tallaght,TU Dublin,76.0,0,1,2,5,7,peak,pt,90,South Dublin
267150,47.0,48.0,98.0,161.0,RCSI (St Stephen's Green),RCSI,85.0,0,0,5,7,9,peak,pt,167,South Dublin
267151,39.0,39.0,103.0,164.0,TU Dublin Tallaght,TU Dublin,74.0,0,1,3,6,8,peak,pt,130,South Dublin
267152,41.0,41.0,107.0,163.0,TU Dublin Tallaght,TU Dublin,75.0,0,1,3,6,7,peak,pt,51,South Dublin
267153,39.0,39.0,110.0,167.0,TU Dublin Tallaght,TU Dublin,72.0,0,1,3,5,7,peak,pt,67,South Dublin
267154,43.0,43.0,102.0,156.0,TU Dublin Tallaght,TU Dublin,81.0,0,2,5,7,9,peak,pt,70,South Dublin
267155,39.0,39.0,92.0,159.0,TU Dublin Tallaght,TU Dublin,72.0,0,1,4,7,9,peak,pt,57,South Dublin
267156,44.0,44.0,100.0,159.0,TU Dublin Tallaght,TU Dublin,82.0,0,1,5,7,9,peak,pt,87,South Dublin
267157,41.0,41.0,99.0,165.0,TU Dublin Tallaght,TU Dublin,76.0,0,1,4,6,8,peak,pt,72,South Dublin
267158,44.0,44.0,92.0,169.0,TU Dublin Blanchardstown,TU Dublin,97.0,0,1,1,3,7,peak,pt,664,Fingal
267159,,,,,,,,0,0,0,0,0,peak,pt,24,Dún Laoghaire-Rathdown
267160,35.0,35.0,99.0,122.0,DCU Glasnevin,DCU,69.0,0,1,3,6,9,peak,pt,54,Fingal
268001,12.0,12.0,71.0,120.0,TU Dublin Grangegorman,TU Dublin,24.0,5,6,8,10,11,peak,pt,34,Dublin City
268002,5.0,5.0,67.0,128.0,TU Dublin Grangegorman,TU Dublin,10.0,4,6,9,10,11,peak,pt,241,Dublin City
268003,9.0,13.0,65.0,118.0,NCAD (Thomas St),NCAD,18.0,4,7,9,11,11,peak,pt,60,Dublin City
268004,23.0,25.0,66.0,133.0,NCAD (Thomas St),NCAD,46.0,2,4,8,10,11,peak,pt,31,Dublin City
268005,13.0,13.0,66.0,134.0,TU Dublin Grangegorman,TU Dublin,26.0,3,7,9,10,11,peak,pt,65,Dublin City
268006,36.0,36.0,67.0,147.0,TU Dublin Grangegorman,TU Dublin,71.0,0,3,7,8,10,peak,pt,301,Dublin City
268007,27.0,27.0,68.0,148.0,TU Dublin Grangegorman,TU Dublin,53.0,1,5,7,10,10,peak,pt,63,Dublin City
268008,35.0,54.0,105.0,129.0,Marino Institute of Education,Marino,66.0,0,1,3,6,7,peak,pt,217,Dublin City
268009,19.0,23.0,74.0,114.0,Marino Institute of Education,Marino,37.0,3,6,7,11,11,peak,pt,102,Dublin City
268010,25.0,25.0,71.0,109.0,Trinity College Dublin,TCD,54.0,4,6,8,11,11,peak,pt,65,Dublin City
268011,16.0,16.0,87.0,121.0,DCU Glasnevin,DCU,32.0,1,4,7,8,10,peak,pt,110,Dublin City
268012,39.0,39.0,82.0,136.0,DCU Glasnevin,DCU,72.0,0,3,7,8,9,peak,pt,100,Dublin City
268013,28.0,28.0,94.0,128.0,DCU Glasnevin,DCU,51.0,1,1,6,7,8,peak,pt,66,Dublin City
268014,29.0,29.0,82.0,141.0,DCU Glasnevin,DCU,58.0,1,3,7,7,10,peak,pt,72,Dublin City
268015,29.0,29.0,86.0,133.0,DCU Glasnevin,DCU,55.0,2,6,6,8,11,peak,pt,212,Dublin City
268016,28.0,28.0,92.0,136.0,DCU Glasnevin,DCU,54.0,1,2,6,7,9,peak,pt,152,Dublin City
268017,21.0,21.0,98.0,129.0,DCU Glasnevin,DCU,42.0,1,2,6,7,8,peak,pt,197,Dublin City
268018,24.0,24.0,94.0,129.0,DCU Glasnevin,DCU,48.0,1,3,6,7,9,peak,pt,49,Dublin City
268019,23.0,23.0,96.0,122.0,DCU Glasnevin,DCU,46.0,1,2,7,7,8,peak,pt,53,Dublin City
268020,29.0,29.0,95.0,128.0,DCU Glasnevin,DCU,53.0,1,1,6,7,8,peak,pt,68,Dublin City
268021,26.0,26.0,93.0,111.0,DCU Glasnevin,DCU,52.0,1,2,5,6,8,peak,pt,71,Dublin City
268022,35.0,39.0,100.0,126.0,Marino Institute of Education,Marino,64.0,0,2,4,6,8,peak,pt,141,Dublin City
268023,23.0,41.0,91.0,121.0,Marino Institute of Education,Marino,43.0,1,3,6,7,10,peak,pt,104,Dublin City
268024,23.0,39.0,93.0,123.0,Marino Institute of Education,Marino,44.0,1,3,6,7,10,peak,pt,55,Dublin City
268025,20.0,27.0,91.0,114.0,Marino Institute of Education,Marino,39.0,2,3,6,8,10,peak,pt,58,Dublin City
268026,27.0,27.0,93.0,112.0,DCU Glasnevin,DCU,51.0,2,2,6,7,8,peak,pt,117,Dublin City
268027,28.0,28.0,84.0,128.0,DCU Glasnevin,DCU,55.0,1,6,6,8,10,peak,pt,76,Dublin City
268028,29.0,29.0,75.0,109.0,DCU Glasnevin,DCU,56.0,2,6,7,9,11,peak,pt,91,Dublin City
268029,27.0,27.0,72.0,110.0,TU Dublin Grangegorman,TU Dublin,53.0,2,6,8,10,11,peak,pt,78,Dublin City
268030,15.0,15.0,71.0,124.0,TU Dublin Grangegorman,TU Dublin,29.0,2,6,7,10,11,peak,pt,115,Dublin City
268031,17.0,17.0,72.0,138.0,TU Dublin Grangegorman,TU Dublin,32.0,1,5,7,10,11,peak,pt,89,Dublin City
268032,13.0,13.0,70.0,129.0,TU Dublin Grangegorman,TU Dublin,26.0,3,6,8,10,11,peak,pt,92,Dublin City
268033,20.0,20.0,63.0,129.0,TU Dublin Grangegorman,TU Dublin,38.0,1,7,7,9,11,peak,pt,40,Dublin City
268034,24.0,24.0,66.0,137.0,TU Dublin Grangegorman,TU Dublin,47.0,1,4,7,9,11,peak,pt,67,Dublin City
268035,23.0,23.0,69.0,141.0,TU Dublin Grangegorman,TU Dublin,45.0,2,5,7,10,11,peak,pt,72,Dublin City
268036,24.0,24.0,72.0,147.0,TU Dublin Grangegorman,TU Dublin,47.0,2,5,7,10,11,peak,pt,77,Dublin City
268037,31.0,41.0,54.0,144.0,NCAD (Thomas St),NCAD,58.0,0,4,8,10,10,peak,pt,63,Dublin City
268038,43.0,51.0,75.0,156.0,NCAD (Thomas St),NCAD,82.0,0,1,5,9,10,peak,pt,147,Dublin City
268039,38.0,49.0,70.0,156.0,NCAD (Thomas St),NCAD,73.0,0,1,6,9,10,peak,pt,100,Dublin City
268040,41.0,52.0,77.0,157.0,NCAD (Thomas St),NCAD,78.0,0,1,6,8,10,peak,pt,200,Dublin City
268041,30.0,41.0,90.0,127.0,Marino Institute of Education,Marino,62.0,1,2,6,7,11,peak,pt,133,Dublin City
268042,39.0,50.0,103.0,146.0,Marino Institute of Education,Marino,79.0,0,1,5,6,7,peak,pt,201,Dublin City
268043,30.0,43.0,93.0,137.0,Marino Institute of Education,Marino,61.0,1,2,6,7,10,peak,pt,133,Dublin City
268044,23.0,39.0,90.0,127.0,Marino Institute of Education,Marino,48.0,1,4,6,7,11,peak,pt,107,Dublin City
268045,22.0,31.0,80.0,120.0,Marino Institute of Education,Marino,45.0,1,6,7,9,11,peak,pt,62,Dublin City
268046,23.0,35.0,84.0,124.0,Marino Institute of Education,Marino,45.0,1,5,6,7,11,peak,pt,118,Dublin City
268047,18.0,32.0,85.0,116.0,Marino Institute of Education,Marino,35.0,1,4,6,7,11,peak,pt,49,Dublin City
268048,12.0,31.0,82.0,118.0,Marino Institute of Education,Marino,24.0,1,6,6,10,11,peak,pt,101,Dublin City
268049,13.0,27.0,77.0,116.0,Marino Institute of Education,Marino,26.0,2,6,7,10,11,peak,pt,48,Dublin City
268050,8.0,34.0,85.0,116.0,Marino Institute of Education,Marino,16.0,1,6,6,8,11,peak,pt,69,Dublin City
268051,25.0,36.0,69.0,129.0,NCAD (Thomas St),NCAD,50.0,1,5,6,10,11,peak,pt,111,Dublin City
268052,25.0,37.0,70.0,131.0,NCAD (Thomas St),NCAD,50.0,1,5,6,10,11,peak,pt,99,Dublin City
268053,22.0,34.0,72.0,137.0,NCAD (Thomas St),NCAD,44.0,2,5,6,10,11,peak,pt,75,Dublin City
268054,29.0,40.0,81.0,150.0,NCAD (Thomas St),NCAD,55.0,1,4,6,9,10,peak,pt,110,Dublin City
268055,27.0,39.0,72.0,132.0,NCAD (Thomas St),NCAD,55.0,1,5,6,10,11,peak,pt,95,Dublin City
268056,32.0,43.0,80.0,149.0,NCAD (Thomas St),NCAD,63.0,0,3,6,9,10,peak,pt,88,Dublin City
268057,29.0,44.0,69.0,136.0,NCAD (Thomas St),NCAD,56.0,1,4,7,9,10,peak,pt,101,Dublin City
268058,27.0,36.0,85.0,113.0,Marino Institute of Education,Marino,54.0,1,5,6,8,11,peak,pt,123,Dublin City
268059,25.0,32.0,76.0,115.0,Marino Institute of Education,Marino,51.0,1,6,6,8,11,peak,pt,29,Dublin City
268060,25.0,25.0,80.0,111.0,DCU Glasnevin,DCU,47.0,2,5,6,8,11,peak,pt,92,Dublin City
268061,36.0,50.0,64.0,154.0,NCAD (Thomas St),NCAD,69.0,0,1,6,9,10,peak,pt,130,Dublin City
268062,35.0,44.0,93.0,128.0,Marino Institute of Education,Marino,68.0,0,2,6,7,10,peak,pt,81,Dublin City
268063,43.0,43.0,91.0,143.0,DCU Glasnevin,DCU,78.0,0,1,7,7,8,peak,pt,122,Dublin City
268064,37.0,37.0,87.0,137.0,DCU Glasnevin,DCU,65.0,0,3,7,7,9,peak,pt,104,Dublin City
268065,35.0,35.0,90.0,134.0,DCU Glasnevin,DCU,63.0,0,1,7,7,9,peak,pt,131,Dublin City
268066,39.0,39.0,80.0,139.0,DCU Glasnevin,DCU,70.0,0,3,7,7,9,peak,pt,118,Dublin City
268067,31.0,31.0,72.0,137.0,TU Dublin Grangegorman,TU Dublin,60.0,0,3,7,8,10,peak,pt,210,Dublin City
268068,34.0,34.0,72.0,143.0,TU Dublin Grangegorman,TU Dublin,66.0,0,1,7,8,9,peak,pt,120,Dublin City
268069,36.0,36.0,70.0,142.0,TU Dublin Grangegorman,TU Dublin,70.0,0,1,7,8,9,peak,pt,132,Dublin City
268070,19.0,42.0,94.0,130.0,Marino Institute of Education,Marino,38.0,1,2,6,6,9,peak,pt,198,Dublin City
268071,34.0,54.0,103.0,125.0,Marino Institute of Education,Marino,66.0,0,1,3,6,7,peak,pt,451,Dublin City
268072,40.0,42.0,91.0,128.0,Marino Institute of Education,Marino,76.0,0,2,6,7,10,peak,pt,189,Dublin City
268073,39.0,41.0,88.0,128.0,Marino Institute of Education,Marino,75.0,0,2,6,7,11,peak,pt,96,Dublin City
268074,39.0,42.0,92.0,128.0,Marino Institute of Education,Marino,77.0,0,2,6,7,10,peak,pt,113,Dublin City
268075,38.0,43.0,93.0,128.0,Marino Institute of Education,Marino,75.0,0,2,6,7,10,peak,pt,90,Dublin City
268076,26.0,44.0,93.0,126.0,Marino Institute of Education,Marino,48.0,1,3,6,7,10,peak,pt,87,Dublin City
268077,30.0,34.0,83.0,128.0,Marino Institute of Education,Marino,58.0,1,4,6,7,11,peak,pt,116,Dublin City
268078,24.0,36.0,69.0,130.0,NCAD (Thomas St),NCAD,49.0,1,5,6,10,11,peak,pt,72,Dublin City
268079,27.0,36.0,72.0,132.0,NCAD (Thomas St),NCAD,55.0,1,5,6,10,11,peak,pt,117,Dublin City
268080,20.0,20.0,71.0,111.0,TU Dublin Grangegorman,TU Dublin,39.0,3,6,8,11,11,peak,pt,35,Dublin City
268081,16.0,16.0,72.0,113.0,TU Dublin Grangegorman,TU Dublin,32.0,4,6,8,11,11,peak,pt,119,Dublin City
268082,13.0,13.0,66.0,117.0,TU Dublin Grangegorman,TU Dublin,26.0,4,6,9,11,11,peak,pt,92,Dublin City
268083,25.0,40.0,68.0,134.0,NCAD (Thomas St),NCAD,48.0,1,4,7,10,10,peak,pt,66,Dublin City
268084,20.0,30.0,55.0,129.0,NCAD (Thomas St),NCAD,37.0,2,4,8,10,11,peak,pt,41,Dublin City
268085,18.0,33.0,68.0,127.0,NCAD (Thomas St),NCAD,36.0,1,5,6,10,11,peak,pt,124,Dublin City
268086,32.0,51.0,102.0,130.0,Marino Institute of Education,Marino,59.0,0,1,4,6,7,peak,pt,67,Dublin City
268087,33.0,50.0,100.0,131.0,Marino Institute of Education,Marino,61.0,0,1,4,6,7,peak,pt,73,Dublin City
268088,37.0,37.0,101.0,126.0,DCU Glasnevin,DCU,72.0,0,2,4,6,8,peak,pt,116,Dublin City
268089,34.0,42.0,98.0,126.0,Marino Institute of Education,Marino,61.0,0,2,4,6,8,peak,pt,101,Dublin City
268090,35.0,42.0,84.0,152.0,NCAD (Thomas St),NCAD,69.0,0,3,6,8,10,peak,pt,74,Dublin City
268091,31.0,43.0,84.0,151.0,NCAD (Thomas St),NCAD,59.0,0,3,6,8,10,peak,pt,100,Dublin City
268092,31.0,40.0,89.0,151.0,RCSI (St Stephen's Green),RCSI,58.0,0,3,6,8,11,peak,pt,84,Dublin City
268093,36.0,47.0,87.0,154.0,NCAD (Thomas St),NCAD,67.0,0,2,6,7,11,peak,pt,49,Dublin City
268094,41.0,48.0,90.0,156.0,NCAD (Thomas St),NCAD,77.0,0,2,6,7,10,peak,pt,99,Dublin City
268095,32.0,46.0,69.0,134.0,NCAD (Thomas St),NCAD,62.0,0,1,6,9,10,peak,pt,95,Dublin City
268096,10.0,10.0,69.0,115.0,Trinity College Dublin,TCD,20.0,5,6,9,11,11,peak,pt,172,Dublin City
268097,11.0,15.0,77.0,122.0,RCSI (St Stephen's Green),RCSI,22.0,3,6,7,10,11,peak,pt,13,Dublin City
268098,5.0,21.0,66.0,125.0,NCAD (Thomas St),NCAD,10.0,4,5,9,11,11,peak,pt,58,Dublin City
268099,7.0,21.0,68.0,132.0,NCAD (Thomas St),NCAD,14.0,4,5,9,11,11,peak,pt,58,Dublin City
268100,9.0,24.0,71.0,132.0,NCAD (Thomas St),NCAD,18.0,4,5,9,10,11,peak,pt,63,Dublin City
268101,16.0,30.0,74.0,138.0,NCAD (Thomas St),NCAD,32.0,3,4,7,10,11,peak,pt,33,Dublin City
268102,19.0,28.0,79.0,142.0,NCAD (Thomas St),NCAD,38.0,3,4,7,9,11,peak,pt,48,Dublin City
268103,19.0,32.0,70.0,135.0,NCAD (Thomas St),NCAD,38.0,2,4,6,10,11,peak,pt,59,Dublin City
268104,18.0,18.0,66.0,110.0,Trinity College Dublin,TCD,36.0,5,6,9,11,11,peak,pt,157,Dublin City
268105,22.0,22.0,71.0,111.0,Trinity College Dublin,TCD,46.0,5,6,7,11,11,peak,pt,86,Dublin City
268106,13.0,13.0,65.0,113.0,Trinity College Dublin,TCD,26.0,5,7,9,11,11,peak,pt,120,Dublin City
268107,16.0,25.0,75.0,116.0,Marino Institute of Education,Marino,32.0,3,6,7,11,11,peak,pt,24,Dublin City
268108,26.0,26.0,74.0,114.0,Trinity College Dublin,TCD,50.0,2,6,7,11,11,peak,pt,241,Dublin City
268109,20.0,20.0,67.0,111.0,Trinity College Dublin,TCD,41.0,5,6,8,11,11,peak,pt,76,Dublin City
268110,24.0,24.0,81.0,122.0,Trinity College Dublin,TCD,50.0,1,5,8,9,11,peak,pt,137,Dublin City
268111,28.0,28.0,85.0,129.0,Trinity College Dublin,TCD,57.0,1,4,7,8,11,peak,pt,125,Dublin City
268112,32.0,32.0,89.0,138.0,Trinity College Dublin,TCD,64.0,0,4,7,8,11,peak,pt,112,Dublin City
268113,17.0,17.0,96.0,148.0,UCD Belfield,UCD,32.0,1,3,7,8,10,peak,pt,122,Dublin City
268114,28.0,28.0,87.0,136.0,Trinity College Dublin,TCD,53.0,2,5,7,8,11,peak,pt,93,Dublin City
268115,21.0,21.0,80.0,118.0,Trinity College Dublin,TCD,42.0,2,6,8,10,11,peak,pt,85,Dublin City
268116,27.0,27.0,88.0,136.0,Trinity College Dublin,TCD,49.0,3,4,7,8,11,peak,pt,59,Dublin City
268117,22.0,24.0,87.0,137.0,RCSI (St Stephen's Green),RCSI,39.0,3,5,8,10,11,peak,pt,71,Dublin City
268118,31.0,33.0,70.0,147.0,NCAD (Thomas St),NCAD,62.0,0,4,7,10,10,peak,pt,15,Dublin City
268119,35.0,54.0,105.0,128.0,Marino Institute of Education,Marino,66.0,0,1,3,6,7,peak,pt,202,Dublin City
268120,33.0,52.0,103.0,131.0,Marino Institute of Education,Marino,61.0,0,1,4,6,7,peak,pt,105,Dublin City
268121,50.0,63.0,119.0,141.0,Marino Institute of Education,Marino,95.0,0,0,1,3,6,peak,pt,70,Dublin City
268122,40.0,58.0,108.0,128.0,Marino Institute of Education,Marino,74.0,0,1,2,6,6,peak,pt,133,Dublin City
268123,38.0,54.0,107.0,131.0,Marino Institute of Education,Marino,71.0,0,1,3,6,6,peak,pt,120,Dublin City
268124,37.0,41.0,91.0,128.0,Marino Institute of Education,Marino,74.0,0,2,6,7,10,peak,pt,105,Dublin City
268125,39.0,41.0,91.0,128.0,Marino Institute of Education,Marino,76.0,0,2,6,7,10,peak,pt,72,Dublin City
268126,35.0,41.0,90.0,128.0,Marino Institute of Education,Marino,69.0,0,2,6,7,11,peak,pt,111,Dublin City
268127,37.0,43.0,98.0,153.0,RCSI (St Stephen's Green),RCSI,69.0,0,3,6,7,10,peak,pt,143,Dublin City
268128,17.0,24.0,85.0,142.0,RCSI (St Stephen's Green),RCSI,34.0,3,5,8,9,11,peak,pt,100,Dublin City
268129,28.0,28.0,93.0,151.0,UCD Belfield,UCD,50.0,2,3,7,9,10,peak,pt,128,Dublin City
268130,15.0,22.0,84.0,141.0,RCSI (St Stephen's Green),RCSI,30.0,2,5,7,10,11,peak,pt,113,Dublin City
268131,15.0,22.0,84.0,141.0,RCSI (St Stephen's Green),RCSI,30.0,2,5,7,10,11,peak,pt,73,Dublin City
268132,27.0,35.0,85.0,149.0,RCSI (St Stephen's Green),RCSI,51.0,1,3,7,8,11,peak,pt,86,Dublin City
268133,15.0,22.0,83.0,141.0,RCSI (St Stephen's Green),RCSI,30.0,2,5,7,10,11,peak,pt,63,Dublin City
268134,24.0,31.0,88.0,149.0,RCSI (St Stephen's Green),RCSI,47.0,1,5,7,9,11,peak,pt,162,Dublin City
268135,27.0,34.0,89.0,149.0,RCSI (St Stephen's Green),RCSI,53.0,1,4,7,9,11,peak,pt,83,Dublin City
268136,32.0,38.0,89.0,151.0,RCSI (St Stephen's Green),RCSI,62.0,0,4,7,8,11,peak,pt,103,Dublin City
268137,27.0,34.0,87.0,149.0,RCSI (St Stephen's Green),RCSI,52.0,1,4,7,8,11,peak,pt,68,Dublin City
268138,19.0,19.0,70.0,110.0,Trinity College Dublin,TCD,40.0,4,6,8,11,11,peak,pt,159,Dublin City
268139,15.0,15.0,69.0,113.0,TU Dublin Grangegorman,TU Dublin,29.0,4,6,9,11,11,peak,pt,52,Dublin City
268140,10.0,14.0,68.0,122.0,RCSI (St Stephen's Green),RCSI,20.0,4,6,9,11,11,peak,pt,69,Dublin City
268141,2.0,14.0,71.0,123.0,RCSI (St Stephen's Green),RCSI,4.0,4,6,8,11,11,peak,pt,44,Dublin City
268142,7.0,14.0,75.0,126.0,RCSI (St Stephen's Green),RCSI,15.0,4,6,7,11,11,peak,pt,67,Dublin City
268143,14.0,14.0,73.0,117.0,Trinity College Dublin,TCD,30.0,3,6,8,11,11,peak,pt,111,Dublin City
268144,30.0,40.0,86.0,151.0,RCSI (St Stephen's Green),RCSI,55.0,1,3,7,8,11,peak,pt,84,Dublin City
268145,40.0,49.0,92.0,155.0,RCSI (St Stephen's Green),RCSI,74.0,0,2,5,7,10,peak,pt,85,Dublin City
268146,44.0,50.0,100.0,158.0,RCSI (St Stephen's Green),RCSI,82.0,0,1,5,7,10,peak,pt,76,Dublin City
268147,41.0,47.0,103.0,155.0,RCSI (St Stephen's Green),RCSI,77.0,0,1,5,7,10,peak,pt,26,Dublin City
268148,17.0,33.0,64.0,130.0,NCAD (Thomas St),NCAD,33.0,1,4,7,10,11,peak,pt,39,Dublin City
268149,4.0,20.0,64.0,128.0,NCAD (Thomas St),NCAD,8.0,4,5,9,11,11,peak,pt,67,Dublin City
268150,10.0,28.0,63.0,126.0,NCAD (Thomas St),NCAD,20.0,4,6,9,10,11,peak,pt,109,Dublin City
268151,20.0,31.0,66.0,130.0,NCAD (Thomas St),NCAD,40.0,1,4,6,10,11,peak,pt,47,Dublin City
268152,18.0,31.0,66.0,128.0,NCAD (Thomas St),NCAD,36.0,1,5,7,10,11,peak,pt,53,Dublin City
268153,14.0,30.0,65.0,127.0,NCAD (Thomas St),NCAD,28.0,3,6,8,10,11,peak,pt,70,Dublin City
268154,36.0,38.0,81.0,150.0,NCAD (Thomas St),NCAD,71.0,0,3,5,9,10,peak,pt,95,Dublin City
268155,34.0,38.0,82.0,152.0,NCAD (Thomas St),NCAD,68.0,0,3,5,8,10,peak,pt,59,Dublin City
268156,40.0,41.0,87.0,154.0,NCAD (Thomas St),NCAD,78.0,0,2,6,7,10,peak,pt,71,Dublin City
268157,4.0,4.0,92.0,113.0,DCU Glasnevin,DCU,8.0,1,3,6,7,8,peak,pt,98,Dublin City
268158,6.0,6.0,94.0,109.0,DCU Glasnevin,DCU,12.0,1,2,6,7,9,peak,pt,103,Dublin City
268159,22.0,22.0,90.0,112.0,DCU Glasnevin,DCU,44.0,1,2,6,7,10,peak,pt,85,Dublin City
268160,22.0,22.0,90.0,107.0,DCU Glasnevin,DCU,45.0,2,2,6,7,9,peak,pt,57,Dublin City
268161,10.0,19.0,72.0,126.0,RCSI (St Stephen's Green),RCSI,20.0,3,6,9,11,11,peak,pt,52,Dublin City
268162,15.0,22.0,79.0,139.0,RCSI (St Stephen's Green),RCSI,31.0,3,6,8,10,11,peak,pt,76,Dublin City
017001,60.486,60.486,172.72,60.486,SETU Carlow,SETU,120.972,0,0,0,1,1,peak,pt_plus_rail,25,Carlow
017002,43.706,43.706,158.706,43.706,SETU Carlow,SETU,87.412,0,1,1,1,1,peak,pt_plus_rail,46,Carlow
017003,69.588,69.588,184.588,69.588,SETU Carlow,SETU,139.176,0,0,0,1,1,peak,pt_plus_rail,26,Carlow
017004,59.376000000000005,59.376000000000005,174.376,59.376000000000005,SETU Carlow,SETU,118.752,0,0,1,1,1,peak,pt_plus_rail,42,Carlow
017005,68.13,68.13,173.30599999999998,68.13,SETU Carlow,SETU,136.26,0,0,0,1,1,peak,pt_plus_rail,17,Carlow
017006,64.144,64.144,169.298,64.144,SETU Carlow,SETU,128.288,0,0,0,1,1,peak,pt_plus_rail,15,Carlow
017007,112.162,112.162,193.162,112.162,SETU Carlow,SETU,238.324,0,0,0,0,0,peak,pt_plus_rail,11,Carlow
017008,72.92599999999999,72.92599999999999,178.102,72.92599999999999,SETU Carlow,SETU,145.85199999999998,0,0,0,1,1,peak,pt_plus_rail,15,Carlow
017009,50.227999999999994,50.227999999999994,165.228,50.227999999999994,SETU Carlow,SETU,100.456,0,0,1,1,1,peak,pt_plus_rail,31,Carlow
017010,38.79,38.79,153.79,38.79,SETU Carlow,SETU,77.58,0,1,1,1,1,peak,pt_plus_rail,661,Carlow
017011,22.0,22.0,150.0,22.0,SETU Carlow,SETU,44.0,1,1,1,1,1,peak,pt_plus_rail,131,Carlow
017012,52.099999999999994,52.099999999999994,167.1,52.099999999999994,SETU Carlow,SETU,104.2,0,0,1,1,1,peak,pt_plus_rail,29,Carlow
017013,71.844,71.844,186.844,71.844,SETU Carlow,SETU,143.688,0,0,0,1,1,peak,pt_plus_rail,45,Carlow
017014,,,,,,,,0,0,0,0,0,peak,pt_plus_rail,26,Carlow
017015,112.81,112.81,193.81,112.81,SETU Carlow,SETU,239.62,0,0,0,0,0,peak,pt_plus_rail,9,Carlow
017016,70.44999999999999,70.44999999999999,175.626,70.44999999999999,SETU Carlow,SETU,140.89999999999998,0,0,0,1,1,peak,pt_plus_rail,29,Carlow
017017,74.506,74.506,189.506,74.506,SETU Carlow,SETU,149.012,0,0,0,1,1,peak,pt_plus_rail,56,Carlow
017018,60.668000000000006,60.668000000000006,175.46,60.668000000000006,SETU Carlow,SETU,121.336,0,0,0,1,1,peak,pt_plus_rail,21,Carlow
017019,69.626,69.626,177.506,69.626,SETU Carlow,SETU,139.252,0,0,0,1,1,peak,pt_plus_rail,29,Carlow
017020,,,,,,,,0,0,0,0,0,peak,pt_plus_rail,13,Carlow
017021,50.372,50.372,165.372,50.372,SETU Carlow,SETU,100.744,0,0,1,1,1,peak,pt_plus_rail,27,Carlow
017022,73.52,73.52,188.52,73.52,SETU Carlow,SETU,147.04,0,0,0,1,1,peak,pt_plus_rail,51,Carlow
017023,65.162,65.162,180.162,65.162,SETU Carlow,SETU,130.324,0,0,0,1,1,peak,pt_plus_rail,11,Carlow
017024,45.226,45.226,160.226,45.226,SETU Carlow,SETU,90.452,0,0,1,1,1,peak,pt_plus_rail,30,Carlow
017025,45.386,45.386,160.386,45.386,SETU Carlow,SETU,90.772,0,0,1,1,1,peak,pt_plus_rail,42,Carlow
017026,65.316,65.316,180.316,65.316,SETU Carlow,SETU,130.632,0,0,0,1,1,peak,pt_plus_rail,14,Carlow
017027,103.48,103.48,184.48,103.48,SETU Carlow,SETU,220.96,0,0,0,0,0,peak,pt_plus_rail,13,Carlow
017028,50.688,50.688,165.688,50.688,SETU Carlow,SETU,101.376,0,0,1,1,1,peak,pt_plus_rail,31,Carlow
017029,61.024,61.024,176.024,61.024,SETU Carlow,SETU,122.048,0,0,0,1,1,peak,pt_plus_rail,7,Carlow
017030,104.23,104.23,185.23,104.23,SETU Carlow,SETU,222.46,0,0,0,0,0,peak,pt_plus_rail,23,Carlow
017031,53.004,53.004,168.004,53.004,SETU Carlow,SETU,106.008,0,0,1,1,1,peak,pt_plus_rail,71,Carlow
017032,110.206,110.206,191.206,110.206,SETU Carlow,SETU,234.412,0,0,0,0,0,peak,pt_plus_rail,24,Carlow
017033,60.41199999999999,60.41199999999999,165.566,60.41199999999999,SETU Carlow,SETU,120.82399999999998,0,0,0,1,1,peak,pt_plus_rail,22,Carlow
017034,58.86,58.86,164.478,58.86,SETU Carlow,SETU,117.72,0,0,1,1,1,peak,pt_plus_rail,106,Carlow
017035,70.05,70.05,184.538,70.05,SETU Carlow,SETU,140.1,0,0,0,1,1,peak,pt_plus_rail,28,Carlow
017036,52.776,52.776,167.776,52.776,SETU Carlow,SETU,105.552,0,0,1,1,1,peak,pt_plus_rail,35,Carlow
017037,57.576,57.576,172.576,57.576,SETU Carlow,SETU,115.152,0,0,1,1,1,peak,pt_plus_rail,27,Carlow
017038,60.336,60.336,174.876,60.336,SETU Carlow,SETU,120.672,0,0,0,1,1,peak,pt_plus_rail,35,Carlow
017039,107.026,107.026,188.026,107.026,SETU Carlow,SETU,228.052,0,0,0,0,0,peak,pt_plus_rail,5,Carlow
017041,62.08,62.08,177.07999999999998,62.08,SETU Carlow,SETU,124.16,0,0,0,1,1,peak,pt_plus_rail,68,Carlow
017042,61.751999999999995,61.751999999999995,173.0,61.751999999999995,SETU Carlow,SETU,123.504,0,0,0,1,1,peak,pt_plus_rail,23,Carlow
017043,66.738,66.738,181.738,66.738,SETU Carlow,SETU,133.476,0,0,0,1,1,peak,pt_plus_rail,22,Carlow
017044,68.172,68.172,183.172,68.172,SETU Carlow,SETU,136.344,0,0,0,1,1,peak,pt_plus_rail,24,Carlow
017045,66.07,66.07,171.246,66.07,SETU Carlow,SETU,132.14,0,0,0,1,1,peak,pt_plus_rail,20,Carlow
017046,55.758,55.758,170.758,55.758,SETU Carlow,SETU,111.516,0,0,1,1,1,peak,pt_plus_rail,16,Carlow
017047,50.358,50.358,165.358,50.358,SETU Carlow,SETU,100.716,0,0,1,1,1,peak,pt_plus_rail,24,Carlow
017048,,,,,,,,0,0,0,0,0,peak,pt_plus_rail,20,Carlow
017049,113.32,113.32,194.32,113.32,SETU Carlow,SETU,240.64,0,0,0,0,0,peak,pt_plus_rail,29,Carlow
017050,63.314,63.314,178.314,63.314,SETU Carlow,SETU,126.628,0,0,0,1,1,peak,pt_plus_rail,31,Carlow
017051,57.594,57.594,172.594,57.594,SETU Carlow,SETU,115.188,0,0,1,1,1,peak,pt_plus_rail,187,Carlow
017052,55.024,55.024,170.024,55.024,SETU Carlow,SETU,110.048,0,0,1,1,1,peak,pt_plus_rail,27,Carlow
017053,60.68599999999999,60.68599999999999,175.686,60.68599999999999,SETU Carlow,SETU,121.372,0,0,0,1,1,peak,pt_plus_rail,18,Carlow
017054,15.0,15.0,155.112,15.0,SETU Carlow,SETU,30.0,1,1,1,1,1,peak,pt_plus_rail,41,Carlow
087001,59.94,59.94,103.068,59.94,SETU Carlow,SETU,119.88,0,0,1,1,1,peak,pt_plus_rail,225,Kildare
087002,62.928,62.928,127.53,62.928,SETU Carlow,SETU,125.856,0,0,0,1,1,peak,pt_plus_rail,147,Kildare
087003,48.042,48.042,160.674,48.042,SETU Carlow,SETU,96.084,0,0,1,1,1,peak,pt_plus_rail,6,Kildare
087004,59.846,59.846,95.886,59.846,SETU Carlow,SETU,119.692,0,0,1,1,1,peak,pt_plus_rail,57,Kildare
087005,92.68,101.68,102.838,110.36,NCAD (Thomas St),NCAD,186.702,0,0,0,0,0,peak,pt_plus_rail,20,Kildare
087006,84.982,87.982,87.982,130.596,NCAD (Thomas St),NCAD,171.964,0,0,0,0,2,peak,pt_plus_rail,58,Kildare
087007,45.136,45.136,45.136,163.612,Maynooth University,MU,90.272,0,0,1,2,5,peak,pt_plus_rail,27,Kildare
087008,76.50999999999999,85.50999999999999,87.36,118.726,NCAD (Thomas St),NCAD,160.01999999999998,0,0,0,0,4,peak,pt_plus_rail,81,Kildare
087009,79.562,88.562,90.412,116.122,NCAD (Thomas St),NCAD,166.124,0,0,0,0,2,peak,pt_plus_rail,50,Kildare
087010,74.07,74.07,88.136,74.07,SETU Carlow,SETU,148.14,0,0,0,1,3,peak,pt_plus_rail,107,Kildare
087011,34.556,34.556,34.556,136.828,Maynooth University,MU,69.112,0,1,2,6,9,peak,pt_plus_rail,305,Kildare
087012,59.626,59.626,116.932,59.626,SETU Carlow,SETU,119.252,0,0,1,1,1,peak,pt_plus_rail,19,Kildare
087013,70.17,70.17,126.148,70.17,SETU Carlow,SETU,140.34,0,0,0,1,1,peak,pt_plus_rail,6,Kildare
087014,47.02199999999999,47.02199999999999,47.02199999999999,127.186,Maynooth University,MU,94.04399999999998,0,0,1,4,7,peak,pt_plus_rail,268,Kildare
087015,63.849999999999994,63.849999999999994,99.464,63.849999999999994,SETU Carlow,SETU,127.7,0,0,0,1,1,peak,pt_plus_rail,16,Kildare
087016,47.69199999999999,47.69199999999999,47.69199999999999,165.288,Maynooth University,MU,95.384,0,0,1,1,5,peak,pt_plus_rail,92,Kildare
087017,54.638,54.638,54.638,142.318,Maynooth University,MU,109.276,0,0,1,1,2,peak,pt_plus_rail,100,Kildare
087018,80.012,85.834,85.834,122.994,NCAD (Thomas St),NCAD,164.846,0,0,0,0,3,peak,pt_plus_rail,102,Kildare
087019,53.592,53.592,53.592,131.118,Maynooth University,MU,107.184,0,0,1,2,7,peak,pt_plus_rail,122,Kildare
087020,71.71199999999999,71.71199999999999,71.71199999999999,184.226,Maynooth University,MU,138.42399999999998,0,0,0,1,1,peak,pt_plus_rail,23,Kildare
087021,71.388,71.388,169.666,71.388,SETU Carlow,SETU,142.776,0,0,0,1,1,peak,pt_plus_rail,23,Kildare
087022,49.194,49.194,161.126,49.194,SETU Carlow,SETU,98.388,0,0,1,1,1,peak,pt_plus_rail,83,Kildare
087023,31.42,31.42,31.42,147.04000000000002,Maynooth University,MU,62.84,0,1,5,9,10,peak,pt_plus_rail,711,Kildare
087024,69.616,69.616,130.15,69.616,SETU Carlow,SETU,139.232,0,0,0,1,1,peak,pt_plus_rail,34,Kildare
087025,38.846,38.846,38.846,128.0,Maynooth University,MU,77.69200000000001,0,1,1,4,8,peak,pt_plus_rail,349,Kildare
087026,46.84,46.84,46.84,157.404,Maynooth University,MU,92.618,0,0,1,1,5,peak,pt_plus_rail,84,Kildare
087027,84.508,93.508,99.628,128.508,NCAD (Thomas St),NCAD,176.016,0,0,0,0,1,peak,pt_plus_rail,23,Kildare
087028,43.738,43.738,43.738,145.94,Maynooth University,MU,87.476,0,1,1,1,5,peak,pt_plus_rail,46,Kildare
087029,33.722,33.722,33.722,149.23000000000002,Maynooth University,MU,67.444,0,1,5,9,10,peak,pt_plus_rail,292,Kildare
087030,54.76199999999999,54.76199999999999,54.76199999999999,135.052,Maynooth University,MU,109.524,0,0,1,1,5,peak,pt_plus_rail,36,Kildare
087031,44.861999999999995,44.861999999999995,44.861999999999995,134.082,Maynooth University,MU,89.72399999999999,0,1,1,1,6,peak,pt_plus_rail,143,Kildare
087032,57.486,57.486,57.486,175.082,Maynooth University,MU,114.972,0,0,1,1,1,peak,pt_plus_rail,11,Kildare
087033,69.766,78.766,85.766,119.766,NCAD (Thomas St),NCAD,146.532,0,0,0,1,5,peak,pt_plus_rail,174,Kildare
087034,63.946,72.946,79.946,113.946,NCAD (Thomas St),NCAD,134.892,0,0,0,3,8,peak,pt_plus_rail,241,Kildare
087035,51.326,51.326,51.326,168.922,Maynooth University,MU,102.652,0,0,1,1,2,peak,pt_plus_rail,32,Kildare
087036,50.25,50.25,154.758,50.25,SETU Carlow,SETU,100.5,0,0,1,1,1,peak,pt_plus_rail,13,Kildare
087037,80.83,90.83,96.364,114.83,NCAD (Thomas St),NCAD,165.66,0,0,0,0,1,peak,pt_plus_rail,24,Kildare
087038,73.978,82.978,89.978,118.066,NCAD (Thomas St),NCAD,154.956,0,0,0,1,5,peak,pt_plus_rail,25,Kildare
087039,69.096,69.096,94.77,69.096,SETU Carlow,SETU,138.192,0,0,0,1,1,peak,pt_plus_rail,19,Kildare
087040,85.646,90.494,90.494,124.248,NCAD (Thomas St),NCAD,175.14,0,0,0,0,1,peak,pt_plus_rail,45,Kildare
087041,57.983999999999995,57.983999999999995,164.994,57.983999999999995,SETU Carlow,SETU,115.968,0,0,1,1,1,peak,pt_plus_rail,28,Kildare
087042,56.61,56.61,143.278,56.61,SETU Carlow,SETU,113.22,0,0,1,1,1,peak,pt_plus_rail,30,Kildare
087044,67.76599999999999,67.76599999999999,96.01,67.76599999999999,SETU Carlow,SETU,135.53199999999998,0,0,0,1,1,peak,pt_plus_rail,12,Kildare
087045,52.587999999999994,52.587999999999994,159.158,52.587999999999994,SETU Carlow,SETU,105.176,0,0,1,1,1,peak,pt_plus_rail,13,Kildare
087046,70.07,70.07,114.256,70.07,SETU Carlow,SETU,140.14,0,0,0,1,1,peak,pt_plus_rail,27,Kildare
087047,30.0,30.0,30.0,146.928,Maynooth University,MU,55.0,1,1,4,7,9,peak,pt_plus_rail,342,Kildare
087048,70.262,70.262,82.684,70.262,SETU Carlow,SETU,140.524,0,0,0,1,7,peak,pt_plus_rail,169,Kildare
087049,86.36,96.36,97.658,115.844,NCAD (Thomas St),NCAD,176.72,0,0,0,0,1,peak,pt_plus_rail,46,Kildare
087050,64.0,74.0,87.0,106.934,NCAD (Thomas St),NCAD,140.0,0,0,0,3,8,peak,pt_plus_rail,550,Kildare
087051,57.52,57.52,117.998,57.52,SETU Carlow,SETU,115.04,0,0,1,1,1,peak,pt_plus_rail,20,Kildare
087052,54.87,54.87,54.87,135.496,Maynooth University,MU,109.74,0,0,2,7,9,peak,pt_plus_rail,234,Kildare
087053,77.674,80.674,80.674,135.792,NCAD (Thomas St),NCAD,157.348,0,0,0,0,6,peak,pt_plus_rail,12,Kildare
087054,91.852,101.852,110.556,125.852,NCAD (Thomas St),NCAD,187.704,0,0,0,0,0,peak,pt_plus_rail,21,Kildare
087055,54.846,54.846,54.846,129.834,Maynooth University,MU,109.692,0,0,1,1,3,peak,pt_plus_rail,129,Kildare
087056,57.322,57.322,57.322,123.496,Maynooth University,MU,114.644,0,0,1,1,4,peak,pt_plus_rail,115,Kildare
087057,83.854,83.854,83.854,142.21,Maynooth University,MU,174.708,0,0,0,0,1,peak,pt_plus_rail,37,Kildare
087058,79.562,79.562,79.562,183.562,Maynooth University,MU,166.124,0,0,0,0,1,peak,pt_plus_rail,42,Kildare
087059,85.682,94.682,95.158,111.014,NCAD (Thomas St),NCAD,178.364,0,0,0,0,1,peak,pt_plus_rail,37,Kildare
087060,56.442,59.492,59.492,144.05,NCAD (Thomas St),NCAD,112.884,0,0,2,7,9,peak,pt_plus_rail,31,Kildare
087061,90.506,100.506,102.146,124.506,NCAD (Thomas St),NCAD,185.012,0,0,0,0,0,peak,pt_plus_rail,44,Kildare
087062,80.212,83.212,83.212,130.358,NCAD (Thomas St),NCAD,162.424,0,0,0,0,3,peak,pt_plus_rail,64,Kildare
087064,32.422,32.422,32.422,144.838,Maynooth University,MU,64.844,0,2,7,10,11,peak,pt_plus_rail,584,Kildare
087065,94.068,99.868,99.868,135.79399999999998,NCAD (Thomas St),NCAD,192.936,0,0,0,0,0,peak,pt_plus_rail,10,Kildare
087066,11.0,11.0,11.0,147.0,Maynooth University,MU,22.0,1,1,5,9,10,peak,pt_plus_rail,577,Kildare
087067,83.864,92.864,94.022,117.428,NCAD (Thomas St),NCAD,168.558,0,0,0,0,1,peak,pt_plus_rail,216,Kildare
087068,55.91,55.91,168.392,55.91,SETU Carlow,SETU,111.82,0,0,1,1,1,peak,pt_plus_rail,17,Kildare
087069,65.33,74.33,81.33,115.33,NCAD (Thomas St),NCAD,137.66,0,0,0,2,8,peak,pt_plus_rail,784,Kildare
087070,48.896,48.896,48.896,122.962,Maynooth University,MU,97.792,0,0,2,6,8,peak,pt_plus_rail,121,Kildare
087071,52.532,52.532,52.532,116.0,Maynooth University,MU,105.064,0,0,2,6,8,peak,pt_plus_rail,1002,Kildare
087072,69.00999999999999,69.00999999999999,96.912,69.00999999999999,SETU Carlow,SETU,138.01999999999998,0,0,0,1,1,peak,pt_plus_rail,47,Kildare
087073,77.28999999999999,79.562,92.81,148.81,NCAD (Thomas St),NCAD,156.57999999999998,0,0,0,0,6,peak,pt_plus_rail,51,Kildare
087074,85.49199999999999,95.168,96.326,113.042,NCAD (Thomas St),NCAD,174.98399999999998,0,0,0,0,1,peak,pt_plus_rail,55,Kildare
087075,79.886,83.67999999999999,83.67999999999999,129.886,NCAD (Thomas St),NCAD,162.56599999999997,0,0,0,0,3,peak,pt_plus_rail,49,Kildare
087076,46.581999999999994,46.581999999999994,46.581999999999994,138.282,Maynooth University,MU,93.164,0,0,5,9,11,peak,pt_plus_rail,40,Kildare
087077,74.094,83.094,90.094,114.19,NCAD (Thomas St),NCAD,155.188,0,0,0,1,4,peak,pt_plus_rail,19,Kildare
087078,96.576,105.576,112.576,130.168,NCAD (Thomas St),NCAD,191.392,0,0,0,0,0,peak,pt_plus_rail,5,Kildare
087079,87.288,97.288,101.418,121.288,NCAD (Thomas St),NCAD,178.576,0,0,0,0,1,peak,pt_plus_rail,100,Kildare
087080,69.868,69.868,69.868,119.468,Maynooth University,MU,134.736,0,0,0,2,5,peak,pt_plus_rail,29,Kildare
087081,59.728,65.084,74.984,137.938,NCAD (Thomas St),NCAD,119.456,0,0,1,6,8,peak,pt_plus_rail,60,Kildare
087082,53.826,53.826,53.826,137.198,Maynooth University,MU,107.652,0,0,1,1,3,peak,pt_plus_rail,103,Kildare
087083,70.178,70.178,98.97,70.178,SETU Carlow,SETU,140.356,0,0,0,1,1,peak,pt_plus_rail,44,Kildare
087084,31.162,31.162,31.162,136.906,Maynooth University,MU,62.324,0,1,4,9,9,peak,pt_plus_rail,93,Kildare
087085,89.524,99.524,102.036,123.524,NCAD (Thomas St),NCAD,183.048,0,0,0,0,1,peak,pt_plus_rail,58,Kildare
087086,56.046,56.046,56.046,149.542,Maynooth University,MU,112.092,0,0,1,1,1,peak,pt_plus_rail,55,Kildare
087087,55.15,55.15,55.15,137.374,Maynooth University,MU,110.3,0,0,1,1,2,peak,pt_plus_rail,39,Kildare
087088,69.222,69.222,90.14,69.222,SETU Carlow,SETU,138.444,0,0,0,1,2,peak,pt_plus_rail,29,Kildare
087089,59.702,59.702,59.702,139.954,Maynooth University,MU,119.404,0,0,1,1,1,peak,pt_plus_rail,79,Kildare
087090,62.006,62.006,103.318,62.006,SETU Carlow,SETU,124.012,0,0,0,1,1,peak,pt_plus_rail,175,Kildare
097001,128.976,128.976,195.976,128.976,SETU Carlow,SETU,268.952,0,0,0,0,0,peak,pt_plus_rail,16,Kilkenny
097002,135.15,135.15,249.15,135.15,SETU Carlow,SETU,269.3,0,0,0,0,0,peak,pt_plus_rail,54,Kilkenny
097003,130.828,132.41,167.828,132.41,NCAD (Thomas St),NCAD,253.656,0,0,0,0,0,peak,pt_plus_rail,14,Kilkenny
097004,131.71800000000002,131.71800000000002,195.944,131.71800000000002,SETU Carlow,SETU,274.43600000000004,0,0,0,0,0,peak,pt_plus_rail,21,Kilkenny
097005,118.738,118.738,185.738,118.738,SETU Carlow,SETU,248.476,0,0,0,0,0,peak,pt_plus_rail,20,Kilkenny
097006,144.278,144.278,258.278,144.278,SETU Carlow,SETU,287.556,0,0,0,0,0,peak,pt_plus_rail,14,Kilkenny
097007,134.344,134.344,197.662,134.344,SETU Carlow,SETU,279.688,0,0,0,0,0,peak,pt_plus_rail,12,Kilkenny
097008,117.954,117.954,184.954,117.954,SETU Carlow,SETU,246.908,0,0,0,0,0,peak,pt_plus_rail,21,Kilkenny
097009,126.416,126.416,169.97,126.416,SETU Carlow,SETU,257.94,0,0,0,0,0,peak,pt_plus_rail,5,Kilkenny
097010,129.78,129.78,196.78,129.78,SETU Carlow,SETU,270.56,0,0,0,0,0,peak,pt_plus_rail,15,Kilkenny
097011,123.278,123.278,172.85399999999998,123.278,SETU Carlow,SETU,257.556,0,0,0,0,0,peak,pt_plus_rail,59,Kilkenny
097012,139.348,139.348,206.348,139.348,SETU Carlow,SETU,288.216,0,0,0,0,0,peak,pt_plus_rail,12,Kilkenny
097013,144.542,156.542,189.542,201.918,NCAD (Thomas St),NCAD,288.46000000000004,0,0,0,0,0,peak,pt_plus_rail,4,Kilkenny
097014,112.252,112.252,185.964,112.252,SETU Carlow,SETU,238.504,0,0,0,0,0,peak,pt_plus_rail,44,Kilkenny
097015,134.324,134.324,201.324,134.324,SETU Carlow,SETU,279.648,0,0,0,0,0,peak,pt_plus_rail,6,Kilkenny
097016,71.686,71.686,185.232,71.686,SETU Carlow,SETU,143.372,0,0,0,1,1,peak,pt_plus_rail,21,Kilkenny
097017,159.73,159.73,273.73,159.73,SETU Carlow,SETU,313.504,0,0,0,0,0,peak,pt_plus_rail,8,Kilkenny
097018,113.954,113.954,184.212,113.954,SETU Carlow,SETU,241.908,0,0,0,0,0,peak,pt_plus_rail,46,Kilkenny
097019,123.942,123.942,190.942,123.942,SETU Carlow,SETU,258.884,0,0,0,0,0,peak,pt_plus_rail,84,Kilkenny
097020,123.776,123.776,190.776,123.776,SETU Carlow,SETU,258.552,0,0,0,0,0,peak,pt_plus_rail,77,Kilkenny
097021,134.926,134.926,201.926,134.926,SETU Carlow,SETU,280.852,0,0,0,0,0,peak,pt_plus_rail,8,Kilkenny
097022,68.912,68.912,172.072,68.912,SETU Carlow,SETU,137.824,0,0,0,1,1,peak,pt_plus_rail,78,Kilkenny
097023,138.246,138.246,205.246,138.246,SETU Carlow,SETU,285.77,0,0,0,0,0,peak,pt_plus_rail,4,Kilkenny
097024,73.306,73.306,180.578,73.306,SETU Carlow,SETU,146.612,0,0,0,1,1,peak,pt_plus_rail,18,Kilkenny
097025,65.842,65.842,168.29,65.842,SETU Carlow,SETU,131.684,0,0,0,1,1,peak,pt_plus_rail,33,Kilkenny
097026,113.532,113.532,194.532,113.532,SETU Carlow,SETU,241.064,0,0,0,0,0,peak,pt_plus_rail,11,Kilkenny
097027,130.53199999999998,130.53199999999998,186.09,130.53199999999998,SETU Carlow,SETU,272.06399999999996,0,0,0,0,0,peak,pt_plus_rail,15,Kilkenny
097028,132.4,132.4,199.4,132.4,SETU Carlow,SETU,275.8,0,0,0,0,0,peak,pt_plus_rail,24,Kilkenny
097029,115.786,115.786,182.786,115.786,SETU Carlow,SETU,242.572,0,0,0,0,0,peak,pt_plus_rail,24,Kilkenny
097030,118.54,118.54,199.54,118.54,SETU Carlow,SETU,251.08,0,0,0,0,0,peak,pt_plus_rail,14,Kilkenny
097031,74.57400000000001,74.57400000000001,182.584,74.57400000000001,SETU Carlow,SETU,149.14800000000002,0,0,0,1,1,peak,pt_plus_rail,22,Kilkenny
097032,70.69200000000001,70.69200000000001,180.394,70.69200000000001,SETU Carlow,SETU,141.384,0,0,0,1,1,peak,pt_plus_rail,18,Kilkenny
097033,134.974,134.974,248.974,134.974,SETU Carlow,SETU,268.948,0,0,0,0,0,peak,pt_plus_rail,45,Kilkenny
097034,73.744,73.744,175.612,73.744,SETU Carlow,SETU,147.488,0,0,0,1,1,peak,pt_plus_rail,25,Kilkenny
097035,120.336,120.336,194.446,120.336,SETU Carlow,SETU,254.67200000000005,0,0,0,0,0,peak,pt_plus_rail,23,Kilkenny
097036,154.954,154.954,268.954,154.954,SETU Carlow,SETU,308.908,0,0,0,0,0,peak,pt_plus_rail,12,Kilkenny
097037,118.586,118.586,188.816,118.586,SETU Carlow,SETU,251.17200000000005,0,0,0,0,0,peak,pt_plus_rail,11,Kilkenny
097038,75.714,75.714,185.28,75.714,SETU Carlow,SETU,151.428,0,0,0,0,1,peak,pt_plus_rail,27,Kilkenny
097039,120.72,120.72,201.72,120.72,SETU Carlow,SETU,255.44,0,0,0,0,0,peak,pt_plus_rail,13,Kilkenny
097040,138.524,138.524,205.524,138.524,SETU Carlow,SETU,283.616,0,0,0,0,0,peak,pt_plus_rail,15,Kilkenny
097041,147.934,147.934,261.93399999999997,147.934,SETU Carlow,SETU,294.868,0,0,0,0,0,peak,pt_plus_rail,56,Kilkenny
097042,113.95,113.95,194.95,113.95,SETU Carlow,SETU,241.9,0,0,0,0,0,peak,pt_plus_rail,11,Kilkenny
097043,123.298,123.298,190.298,123.298,SETU Carlow,SETU,257.596,0,0,0,0,0,peak,pt_plus_rail,38,Kilkenny
097044,134.958,146.958,179.958,190.958,NCAD (Thomas St),NCAD,267.916,0,0,0,0,0,peak,pt_plus_rail,11,Kilkenny
097045,140.716,152.716,185.716,196.716,NCAD (Thomas St),NCAD,279.432,0,0,0,0,0,peak,pt_plus_rail,18,Kilkenny
097046,67.68199999999999,67.68199999999999,176.478,67.68199999999999,SETU Carlow,SETU,135.36399999999998,0,0,0,1,1,peak,pt_plus_rail,9,Kilkenny
097047,65.458,65.458,179.844,65.458,SETU Carlow,SETU,130.916,0,0,0,1,1,peak,pt_plus_rail,84,Kilkenny
097048,108.17,108.17,189.17,108.17,SETU Carlow,SETU,230.34,0,0,0,0,0,peak,pt_plus_rail,76,Kilkenny
097049,112.762,112.762,179.762,112.762,SETU Carlow,SETU,236.524,0,0,0,0,0,peak,pt_plus_rail,40,Kilkenny
097050,138.584,138.584,205.584,138.584,SETU Carlow,SETU,286.688,0,0,0,0,0,peak,pt_plus_rail,33,Kilkenny
097051,117.514,117.514,195.276,117.514,SETU Carlow,SETU,249.028,0,0,0,0,0,peak,pt_plus_rail,37,Kilkenny
097052,148.986,148.986,262.986,148.986,SETU Carlow,SETU,296.972,0,0,0,0,0,peak,pt_plus_rail,27,Kilkenny
097053,137.784,139.52,182.784,139.52,NCAD (Thomas St),NCAD,274.11199999999997,0,0,0,0,0,peak,pt_plus_rail,32,Kilkenny
097054,116.964,116.964,188.33,116.964,SETU Carlow,SETU,247.928,0,0,0,0,0,peak,pt_plus_rail,38,Kilkenny
097055,134.87,134.87,201.87,134.87,SETU Carlow,SETU,276.154,0,0,0,0,0,peak,pt_plus_rail,9,Kilkenny
097056,149.456,149.456,263.456,149.456,SETU Carlow,SETU,297.912,0,0,0,0,0,peak,pt_plus_rail,29,Kilkenny
097057,138.968,138.968,252.968,138.968,SETU Carlow,SETU,276.936,0,0,0,0,0,peak,pt_plus_rail,27,Kilkenny
097058,130.116,130.116,244.116,130.116,SETU Carlow,SETU,259.23199999999997,0,0,0,0,0,peak,pt_plus_rail,234,Kilkenny
097059,111.95,111.95,192.95,111.95,SETU Carlow,SETU,237.9,0,0,0,0,0,peak,pt_plus_rail,13,Kilkenny
097060,134.212,134.212,201.212,134.212,SETU Carlow,SETU,279.424,0,0,0,0,0,peak,pt_plus_rail,18,Kilkenny
097061,106.552,106.552,173.552,106.552,SETU Carlow,SETU,224.104,0,0,0,0,0,peak,pt_plus_rail,169,Kilkenny
097062,73.16,73.16,169.0,73.16,SETU Carlow,SETU,146.32,0,0,0,1,1,peak,pt_plus_rail,89,Kilkenny
097063,72.52799999999999,72.52799999999999,166.0,72.52799999999999,SETU Carlow,SETU,145.05599999999998,0,0,0,1,1,peak,pt_plus_rail,862,Kilkenny
097064,116.368,116.368,183.368,116.368,SETU Carlow,SETU,243.736,0,0,0,0,0,peak,pt_plus_rail,53,Kilkenny
097065,136.736,136.736,203.736,136.736,SETU Carlow,SETU,279.936,0,0,0,0,0,peak,pt_plus_rail,16,Kilkenny
097066,248.822,253.822,,255.39,NCAD (Thomas St),NCAD,459.78,0,0,0,0,0,peak,pt_plus_rail,12,Kilkenny
097067,123.524,123.524,190.524,123.524,SETU Carlow,SETU,258.048,0,0,0,0,0,peak,pt_plus_rail,24,Kilkenny
097068,129.186,129.186,196.186,129.186,SETU Carlow,SETU,269.372,0,0,0,0,0,peak,pt_plus_rail,30,Kilkenny
097069,142.228,142.228,256.228,142.228,SETU Carlow,SETU,283.456,0,0,0,0,0,peak,pt_plus_rail,15,Kilkenny
097070,126.136,126.136,193.136,126.136,SETU Carlow,SETU,263.272,0,0,0,0,0,peak,pt_plus_rail,28,Kilkenny
097071,131.346,131.346,198.346,131.346,SETU Carlow,SETU,273.692,0,0,0,0,0,peak,pt_plus_rail,7,Kilkenny
097072,115.426,115.426,190.1,115.426,SETU Carlow,SETU,244.852,0,0,0,0,0,peak,pt_plus_rail,30,Kilkenny
097073,132.09199999999998,132.09199999999998,196.64,132.09199999999998,SETU Carlow,SETU,275.18399999999997,0,0,0,0,0,peak,pt_plus_rail,9,Kilkenny
097074,151.454,151.454,265.454,151.454,SETU Carlow,SETU,301.908,0,0,0,0,0,peak,pt_plus_rail,16,Kilkenny
097075,128.82,128.82,195.82,128.82,SETU Carlow,SETU,268.64,0,0,0,0,0,peak,pt_plus_rail,2,Kilkenny
097076,63.036,63.036,166.196,63.036,SETU Carlow,SETU,126.072,0,0,0,1,1,peak,pt_plus_rail,44,Kilkenny
097077,67.076,67.076,182.076,67.076,SETU Carlow,SETU,134.152,0,0,0,1,1,peak,pt_plus_rail,27,Kilkenny
097078,159.678,159.678,273.678,159.678,SETU Carlow,SETU,318.356,0,0,0,0,0,peak,pt_plus_rail,13,Kilkenny
097079,75.186,75.186,178.346,75.186,SETU Carlow,SETU,150.372,0,0,0,0,1,peak,pt_plus_rail,32,Kilkenny
097080,116.91,116.91,183.91,116.91,SETU Carlow,SETU,244.82,0,0,0,0,0,peak,pt_plus_rail,15,Kilkenny
097081,110.906,110.906,177.906,110.906,SETU Carlow,SETU,232.812,0,0,0,0,0,peak,pt_plus_rail,35,Kilkenny
097082,59.914,59.914,173.46,59.914,SETU Carlow,SETU,119.828,0,0,1,1,1,peak,pt_plus_rail,62,Kilkenny
097083,151.966,151.966,265.966,151.966,SETU Carlow,SETU,302.932,0,0,0,0,0,peak,pt_plus_rail,95,Kilkenny
097084,134.298,134.298,201.298,134.298,SETU Carlow,SETU,278.116,0,0,0,0,0,peak,pt_plus_rail,9,Kilkenny
097085,141.846,141.846,255.846,141.846,SETU Carlow,SETU,282.692,0,0,0,0,0,peak,pt_plus_rail,32,Kilkenny
097086,140.466,140.466,254.466,140.466,SETU Carlow,SETU,279.932,0,0,0,0,0,peak,pt_plus_rail,54,Kilkenny
097087,73.984,73.984,185.17,73.984,SETU Carlow,SETU,147.968,0,0,0,1,1,peak,pt_plus_rail,19,Kilkenny
097088,125.224,125.224,175.582,125.224,SETU Carlow,SETU,261.448,0,0,0,0,0,peak,pt_plus_rail,17,Kilkenny
097089,110.2,110.2,183.362,110.2,SETU Carlow,SETU,234.4,0,0,0,0,0,peak,pt_plus_rail,34,Kilkenny
097090,127.534,127.534,194.534,127.534,SETU Carlow,SETU,266.068,0,0,0,0,0,peak,pt_plus_rail,13,Kilkenny
097091,134.362,134.362,248.362,134.362,SETU Carlow,SETU,267.724,0,0,0,0,0,peak,pt_plus_rail,40,Kilkenny
097092,151.416,151.416,261.354,151.416,SETU Carlow,SETU,301.832,0,0,0,0,0,peak,pt_plus_rail,19,Kilkenny
097093,142.986,142.986,256.986,142.986,SETU Carlow,SETU,284.972,0,0,0,0,0,peak,pt_plus_rail,38,Kilkenny
097094,128.438,128.438,195.438,128.438,SETU Carlow,SETU,267.876,0,0,0,0,0,peak,pt_plus_rail,8,Kilkenny
097095,146.932,146.932,260.932,146.932,SETU Carlow,SETU,292.864,0,0,0,0,0,peak,pt_plus_rail,28,Kilkenny
097096,61.466,61.466,175.852,61.466,SETU Carlow,SETU,122.932,0,0,0,1,1,peak,pt_plus_rail,30,Kilkenny
097097,113.854,113.854,180.854,113.854,SETU Carlow,SETU,238.708,0,0,0,0,0,peak,pt_plus_rail,31,Kilkenny
097098,114.916,114.916,189.026,114.916,SETU Carlow,SETU,243.832,0,0,0,0,0,peak,pt_plus_rail,11,Kilkenny
097099,158.172,158.172,272.172,158.172,SETU Carlow,SETU,315.344,0,0,0,0,0,peak,pt_plus_rail,22,Kilkenny
097100,197.328,197.328,,197.328,SETU Carlow,SETU,353.656,0,0,0,0,0,peak,pt_plus_rail,42,Kilkenny
097101,114.132,114.132,192.158,114.132,SETU Carlow,SETU,242.264,0,0,0,0,0,peak,pt_plus_rail,99,Kilkenny
097102,69.952,69.952,184.338,69.952,SETU Carlow,SETU,139.904,0,0,0,1,1,peak,pt_plus_rail,20,Kilkenny
097103,148.674,148.674,262.674,148.674,SETU Carlow,SETU,296.348,0,0,0,0,0,peak,pt_plus_rail,22,Kilkenny
097104,134.25,134.25,190.368,134.25,SETU Carlow,SETU,279.5,0,0,0,0,0,peak,pt_plus_rail,13,Kilkenny
097105,120.722,120.722,187.722,120.722,SETU Carlow,SETU,252.444,0,0,0,0,0,peak,pt_plus_rail,26,Kilkenny
097107,138.668,138.668,205.668,138.668,SETU Carlow,SETU,288.336,0,0,0,0,0,peak,pt_plus_rail,6,Kilkenny
097108,125.788,125.788,192.788,125.788,SETU Carlow,SETU,262.576,0,0,0,0,0,peak,pt_plus_rail,11,Kilkenny
097109,101.742,101.742,182.742,101.742,SETU Carlow,SETU,217.484,0,0,0,0,0,peak,pt_plus_rail,18,Kilkenny
097110,140.1,140.1,254.1,140.1,SETU Carlow,SETU,279.2,0,0,0,0,0,peak,pt_plus_rail,44,Kilkenny
097111,135.298,140.028,180.298,140.028,NCAD (Thomas St),NCAD,278.1,0,0,0,0,0,peak,pt_plus_rail,60,Kilkenny
097112,153.99,153.99,267.99,153.99,SETU Carlow,SETU,306.98,0,0,0,0,0,peak,pt_plus_rail,15,Kilkenny
107001,116.038,127.038,143.148,140.412,NCAD (Thomas St),NCAD,224.076,0,0,0,0,0,peak,pt_plus_rail,133,Laois
107002,132.668,138.05,169.668,138.05,NCAD (Thomas St),NCAD,257.336,0,0,0,0,0,peak,pt_plus_rail,22,Laois
107003,136.698,147.698,173.698,184.698,NCAD (Thomas St),NCAD,265.396,0,0,0,0,0,peak,pt_plus_rail,13,Laois
107004,64.738,64.738,174.05599999999998,64.738,SETU Carlow,SETU,129.476,0,0,0,1,1,peak,pt_plus_rail,12,Laois
107005,51.202,51.202,156.57,51.202,SETU Carlow,SETU,102.404,0,0,1,1,1,peak,pt_plus_rail,29,Laois
107006,45.538,45.538,160.538,45.538,SETU Carlow,SETU,91.076,0,0,1,1,1,peak,pt_plus_rail,35,Laois
107007,123.506,134.506,160.506,135.772,NCAD (Thomas St),NCAD,239.012,0,0,0,0,0,peak,pt_plus_rail,23,Laois
107008,61.388000000000005,61.388000000000005,144.098,61.388000000000005,SETU Carlow,SETU,122.776,0,0,0,1,1,peak,pt_plus_rail,30,Laois
107009,96.03,105.03,112.03,125.334,NCAD (Thomas St),NCAD,187.882,0,0,0,0,0,peak,pt_plus_rail,51,Laois
107011,73.95400000000001,73.95400000000001,115.392,73.95400000000001,SETU Carlow,SETU,147.90800000000002,0,0,0,1,1,peak,pt_plus_rail,14,Laois
107012,121.53,132.53,158.53,169.53,NCAD (Thomas St),NCAD,235.06,0,0,0,0,0,peak,pt_plus_rail,38,Laois
107013,58.042,58.042,155.97,58.042,SETU Carlow,SETU,116.084,0,0,1,1,1,peak,pt_plus_rail,5,Laois
107014,57.026,57.026,143.074,57.026,SETU Carlow,SETU,114.052,0,0,1,1,1,peak,pt_plus_rail,86,Laois
107015,110.506,120.506,131.506,127.63,NCAD (Thomas St),NCAD,217.838,0,0,0,0,0,peak,pt_plus_rail,64,Laois
107016,62.044,62.044,141.72199999999998,62.044,SETU Carlow,SETU,124.088,0,0,0,1,1,peak,pt_plus_rail,19,Laois
107017,123.634,134.634,160.634,171.634,NCAD (Thomas St),NCAD,239.268,0,0,0,0,0,peak,pt_plus_rail,12,Laois
107018,103.748,114.748,128.596,117.066,NCAD (Thomas St),NCAD,199.496,0,0,0,0,0,peak,pt_plus_rail,76,Laois
107019,122.35,134.35,167.35,168.35,NCAD (Thomas St),NCAD,242.7,0,0,0,0,0,peak,pt_plus_rail,42,Laois
107021,133.412,144.412,170.412,180.282,NCAD (Thomas St),NCAD,258.824,0,0,0,0,0,peak,pt_plus_rail,6,Laois
107023,92.624,92.624,157.098,92.624,TUS Athlone,TUS,233.404,0,0,0,0,0,peak,pt_plus_rail,21,Laois
107024,129.514,140.514,166.514,177.514,NCAD (Thomas St),NCAD,251.028,0,0,0,0,0,peak,pt_plus_rail,10,Laois
107025,100.686,100.686,172.35,100.686,TUS Athlone,TUS,247.466,0,0,0,0,0,peak,pt_plus_rail,18,Laois
107026,121.14,132.14,158.14,169.14,NCAD (Thomas St),NCAD,234.28,0,0,0,0,0,peak,pt_plus_rail,41,Laois
107027,121.404,132.404,158.404,169.404,NCAD (Thomas St),NCAD,234.808,0,0,0,0,0,peak,pt_plus_rail,17,Laois
107028,101.36,101.36,166.108,101.36,TUS Athlone,TUS,250.216,0,0,0,0,0,peak,pt_plus_rail,45,Laois
107029,103.936,114.936,126.916,127.456,NCAD (Thomas St),NCAD,199.872,0,0,0,0,0,peak,pt_plus_rail,100,Laois
107030,123.602,134.602,160.602,171.602,NCAD (Thomas St),NCAD,239.204,0,0,0,0,0,peak,pt_plus_rail,13,Laois
107031,115.384,126.384,142.776,163.384,NCAD (Thomas St),NCAD,222.768,0,0,0,0,0,peak,pt_plus_rail,34,Laois
107032,130.176,142.176,175.176,186.176,NCAD (Thomas St),NCAD,258.352,0,0,0,0,0,peak,pt_plus_rail,9,Laois
107033,106.362,116.362,127.362,129.412,NCAD (Thomas St),NCAD,207.752,0,0,0,0,0,peak,pt_plus_rail,5,Laois
107034,126.222,137.22199999999998,163.22199999999998,174.22199999999998,NCAD (Thomas St),NCAD,244.444,0,0,0,0,0,peak,pt_plus_rail,17,Laois
107035,129.382,140.382,166.382,177.382,NCAD (Thomas St),NCAD,250.764,0,0,0,0,0,peak,pt_plus_rail,16,Laois
107036,140.748,152.748,185.748,198.426,NCAD (Thomas St),NCAD,281.174,0,0,0,0,0,peak,pt_plus_rail,21,Laois
107037,109.986,119.986,130.986,125.15,NCAD (Thomas St),NCAD,216.798,0,0,0,0,0,peak,pt_plus_rail,10,Laois
107038,69.55199999999999,69.55199999999999,131.642,69.55199999999999,SETU Carlow,SETU,139.10399999999998,0,0,0,1,1,peak,pt_plus_rail,15,Laois
107039,105.95,111.446,126.95,111.446,NCAD (Thomas St),NCAD,209.1,0,0,0,0,0,peak,pt_plus_rail,99,Laois
107040,122.008,134.008,167.008,168.008,NCAD (Thomas St),NCAD,242.016,0,0,0,0,0,peak,pt_plus_rail,14,Laois
107041,125.626,136.626,162.626,173.626,NCAD (Thomas St),NCAD,243.252,0,0,0,0,0,peak,pt_plus_rail,23,Laois
107042,62.584,62.584,163.482,62.584,SETU Carlow,SETU,125.168,0,0,0,1,1,peak,pt_plus_rail,34,Laois
107043,124.39,135.39,161.39,136.384,NCAD (Thomas St),NCAD,240.78,0,0,0,0,0,peak,pt_plus_rail,17,Laois
107044,126.71,130.05,163.70999999999998,130.05,NCAD (Thomas St),NCAD,245.42,0,0,0,0,0,peak,pt_plus_rail,56,Laois
107045,71.298,71.298,164.35399999999998,71.298,SETU Carlow,SETU,142.596,0,0,0,1,1,peak,pt_plus_rail,15,Laois
107046,94.95,103.95,110.95,125.234,NCAD (Thomas St),NCAD,191.788,0,0,0,0,0,peak,pt_plus_rail,59,Laois
107047,130.872,142.872,175.872,186.872,NCAD (Thomas St),NCAD,259.744,0,0,0,0,0,peak,pt_plus_rail,28,Laois
107048,57.650000000000006,57.650000000000006,155.996,57.650000000000006,SETU Carlow,SETU,115.3,0,0,1,1,1,peak,pt_plus_rail,8,Laois
107049,68.08,68.08,163.256,68.08,SETU Carlow,SETU,136.16,0,0,0,1,1,peak,pt_plus_rail,8,Laois
107050,101.112,101.112,157.324,101.112,TUS Athlone,TUS,235.648,0,0,0,0,0,peak,pt_plus_rail,24,Laois
107051,102.526,102.526,144.102,102.526,TUS Athlone,TUS,229.268,0,0,0,0,0,peak,pt_plus_rail,10,Laois
107052,19.0,19.0,155.856,19.0,SETU Carlow,SETU,38.0,1,1,1,1,1,peak,pt_plus_rail,284,Laois
107053,129.43200000000002,141.43200000000002,167.584,175.43200000000002,NCAD (Thomas St),NCAD,252.016,0,0,0,0,0,peak,pt_plus_rail,18,Laois
107054,89.024,98.024,99.182,120.454,NCAD (Thomas St),NCAD,177.878,0,0,0,0,1,peak,pt_plus_rail,22,Laois
107055,118.976,130.976,163.976,164.976,NCAD (Thomas St),NCAD,235.952,0,0,0,0,0,peak,pt_plus_rail,7,Laois
107056,101.714,110.714,117.714,121.076,NCAD (Thomas St),NCAD,201.32,0,0,0,0,0,peak,pt_plus_rail,38,Laois
107057,125.67,137.67000000000002,169.93599999999998,171.67000000000002,NCAD (Thomas St),NCAD,249.34,0,0,0,0,0,peak,pt_plus_rail,14,Laois
107058,51.424,51.424,156.13,51.424,SETU Carlow,SETU,102.848,0,0,1,1,1,peak,pt_plus_rail,21,Laois
107059,128.63,139.63,165.63,140.484,NCAD (Thomas St),NCAD,249.26,0,0,0,0,0,peak,pt_plus_rail,16,Laois
107060,92.214,101.214,102.372,124.428,NCAD (Thomas St),NCAD,182.068,0,0,0,0,0,peak,pt_plus_rail,24,Laois
107061,97.938,106.938,113.938,118.006,NCAD (Thomas St),NCAD,200.444,0,0,0,0,0,peak,pt_plus_rail,15,Laois
107062,130.358,141.358,167.358,178.358,NCAD (Thomas St),NCAD,252.716,0,0,0,0,0,peak,pt_plus_rail,16,Laois
107063,129.30599999999998,141.30599999999998,172.758,175.30599999999998,NCAD (Thomas St),NCAD,256.61199999999997,0,0,0,0,0,peak,pt_plus_rail,7,Laois
107064,135.078,147.078,180.078,191.078,NCAD (Thomas St),NCAD,268.156,0,0,0,0,0,peak,pt_plus_rail,10,Laois
107065,127.148,138.148,164.148,175.148,NCAD (Thomas St),NCAD,246.296,0,0,0,0,0,peak,pt_plus_rail,11,Laois
107066,64.306,64.306,161.81,64.306,SETU Carlow,SETU,128.612,0,0,0,1,1,peak,pt_plus_rail,16,Laois
107067,131.85399999999998,142.85399999999998,168.85399999999998,179.85399999999998,NCAD (Thomas St),NCAD,255.70799999999997,0,0,0,0,0,peak,pt_plus_rail,3,Laois
107068,110.084,110.084,158.41,110.084,TUS Athlone,TUS,234.82,0,0,0,0,0,peak,pt_plus_rail,17,Laois
107069,124.72,136.72,169.72,170.72,NCAD (Thomas St),NCAD,247.44,0,0,0,0,0,peak,pt_plus_rail,7,Laois
107070,124.048,136.048,167.5,170.048,NCAD (Thomas St),NCAD,246.096,0,0,0,0,0,peak,pt_plus_rail,4,Laois
107071,110.646,112.104,131.64600000000002,112.104,NCAD (Thomas St),NCAD,214.45,0,0,0,0,0,peak,pt_plus_rail,39,Laois
107072,108.992,109.098,129.992,109.098,NCAD (Thomas St),NCAD,214.998,0,0,0,0,0,peak,pt_plus_rail,115,Laois
107073,116.128,127.128,143.51999999999998,164.128,NCAD (Thomas St),NCAD,224.256,0,0,0,0,0,peak,pt_plus_rail,113,Laois
107074,99.526,108.526,115.526,114.818,NCAD (Thomas St),NCAD,203.258,0,0,0,0,0,peak,pt_plus_rail,15,Laois
107076,57.05800000000001,57.05800000000001,163.94,57.05800000000001,SETU Carlow,SETU,114.116,0,0,1,1,1,peak,pt_plus_rail,18,Laois
107077,113.082,113.95,142.35,113.95,NCAD (Thomas St),NCAD,218.164,0,0,0,0,0,peak,pt_plus_rail,22,Laois
107078,95.264,106.264,114.076,118.994,NCAD (Thomas St),NCAD,183.528,0,0,0,0,0,peak,pt_plus_rail,328,Laois
107079,103.11,113.9,124.9,124.0,NCAD (Thomas St),NCAD,198.22,0,0,0,0,0,peak,pt_plus_rail,741,Laois
107080,100.69,110.548,117.548,122.532,NCAD (Thomas St),NCAD,193.38,0,0,0,0,0,peak,pt_plus_rail,137,Laois
107081,119.176,130.176,146.286,167.176,NCAD (Thomas St),NCAD,230.352,0,0,0,0,0,peak,pt_plus_rail,27,Laois
107082,60.629999999999995,60.629999999999995,158.134,60.629999999999995,SETU Carlow,SETU,121.26,0,0,0,1,1,peak,pt_plus_rail,9,Laois
107083,125.742,137.742,170.742,171.742,NCAD (Thomas St),NCAD,249.484,0,0,0,0,0,peak,pt_plus_rail,48,Laois
107084,122.826,134.826,167.826,168.826,NCAD (Thomas St),NCAD,243.652,0,0,0,0,0,peak,pt_plus_rail,4,Laois
107085,98.964,98.964,161.344,98.964,TUS Athlone,TUS,243.43,0,0,0,0,0,peak,pt_plus_rail,17,Laois
107086,109.87,109.87,144.996,109.87,TUS Athlone,TUS,228.98,0,0,0,0,0,peak,pt_plus_rail,24,Laois
107087,47.744,47.744,162.744,47.744,SETU Carlow,SETU,95.488,0,0,1,1,1,peak,pt_plus_rail,21,Laois
107088,97.512,106.512,113.512,116.716,NCAD (Thomas St),NCAD,194.854,0,0,0,0,0,peak,pt_plus_rail,34,Laois
107089,105.368,115.368,126.368,120.568,NCAD (Thomas St),NCAD,209.476,0,0,0,0,0,peak,pt_plus_rail,32,Laois
107090,47.098,47.098,161.412,47.098,SETU Carlow,SETU,94.196,0,0,1,1,1,peak,pt_plus_rail,15,Laois
107091,66.588,66.588,127.288,66.588,SETU Carlow,SETU,133.176,0,0,0,1,1,peak,pt_plus_rail,83,Laois
107092,57.256,57.256,145.852,57.256,SETU Carlow,SETU,114.512,0,0,1,1,1,peak,pt_plus_rail,29,Laois
107093,71.336,71.336,142.03199999999998,71.336,SETU Carlow,SETU,142.672,0,0,0,1,1,peak,pt_plus_rail,24,Laois
107094,68.69,68.69,141.82999999999998,68.69,SETU Carlow,SETU,137.38,0,0,0,1,1,peak,pt_plus_rail,18,Laois
107095,111.428,111.428,166.052,111.428,TUS Athlone,TUS,250.104,0,0,0,0,0,peak,pt_plus_rail,2,Laois
107096,114.246,125.246,141.638,162.246,NCAD (Thomas St),NCAD,220.492,0,0,0,0,0,peak,pt_plus_rail,7,Laois
107097,54.82,54.82,161.406,54.82,SETU Carlow,SETU,109.64,0,0,1,1,1,peak,pt_plus_rail,12,Laois
107098,75.024,75.024,116.266,75.024,SETU Carlow,SETU,150.048,0,0,0,0,1,peak,pt_plus_rail,8,Laois
137001,176.0,176.0,176.0,179.10399999999998,Maynooth University,MU,300.956,0,0,0,0,0,peak,pt_plus_rail,13,Longford
137002,160.474,160.474,201.474,160.474,TUS Athlone,TUS,317.948,0,0,0,0,0,peak,pt_plus_rail,31,Longford
137003,126.814,126.814,126.814,170.564,Maynooth University,MU,243.628,0,0,0,0,0,peak,pt_plus_rail,28,Longford
137004,135.072,135.072,135.072,163.968,Maynooth University,MU,247.292,0,0,0,0,0,peak,pt_plus_rail,26,Longford
137005,160.446,160.446,201.446,160.446,TUS Athlone,TUS,317.892,0,0,0,0,0,peak,pt_plus_rail,25,Longford
137006,160.63,160.63,201.63,160.63,TUS Athlone,TUS,318.26,0,0,0,0,0,peak,pt_plus_rail,23,Longford
137007,178.212,178.212,219.212,178.212,TUS Athlone,TUS,353.424,0,0,0,0,0,peak,pt_plus_rail,35,Longford
137008,169.88,169.88,210.88,169.88,TUS Athlone,TUS,336.76,0,0,0,0,0,peak,pt_plus_rail,23,Longford
137009,43.09,43.09,133.582,43.09,TUS Athlone,TUS,86.17999999999999,0,1,1,1,1,peak,pt_plus_rail,126,Longford
137010,125.342,125.342,125.342,162.4,Maynooth University,MU,232.024,0,0,0,0,0,peak,pt_plus_rail,10,Longford
137011,161.992,161.992,202.992,161.992,TUS Athlone,TUS,320.984,0,0,0,0,0,peak,pt_plus_rail,50,Longford
137012,173.816,173.816,209.824,173.816,TUS Athlone,TUS,338.648,0,0,0,0,0,peak,pt_plus_rail,6,Longford
137013,150.814,150.814,191.814,150.814,TUS Athlone,TUS,298.628,0,0,0,0,0,peak,pt_plus_rail,114,Longford
137014,101.718,101.718,208.004,101.718,TUS Athlone,TUS,242.436,0,0,0,0,0,peak,pt_plus_rail,13,Longford
137015,183.806,183.806,224.806,183.806,TUS Athlone,TUS,364.612,0,0,0,0,0,peak,pt_plus_rail,23,Longford
137016,111.536,111.536,192.444,111.536,TUS Athlone,TUS,259.98,0,0,0,0,0,peak,pt_plus_rail,36,Longford
137017,156.094,156.094,197.094,156.094,TUS Athlone,TUS,309.188,0,0,0,0,0,peak,pt_plus_rail,38,Longford
137018,,,,,,,,0,0,0,0,0,peak,pt_plus_rail,22,Longford
137019,172.39,172.39,199.242,172.39,TUS Athlone,TUS,317.484,0,0,0,0,0,peak,pt_plus_rail,15,Longford
137020,135.92,135.92,135.92,153.934,Maynooth University,MU,248.988,0,0,0,0,0,peak,pt_plus_rail,21,Longford
137021,181.584,181.584,208.436,181.584,TUS Athlone,TUS,335.872,0,0,0,0,0,peak,pt_plus_rail,20,Longford
137022,133.024,133.024,133.024,164.32,Maynooth University,MU,243.196,0,0,0,0,0,peak,pt_plus_rail,10,Longford
137023,163.856,163.856,201.664,163.856,TUS Athlone,TUS,322.328,0,0,0,0,0,peak,pt_plus_rail,6,Longford
137024,178.502,178.502,211.114,178.502,TUS Athlone,TUS,341.228,0,0,0,0,0,peak,pt_plus_rail,13,Longford
137025,171.402,171.402,204.954,171.402,TUS Athlone,TUS,328.908,0,0,0,0,0,peak,pt_plus_rail,20,Longford
137026,174.29399999999998,174.29399999999998,215.294,174.29399999999998,TUS Athlone,TUS,345.58799999999997,0,0,0,0,0,peak,pt_plus_rail,27,Longford
137027,162.574,162.574,203.574,162.574,TUS Athlone,TUS,322.148,0,0,0,0,0,peak,pt_plus_rail,48,Longford
137028,165.808,165.808,198.914,165.808,TUS Athlone,TUS,316.828,0,0,0,0,0,peak,pt_plus_rail,3,Longford
137029,103.0,103.0,103.0,161.1,Maynooth University,MU,208.0,0,0,0,0,0,peak,pt_plus_rail,85,Longford
137031,47.568,47.568,128.13,47.568,TUS Athlone,TUS,95.136,0,0,1,1,1,peak,pt_plus_rail,75,Longford
137032,134.07999999999998,134.07999999999998,134.07999999999998,176.53,Maynooth University,MU,257.966,0,0,0,0,0,peak,pt_plus_rail,19,Longford
137033,169.16,169.16,210.16,169.16,TUS Athlone,TUS,335.32,0,0,0,0,0,peak,pt_plus_rail,20,Longford
137034,170.14,170.14,201.304,170.14,TUS Athlone,TUS,321.608,0,0,0,0,0,peak,pt_plus_rail,12,Longford
137035,173.348,173.348,176.0,173.348,TUS Athlone,TUS,295.2,0,0,0,0,0,peak,pt_plus_rail,49,Longford
137036,110.286,110.286,200.028,110.286,TUS Athlone,TUS,233.286,0,0,0,0,0,peak,pt_plus_rail,48,Longford
137037,52.14,52.14,135.542,52.14,TUS Athlone,TUS,104.28,0,0,1,1,1,peak,pt_plus_rail,35,Longford
137038,98.95,98.95,195.672,98.95,TUS Athlone,TUS,236.9,0,0,0,0,0,peak,pt_plus_rail,30,Longford
137039,170.90800000000002,170.90800000000002,211.908,170.90800000000002,TUS Athlone,TUS,338.81600000000003,0,0,0,0,0,peak,pt_plus_rail,22,Longford
137040,165.85399999999998,165.85399999999998,195.754,165.85399999999998,TUS Athlone,TUS,310.508,0,0,0,0,0,peak,pt_plus_rail,7,Longford
137041,50.208,50.208,194.208,50.208,TUS Athlone,TUS,100.416,0,0,1,1,1,peak,pt_plus_rail,20,Longford
137042,167.138,167.138,208.138,167.138,TUS Athlone,TUS,331.276,0,0,0,0,0,peak,pt_plus_rail,8,Longford
137043,105.0,105.0,105.0,108.492,Maynooth University,MU,210.0,0,0,0,0,0,peak,pt_plus_rail,160,Longford
137044,110.344,110.344,138.0,110.344,TUS Athlone,TUS,248.966,0,0,0,0,0,peak,pt_plus_rail,32,Longford
137045,111.0,111.0,111.0,111.738,Maynooth University,MU,222.0,0,0,0,0,0,peak,pt_plus_rail,255,Longford
137046,167.698,167.698,194.55,167.698,TUS Athlone,TUS,308.1,0,0,0,0,0,peak,pt_plus_rail,19,Longford
137047,159.228,159.228,194.934,159.228,TUS Athlone,TUS,308.868,0,0,0,0,0,peak,pt_plus_rail,15,Longford
137048,94.722,94.722,199.124,94.722,TUS Athlone,TUS,228.444,0,0,0,0,0,peak,pt_plus_rail,11,Longford
137049,108.666,108.666,195.204,108.666,TUS Athlone,TUS,256.332,0,0,0,0,0,peak,pt_plus_rail,47,Longford
137050,177.976,177.976,218.976,177.976,TUS Athlone,TUS,352.952,0,0,0,0,0,peak,pt_plus_rail,13,Longford
137051,182.59,182.59,213.432,182.59,TUS Athlone,TUS,345.86400000000003,0,0,0,0,0,peak,pt_plus_rail,11,Longford
137053,153.604,153.604,194.604,153.604,TUS Athlone,TUS,304.208,0,0,0,0,0,peak,pt_plus_rail,31,Longford
137054,94.284,94.284,208.13,94.284,TUS Athlone,TUS,227.568,0,0,0,0,0,peak,pt_plus_rail,47,Longford
147001,59.296,117.016,173.016,59.296,Dundalk IT,DkIT,118.592,0,0,1,1,1,peak,pt_plus_rail,155,Louth
147002,56.69,114.41,168.0,56.69,Dundalk IT,DkIT,113.38,0,0,1,1,1,peak,pt_plus_rail,223,Louth
147003,41.924,122.924,169.924,41.924,Dundalk IT,DkIT,83.848,0,1,1,1,1,peak,pt_plus_rail,105,Louth
147004,45.344,126.344,173.344,45.344,Dundalk IT,DkIT,90.688,0,0,1,1,1,peak,pt_plus_rail,42,Louth
147005,60.336,141.336,188.336,60.336,Dundalk IT,DkIT,120.672,0,0,0,1,1,peak,pt_plus_rail,61,Louth
147006,47.629999999999995,110.498,166.498,47.629999999999995,Dundalk IT,DkIT,95.26,0,0,1,1,1,peak,pt_plus_rail,57,Louth
147007,41.562,122.562,169.562,41.562,Dundalk IT,DkIT,83.124,0,1,1,1,1,peak,pt_plus_rail,51,Louth
147008,41.03,122.03,169.03,41.03,Dundalk IT,DkIT,82.06,0,1,1,1,1,peak,pt_plus_rail,194,Louth
147009,69.85,107.258,163.258,69.85,Dundalk IT,DkIT,139.7,0,0,0,1,1,peak,pt_plus_rail,165,Louth
147010,62.15,123.058,179.058,62.15,Dundalk IT,DkIT,124.3,0,0,0,1,1,peak,pt_plus_rail,36,Louth
147011,61.468,105.814,161.814,61.468,Dundalk IT,DkIT,122.936,0,0,0,1,1,peak,pt_plus_rail,101,Louth
147012,47.294,128.294,175.294,47.294,Dundalk IT,DkIT,94.588,0,0,1,1,1,peak,pt_plus_rail,37,Louth
147013,46.334,118.078,174.078,46.334,Dundalk IT,DkIT,92.668,0,0,1,1,1,peak,pt_plus_rail,11,Louth
147014,65.672,83.0,141.0,65.672,Dundalk IT,DkIT,131.344,0,0,0,1,2,peak,pt_plus_rail,331,Louth
147015,51.766,105.178,161.178,51.766,Dundalk IT,DkIT,103.532,0,0,1,1,1,peak,pt_plus_rail,35,Louth
147016,45.95,116.97,172.97,45.95,Dundalk IT,DkIT,91.9,0,0,1,1,1,peak,pt_plus_rail,100,Louth
147017,57.492,114.496,170.49599999999998,57.492,Dundalk IT,DkIT,114.984,0,0,1,1,1,peak,pt_plus_rail,80,Louth
147018,61.402,142.402,189.402,61.402,Dundalk IT,DkIT,122.804,0,0,0,1,1,peak,pt_plus_rail,79,Louth
147019,19.0,108.0,164.198,19.0,Dundalk IT,DkIT,38.0,1,1,1,1,1,peak,pt_plus_rail,903,Louth
147020,22.0,98.0,156.0,22.0,Dundalk IT,DkIT,44.0,1,1,1,1,1,peak,pt_plus_rail,43,Louth
147021,50.928,105.128,161.128,50.928,Dundalk IT,DkIT,101.856,0,0,1,1,1,peak,pt_plus_rail,147,Louth
147022,61.102,114.118,170.118,61.102,Dundalk IT,DkIT,122.204,0,0,0,1,1,peak,pt_plus_rail,68,Louth
147023,44.684,125.684,172.684,44.684,Dundalk IT,DkIT,89.368,0,1,1,1,1,peak,pt_plus_rail,42,Louth
147024,66.27000000000001,147.27,194.27,66.27000000000001,Dundalk IT,DkIT,132.54000000000002,0,0,0,1,1,peak,pt_plus_rail,74,Louth
147025,39.778,120.0,167.778,39.778,Dundalk IT,DkIT,79.556,0,1,1,1,1,peak,pt_plus_rail,335,Louth
147026,48.508,129.508,176.508,48.508,Dundalk IT,DkIT,97.016,0,0,1,1,1,peak,pt_plus_rail,92,Louth
147027,52.636,133.636,180.636,52.636,Dundalk IT,DkIT,105.272,0,0,1,1,1,peak,pt_plus_rail,60,Louth
147028,45.1,126.1,173.1,45.1,Dundalk IT,DkIT,90.2,0,0,1,1,1,peak,pt_plus_rail,82,Louth
147029,49.396,117.57,173.57,49.396,Dundalk IT,DkIT,98.792,0,0,1,1,1,peak,pt_plus_rail,39,Louth
147030,62.785999999999994,98.856,152.856,62.785999999999994,Dundalk IT,DkIT,125.572,0,0,0,1,1,peak,pt_plus_rail,63,Louth
147031,56.44800000000001,99.638,155.638,56.44800000000001,Dundalk IT,DkIT,112.89600000000002,0,0,1,1,1,peak,pt_plus_rail,127,Louth
147032,57.148,138.148,185.148,57.148,Dundalk IT,DkIT,114.296,0,0,1,1,1,peak,pt_plus_rail,59,Louth
147033,50.198,131.198,178.198,50.198,Dundalk IT,DkIT,100.396,0,0,1,1,1,peak,pt_plus_rail,55,Louth
147034,65.748,75.0,135.0,65.748,Dundalk IT,DkIT,131.496,0,0,0,2,5,peak,pt_plus_rail,261,Louth
147035,65.374,93.656,149.656,65.374,Dundalk IT,DkIT,130.748,0,0,0,1,1,peak,pt_plus_rail,637,Louth
147036,54.736,112.456,168.45600000000002,54.736,Dundalk IT,DkIT,109.472,0,0,1,1,1,peak,pt_plus_rail,35,Louth
147037,56.068,121.434,177.434,56.068,Dundalk IT,DkIT,112.136,0,0,1,1,1,peak,pt_plus_rail,39,Louth
147038,90.244,101.244,157.244,90.244,Dundalk IT,DkIT,187.488,0,0,0,0,0,peak,pt_plus_rail,177,Louth
147039,69.126,87.87,138.0,69.126,Dundalk IT,DkIT,138.252,0,0,0,1,3,peak,pt_plus_rail,134,Louth
147040,18.0,105.0,161.718,18.0,Dundalk IT,DkIT,36.0,1,1,1,1,1,peak,pt_plus_rail,55,Louth
147041,15.0,107.0,163.746,15.0,Dundalk IT,DkIT,30.0,1,1,1,1,1,peak,pt_plus_rail,33,Louth
147042,11.0,104.0,165.0,11.0,Dundalk IT,DkIT,22.0,1,1,1,1,1,peak,pt_plus_rail,220,Louth
147043,67.868,82.0,137.0,67.868,Dundalk IT,DkIT,135.736,0,0,0,1,4,peak,pt_plus_rail,375,Louth
167001,,,,,,,,0,0,0,0,0,peak,pt_plus_rail,25,Meath
167002,94.134,94.134,112.134,215.134,TU Dublin Blanchardstown,TU Dublin,185.268,0,0,0,0,0,peak,pt_plus_rail,107,Meath
167003,66.634,66.634,92.634,94.394,TU Dublin Blanchardstown,TU Dublin,134.268,0,0,0,2,5,peak,pt_plus_rail,83,Meath
167004,109.676,112.258,176.676,109.676,Dundalk IT,DkIT,212.516,0,0,0,0,0,peak,pt_plus_rail,52,Meath
167005,66.404,66.404,66.404,173.0,Maynooth University,MU,127.808,0,0,0,1,1,peak,pt_plus_rail,27,Meath
167006,118.0,118.0,144.0,224.0,TU Dublin Blanchardstown,TU Dublin,192.0,0,0,0,0,0,peak,pt_plus_rail,103,Meath
167007,203.0,203.0,,,TU Dublin Blanchardstown,TU Dublin,405.0,0,0,0,0,0,peak,pt_plus_rail,17,Meath
167008,67.62,67.62,67.62,180.134,Maynooth University,MU,130.24,0,0,0,1,1,peak,pt_plus_rail,25,Meath
167009,63.414,63.414,63.414,176.072,Maynooth University,MU,121.828,0,0,0,1,1,peak,pt_plus_rail,24,Meath
167010,,,,,,,,0,0,0,0,0,peak,pt_plus_rail,30,Meath
167011,86.524,86.524,86.524,190.524,Maynooth University,MU,180.048,0,0,0,0,1,peak,pt_plus_rail,65,Meath
167012,,,,,,,,0,0,0,0,0,peak,pt_plus_rail,15,Meath
167013,,,,,,,,0,0,0,0,0,peak,pt_plus_rail,16,Meath
167014,,,,,,,,0,0,0,0,0,peak,pt_plus_rail,19,Meath
167015,,,,,,,,0,0,0,0,0,peak,pt_plus_rail,24,Meath
167016,,,,,,,,0,0,0,0,0,peak,pt_plus_rail,17,Meath
167017,54.732,54.732,54.732,169.546,Maynooth University,MU,109.464,0,0,1,1,2,peak,pt_plus_rail,137,Meath
167018,,,,,,,,0,0,0,0,0,peak,pt_plus_rail,47,Meath
167019,,,,,,,,0,0,0,0,0,peak,pt_plus_rail,22,Meath
167020,89.47,89.47,89.47,193.47,Maynooth University,MU,185.94,0,0,0,0,1,peak,pt_plus_rail,28,Meath
167021,205.0,205.0,,,TU Dublin Blanchardstown,TU Dublin,415.0,0,0,0,0,0,peak,pt_plus_rail,26,Meath
167022,,,,,,,,0,0,0,0,0,peak,pt_plus_rail,11,Meath
167023,,,,,,,,0,0,0,0,0,peak,pt_plus_rail,17,Meath
167024,39.414,39.414,39.414,155.464,Maynooth University,MU,78.828,0,1,5,8,10,peak,pt_plus_rail,40,Meath
167025,44.432,44.432,72.678,110.166,Trinity College Dublin,TCD,88.864,0,1,7,9,11,peak,pt_plus_rail,512,Meath
167026,,,,,,,,0,0,0,0,0,peak,pt_plus_rail,97,Meath
167027,67.92,123.3,179.3,67.92,Dundalk IT,DkIT,135.84,0,0,0,1,1,peak,pt_plus_rail,23,Meath
167028,89.464,92.046,114.784,89.464,Dundalk IT,DkIT,172.09199999999998,0,0,0,0,1,peak,pt_plus_rail,303,Meath
167029,37.0,37.0,38.536,141.456,TU Dublin Blanchardstown,TU Dublin,69.0,0,4,7,10,11,peak,pt_plus_rail,416,Meath
167030,49.328,49.328,49.328,155.002,Maynooth University,MU,91.0,0,0,5,8,10,peak,pt_plus_rail,283,Meath
167031,44.142,44.142,44.142,167.75,Maynooth University,MU,85.892,0,1,1,3,6,peak,pt_plus_rail,44,Meath
167032,55.412,55.412,55.412,169.87,Maynooth University,MU,110.824,0,0,1,3,8,peak,pt_plus_rail,25,Meath
167033,,,,,,,,0,0,0,0,0,peak,pt_plus_rail,20,Meath
167034,104.202,115.202,171.202,104.202,Dundalk IT,DkIT,215.404,0,0,0,0,0,peak,pt_plus_rail,33,Meath
167035,139.0,139.0,165.0,,TU Dublin Blanchardstown,TU Dublin,236.0,0,0,0,0,0,peak,pt_plus_rail,16,Meath
167036,68.886,68.886,68.886,177.738,Maynooth University,MU,132.772,0,0,0,1,1,peak,pt_plus_rail,13,Meath
167037,43.686,43.686,43.686,157.172,Maynooth University,MU,87.372,0,1,1,5,7,peak,pt_plus_rail,201,Meath
167038,77.394,77.394,137.674,86.652,DCU Glasnevin,DCU,142.788,0,0,0,0,5,peak,pt_plus_rail,556,Meath
167039,92.0,92.0,155.0,191.0,TU Dublin Blanchardstown,TU Dublin,169.0,0,0,0,0,0,peak,pt_plus_rail,204,Meath
167040,91.0,91.0,154.0,190.0,TU Dublin Blanchardstown,TU Dublin,168.0,0,0,0,0,0,peak,pt_plus_rail,96,Meath
167041,64.752,64.752,90.752,99.188,TU Dublin Blanchardstown,TU Dublin,130.504,0,0,0,2,7,peak,pt_plus_rail,126,Meath
167042,53.4,53.4,58.514,109.336,Trinity College Dublin,TCD,106.8,0,0,4,8,10,peak,pt_plus_rail,157,Meath
167043,87.68599999999999,87.68599999999999,87.68599999999999,191.686,Maynooth University,MU,182.372,0,0,0,0,1,peak,pt_plus_rail,22,Meath
167044,69.678,69.678,69.678,181.0,Maynooth University,MU,134.356,0,0,0,1,2,peak,pt_plus_rail,20,Meath
167045,83.664,83.664,83.664,187.664,Maynooth University,MU,174.328,0,0,0,0,1,peak,pt_plus_rail,60,Meath
167046,71.656,71.656,71.656,173.0,Maynooth University,MU,138.312,0,0,0,1,1,peak,pt_plus_rail,121,Meath
167047,,,,,,,,0,0,0,0,0,peak,pt_plus_rail,14,Meath
167048,,,,,,,,0,0,0,0,0,peak,pt_plus_rail,41,Meath
167049,,,,,,,,0,0,0,0,0,peak,pt_plus_rail,13,Meath
167050,55.006,55.006,55.138000000000005,158.37,TU Dublin Blanchardstown,TU Dublin,108.576,0,0,4,8,9,peak,pt_plus_rail,50,Meath
167051,85.82,85.82,85.82,189.82,Maynooth University,MU,178.64,0,0,0,0,1,peak,pt_plus_rail,31,Meath
167052,146.0,146.0,,204.0,TU Dublin Blanchardstown,TU Dublin,329.0,0,0,0,0,0,peak,pt_plus_rail,35,Meath
167053,57.884,57.884,57.884,172.34199999999998,Maynooth University,MU,115.768,0,0,1,3,6,peak,pt_plus_rail,74,Meath
167054,39.14,39.14,39.14,159.204,Maynooth University,MU,78.28,0,1,3,6,9,peak,pt_plus_rail,75,Meath
167055,,,,,,,,0,0,0,0,0,peak,pt_plus_rail,26,Meath
167056,,,,,,,,0,0,0,0,0,peak,pt_plus_rail,12,Meath
167057,52.758,52.758,52.758,176.642,Maynooth University,MU,103.4,0,0,1,1,2,peak,pt_plus_rail,28,Meath
167058,121.0,121.0,173.0,203.0,TU Dublin Blanchardstown,TU Dublin,213.0,0,0,0,0,0,peak,pt_plus_rail,27,Meath
167059,,,,,,,,0,0,0,0,0,peak,pt_plus_rail,12,Meath
167060,,,,,,,,0,0,0,0,0,peak,pt_plus_rail,34,Meath
167061,69.858,104.548,160.548,69.858,Dundalk IT,DkIT,139.716,0,0,0,1,1,peak,pt_plus_rail,31,Meath
167062,145.0,145.0,,217.0,TU Dublin Blanchardstown,TU Dublin,340.0,0,0,0,0,0,peak,pt_plus_rail,20,Meath
167063,,,,,,,,0,0,0,0,0,peak,pt_plus_rail,12,Meath
167064,122.0,122.0,,211.0,TU Dublin Blanchardstown,TU Dublin,327.0,0,0,0,0,0,peak,pt_plus_rail,7,Meath
167065,75.0,75.0,108.818,110.75,TU Dublin Blanchardstown,TU Dublin,140.0,0,0,0,1,1,peak,pt_plus_rail,1576,Meath
167066,68.04599999999999,68.04599999999999,94.046,109.92,TU Dublin Blanchardstown,TU Dublin,124.046,0,0,0,1,2,peak,pt_plus_rail,94,Meath
167067,,,,,,,,0,0,0,0,0,peak,pt_plus_rail,13,Meath
167068,128.0,128.0,,208.0,TU Dublin Blanchardstown,TU Dublin,343.0,0,0,0,0,0,peak,pt_plus_rail,40,Meath
167069,129.0,129.0,,199.0,TU Dublin Blanchardstown,TU Dublin,229.0,0,0,0,0,0,peak,pt_plus_rail,31,Meath
167070,206.0,206.0,,,TU Dublin Blanchardstown,TU Dublin,388.0,0,0,0,0,0,peak,pt_plus_rail,103,Meath
167071,67.392,67.392,93.392,99.764,TU Dublin Blanchardstown,TU Dublin,135.784,0,0,0,2,4,peak,pt_plus_rail,52,Meath
167072,,,,,,,,0,0,0,0,0,peak,pt_plus_rail,10,Meath
167073,48.05,48.05,48.05,162.206,Maynooth University,MU,96.1,0,0,1,1,5,peak,pt_plus_rail,21,Meath
167074,52.156,52.156,81.026,101.042,Trinity College Dublin,TCD,104.312,0,0,3,7,10,peak,pt_plus_rail,49,Meath
167075,110.052,121.052,177.052,110.052,Dundalk IT,DkIT,227.104,0,0,0,0,0,peak,pt_plus_rail,26,Meath
167076,,,,,,,,0,0,0,0,0,peak,pt_plus_rail,52,Meath
167077,56.698,56.698,56.698,170.85399999999998,Maynooth University,MU,112.7,0,0,1,1,2,peak,pt_plus_rail,50,Meath
167078,49.144,49.144,50.224,111.194,Trinity College Dublin,TCD,98.288,0,0,7,8,10,peak,pt_plus_rail,707,Meath
167079,30.217999999999996,30.217999999999996,30.217999999999996,155.446,Maynooth University,MU,60.43599999999999,0,1,4,6,9,peak,pt_plus_rail,54,Meath
167080,62.494,62.494,69.536,111.892,TU Dublin Blanchardstown,TU Dublin,125.988,0,0,0,3,8,peak,pt_plus_rail,75,Meath
167081,96.372,107.372,149.0,96.372,Dundalk IT,DkIT,188.372,0,0,0,0,0,peak,pt_plus_rail,59,Meath
167082,81.614,85.82,147.628,81.614,Dundalk IT,DkIT,159.64,0,0,0,0,3,peak,pt_plus_rail,734,Meath
167083,103.484,114.484,170.48399999999998,103.484,Dundalk IT,DkIT,213.968,0,0,0,0,0,peak,pt_plus_rail,32,Meath
167084,,,,,,,,0,0,0,0,0,peak,pt_plus_rail,18,Meath
167085,59.502,64.518,93.584,94.812,Marino Institute of Education,Marino,118.004,0,0,1,7,7,peak,pt_plus_rail,329,Meath
167086,,,,,,,,0,0,0,0,0,peak,pt_plus_rail,6,Meath
167087,46.206,46.206,46.206,170.09,Maynooth University,MU,90.296,0,0,1,3,8,peak,pt_plus_rail,72,Meath
167088,61.548,61.548,68.77199999999999,170.10399999999998,TU Dublin Blanchardstown,TU Dublin,123.548,0,0,0,3,8,peak,pt_plus_rail,39,Meath
167089,,,,,,,,0,0,0,0,0,peak,pt_plus_rail,32,Meath
167090,63.41,63.41,63.41,173.0,Maynooth University,MU,121.82,0,0,0,2,3,peak,pt_plus_rail,396,Meath
167091,63.278,63.278,63.278,173.0,Maynooth University,MU,121.556,0,0,0,2,3,peak,pt_plus_rail,32,Meath
167092,,,,,,,,0,0,0,0,0,peak,pt_plus_rail,15,Meath
177001,,,,,,,,0,0,0,0,0,peak,pt_plus_rail,22,Monaghan
177002,,,,,,,,0,0,0,0,0,peak,pt_plus_rail,63,Monaghan
177003,,,,,,,,0,0,0,0,0,peak,pt_plus_rail,24,Monaghan
177004,,,,,,,,0,0,0,0,0,peak,pt_plus_rail,12,Monaghan
177005,,,,,,,,0,0,0,0,0,peak,pt_plus_rail,68,Monaghan
177006,,,,,,,,0,0,0,0,0,peak,pt_plus_rail,9,Monaghan
177007,54.242,135.242,182.242,54.242,Dundalk IT,DkIT,108.484,0,0,1,1,1,peak,pt_plus_rail,56,Monaghan
177008,,,,,,,,0,0,0,0,0,peak,pt_plus_rail,63,Monaghan
177009,,,,,,,,0,0,0,0,0,peak,pt_plus_rail,16,Monaghan
177010,69.344,150.344,197.344,69.344,Dundalk IT,DkIT,138.688,0,0,0,1,1,peak,pt_plus_rail,27,Monaghan
177011,,,,,,,,0,0,0,0,0,peak,pt_plus_rail,14,Monaghan
177012,60.992,141.992,188.992,60.992,Dundalk IT,DkIT,121.984,0,0,0,1,1,peak,pt_plus_rail,46,Monaghan
177013,,,,,,,,0,0,0,0,0,peak,pt_plus_rail,28,Monaghan
177014,,,,,,,,0,0,0,0,0,peak,pt_plus_rail,22,Monaghan
177015,,,,,,,,0,0,0,0,0,peak,pt_plus_rail,20,Monaghan
177016,60.072,140.0,179.0,60.072,Dundalk IT,DkIT,120.144,0,0,0,1,1,peak,pt_plus_rail,212,Monaghan
177017,58.422,135.0,174.0,58.422,Dundalk IT,DkIT,116.844,0,0,1,1,1,peak,pt_plus_rail,89,Monaghan
177018,64.104,141.0,192.104,64.104,Dundalk IT,DkIT,128.208,0,0,0,1,1,peak,pt_plus_rail,26,Monaghan
177019,64.72999999999999,145.73,192.73,64.72999999999999,Dundalk IT,DkIT,129.45999999999998,0,0,0,1,1,peak,pt_plus_rail,160,Monaghan
177020,,,,,,,,0,0,0,0,0,peak,pt_plus_rail,49,Monaghan
177021,117.206,170.206,216.206,117.206,Dundalk IT,DkIT,233.412,0,0,0,0,0,peak,pt_plus_rail,31,Monaghan
177022,,,,,,,,0,0,0,0,0,peak,pt_plus_rail,24,Monaghan
177023,,,,,,,,0,0,0,0,0,peak,pt_plus_rail,42,Monaghan
177024,,,,,,,,0,0,0,0,0,peak,pt_plus_rail,18,Monaghan
177025,218.0,,,218.0,Dundalk IT,DkIT,416.0,0,0,0,0,0,peak,pt_plus_rail,31,Monaghan
177026,,,,,,,,0,0,0,0,0,peak,pt_plus_rail,17,Monaghan
177027,,,,,,,,0,0,0,0,0,peak,pt_plus_rail,17,Monaghan
177028,,,,,,,,0,0,0,0,0,peak,pt_plus_rail,29,Monaghan
177029,,,,,,,,0,0,0,0,0,peak,pt_plus_rail,55,Monaghan
177030,64.75399999999999,145.754,192.754,64.75399999999999,Dundalk IT,DkIT,129.50799999999998,0,0,0,1,1,peak,pt_plus_rail,28,Monaghan
177031,,,,,,,,0,0,0,0,0,peak,pt_plus_rail,30,Monaghan
177032,,,,,,,,0,0,0,0,0,peak,pt_plus_rail,35,Monaghan
177033,,,,,,,,0,0,0,0,0,peak,pt_plus_rail,9,Monaghan
177034,61.42,142.42000000000002,189.42,61.42,Dundalk IT,DkIT,122.84,0,0,0,1,1,peak,pt_plus_rail,34,Monaghan
177035,,,,,,,,0,0,0,0,0,peak,pt_plus_rail,14,Monaghan
177036,66.44800000000001,147.448,194.448,66.44800000000001,Dundalk IT,DkIT,132.89600000000002,0,0,0,1,1,peak,pt_plus_rail,31,Monaghan
177037,,,,,,,,0,0,0,0,0,peak,pt_plus_rail,26,Monaghan
177038,69.356,150.356,187.0,69.356,Dundalk IT,DkIT,138.712,0,0,0,1,1,peak,pt_plus_rail,38,Monaghan
177039,,,,,,,,0,0,0,0,0,peak,pt_plus_rail,34,Monaghan
177040,,,,,,,,0,0,0,0,0,peak,pt_plus_rail,5,Monaghan
177041,,,,,,,,0,0,0,0,0,peak,pt_plus_rail,44,Monaghan
177042,233.0,,,233.0,Dundalk IT,DkIT,450.0,0,0,0,0,0,peak,pt_plus_rail,49,Monaghan
177043,,,,,,,,0,0,0,0,0,peak,pt_plus_rail,18,Monaghan
177044,68.24799999999999,149.248,196.248,68.24799999999999,Dundalk IT,DkIT,136.49599999999998,0,0,0,1,1,peak,pt_plus_rail,26,Monaghan
177045,,,,,,,,0,0,0,0,0,peak,pt_plus_rail,27,Monaghan
177046,,,,,,,,0,0,0,0,0,peak,pt_plus_rail,24,Monaghan
177047,,,,,,,,0,0,0,0,0,peak,pt_plus_rail,17,Monaghan
177048,55.65,136.65,183.65,55.65,Dundalk IT,DkIT,111.3,0,0,1,1,1,peak,pt_plus_rail,49,Monaghan
177049,,,,,,,,0,0,0,0,0,peak,pt_plus_rail,14,Monaghan
177050,,,,,,,,0,0,0,0,0,peak,pt_plus_rail,23,Monaghan
177052,,,,,,,,0,0,0,0,0,peak,pt_plus_rail,24,Monaghan
177053,57.778,138.778,185.778,57.778,Dundalk IT,DkIT,115.556,0,0,1,1,1,peak,pt_plus_rail,38,Monaghan
177054,61.73,142.73,189.73,61.73,Dundalk IT,DkIT,123.46,0,0,0,1,1,peak,pt_plus_rail,28,Monaghan
177055,,,,,,,,0,0,0,0,0,peak,pt_plus_rail,30,Monaghan
177056,,,,,,,,0,0,0,0,0,peak,pt_plus_rail,26,Monaghan
177057,62.486,143.486,190.486,62.486,Dundalk IT,DkIT,124.972,0,0,0,1,1,peak,pt_plus_rail,32,Monaghan
177058,162.0,162.0,,177.0,DCU Glasnevin,DCU,348.0,0,0,0,0,0,peak,pt_plus_rail,288,Monaghan
177059,153.0,153.0,,156.0,DCU Glasnevin,DCU,324.0,0,0,0,0,0,peak,pt_plus_rail,53,Monaghan
177060,114.454,167.454,213.454,114.454,Dundalk IT,DkIT,227.908,0,0,0,0,0,peak,pt_plus_rail,12,Monaghan
177061,,,,,,,,0,0,0,0,0,peak,pt_plus_rail,39,Monaghan
177062,,,,,,,,0,0,0,0,0,peak,pt_plus_rail,43,Monaghan
177063,,,,,,,,0,0,0,0,0,peak,pt_plus_rail,11,Monaghan
177064,,,,,,,,0,0,0,0,0,peak,pt_plus_rail,60,Monaghan
177065,,,,,,,,0,0,0,0,0,peak,pt_plus_rail,9,Monaghan
177066,,,,,,,,0,0,0,0,0,peak,pt_plus_rail,39,Monaghan
177067,,,,,,,,0,0,0,0,0,peak,pt_plus_rail,15,Monaghan
177068,,,,,,,,0,0,0,0,0,peak,pt_plus_rail,42,Monaghan
177069,,,,,,,,0,0,0,0,0,peak,pt_plus_rail,45,Monaghan
177070,,,,,,,,0,0,0,0,0,peak,pt_plus_rail,30,Monaghan
187001,142.89,154.89,187.89,198.89,NCAD (Thomas St),NCAD,283.78,0,0,0,0,0,peak,pt_plus_rail,6,Offaly
187003,160.036,172.036,205.036,216.036,NCAD (Thomas St),NCAD,376.072,0,0,0,0,0,peak,pt_plus_rail,7,Offaly
187004,88.632,88.632,88.632,100.98,Maynooth University,MU,184.264,0,0,0,0,1,peak,pt_plus_rail,56,Offaly
187005,88.606,88.606,166.488,88.606,TUS Athlone,TUS,228.094,0,0,0,0,1,peak,pt_plus_rail,21,Offaly
187006,44.506,44.506,178.56,44.506,TUS Athlone,TUS,89.012,0,1,1,1,1,peak,pt_plus_rail,35,Offaly
187007,87.298,87.298,87.298,191.298,Maynooth University,MU,181.596,0,0,0,0,1,peak,pt_plus_rail,32,Offaly
187008,104.472,113.406,127.124,113.406,NCAD (Thomas St),NCAD,201.944,0,0,0,0,0,peak,pt_plus_rail,19,Offaly
187009,174.616,182.0,208.0,184.0,NCAD (Thomas St),NCAD,405.232,0,0,0,0,0,peak,pt_plus_rail,92,Offaly
187010,148.214,160.214,193.214,194.214,NCAD (Thomas St),NCAD,294.428,0,0,0,0,0,peak,pt_plus_rail,7,Offaly
187011,45.123999999999995,45.123999999999995,176.664,45.123999999999995,TUS Athlone,TUS,90.248,0,0,1,1,1,peak,pt_plus_rail,23,Offaly
187012,153.04,165.04,176.0,172.0,NCAD (Thomas St),NCAD,304.08,0,0,0,0,0,peak,pt_plus_rail,27,Offaly
187013,118.808,118.808,176.0,118.808,TUS Athlone,TUS,281.616,0,0,0,0,0,peak,pt_plus_rail,185,Offaly
187014,96.688,106.688,115.392,130.688,NCAD (Thomas St),NCAD,194.318,0,0,0,0,0,peak,pt_plus_rail,49,Offaly
187015,50.58,50.58,177.8,50.58,TUS Athlone,TUS,101.16,0,0,1,1,1,peak,pt_plus_rail,5,Offaly
187016,159.77,171.77,204.77,204.77,NCAD (Thomas St),NCAD,375.54,0,0,0,0,0,peak,pt_plus_rail,9,Offaly
187017,83.608,83.608,157.724,83.608,TUS Athlone,TUS,217.674,0,0,0,0,1,peak,pt_plus_rail,88,Offaly
187018,39.202,39.202,168.404,39.202,TUS Athlone,TUS,78.404,0,1,1,1,1,peak,pt_plus_rail,181,Offaly
187019,45.46,45.46,183.3,45.46,TUS Athlone,TUS,90.92,0,0,1,1,1,peak,pt_plus_rail,36,Offaly
187020,99.472,109.472,120.472,133.47199999999998,NCAD (Thomas St),NCAD,202.944,0,0,0,0,0,peak,pt_plus_rail,38,Offaly
187021,48.034,48.034,192.034,48.034,TUS Athlone,TUS,96.068,0,0,1,1,1,peak,pt_plus_rail,12,Offaly
187022,88.94200000000001,88.94200000000001,88.94200000000001,192.942,Maynooth University,MU,184.884,0,0,0,0,1,peak,pt_plus_rail,17,Offaly
187023,99.566,99.566,133.608,99.566,TUS Athlone,TUS,209.312,0,0,0,0,0,peak,pt_plus_rail,35,Offaly
187024,101.624,101.624,134.12,101.624,TUS Athlone,TUS,250.744,0,0,0,0,0,peak,pt_plus_rail,28,Offaly
187025,141.016,153.016,186.016,187.016,NCAD (Thomas St),NCAD,280.032,0,0,0,0,0,peak,pt_plus_rail,21,Offaly
187026,98.192,98.192,163.04,98.192,TUS Athlone,TUS,246.842,0,0,0,0,0,peak,pt_plus_rail,49,Offaly
187027,100.15,100.15,177.846,100.15,TUS Athlone,TUS,250.996,0,0,0,0,0,peak,pt_plus_rail,8,Offaly
187028,,,,,,,,0,0,0,0,0,peak,pt_plus_rail,16,Offaly
187029,82.064,82.064,174.868,82.064,TUS Athlone,TUS,229.932,0,0,0,0,1,peak,pt_plus_rail,14,Offaly
187030,31.389999999999997,31.389999999999997,175.39,31.389999999999997,TUS Athlone,TUS,62.779999999999994,0,1,1,1,1,peak,pt_plus_rail,17,Offaly
187031,153.444,165.444,198.444,209.444,NCAD (Thomas St),NCAD,304.888,0,0,0,0,0,peak,pt_plus_rail,22,Offaly
187032,110.618,110.618,181.618,110.618,TUS Athlone,TUS,265.236,0,0,0,0,0,peak,pt_plus_rail,24,Offaly
187033,141.09,153.09,186.09,187.09,NCAD (Thomas St),NCAD,280.18,0,0,0,0,0,peak,pt_plus_rail,18,Offaly
187034,45.5,45.5,129.644,45.5,TUS Athlone,TUS,91.0,0,0,1,1,1,peak,pt_plus_rail,34,Offaly
187035,82.96199999999999,82.96199999999999,82.96199999999999,144.55599999999998,Maynooth University,MU,172.92399999999998,0,0,0,0,1,peak,pt_plus_rail,47,Offaly
187036,69.11,69.11,69.11,144.902,Maynooth University,MU,133.22,0,0,0,1,1,peak,pt_plus_rail,373,Offaly
187037,116.172,116.172,187.172,116.172,TUS Athlone,TUS,276.344,0,0,0,0,0,peak,pt_plus_rail,4,Offaly
187039,146.434,158.434,191.434,202.434,NCAD (Thomas St),NCAD,290.868,0,0,0,0,0,peak,pt_plus_rail,16,Offaly
187040,39.465999999999994,39.465999999999994,183.466,39.465999999999994,TUS Athlone,TUS,78.93199999999999,0,1,1,1,1,peak,pt_plus_rail,49,Offaly
187041,42.93599999999999,42.93599999999999,185.104,42.93599999999999,TUS Athlone,TUS,85.87199999999999,0,1,1,1,1,peak,pt_plus_rail,29,Offaly
187042,90.128,90.128,143.29399999999998,90.128,TUS Athlone,TUS,228.684,0,0,0,0,0,peak,pt_plus_rail,55,Offaly
187043,134.558,146.558,179.558,190.558,NCAD (Thomas St),NCAD,267.116,0,0,0,0,0,peak,pt_plus_rail,13,Offaly
187044,31.288,31.288,175.074,31.288,TUS Athlone,TUS,62.576,0,1,1,1,1,peak,pt_plus_rail,23,Offaly
187045,107.244,114.474,130.432,114.474,NCAD (Thomas St),NCAD,207.488,0,0,0,0,0,peak,pt_plus_rail,26,Offaly
187046,33.39,33.39,177.39,33.39,TUS Athlone,TUS,66.78,0,1,1,1,1,peak,pt_plus_rail,6,Offaly
187047,51.206,51.206,195.206,51.206,TUS Athlone,TUS,102.412,0,0,1,1,1,peak,pt_plus_rail,17,Offaly
187048,98.892,98.892,176.774,98.892,TUS Athlone,TUS,248.666,0,0,0,0,0,peak,pt_plus_rail,26,Offaly
187049,146.03199999999998,158.03199999999998,191.032,202.032,NCAD (Thomas St),NCAD,290.06399999999996,0,0,0,0,0,peak,pt_plus_rail,21,Offaly
187050,94.766,94.766,171.0,94.766,TUS Athlone,TUS,240.228,0,0,0,0,0,peak,pt_plus_rail,55,Offaly
187051,33.182,33.182,177.18200000000002,33.182,TUS Athlone,TUS,66.364,0,1,1,1,1,peak,pt_plus_rail,20,Offaly
187052,89.94,89.94,163.264,89.94,TUS Athlone,TUS,226.204,0,0,0,0,1,peak,pt_plus_rail,67,Offaly
187053,92.028,92.028,169.724,92.028,TUS Athlone,TUS,234.752,0,0,0,0,0,peak,pt_plus_rail,11,Offaly
187054,88.994,88.994,166.69,88.994,TUS Athlone,TUS,228.684,0,0,0,0,1,peak,pt_plus_rail,26,Offaly
187055,164.208,176.208,209.208,220.208,NCAD (Thomas St),NCAD,384.416,0,0,0,0,0,peak,pt_plus_rail,12,Offaly
187056,114.684,114.684,185.684,114.684,TUS Athlone,TUS,273.368,0,0,0,0,0,peak,pt_plus_rail,13,Offaly
187057,115.38,115.38,186.38,115.38,TUS Athlone,TUS,274.76,0,0,0,0,0,peak,pt_plus_rail,11,Offaly
187058,85.76599999999999,85.76599999999999,85.76599999999999,98.114,Maynooth University,MU,178.53199999999998,0,0,0,0,1,peak,pt_plus_rail,11,Offaly
187059,93.322,93.322,174.69,93.322,TUS Athlone,TUS,241.012,0,0,0,0,0,peak,pt_plus_rail,20,Offaly
187060,108.444,108.444,179.44400000000002,108.444,TUS Athlone,TUS,260.888,0,0,0,0,0,peak,pt_plus_rail,6,Offaly
187061,43.41199999999999,43.41199999999999,187.412,43.41199999999999,TUS Athlone,TUS,86.82399999999998,0,1,1,1,1,peak,pt_plus_rail,11,Offaly
187062,,,,,,,,0,0,0,0,0,peak,pt_plus_rail,22,Offaly
187063,87.49000000000001,87.49000000000001,87.49000000000001,191.49,Maynooth University,MU,181.98,0,0,0,0,1,peak,pt_plus_rail,41,Offaly
187064,100.74,100.74,146.902,100.74,TUS Athlone,TUS,235.9,0,0,0,0,0,peak,pt_plus_rail,15,Offaly
187065,174.376,186.376,219.376,230.376,NCAD (Thomas St),NCAD,404.752,0,0,0,0,0,peak,pt_plus_rail,13,Offaly
187066,143.22,155.22,188.22,189.22,NCAD (Thomas St),NCAD,284.44,0,0,0,0,0,peak,pt_plus_rail,99,Offaly
187067,44.198,44.198,188.198,44.198,TUS Athlone,TUS,88.396,0,1,1,1,1,peak,pt_plus_rail,23,Offaly
187068,96.992,96.992,137.6,96.992,TUS Athlone,TUS,217.296,0,0,0,0,0,peak,pt_plus_rail,7,Offaly
187069,96.294,107.294,115.106,115.916,NCAD (Thomas St),NCAD,185.588,0,0,0,0,0,peak,pt_plus_rail,85,Offaly
187070,51.92199999999999,51.92199999999999,169.284,51.92199999999999,TUS Athlone,TUS,103.84399999999998,0,0,1,1,1,peak,pt_plus_rail,35,Offaly
187071,113.226,113.226,139.86,113.226,TUS Athlone,TUS,221.816,0,0,0,0,0,peak,pt_plus_rail,16,Offaly
187072,113.418,113.418,140.052,113.418,TUS Athlone,TUS,222.2,0,0,0,0,0,peak,pt_plus_rail,26,Offaly
187073,98.846,98.846,171.94,98.846,TUS Athlone,TUS,243.786,0,0,0,0,0,peak,pt_plus_rail,22,Offaly
187074,147.82999999999998,159.82999999999998,192.83,203.83,NCAD (Thomas St),NCAD,293.65999999999997,0,0,0,0,0,peak,pt_plus_rail,11,Offaly
187075,83.228,83.228,160.35,83.228,TUS Athlone,TUS,216.57799999999995,0,0,0,0,1,peak,pt_plus_rail,75,Offaly
187076,148.07,160.07,193.07,204.07,NCAD (Thomas St),NCAD,294.14,0,0,0,0,0,peak,pt_plus_rail,15,Offaly
187077,50.846,50.846,194.846,50.846,TUS Athlone,TUS,101.692,0,0,1,1,1,peak,pt_plus_rail,8,Offaly
187078,52.312,52.312,196.312,52.312,TUS Athlone,TUS,104.624,0,0,1,1,1,peak,pt_plus_rail,14,Offaly
187079,147.554,159.554,192.554,193.554,NCAD (Thomas St),NCAD,293.108,0,0,0,0,0,peak,pt_plus_rail,44,Offaly
187080,46.623999999999995,46.623999999999995,165.27,46.623999999999995,TUS Athlone,TUS,93.248,0,0,1,1,1,peak,pt_plus_rail,33,Offaly
187081,45.404,45.404,181.358,45.404,TUS Athlone,TUS,90.808,0,0,1,1,1,peak,pt_plus_rail,26,Offaly
187082,147.474,159.474,192.474,193.474,NCAD (Thomas St),NCAD,292.948,0,0,0,0,0,peak,pt_plus_rail,7,Offaly
187083,37.828,37.828,175.904,37.828,TUS Athlone,TUS,75.656,0,1,1,1,1,peak,pt_plus_rail,18,Offaly
187084,83.506,83.506,161.388,83.506,TUS Athlone,TUS,217.894,0,0,0,0,1,peak,pt_plus_rail,25,Offaly
187085,167.826,179.826,212.826,223.826,NCAD (Thomas St),NCAD,391.652,0,0,0,0,0,peak,pt_plus_rail,5,Offaly
187086,51.645999999999994,51.645999999999994,156.306,51.645999999999994,TUS Athlone,TUS,103.292,0,0,1,1,1,peak,pt_plus_rail,131,Offaly
187087,79.038,79.038,155.48,79.038,TUS Athlone,TUS,207.51799999999997,0,0,0,0,1,peak,pt_plus_rail,423,Offaly
237001,51.238,51.238,135.382,51.238,TUS Athlone,TUS,102.476,0,0,1,1,1,peak,pt_plus_rail,19,Westmeath
237002,34.964,34.964,178.964,34.964,TUS Athlone,TUS,69.928,0,1,1,1,1,peak,pt_plus_rail,20,Westmeath
237003,5.0,5.0,157.93,5.0,TUS Athlone,TUS,10.0,1,1,1,1,1,peak,pt_plus_rail,123,Westmeath
237004,17.192,17.192,161.192,17.192,TUS Athlone,TUS,34.384,1,1,1,1,1,peak,pt_plus_rail,296,Westmeath
237005,17.592,17.592,161.59199999999998,17.592,TUS Athlone,TUS,35.184,1,1,1,1,1,peak,pt_plus_rail,94,Westmeath
237006,39.026,39.026,183.026,39.026,TUS Athlone,TUS,78.05199999999999,0,1,1,1,1,peak,pt_plus_rail,38,Westmeath
237007,109.0,109.0,109.0,174.228,Maynooth University,MU,215.228,0,0,0,0,0,peak,pt_plus_rail,71,Westmeath
237008,133.536,133.536,133.536,191.536,Maynooth University,MU,257.072,0,0,0,0,0,peak,pt_plus_rail,6,Westmeath
237009,94.87,94.87,117.316,94.87,TUS Athlone,TUS,224.632,0,0,0,0,0,peak,pt_plus_rail,12,Westmeath
237010,41.358,41.358,185.358,41.358,TUS Athlone,TUS,82.71600000000001,0,1,1,1,1,peak,pt_plus_rail,7,Westmeath
237011,129.32,129.32,129.32,187.32,Maynooth University,MU,248.64,0,0,0,0,0,peak,pt_plus_rail,12,Westmeath
237012,48.19199999999999,48.19199999999999,82.852,48.19199999999999,TUS Athlone,TUS,96.384,0,0,1,1,2,peak,pt_plus_rail,39,Westmeath
237013,41.596,41.596,125.152,41.596,TUS Athlone,TUS,83.192,0,1,1,1,1,peak,pt_plus_rail,26,Westmeath
237014,87.542,87.542,127.438,87.542,TUS Athlone,TUS,229.98,0,0,0,0,1,peak,pt_plus_rail,14,Westmeath
237015,132.53199999999998,132.53199999999998,132.53199999999998,190.532,Maynooth University,MU,255.06399999999996,0,0,0,0,0,peak,pt_plus_rail,22,Westmeath
237016,33.58800000000001,33.58800000000001,177.588,33.58800000000001,TUS Athlone,TUS,67.17600000000002,0,1,1,1,1,peak,pt_plus_rail,29,Westmeath
237017,101.08,101.08,110.394,101.08,TUS Athlone,TUS,210.788,0,0,0,0,0,peak,pt_plus_rail,18,Westmeath
237018,183.746,183.746,210.598,183.746,TUS Athlone,TUS,340.196,0,0,0,0,0,peak,pt_plus_rail,17,Westmeath
237019,122.598,122.598,122.598,180.598,Maynooth University,MU,235.196,0,0,0,0,0,peak,pt_plus_rail,13,Westmeath
237020,32.298,32.298,176.298,32.298,TUS Athlone,TUS,64.596,0,1,1,1,1,peak,pt_plus_rail,35,Westmeath
237021,96.598,96.598,111.932,96.598,TUS Athlone,TUS,213.864,0,0,0,0,0,peak,pt_plus_rail,15,Westmeath
237022,81.04599999999999,81.04599999999999,81.04599999999999,120.214,Maynooth University,MU,169.09199999999998,0,0,0,0,1,peak,pt_plus_rail,41,Westmeath
237023,34.916,34.916,178.916,34.916,TUS Athlone,TUS,69.832,0,1,1,1,1,peak,pt_plus_rail,32,Westmeath
237024,81.392,81.392,81.392,94.756,Maynooth University,MU,169.784,0,0,0,0,1,peak,pt_plus_rail,88,Westmeath
237025,93.688,93.688,121.184,93.688,TUS Athlone,TUS,229.872,0,0,0,0,0,peak,pt_plus_rail,39,Westmeath
237026,93.696,93.696,113.338,93.696,TUS Athlone,TUS,216.676,0,0,0,0,0,peak,pt_plus_rail,22,Westmeath
237027,87.84,87.84,87.84,166.298,Maynooth University,MU,182.68,0,0,0,0,1,peak,pt_plus_rail,28,Westmeath
237028,132.802,132.802,132.802,190.802,Maynooth University,MU,255.604,0,0,0,0,0,peak,pt_plus_rail,26,Westmeath
237029,49.914,49.914,83.844,49.914,TUS Athlone,TUS,99.828,0,0,1,1,2,peak,pt_plus_rail,33,Westmeath
237030,112.224,112.224,112.224,170.224,Maynooth University,MU,214.448,0,0,0,0,0,peak,pt_plus_rail,21,Westmeath
237031,125.092,125.092,125.092,183.092,Maynooth University,MU,240.184,0,0,0,0,0,peak,pt_plus_rail,25,Westmeath
237032,134.17000000000002,134.17000000000002,134.17000000000002,181.208,Maynooth University,MU,258.34000000000003,0,0,0,0,0,peak,pt_plus_rail,10,Westmeath
237033,129.868,129.868,129.868,187.868,Maynooth University,MU,249.736,0,0,0,0,0,peak,pt_plus_rail,7,Westmeath
237034,131.756,131.756,131.756,189.756,Maynooth University,MU,253.512,0,0,0,0,0,peak,pt_plus_rail,5,Westmeath
237035,122.006,122.006,122.006,180.006,Maynooth University,MU,234.012,0,0,0,0,0,peak,pt_plus_rail,44,Westmeath
237036,83.16,83.16,83.16,184.802,Maynooth University,MU,173.32,0,0,0,0,1,peak,pt_plus_rail,17,Westmeath
237037,38.046,38.046,182.046,38.046,TUS Athlone,TUS,76.092,0,1,1,1,1,peak,pt_plus_rail,18,Westmeath
237038,34.128,34.128,132.4,34.128,TUS Athlone,TUS,68.256,0,1,1,1,1,peak,pt_plus_rail,14,Westmeath
237039,94.226,94.226,110.74,94.226,TUS Athlone,TUS,211.48,0,0,0,0,0,peak,pt_plus_rail,13,Westmeath
237040,119.81,119.81,119.81,174.422,Maynooth University,MU,229.62,0,0,0,0,0,peak,pt_plus_rail,7,Westmeath
237041,127.454,127.454,127.454,185.454,Maynooth University,MU,244.908,0,0,0,0,0,peak,pt_plus_rail,23,Westmeath
237042,126.872,126.872,126.872,184.872,Maynooth University,MU,243.744,0,0,0,0,0,peak,pt_plus_rail,17,Westmeath
237043,211.734,213.734,216.734,251.734,NCAD (Thomas St),NCAD,352.46799999999996,0,0,0,0,0,peak,pt_plus_rail,10,Westmeath
237044,132.474,132.474,132.474,190.474,Maynooth University,MU,254.948,0,0,0,0,0,peak,pt_plus_rail,14,Westmeath
237045,131.648,131.648,131.648,189.648,Maynooth University,MU,253.296,0,0,0,0,0,peak,pt_plus_rail,21,Westmeath
237046,88.166,88.166,88.166,101.53,Maynooth University,MU,183.332,0,0,0,0,1,peak,pt_plus_rail,15,Westmeath
237047,26.064,26.064,170.064,26.064,TUS Athlone,TUS,52.128,1,1,1,1,1,peak,pt_plus_rail,14,Westmeath
237048,121.718,121.718,121.718,172.672,Maynooth University,MU,233.436,0,0,0,0,0,peak,pt_plus_rail,8,Westmeath
237049,212.43,214.43,217.43,252.43,NCAD (Thomas St),NCAD,353.86,0,0,0,0,0,peak,pt_plus_rail,8,Westmeath
237050,99.164,99.164,108.806,99.164,TUS Athlone,TUS,207.612,0,0,0,0,0,peak,pt_plus_rail,11,Westmeath
237051,83.19,83.19,83.19,177.912,Maynooth University,MU,173.38,0,0,0,0,1,peak,pt_plus_rail,29,Westmeath
237052,68.32,68.32,68.32,166.61,Maynooth University,MU,131.64,0,0,0,1,1,peak,pt_plus_rail,31,Westmeath
237053,,,,,,,,0,0,0,0,0,peak,pt_plus_rail,13,Westmeath
237054,66.602,66.602,66.602,177.0,Maynooth University,MU,128.204,0,0,0,1,1,peak,pt_plus_rail,13,Westmeath
237055,100.604,100.604,104.402,100.604,TUS Athlone,TUS,198.804,0,0,0,0,0,peak,pt_plus_rail,25,Westmeath
237056,83.798,83.798,83.798,173.574,Maynooth University,MU,174.596,0,0,0,0,1,peak,pt_plus_rail,22,Westmeath
237057,93.718,93.718,124.086,93.718,TUS Athlone,TUS,232.80399999999997,0,0,0,0,0,peak,pt_plus_rail,8,Westmeath
237058,42.31,42.31,125.918,42.31,TUS Athlone,TUS,84.62,0,1,1,1,1,peak,pt_plus_rail,73,Westmeath
237059,118.44,118.44,118.44,176.44,Maynooth University,MU,226.88,0,0,0,0,0,peak,pt_plus_rail,33,Westmeath
237060,129.336,129.336,129.336,187.336,Maynooth University,MU,248.67200000000005,0,0,0,0,0,peak,pt_plus_rail,8,Westmeath
237061,48.9,48.9,133.626,48.9,TUS Athlone,TUS,97.8,0,0,1,1,1,peak,pt_plus_rail,15,Westmeath
237062,47.726,47.726,125.978,47.726,TUS Athlone,TUS,95.452,0,0,1,1,1,peak,pt_plus_rail,18,Westmeath
237063,41.25,41.25,185.25,41.25,TUS Athlone,TUS,82.5,0,1,1,1,1,peak,pt_plus_rail,19,Westmeath
237064,134.39600000000002,134.39600000000002,134.39600000000002,192.396,Maynooth University,MU,258.79200000000003,0,0,0,0,0,peak,pt_plus_rail,52,Westmeath
237065,81.834,81.834,81.834,173.0,Maynooth University,MU,170.668,0,0,0,0,1,peak,pt_plus_rail,82,Westmeath
237066,122.248,122.248,122.248,180.248,Maynooth University,MU,234.496,0,0,0,0,0,peak,pt_plus_rail,28,Westmeath
237067,125.704,125.704,125.704,183.704,Maynooth University,MU,241.408,0,0,0,0,0,peak,pt_plus_rail,7,Westmeath
237068,55.574,55.574,55.574,160.0,Maynooth University,MU,111.148,0,0,1,1,2,peak,pt_plus_rail,166,Westmeath
237069,127.266,127.266,127.266,185.266,Maynooth University,MU,244.532,0,0,0,0,0,peak,pt_plus_rail,73,Westmeath
237070,213.306,215.306,218.306,253.306,NCAD (Thomas St),NCAD,355.61199999999997,0,0,0,0,0,peak,pt_plus_rail,7,Westmeath
237071,113.016,113.016,113.016,171.016,Maynooth University,MU,216.032,0,0,0,0,0,peak,pt_plus_rail,25,Westmeath
237072,122.594,122.594,122.594,180.594,Maynooth University,MU,235.188,0,0,0,0,0,peak,pt_plus_rail,7,Westmeath
237073,47.508,47.508,131.184,47.508,TUS Athlone,TUS,95.016,0,0,1,1,1,peak,pt_plus_rail,8,Westmeath
237074,98.256,98.256,123.836,98.256,TUS Athlone,TUS,237.092,0,0,0,0,0,peak,pt_plus_rail,12,Westmeath
237075,32.918,32.918,172.0,32.918,TUS Athlone,TUS,65.836,0,1,1,1,1,peak,pt_plus_rail,117,Westmeath
237076,37.784,37.784,181.784,37.784,TUS Athlone,TUS,75.568,0,1,1,1,1,peak,pt_plus_rail,36,Westmeath
237077,21.042,21.042,165.042,21.042,TUS Athlone,TUS,42.084,1,1,1,1,1,peak,pt_plus_rail,127,Westmeath
237078,49.29,49.29,193.29,49.29,TUS Athlone,TUS,98.58,0,0,1,1,1,peak,pt_plus_rail,9,Westmeath
237079,86.382,86.382,86.382,155.35,Maynooth University,MU,169.382,0,0,0,0,1,peak,pt_plus_rail,544,Westmeath
237080,86.912,86.912,86.912,157.158,Maynooth University,MU,176.07,0,0,0,0,1,peak,pt_plus_rail,127,Westmeath
237081,119.21,119.21,119.21,177.21,Maynooth University,MU,228.42,0,0,0,0,0,peak,pt_plus_rail,22,Westmeath
237082,47.946,47.946,86.95599999999999,47.946,TUS Athlone,TUS,95.892,0,0,1,1,2,peak,pt_plus_rail,11,Westmeath
237083,40.373999999999995,40.373999999999995,184.374,40.373999999999995,TUS Athlone,TUS,80.74799999999999,0,1,1,1,1,peak,pt_plus_rail,21,Westmeath
237084,85.202,85.202,85.202,163.074,Maynooth University,MU,177.404,0,0,0,0,1,peak,pt_plus_rail,10,Westmeath
237085,129.47199999999998,129.47199999999998,129.47199999999998,180.67,Maynooth University,MU,248.94399999999996,0,0,0,0,0,peak,pt_plus_rail,5,Westmeath
237086,112.576,112.576,112.576,170.576,Maynooth University,MU,215.152,0,0,0,0,0,peak,pt_plus_rail,15,Westmeath
237087,88.792,88.792,88.792,173.0,Maynooth University,MU,184.584,0,0,0,0,1,peak,pt_plus_rail,30,Westmeath
237088,93.0,93.0,128.566,93.0,TUS Athlone,TUS,236.566,0,0,0,0,0,peak,pt_plus_rail,7,Westmeath
237089,101.16,101.16,112.584,101.16,TUS Athlone,TUS,215.168,0,0,0,0,0,peak,pt_plus_rail,19,Westmeath
237090,109.0,109.0,109.0,165.95,Maynooth University,MU,215.0,0,0,0,0,0,peak,pt_plus_rail,17,Westmeath
237091,125.824,125.824,125.824,173.0,Maynooth University,MU,237.824,0,0,0,0,0,peak,pt_plus_rail,36,Westmeath
237092,128.776,128.776,128.776,186.776,Maynooth University,MU,247.552,0,0,0,0,0,peak,pt_plus_rail,16,Westmeath
237093,112.382,112.382,112.382,170.382,Maynooth University,MU,214.764,0,0,0,0,0,peak,pt_plus_rail,25,Westmeath
237094,100.674,100.674,118.766,100.674,TUS Athlone,TUS,227.532,0,0,0,0,0,peak,pt_plus_rail,17,Westmeath
237095,110.41,110.41,110.41,168.41,Maynooth University,MU,210.82,0,0,0,0,0,peak,pt_plus_rail,12,Westmeath
237096,118.326,118.326,118.326,176.326,Maynooth University,MU,226.652,0,0,0,0,0,peak,pt_plus_rail,12,Westmeath
237097,42.638,42.638,122.534,42.638,TUS Athlone,TUS,85.276,0,1,1,1,1,peak,pt_plus_rail,23,Westmeath
237098,134.74,134.74,134.74,183.054,Maynooth University,MU,259.48,0,0,0,0,0,peak,pt_plus_rail,9,Westmeath
237099,118.634,118.634,118.634,176.634,Maynooth University,MU,227.268,0,0,0,0,0,peak,pt_plus_rail,25,Westmeath
237100,48.446,48.446,120.894,48.446,TUS Athlone,TUS,96.892,0,0,1,1,1,peak,pt_plus_rail,10,Westmeath
237101,23.098,23.098,167.098,23.098,TUS Athlone,TUS,46.196,1,1,1,1,1,peak,pt_plus_rail,32,Westmeath
237102,103.096,103.096,103.096,161.096,Maynooth University,MU,196.192,0,0,0,0,0,peak,pt_plus_rail,22,Westmeath
237103,47.196,47.196,191.196,47.196,TUS Athlone,TUS,94.392,0,0,1,1,1,peak,pt_plus_rail,12,Westmeath
237104,44.95,44.95,132.164,44.95,TUS Athlone,TUS,89.9,0,1,1,1,1,peak,pt_plus_rail,6,Westmeath
237105,110.832,110.832,110.832,168.832,Maynooth University,MU,211.664,0,0,0,0,0,peak,pt_plus_rail,11,Westmeath
237106,87.338,87.338,87.338,155.852,Maynooth University,MU,175.19,0,0,0,0,1,peak,pt_plus_rail,211,Westmeath
257001,73.96799999999999,73.96799999999999,188.968,73.96799999999999,SETU Carlow,SETU,147.93599999999998,0,0,0,1,1,peak,pt_plus_rail,13,Wicklow
257002,77.506,85.506,138.506,189.506,IADT Dun Laoghaire,IADT,151.012,0,0,0,0,3,peak,pt_plus_rail,11,Wicklow
257003,111.996,111.996,193.996,231.996,UCD Belfield,UCD,230.992,0,0,0,0,0,peak,pt_plus_rail,63,Wicklow
257004,98.0,98.0,182.0,213.0,UCD Belfield,UCD,200.0,0,0,0,0,0,peak,pt_plus_rail,475,Wicklow
257005,117.836,117.836,199.836,237.836,UCD Belfield,UCD,242.672,0,0,0,0,0,peak,pt_plus_rail,117,Wicklow
257006,127.642,127.642,207.538,247.642,UCD Belfield,UCD,259.41999999999996,0,0,0,0,0,peak,pt_plus_rail,30,Wicklow
257007,132.616,132.616,214.616,,UCD Belfield,UCD,272.23199999999997,0,0,0,0,0,peak,pt_plus_rail,21,Wicklow
257008,131.82,131.82,208.652,254.652,UCD Belfield,UCD,263.64,0,0,0,0,0,peak,pt_plus_rail,27,Wicklow
257009,144.608,144.608,226.608,269.608,UCD Belfield,UCD,284.216,0,0,0,0,0,peak,pt_plus_rail,14,Wicklow
257010,135.484,135.484,217.484,,UCD Belfield,UCD,277.968,0,0,0,0,0,peak,pt_plus_rail,5,Wicklow
257011,,,,,,,,0,0,0,0,0,peak,pt_plus_rail,5,Wicklow
257012,117.238,117.238,199.238,237.238,UCD Belfield,UCD,241.476,0,0,0,0,0,peak,pt_plus_rail,46,Wicklow
257013,135.948,135.948,217.948,,UCD Belfield,UCD,278.896,0,0,0,0,0,peak,pt_plus_rail,7,Wicklow
257014,116.392,116.392,178.392,230.392,IADT Dun Laoghaire,IADT,228.784,0,0,0,0,0,peak,pt_plus_rail,14,Wicklow
257015,67.104,67.104,165.116,67.104,SETU Carlow,SETU,134.208,0,0,0,1,1,peak,pt_plus_rail,109,Wicklow
257016,65.674,65.674,90.054,146.054,TU Dublin Blanchardstown,TU Dublin,132.348,0,0,0,3,6,peak,pt_plus_rail,216,Wicklow
257017,50.624,50.624,91.906,152.70600000000002,Trinity College Dublin,TCD,101.248,0,0,4,8,10,peak,pt_plus_rail,199,Wicklow
257018,135.824,135.824,181.0,260.238,UCD Belfield,UCD,271.648,0,0,0,0,0,peak,pt_plus_rail,27,Wicklow
257019,68.316,68.316,91.5,147.5,TU Dublin Blanchardstown,TU Dublin,137.632,0,0,0,1,6,peak,pt_plus_rail,109,Wicklow
257020,67.358,72.19800000000001,125.198,172.304,IADT Dun Laoghaire,IADT,130.716,0,0,0,3,7,peak,pt_plus_rail,10,Wicklow
257021,136.986,136.986,218.986,261.986,UCD Belfield,UCD,268.972,0,0,0,0,0,peak,pt_plus_rail,88,Wicklow
257022,146.96800000000002,146.96800000000002,228.968,271.968,UCD Belfield,UCD,288.93600000000004,0,0,0,0,0,peak,pt_plus_rail,11,Wicklow
257023,,,,,,,,0,0,0,0,0,peak,pt_plus_rail,23,Wicklow
257024,135.214,135.214,217.214,255.214,UCD Belfield,UCD,274.414,0,0,0,0,0,peak,pt_plus_rail,19,Wicklow
257025,122.56,122.56,204.56,242.56,UCD Belfield,UCD,250.778,0,0,0,0,0,peak,pt_plus_rail,22,Wicklow
257026,,,,,,,,0,0,0,0,0,peak,pt_plus_rail,5,Wicklow
257027,60.254,60.254,116.254,165.254,Trinity College Dublin,TCD,119.952,0,0,0,5,7,peak,pt_plus_rail,338,Wicklow
257028,130.492,130.492,178.492,130.492,SETU Carlow,SETU,259.984,0,0,0,0,0,peak,pt_plus_rail,22,Wicklow
257029,,,,,,,,0,0,0,0,0,peak,pt_plus_rail,28,Wicklow
257030,115.39,115.39,177.868,229.868,UCD Belfield,UCD,227.736,0,0,0,0,0,peak,pt_plus_rail,28,Wicklow
257031,96.036,101.036,155.036,204.036,IADT Dun Laoghaire,IADT,190.072,0,0,0,0,0,peak,pt_plus_rail,30,Wicklow
257032,114.848,114.848,176.848,228.848,IADT Dun Laoghaire,IADT,225.696,0,0,0,0,0,peak,pt_plus_rail,18,Wicklow
257033,75.55199999999999,75.55199999999999,97.426,75.55199999999999,SETU Carlow,SETU,151.10399999999998,0,0,0,0,1,peak,pt_plus_rail,70,Wicklow
257034,,,,,,,,0,0,0,0,0,peak,pt_plus_rail,8,Wicklow
257035,114.788,114.788,196.788,234.788,UCD Belfield,UCD,236.576,0,0,0,0,0,peak,pt_plus_rail,16,Wicklow
257036,51.05,51.05,92.332,153.132,Trinity College Dublin,TCD,102.1,0,0,3,8,10,peak,pt_plus_rail,126,Wicklow
257037,152.276,154.276,223.276,,IADT Dun Laoghaire,IADT,303.552,0,0,0,0,0,peak,pt_plus_rail,17,Wicklow
257038,88.122,91.298,147.122,198.122,IADT Dun Laoghaire,IADT,172.244,0,0,0,0,1,peak,pt_plus_rail,135,Wicklow
257039,64.068,68.136,121.136,169.014,IADT Dun Laoghaire,IADT,124.136,0,0,0,3,7,peak,pt_plus_rail,333,Wicklow
257040,65.472,65.472,101.56,65.472,SETU Carlow,SETU,130.944,0,0,0,1,1,peak,pt_plus_rail,17,Wicklow
257041,92.668,95.668,95.668,148.208,NCAD (Thomas St),NCAD,187.336,0,0,0,0,0,peak,pt_plus_rail,40,Wicklow
257042,,,,,,,,0,0,0,0,0,peak,pt_plus_rail,8,Wicklow
257043,,,,,,,,0,0,0,0,0,peak,pt_plus_rail,7,Wicklow
257044,,,,,,,,0,0,0,0,0,peak,pt_plus_rail,3,Wicklow
257045,122.286,122.286,204.286,,UCD Belfield,UCD,251.572,0,0,0,0,0,peak,pt_plus_rail,14,Wicklow
257046,52.794,53.298,72.744,149.678,NCAD (Thomas St),NCAD,105.588,0,0,4,10,11,peak,pt_plus_rail,22,Wicklow
257047,109.69,109.69,191.69,229.69,UCD Belfield,UCD,219.69,0,0,0,0,0,peak,pt_plus_rail,30,Wicklow
257048,60.686,60.686,116.686,165.686,Trinity College Dublin,TCD,120.816,0,0,0,5,7,peak,pt_plus_rail,511,Wicklow
257049,69.548,69.548,184.548,69.548,SETU Carlow,SETU,139.096,0,0,0,1,1,peak,pt_plus_rail,15,Wicklow
257050,86.71199999999999,89.888,145.712,196.712,IADT Dun Laoghaire,IADT,169.42399999999998,0,0,0,0,2,peak,pt_plus_rail,60,Wicklow
257051,49.158,49.158,90.44,151.24,Trinity College Dublin,TCD,98.316,0,0,5,9,10,peak,pt_plus_rail,664,Wicklow
257052,127.552,127.552,209.552,247.552,UCD Belfield,UCD,262.104,0,0,0,0,0,peak,pt_plus_rail,19,Wicklow
257053,149.566,151.566,220.566,,IADT Dun Laoghaire,IADT,298.132,0,0,0,0,0,peak,pt_plus_rail,13,Wicklow
257054,,,,,,,,0,0,0,0,0,peak,pt_plus_rail,28,Wicklow
257055,,,,,,,,0,0,0,0,0,peak,pt_plus_rail,11,Wicklow
257056,,,,,,,,0,0,0,0,0,peak,pt_plus_rail,6,Wicklow
257057,117.998,117.998,179.998,231.998,IADT Dun Laoghaire,IADT,231.996,0,0,0,0,0,peak,pt_plus_rail,15,Wicklow
257058,66.848,71.688,124.688,171.794,IADT Dun Laoghaire,IADT,129.696,0,0,0,3,7,peak,pt_plus_rail,87,Wicklow
257059,59.858,59.858,115.858,164.858,Trinity College Dublin,TCD,119.16,0,0,1,5,7,peak,pt_plus_rail,180,Wicklow
257060,88.922,92.098,147.922,198.922,IADT Dun Laoghaire,IADT,173.844,0,0,0,0,1,peak,pt_plus_rail,20,Wicklow
257061,117.258,117.258,199.258,237.258,UCD Belfield,UCD,241.516,0,0,0,0,0,peak,pt_plus_rail,26,Wicklow
257062,63.611999999999995,65.664,94.674,168.558,IADT Dun Laoghaire,IADT,123.224,0,0,0,5,8,peak,pt_plus_rail,17,Wicklow
257063,64.05799999999999,64.05799999999999,179.058,64.05799999999999,SETU Carlow,SETU,128.116,0,0,0,1,1,peak,pt_plus_rail,8,Wicklow
257064,,,,,,,,0,0,0,0,0,peak,pt_plus_rail,20,Wicklow
257065,120.798,120.798,197.63,243.63,UCD Belfield,UCD,241.596,0,0,0,0,0,peak,pt_plus_rail,131,Wicklow
257066,127.606,127.606,175.606,127.606,SETU Carlow,SETU,254.212,0,0,0,0,0,peak,pt_plus_rail,19,Wicklow
257067,147.724,147.724,229.724,272.724,UCD Belfield,UCD,290.448,0,0,0,0,0,peak,pt_plus_rail,33,Wicklow
257068,125.952,125.952,173.952,125.952,SETU Carlow,SETU,250.904,0,0,0,0,0,peak,pt_plus_rail,4,Wicklow
257069,72.414,72.414,171.53199999999998,72.414,SETU Carlow,SETU,144.828,0,0,0,1,1,peak,pt_plus_rail,18,Wicklow
257070,73.69200000000001,73.69200000000001,166.78,73.69200000000001,SETU Carlow,SETU,147.384,0,0,0,1,1,peak,pt_plus_rail,14,Wicklow
257071,133.8,133.8,215.8,,UCD Belfield,UCD,274.6,0,0,0,0,0,peak,pt_plus_rail,86,Wicklow
257072,95.716,98.716,98.716,151.256,NCAD (Thomas St),NCAD,193.432,0,0,0,0,0,peak,pt_plus_rail,25,Wicklow
257073,100.364,103.364,103.364,159.364,NCAD (Thomas St),NCAD,202.728,0,0,0,0,0,peak,pt_plus_rail,23,Wicklow
257074,76.77,84.77,137.76999999999998,188.77,IADT Dun Laoghaire,IADT,149.54,0,0,0,0,3,peak,pt_plus_rail,77,Wicklow
257075,133.972,133.972,211.494,257.494,UCD Belfield,UCD,267.944,0,0,0,0,0,peak,pt_plus_rail,18,Wicklow
257076,74.072,74.072,170.93200000000002,74.072,SETU Carlow,SETU,148.144,0,0,0,1,1,peak,pt_plus_rail,19,Wicklow
257077,87.642,90.818,146.642,197.642,IADT Dun Laoghaire,IADT,171.284,0,0,0,0,1,peak,pt_plus_rail,498,Wicklow
257078,90.612,92.612,149.612,200.612,IADT Dun Laoghaire,IADT,177.224,0,0,0,0,0,peak,pt_plus_rail,288,Wicklow
257079,98.0,98.0,183.0,214.0,UCD Belfield,UCD,200.0,0,0,0,0,0,peak,pt_plus_rail,121,Wicklow
257080,44.764,44.764,76.128,146.846,Trinity College Dublin,TCD,89.52799999999999,0,1,6,9,11,peak,pt_plus_rail,51,Wicklow
257081,48.216,48.216,89.49799999999999,150.298,Trinity College Dublin,TCD,96.432,0,0,5,9,11,peak,pt_plus_rail,234,Wicklow
257082,46.994,46.994,86.81199999999998,149.076,Trinity College Dublin,TCD,93.988,0,0,5,9,11,peak,pt_plus_rail,107,Wicklow
267001,34.18,34.18,58.568,129.012,Trinity College Dublin,TCD,68.36,0,6,8,11,11,peak,pt_plus_rail,103,Fingal
267002,49.152,49.152,86.556,98.562,Trinity College Dublin,TCD,98.304,0,0,5,8,11,peak,pt_plus_rail,1077,Fingal
267003,49.23,49.23,86.634,98.124,Trinity College Dublin,TCD,98.46,0,0,5,8,11,peak,pt_plus_rail,349,Fingal
267004,36.59,36.59,74.88,116.62,Trinity College Dublin,TCD,73.18,0,3,7,9,11,peak,pt_plus_rail,285,Fingal
267005,31.874,31.874,57.684,114.536,Trinity College Dublin,TCD,63.748000000000005,0,4,9,10,11,peak,pt_plus_rail,210,Fingal
267006,43.784000000000006,43.784000000000006,54.008,147.06,Trinity College Dublin,TCD,87.56800000000001,0,2,8,11,11,peak,pt_plus_rail,41,South Dublin
267007,36.174,36.174,57.238,138.256,Trinity College Dublin,TCD,72.348,0,3,10,11,11,peak,pt_plus_rail,199,Dún Laoghaire-Rathdown
267008,36.92999999999999,36.92999999999999,57.72,139.012,Trinity College Dublin,TCD,73.85999999999999,0,3,10,11,11,peak,pt_plus_rail,65,Dún Laoghaire-Rathdown
267009,35.078,35.078,56.142,137.16,Trinity College Dublin,TCD,70.156,0,3,10,11,11,peak,pt_plus_rail,78,Dún Laoghaire-Rathdown
267010,36.361999999999995,36.361999999999995,56.12,139.638,Trinity College Dublin,TCD,72.72399999999999,0,3,11,11,11,peak,pt_plus_rail,68,Dún Laoghaire-Rathdown
267011,34.614000000000004,34.614000000000004,57.802,136.696,Trinity College Dublin,TCD,69.22800000000001,0,3,10,11,11,peak,pt_plus_rail,50,Dún Laoghaire-Rathdown
267012,34.858,34.858,58.012,136.94,Trinity College Dublin,TCD,69.716,0,3,10,11,11,peak,pt_plus_rail,67,Dún Laoghaire-Rathdown
267013,35.41,35.41,51.226,138.686,Trinity College Dublin,TCD,70.82,0,3,11,11,11,peak,pt_plus_rail,184,South Dublin
267014,45.812,45.812,81.75399999999999,106.59,Trinity College Dublin,TCD,91.624,0,0,7,8,11,peak,pt_plus_rail,75,Fingal
267015,41.27199999999999,41.27199999999999,86.376,143.35399999999998,Trinity College Dublin,TCD,79.0,0,2,7,9,11,peak,pt_plus_rail,112,Dún Laoghaire-Rathdown
267016,51.638,51.638,90.804,92.56,Trinity College Dublin,TCD,103.276,0,0,3,7,8,peak,pt_plus_rail,26,Fingal
267017,33.983999999999995,33.983999999999995,86.468,136.066,Trinity College Dublin,TCD,67.96799999999999,0,4,8,9,11,peak,pt_plus_rail,95,Dún Laoghaire-Rathdown
267018,33.06,33.06,85.544,135.142,Trinity College Dublin,TCD,66.12,0,5,8,9,11,peak,pt_plus_rail,46,Dún Laoghaire-Rathdown
267019,17.0,17.0,80.388,131.514,UCD Belfield,UCD,36.0,2,5,8,10,11,peak,pt_plus_rail,108,Dún Laoghaire-Rathdown
267020,29.0,29.0,75.322,136.162,UCD Belfield,UCD,60.0,1,4,9,9,11,peak,pt_plus_rail,178,Dún Laoghaire-Rathdown
267021,30.0,30.0,82.114,133.24,UCD Belfield,UCD,59.0,1,6,8,10,11,peak,pt_plus_rail,108,Dún Laoghaire-Rathdown
267022,13.0,13.0,76.74199999999999,130.17,UCD Belfield,UCD,26.0,2,6,8,10,11,peak,pt_plus_rail,70,Dún Laoghaire-Rathdown
267023,32.0,33.388,73.99799999999999,135.47,IADT Dun Laoghaire,IADT,64.0,0,4,9,10,11,peak,pt_plus_rail,77,Dún Laoghaire-Rathdown
267024,24.0,34.194,75.464,136.276,IADT Dun Laoghaire,IADT,48.0,1,4,9,9,11,peak,pt_plus_rail,87,Dún Laoghaire-Rathdown
267025,31.228,31.228,83.71199999999999,133.31,Trinity College Dublin,TCD,62.456,0,6,8,10,11,peak,pt_plus_rail,72,Dún Laoghaire-Rathdown
267026,24.0,24.0,80.824,131.634,UCD Belfield,UCD,51.0,2,6,8,10,11,peak,pt_plus_rail,98,Dún Laoghaire-Rathdown
267027,30.0,30.0,47.158,133.974,TU Dublin Blanchardstown,TU Dublin,59.0,1,4,8,11,11,peak,pt_plus_rail,217,Fingal
267028,23.0,23.0,45.05,138.78199999999998,TU Dublin Blanchardstown,TU Dublin,46.0,1,4,8,10,11,peak,pt_plus_rail,2095,Fingal
267029,7.0,7.0,45.344,133.686,TU Dublin Blanchardstown,TU Dublin,14.0,1,5,8,11,11,peak,pt_plus_rail,475,Fingal
267030,25.0,25.0,48.664,135.48000000000002,TU Dublin Blanchardstown,TU Dublin,50.0,1,4,8,10,11,peak,pt_plus_rail,150,Fingal
267031,22.0,22.0,47.518,134.334,TU Dublin Blanchardstown,TU Dublin,44.0,1,4,8,11,11,peak,pt_plus_rail,165,Fingal
267032,24.0,24.0,47.962,134.778,TU Dublin Blanchardstown,TU Dublin,48.0,1,4,8,10,11,peak,pt_plus_rail,225,Fingal
267033,20.0,20.0,45.166,131.234,TU Dublin Blanchardstown,TU Dublin,40.0,1,6,8,11,11,peak,pt_plus_rail,29,Fingal
267034,30.0,30.0,46.894000000000005,135.504,TU Dublin Blanchardstown,TU Dublin,58.0,1,4,8,10,11,peak,pt_plus_rail,273,Fingal
267035,43.05,43.05,54.4,146.326,Trinity College Dublin,TCD,86.1,0,1,9,11,11,peak,pt_plus_rail,273,South Dublin
267036,37.0,38.918000000000006,86.322,141.0,IADT Dun Laoghaire,IADT,71.0,0,3,7,9,11,peak,pt_plus_rail,108,Dún Laoghaire-Rathdown
267037,41.22,41.22,76.354,143.302,Trinity College Dublin,TCD,79.0,0,3,7,9,11,peak,pt_plus_rail,116,Dún Laoghaire-Rathdown
267038,42.488,42.488,75.35,144.57,Trinity College Dublin,TCD,84.976,0,1,8,9,11,peak,pt_plus_rail,186,Dún Laoghaire-Rathdown
267039,34.0,37.818,86.352,139.9,IADT Dun Laoghaire,IADT,65.0,0,3,7,9,11,peak,pt_plus_rail,183,Dún Laoghaire-Rathdown
267040,29.0,29.0,48.358,136.876,TU Dublin Blanchardstown,TU Dublin,58.0,1,4,8,10,11,peak,pt_plus_rail,751,Fingal
267041,30.22,30.22,44.838,133.102,TU Dublin Grangegorman,TU Dublin,58.44,0,7,9,11,11,peak,pt_plus_rail,165,Fingal
267042,32.652,32.652,56.906,134.734,Trinity College Dublin,TCD,65.304,0,3,11,11,11,peak,pt_plus_rail,50,Dún Laoghaire-Rathdown
267043,31.126,31.126,56.86,134.272,Trinity College Dublin,TCD,62.251999999999995,0,4,10,11,11,peak,pt_plus_rail,61,Dún Laoghaire-Rathdown
267044,32.498000000000005,32.498000000000005,56.364,134.57999999999998,Trinity College Dublin,TCD,64.99600000000001,0,3,11,11,11,peak,pt_plus_rail,98,Dún Laoghaire-Rathdown
267045,31.254,31.254,56.988,134.4,Trinity College Dublin,TCD,62.508,0,4,10,11,11,peak,pt_plus_rail,61,Dún Laoghaire-Rathdown
267046,26.0,29.914,59.122,131.996,RCSI (St Stephen's Green),RCSI,51.0,2,6,10,11,11,peak,pt_plus_rail,39,Dún Laoghaire-Rathdown
267047,35.0,35.0,47.116,130.0,TU Dublin Tallaght,TU Dublin,69.0,0,5,10,11,11,peak,pt_plus_rail,82,South Dublin
267048,40.928,41.388000000000005,41.388000000000005,141.692,NCAD (Thomas St),NCAD,81.856,0,5,8,11,11,peak,pt_plus_rail,145,South Dublin
267049,40.28,41.95399999999999,45.514,142.864,NCAD (Thomas St),NCAD,80.56,0,2,9,11,11,peak,pt_plus_rail,565,South Dublin
267050,36.388,38.06400000000001,45.308,127.0,NCAD (Thomas St),NCAD,72.776,0,5,10,11,11,peak,pt_plus_rail,373,South Dublin
267051,37.664,40.648,41.078,138.428,NCAD (Thomas St),NCAD,75.328,0,5,9,11,11,peak,pt_plus_rail,314,South Dublin
267052,38.208,41.192,41.622,138.97199999999998,NCAD (Thomas St),NCAD,76.416,0,5,9,11,11,peak,pt_plus_rail,161,South Dublin
267053,38.398,40.074,45.492,141.534,NCAD (Thomas St),NCAD,76.79599999999999,0,5,10,11,11,peak,pt_plus_rail,342,South Dublin
267054,47.62,47.62,76.738,106.01,Trinity College Dublin,TCD,95.24,0,0,6,7,10,peak,pt_plus_rail,25,Fingal
267055,28.616,28.616,75.032,130.698,Trinity College Dublin,TCD,56.0,2,5,9,10,11,peak,pt_plus_rail,101,Dún Laoghaire-Rathdown
267056,10.0,10.0,76.32,130.648,UCD Belfield,UCD,20.0,2,5,8,10,11,peak,pt_plus_rail,51,Dún Laoghaire-Rathdown
267057,24.0,28.996,72.906,131.078,RCSI (St Stephen's Green),RCSI,46.0,2,6,9,11,11,peak,pt_plus_rail,52,Dún Laoghaire-Rathdown
267058,21.0,21.0,75.43799999999999,131.82,UCD Belfield,UCD,43.0,2,5,9,10,11,peak,pt_plus_rail,114,Dún Laoghaire-Rathdown
267059,28.0,28.572000000000003,73.77799999999999,130.654,RCSI (St Stephen's Green),RCSI,55.0,3,5,9,11,11,peak,pt_plus_rail,72,Dún Laoghaire-Rathdown
267060,41.322,44.282,92.38,146.364,IADT Dun Laoghaire,IADT,78.644,0,2,6,9,10,peak,pt_plus_rail,49,Dún Laoghaire-Rathdown
267061,40.278,42.448,91.718,144.53,IADT Dun Laoghaire,IADT,76.556,0,2,7,9,10,peak,pt_plus_rail,88,Dún Laoghaire-Rathdown
267062,39.846,41.158,86.922,143.24,IADT Dun Laoghaire,IADT,75.69200000000001,0,2,7,9,11,peak,pt_plus_rail,56,Dún Laoghaire-Rathdown
267063,38.134,42.3,92.986,144.382,IADT Dun Laoghaire,IADT,72.268,0,2,7,9,10,peak,pt_plus_rail,60,Dún Laoghaire-Rathdown
267064,40.71,44.04,93.596,146.122,IADT Dun Laoghaire,IADT,77.42,0,2,6,9,10,peak,pt_plus_rail,39,Dún Laoghaire-Rathdown
267065,41.91199999999999,41.91199999999999,79.316,112.57,Trinity College Dublin,TCD,83.82399999999998,0,1,7,8,11,peak,pt_plus_rail,552,Fingal
267066,33.428,33.428,50.07,129.516,Trinity College Dublin,TCD,66.856,0,7,8,10,11,peak,pt_plus_rail,349,Fingal
267067,29.0,38.774,91.258,140.856,IADT Dun Laoghaire,IADT,58.0,1,2,7,9,10,peak,pt_plus_rail,68,Dún Laoghaire-Rathdown
267068,35.0,39.964,91.276,142.046,IADT Dun Laoghaire,IADT,66.82,0,2,7,9,10,peak,pt_plus_rail,109,Dún Laoghaire-Rathdown
267069,17.0,38.144000000000005,88.576,140.226,IADT Dun Laoghaire,IADT,34.0,1,3,7,9,11,peak,pt_plus_rail,150,Dún Laoghaire-Rathdown
267070,13.0,35.382,76.606,137.464,IADT Dun Laoghaire,IADT,26.0,1,4,8,9,11,peak,pt_plus_rail,64,Dún Laoghaire-Rathdown
267071,13.0,36.744,86.84,138.826,IADT Dun Laoghaire,IADT,26.0,1,4,7,9,11,peak,pt_plus_rail,80,Dún Laoghaire-Rathdown
267072,27.0,38.818,88.574,140.9,IADT Dun Laoghaire,IADT,54.0,1,2,7,9,11,peak,pt_plus_rail,120,Dún Laoghaire-Rathdown
267073,32.0,39.16,86.732,141.242,IADT Dun Laoghaire,IADT,64.0,0,2,7,9,11,peak,pt_plus_rail,38,Dún Laoghaire-Rathdown
267074,14.0,37.938,86.53800000000001,140.01999999999998,IADT Dun Laoghaire,IADT,28.0,1,3,7,9,11,peak,pt_plus_rail,137,Dún Laoghaire-Rathdown
267075,25.0,35.666,88.15,137.748,IADT Dun Laoghaire,IADT,49.0,1,4,8,9,11,peak,pt_plus_rail,56,Dún Laoghaire-Rathdown
267076,36.908,41.218,92.004,143.3,IADT Dun Laoghaire,IADT,69.816,0,2,7,9,10,peak,pt_plus_rail,151,Dún Laoghaire-Rathdown
267077,22.0,37.352,89.836,139.434,IADT Dun Laoghaire,IADT,42.0,1,3,7,9,11,peak,pt_plus_rail,63,Dún Laoghaire-Rathdown
267078,35.298,35.298,57.882,137.38,Trinity College Dublin,TCD,70.596,0,3,10,11,11,peak,pt_plus_rail,200,Dún Laoghaire-Rathdown
267079,31.0,32.316,58.254,134.398,RCSI (St Stephen's Green),RCSI,61.0,0,4,10,11,11,peak,pt_plus_rail,120,Dún Laoghaire-Rathdown
267080,36.364,36.364,59.564,138.446,Trinity College Dublin,TCD,72.72800000000001,0,2,10,11,11,peak,pt_plus_rail,256,Dún Laoghaire-Rathdown
267081,30.0,32.81,59.23800000000001,134.892,RCSI (St Stephen's Green),RCSI,59.0,1,4,10,11,11,peak,pt_plus_rail,78,Dún Laoghaire-Rathdown
267082,31.27,31.27,73.868,133.352,Trinity College Dublin,TCD,62.54,0,5,9,11,11,peak,pt_plus_rail,112,Dún Laoghaire-Rathdown
267083,36.336,36.336,55.798,139.612,Trinity College Dublin,TCD,72.672,0,3,11,11,11,peak,pt_plus_rail,204,South Dublin
267084,32.0,32.0,49.894000000000005,142.39600000000002,TU Dublin Tallaght,TU Dublin,61.0,0,3,11,11,11,peak,pt_plus_rail,573,South Dublin
267085,40.432,40.432,58.328,142.514,Trinity College Dublin,TCD,80.864,0,2,10,11,11,peak,pt_plus_rail,365,South Dublin
267086,37.349999999999994,37.349999999999994,50.9,140.626,Trinity College Dublin,TCD,74.69999999999999,0,3,11,11,11,peak,pt_plus_rail,103,South Dublin
267087,29.0,31.0,74.47999999999999,137.612,IADT Dun Laoghaire,IADT,57.0,1,4,9,10,11,peak,pt_plus_rail,92,Dún Laoghaire-Rathdown
267088,36.438,36.438,73.354,138.52,Trinity College Dublin,TCD,72.876,0,4,9,10,11,peak,pt_plus_rail,264,Dún Laoghaire-Rathdown
267089,30.0,32.0,74.31,137.442,IADT Dun Laoghaire,IADT,57.0,1,4,9,10,11,peak,pt_plus_rail,103,Dún Laoghaire-Rathdown
267090,36.510000000000005,36.510000000000005,59.35999999999999,138.59199999999998,Trinity College Dublin,TCD,73.02000000000001,0,4,10,10,11,peak,pt_plus_rail,51,Dún Laoghaire-Rathdown
267091,51.65,51.65,80.52,106.388,Trinity College Dublin,TCD,103.3,0,0,5,7,10,peak,pt_plus_rail,103,Fingal
267092,38.028000000000006,38.028000000000006,58.022,140.11,Trinity College Dublin,TCD,76.05600000000001,0,2,9,10,11,peak,pt_plus_rail,960,Dún Laoghaire-Rathdown
267093,52.71,52.71,91.682,97.708,Trinity College Dublin,TCD,105.42,0,0,2,7,8,peak,pt_plus_rail,68,Fingal
267094,51.22,51.22,90.386,108.49,Trinity College Dublin,TCD,102.44,0,0,3,7,8,peak,pt_plus_rail,120,Fingal
267095,45.244,45.244,91.06,126.886,Trinity College Dublin,TCD,90.488,0,0,5,8,10,peak,pt_plus_rail,317,Fingal
267096,43.934,45.79,91.318,147.872,IADT Dun Laoghaire,IADT,83.868,0,1,6,9,10,peak,pt_plus_rail,144,Dún Laoghaire-Rathdown
267097,42.812,42.812,76.98400000000001,144.894,Trinity College Dublin,TCD,83.75999999999999,0,2,6,9,11,peak,pt_plus_rail,251,Dún Laoghaire-Rathdown
267098,44.124,44.124,73.45599999999999,132.166,Trinity College Dublin,TCD,88.248,0,1,7,9,11,peak,pt_plus_rail,98,Fingal
267099,36.908,36.908,59.745999999999995,117.922,Trinity College Dublin,TCD,73.816,0,3,9,10,11,peak,pt_plus_rail,375,Fingal
267100,38.272,38.272,38.272,139.482,Maynooth University,MU,76.544,0,5,9,11,11,peak,pt_plus_rail,1890,South Dublin
267101,38.29,38.29,38.29,142.012,Maynooth University,MU,76.58,0,5,7,10,11,peak,pt_plus_rail,186,South Dublin
267102,38.906,38.906,38.906,142.072,Maynooth University,MU,77.812,0,5,7,10,11,peak,pt_plus_rail,117,Fingal
267103,34.192,34.192,34.192,141.026,Maynooth University,MU,68.384,0,5,9,10,11,peak,pt_plus_rail,581,South Dublin
267104,43.748000000000005,43.748000000000005,81.15199999999999,105.78,Trinity College Dublin,TCD,87.49600000000001,0,1,7,8,11,peak,pt_plus_rail,563,Fingal
267105,45.108,45.108,83.994,115.486,Trinity College Dublin,TCD,90.216,0,0,6,8,11,peak,pt_plus_rail,316,Fingal
267106,39.751999999999995,39.751999999999995,75.67599999999999,113.388,Trinity College Dublin,TCD,79.50399999999999,0,2,7,8,11,peak,pt_plus_rail,185,Fingal
267107,41.838,41.838,41.838,143.93,Maynooth University,MU,83.676,0,1,7,10,11,peak,pt_plus_rail,155,South Dublin
267108,30.97,34.302,41.288,136.074,NCAD (Thomas St),NCAD,61.94,0,7,10,11,11,peak,pt_plus_rail,103,South Dublin
267109,34.0,34.0,41.16,138.51,TU Dublin Blanchardstown,TU Dublin,73.452,0,5,9,11,11,peak,pt_plus_rail,383,South Dublin
267110,41.751999999999995,41.751999999999995,81.69800000000001,115.916,Trinity College Dublin,TCD,83.50399999999999,0,2,7,8,11,peak,pt_plus_rail,121,Fingal
267111,38.178,38.178,76.464,111.644,Trinity College Dublin,TCD,76.356,0,2,7,8,11,peak,pt_plus_rail,96,Fingal
267112,44.42,46.096,50.188,139.71,NCAD (Thomas St),NCAD,88.84,0,1,7,11,11,peak,pt_plus_rail,197,South Dublin
267113,33.324,33.324,50.599999999999994,136.6,Trinity College Dublin,TCD,66.648,0,5,11,11,11,peak,pt_plus_rail,92,South Dublin
267114,32.004,32.004,52.736,135.28,Trinity College Dublin,TCD,64.008,0,4,11,11,11,peak,pt_plus_rail,118,South Dublin
267115,33.39,33.39,56.004,136.666,Trinity College Dublin,TCD,66.78,0,4,11,11,11,peak,pt_plus_rail,164,South Dublin
267116,33.718,33.718,55.076,136.994,Trinity College Dublin,TCD,67.436,0,3,11,11,11,peak,pt_plus_rail,114,South Dublin
267117,29.584,29.584,54.272,132.86,Trinity College Dublin,TCD,59.168,1,5,11,11,11,peak,pt_plus_rail,91,South Dublin
267118,50.438,50.438,89.604,136.824,Trinity College Dublin,TCD,100.876,0,0,3,7,9,peak,pt_plus_rail,545,Fingal
267119,43.431999999999995,45.108,49.855999999999995,141.52,NCAD (Thomas St),NCAD,86.86399999999999,0,1,8,11,11,peak,pt_plus_rail,189,South Dublin
267120,44.012,44.012,86.892,146.094,Trinity College Dublin,TCD,88.024,0,1,6,9,11,peak,pt_plus_rail,242,Dún Laoghaire-Rathdown
267121,45.218,45.218,90.304,147.3,Trinity College Dublin,TCD,90.436,0,0,6,9,10,peak,pt_plus_rail,129,Dún Laoghaire-Rathdown
267122,51.0,51.0,93.878,160.596,UCD Belfield,UCD,103.0,0,0,3,8,9,peak,pt_plus_rail,187,Dún Laoghaire-Rathdown
267123,59.23,64.246,93.312,109.792,Marino Institute of Education,Marino,117.46,0,0,1,7,7,peak,pt_plus_rail,379,Fingal
267124,25.0,25.0,74.328,133.984,UCD Belfield,UCD,52.0,1,4,9,11,11,peak,pt_plus_rail,124,Dún Laoghaire-Rathdown
267125,32.734,32.734,59.794,134.816,Trinity College Dublin,TCD,65.468,0,4,10,11,11,peak,pt_plus_rail,115,Dún Laoghaire-Rathdown
267126,24.0,24.0,58.822,134.998,UCD Belfield,UCD,52.0,1,5,10,11,11,peak,pt_plus_rail,75,Dún Laoghaire-Rathdown
267127,24.0,24.0,73.03,135.232,UCD Belfield,UCD,51.0,1,4,9,10,11,peak,pt_plus_rail,118,Dún Laoghaire-Rathdown
267128,18.0,18.0,74.73400000000001,131.626,UCD Belfield,UCD,39.0,2,6,9,11,11,peak,pt_plus_rail,111,Dún Laoghaire-Rathdown
267129,28.0,28.0,73.398,132.79,UCD Belfield,UCD,58.0,1,6,9,11,11,peak,pt_plus_rail,72,Dún Laoghaire-Rathdown
267130,33.352000000000004,33.352000000000004,79.608,118.28,Trinity College Dublin,TCD,66.70400000000001,0,3,8,9,11,peak,pt_plus_rail,203,Fingal
267131,39.42,39.42,74.5,112.548,Trinity College Dublin,TCD,78.84,0,2,7,9,11,peak,pt_plus_rail,330,Fingal
267132,36.168000000000006,36.168000000000006,59.006,112.362,Trinity College Dublin,TCD,72.33600000000001,0,3,9,10,11,peak,pt_plus_rail,590,Fingal
267133,42.367999999999995,42.367999999999995,79.47399999999999,111.71,Trinity College Dublin,TCD,84.73599999999999,0,1,7,8,11,peak,pt_plus_rail,519,Fingal
267134,36.844,36.844,59.682,110.986,Trinity College Dublin,TCD,73.688,0,3,9,10,11,peak,pt_plus_rail,272,Fingal
267135,38.138000000000005,38.138000000000005,73.452,110.852,Trinity College Dublin,TCD,76.27600000000001,0,2,7,9,11,peak,pt_plus_rail,53,Fingal
267136,23.0,23.0,48.702,140.776,TU Dublin Tallaght,TU Dublin,46.0,1,3,11,11,11,peak,pt_plus_rail,61,South Dublin
267137,25.0,25.0,47.422,141.596,TU Dublin Tallaght,TU Dublin,50.0,1,5,10,11,11,peak,pt_plus_rail,44,South Dublin
267138,31.0,31.0,51.29599999999999,146.106,TU Dublin Tallaght,TU Dublin,62.0,0,3,8,11,11,peak,pt_plus_rail,561,South Dublin
267139,19.0,19.0,48.56,140.634,TU Dublin Tallaght,TU Dublin,38.0,1,4,11,11,11,peak,pt_plus_rail,55,South Dublin
267140,44.768,46.0,52.242,146.788,NCAD (Thomas St),NCAD,85.0,0,1,8,11,11,peak,pt_plus_rail,1001,South Dublin
267141,25.0,25.0,53.172,146.224,TU Dublin Tallaght,TU Dublin,50.0,1,2,8,11,11,peak,pt_plus_rail,188,South Dublin
267142,28.0,28.0,50.158,133.0,TU Dublin Tallaght,TU Dublin,56.0,1,3,10,11,11,peak,pt_plus_rail,131,South Dublin
267143,27.0,27.0,51.886,144.108,TU Dublin Tallaght,TU Dublin,52.0,1,3,9,11,11,peak,pt_plus_rail,492,South Dublin
267144,21.0,21.0,47.148,134.0,TU Dublin Tallaght,TU Dublin,42.0,1,5,10,11,11,peak,pt_plus_rail,126,South Dublin
267145,21.0,21.0,50.126,142.2,TU Dublin Tallaght,TU Dublin,42.0,1,3,11,11,11,peak,pt_plus_rail,104,South Dublin
267146,14.0,14.0,51.75,143.824,TU Dublin Tallaght,TU Dublin,28.0,1,3,9,11,11,peak,pt_plus_rail,132,South Dublin
267147,20.0,20.0,50.748000000000005,144.51999999999998,TU Dublin Tallaght,TU Dublin,40.0,1,3,9,11,11,peak,pt_plus_rail,327,South Dublin
267148,27.0,27.0,50.204,142.286,TU Dublin Tallaght,TU Dublin,54.0,1,3,10,11,11,peak,pt_plus_rail,168,South Dublin
267149,33.94799999999999,33.94799999999999,49.831999999999994,137.224,Trinity College Dublin,TCD,67.89599999999999,0,4,11,11,11,peak,pt_plus_rail,90,South Dublin
267150,30.044,30.044,51.782,133.32,Trinity College Dublin,TCD,60.088,0,5,11,11,11,peak,pt_plus_rail,167,South Dublin
267151,33.452,33.452,50.138000000000005,136.728,Trinity College Dublin,TCD,66.904,0,5,10,11,11,peak,pt_plus_rail,130,South Dublin
267152,31.946,31.946,50.785999999999994,135.222,Trinity College Dublin,TCD,63.892,0,5,11,11,11,peak,pt_plus_rail,51,South Dublin
267153,32.688,32.688,49.849999999999994,135.964,Trinity College Dublin,TCD,65.376,0,5,11,11,11,peak,pt_plus_rail,67,South Dublin
267154,30.784,30.784,50.728,134.06,Trinity College Dublin,TCD,61.568,0,6,11,11,11,peak,pt_plus_rail,70,South Dublin
267155,31.974,31.974,49.646,135.25,Trinity College Dublin,TCD,63.948,0,5,10,11,11,peak,pt_plus_rail,57,South Dublin
267156,31.017999999999997,31.017999999999997,51.628,134.294,Trinity College Dublin,TCD,62.035999999999994,0,6,10,11,11,peak,pt_plus_rail,87,South Dublin
267157,34.604,34.604,50.568,137.88,Trinity College Dublin,TCD,69.208,0,5,10,11,11,peak,pt_plus_rail,72,South Dublin
267158,39.712,39.712,51.426,135.288,TU Dublin Grangegorman,TU Dublin,77.424,0,4,8,10,11,peak,pt_plus_rail,664,Fingal
267159,43.53,43.53,75.46799999999999,146.80599999999998,Trinity College Dublin,TCD,87.06,0,1,7,9,11,peak,pt_plus_rail,24,Dún Laoghaire-Rathdown
267160,29.59,29.59,54.378,122.0,Trinity College Dublin,TCD,59.18,1,7,9,11,11,peak,pt_plus_rail,54,Fingal
268001,12.0,12.0,54.041999999999994,120.0,TU Dublin Grangegorman,TU Dublin,24.0,5,7,10,11,11,peak,pt_plus_rail,34,Dublin City
268002,5.0,5.0,53.026,125.316,TU Dublin Grangegorman,TU Dublin,10.0,4,7,10,11,11,peak,pt_plus_rail,241,Dublin City
268003,9.0,13.0,50.26199999999999,118.0,NCAD (Thomas St),NCAD,18.0,4,7,10,11,11,peak,pt_plus_rail,60,Dublin City
268004,23.0,25.0,50.401999999999994,127.124,NCAD (Thomas St),NCAD,46.0,3,7,10,11,11,peak,pt_plus_rail,31,Dublin City
268005,13.0,13.0,52.57599999999999,126.582,TU Dublin Grangegorman,TU Dublin,26.0,3,7,10,11,11,peak,pt_plus_rail,65,Dublin City
268006,28.436,28.436,48.758,131.454,TU Dublin Grangegorman,TU Dublin,54.872,2,6,9,11,11,peak,pt_plus_rail,301,Dublin City
268007,25.412,25.412,47.454,128.43,TU Dublin Grangegorman,TU Dublin,48.824,2,7,9,11,11,peak,pt_plus_rail,63,Dublin City
268008,30.705999999999996,30.705999999999996,59.098000000000006,118.258,Trinity College Dublin,TCD,61.41199999999999,0,5,9,11,11,peak,pt_plus_rail,217,Dublin City
268009,18.394,18.394,57.632,114.0,Trinity College Dublin,TCD,36.788,3,7,10,11,11,peak,pt_plus_rail,102,Dublin City
268010,19.098,19.098,56.309999999999995,109.0,Trinity College Dublin,TCD,38.196,5,6,11,11,11,peak,pt_plus_rail,65,Dublin City
268011,16.0,16.0,53.628,121.0,DCU Glasnevin,DCU,32.0,2,7,9,11,11,peak,pt_plus_rail,110,Dublin City
268012,27.47,27.47,50.788,128.268,Trinity College Dublin,TCD,54.94,1,7,9,11,11,peak,pt_plus_rail,100,Dublin City
268013,28.0,28.0,51.732,128.0,DCU Glasnevin,DCU,51.0,2,7,9,11,11,peak,pt_plus_rail,66,Dublin City
268014,25.914,25.914,52.352,125.812,Trinity College Dublin,TCD,51.828,3,7,9,11,11,peak,pt_plus_rail,72,Dublin City
268015,29.0,29.0,49.446,127.14,DCU Glasnevin,DCU,55.0,2,7,9,11,11,peak,pt_plus_rail,212,Dublin City
268016,28.0,28.0,51.428,126.286,DCU Glasnevin,DCU,54.0,1,7,9,11,11,peak,pt_plus_rail,152,Dublin City
268017,21.0,21.0,52.361999999999995,125.838,DCU Glasnevin,DCU,42.0,1,7,9,11,11,peak,pt_plus_rail,197,Dublin City
268018,24.0,24.0,52.702,127.56,DCU Glasnevin,DCU,48.0,2,7,9,11,11,peak,pt_plus_rail,49,Dublin City
268019,23.0,23.0,51.99,122.0,DCU Glasnevin,DCU,46.0,2,7,9,11,11,peak,pt_plus_rail,53,Dublin City
268020,28.814,28.814,50.608,128.0,Trinity College Dublin,TCD,53.0,2,7,9,11,11,peak,pt_plus_rail,68,Dublin City
268021,26.0,26.0,56.278,111.0,DCU Glasnevin,DCU,52.0,2,6,9,11,11,peak,pt_plus_rail,71,Dublin City
268022,27.76,27.76,58.44,123.188,Trinity College Dublin,TCD,55.52,1,6,9,11,11,peak,pt_plus_rail,141,Dublin City
268023,23.0,26.274,58.088,120.342,Marino Institute of Education,Marino,43.0,2,6,9,11,11,peak,pt_plus_rail,104,Dublin City
268024,23.0,27.836,59.657999999999994,123.0,Marino Institute of Education,Marino,44.0,2,6,9,11,11,peak,pt_plus_rail,55,Dublin City
268025,20.0,24.86,58.144,114.0,Marino Institute of Education,Marino,39.0,3,6,9,11,11,peak,pt_plus_rail,58,Dublin City
268026,26.246,26.246,57.54,112.0,Trinity College Dublin,TCD,51.0,3,6,9,11,11,peak,pt_plus_rail,117,Dublin City
268027,25.728,25.728,55.344,126.526,Trinity College Dublin,TCD,51.456,2,6,9,11,11,peak,pt_plus_rail,76,Dublin City
268028,21.404,21.404,55.882,109.0,Trinity College Dublin,TCD,42.808,5,6,9,11,11,peak,pt_plus_rail,91,Dublin City
268029,20.08,20.08,55.57,110.0,Trinity College Dublin,TCD,40.16,4,6,10,11,11,peak,pt_plus_rail,78,Dublin City
268030,15.0,15.0,54.126,124.0,TU Dublin Grangegorman,TU Dublin,29.0,2,7,9,11,11,peak,pt_plus_rail,115,Dublin City
268031,17.0,17.0,52.326,124.414,TU Dublin Grangegorman,TU Dublin,32.0,3,7,10,11,11,peak,pt_plus_rail,89,Dublin City
268032,13.0,13.0,51.088,124.146,TU Dublin Grangegorman,TU Dublin,26.0,3,7,10,11,11,peak,pt_plus_rail,92,Dublin City
268033,20.0,20.0,51.528,128.434,TU Dublin Grangegorman,TU Dublin,38.0,2,7,9,11,11,peak,pt_plus_rail,40,Dublin City
268034,22.308,22.308,51.28,126.526,TU Dublin Grangegorman,TU Dublin,42.616,2,7,9,11,11,peak,pt_plus_rail,67,Dublin City
268035,23.0,23.0,50.754,126.148,TU Dublin Grangegorman,TU Dublin,44.662,3,7,10,11,11,peak,pt_plus_rail,72,Dublin City
268036,24.0,24.0,51.16199999999999,126.716,TU Dublin Grangegorman,TU Dublin,47.0,3,7,10,11,11,peak,pt_plus_rail,77,Dublin City
268037,28.922,31.322,43.483999999999995,133.128,NCAD (Thomas St),NCAD,55.922,1,7,10,11,11,peak,pt_plus_rail,63,Dublin City
268038,39.099999999999994,42.432,49.616,144.204,NCAD (Thomas St),NCAD,78.1,0,2,9,11,11,peak,pt_plus_rail,147,Dublin City
268039,32.43,35.762,44.379999999999995,137.534,NCAD (Thomas St),NCAD,64.86,0,6,10,11,11,peak,pt_plus_rail,100,Dublin City
268040,34.696,38.028,47.54,139.8,NCAD (Thomas St),NCAD,69.392,0,3,10,11,11,peak,pt_plus_rail,200,Dublin City
268041,27.876,27.876,76.3,120.508,Trinity College Dublin,TCD,55.751999999999995,2,5,8,10,11,peak,pt_plus_rail,133,Dublin City
268042,27.422,27.422,79.738,124.51,Trinity College Dublin,TCD,54.844,2,5,8,10,11,peak,pt_plus_rail,201,Dublin City
268043,25.31,25.31,75.73599999999999,124.518,Trinity College Dublin,TCD,50.620000000000005,2,6,8,10,11,peak,pt_plus_rail,133,Dublin City
268044,23.0,24.592,75.006,125.06,Marino Institute of Education,Marino,47.948,2,6,8,10,11,peak,pt_plus_rail,107,Dublin City
268045,22.0,24.694000000000003,73.832,120.0,Marino Institute of Education,Marino,45.0,2,6,8,11,11,peak,pt_plus_rail,62,Dublin City
268046,23.0,26.064,73.066,121.312,Marino Institute of Education,Marino,45.0,2,6,8,11,11,peak,pt_plus_rail,118,Dublin City
268047,18.0,24.076,59.48199999999999,116.0,Marino Institute of Education,Marino,35.0,2,6,9,11,11,peak,pt_plus_rail,49,Dublin City
268048,12.0,21.286,73.34,118.0,Marino Institute of Education,Marino,24.0,3,6,9,11,11,peak,pt_plus_rail,101,Dublin City
268049,13.0,20.784,73.362,116.0,Marino Institute of Education,Marino,26.0,3,6,9,11,11,peak,pt_plus_rail,48,Dublin City
268050,8.0,22.537999999999997,59.526,116.0,Marino Institute of Education,Marino,16.0,2,6,9,11,11,peak,pt_plus_rail,69,Dublin City
268051,25.0,30.07,49.855999999999995,129.0,NCAD (Thomas St),NCAD,50.0,1,6,10,11,11,peak,pt_plus_rail,111,Dublin City
268052,25.0,27.766,49.0,131.0,NCAD (Thomas St),NCAD,50.0,2,6,10,11,11,peak,pt_plus_rail,99,Dublin City
268053,22.0,25.318,50.194,128.594,NCAD (Thomas St),NCAD,44.0,3,7,11,11,11,peak,pt_plus_rail,75,Dublin City
268054,27.205999999999996,27.205999999999996,50.31999999999999,130.482,Trinity College Dublin,TCD,54.41199999999999,2,6,11,11,11,peak,pt_plus_rail,110,Dublin City
268055,27.0,29.915999999999997,50.40599999999999,132.0,NCAD (Thomas St),NCAD,55.0,2,6,10,11,11,peak,pt_plus_rail,95,Dublin City
268056,30.294,30.294,49.434,133.57,Trinity College Dublin,TCD,60.588,0,6,10,11,11,peak,pt_plus_rail,88,Dublin City
268057,29.0,32.355999999999995,45.446,134.128,NCAD (Thomas St),NCAD,56.0,1,6,10,11,11,peak,pt_plus_rail,101,Dublin City
268058,22.316000000000003,22.316000000000003,59.384,113.0,Trinity College Dublin,TCD,44.632000000000005,2,6,9,11,11,peak,pt_plus_rail,123,Dublin City
268059,21.816,21.816,59.682,115.0,Trinity College Dublin,TCD,43.632,3,6,9,11,11,peak,pt_plus_rail,29,Dublin City
268060,22.688,22.688,55.982,111.0,Trinity College Dublin,TCD,45.376,3,6,9,11,11,peak,pt_plus_rail,92,Dublin City
268061,31.814,35.146,44.965999999999994,136.918,NCAD (Thomas St),NCAD,63.628,0,7,10,11,11,peak,pt_plus_rail,130,Dublin City
268062,29.35,29.35,59.995999999999995,118.744,Trinity College Dublin,TCD,58.7,1,5,9,11,11,peak,pt_plus_rail,81,Dublin City
268063,31.138,31.138,49.501999999999995,130.414,Trinity College Dublin,TCD,60.459999999999994,0,7,9,11,11,peak,pt_plus_rail,122,Dublin City
268064,29.305999999999997,29.305999999999997,48.604,129.516,Trinity College Dublin,TCD,58.611999999999995,1,7,9,11,11,peak,pt_plus_rail,104,Dublin City
268065,28.686,28.686,49.634,129.484,Trinity College Dublin,TCD,57.372,1,7,9,11,11,peak,pt_plus_rail,131,Dublin City
268066,29.132,29.132,51.116,131.072,TU Dublin Grangegorman,TU Dublin,56.264,1,7,9,11,11,peak,pt_plus_rail,118,Dublin City
268067,27.192,27.192,51.154,127.99,Trinity College Dublin,TCD,54.384,2,7,9,11,11,peak,pt_plus_rail,210,Dublin City
268068,28.478,28.478,51.122,129.99,TU Dublin Grangegorman,TU Dublin,54.956,2,7,9,11,11,peak,pt_plus_rail,120,Dublin City
268069,25.968,25.968,51.68599999999999,129.082,TU Dublin Grangegorman,TU Dublin,49.936,2,7,9,11,11,peak,pt_plus_rail,132,Dublin City
268070,19.0,23.698,59.894,124.88,Marino Institute of Education,Marino,38.0,2,6,9,11,11,peak,pt_plus_rail,198,Dublin City
268071,30.796,30.796,56.61,114.944,Trinity College Dublin,TCD,61.592,0,5,9,11,11,peak,pt_plus_rail,451,Dublin City
268072,34.076,34.076,59.89,113.07,Trinity College Dublin,TCD,68.152,0,3,9,10,11,peak,pt_plus_rail,189,Dublin City
268073,33.861999999999995,33.861999999999995,72.73599999999999,114.578,Trinity College Dublin,TCD,67.72399999999999,0,3,7,10,11,peak,pt_plus_rail,96,Dublin City
268074,31.238,31.238,74.50399999999999,117.288,Trinity College Dublin,TCD,62.476,0,4,8,11,11,peak,pt_plus_rail,113,Dublin City
268075,30.908,30.908,74.226,117.656,Trinity College Dublin,TCD,61.815999999999995,0,5,8,11,11,peak,pt_plus_rail,90,Dublin City
268076,26.0,28.032,72.738,120.894,Marino Institute of Education,Marino,48.0,2,6,8,11,11,peak,pt_plus_rail,87,Dublin City
268077,28.49,28.49,75.762,122.452,Trinity College Dublin,TCD,56.98,2,5,8,10,11,peak,pt_plus_rail,116,Dublin City
268078,24.0,30.648,47.510000000000005,130.0,NCAD (Thomas St),NCAD,49.0,1,7,10,11,11,peak,pt_plus_rail,72,Dublin City
268079,27.0,32.544,47.942,132.0,NCAD (Thomas St),NCAD,55.0,1,7,10,11,11,peak,pt_plus_rail,117,Dublin City
268080,18.974,18.974,54.44199999999999,111.0,Trinity College Dublin,TCD,37.948,5,7,11,11,11,peak,pt_plus_rail,35,Dublin City
268081,16.0,16.0,54.82,113.0,TU Dublin Grangegorman,TU Dublin,32.0,5,6,11,11,11,peak,pt_plus_rail,119,Dublin City
268082,13.0,13.0,52.524,117.0,TU Dublin Grangegorman,TU Dublin,26.0,4,6,10,11,11,peak,pt_plus_rail,92,Dublin City
268083,25.0,30.19,45.91199999999999,131.962,NCAD (Thomas St),NCAD,48.0,1,6,10,11,11,peak,pt_plus_rail,66,Dublin City
268084,20.0,29.1,44.790000000000006,129.0,NCAD (Thomas St),NCAD,37.0,3,8,10,11,11,peak,pt_plus_rail,41,Dublin City
268085,18.0,28.598,47.373999999999995,127.0,NCAD (Thomas St),NCAD,36.0,2,8,10,11,11,peak,pt_plus_rail,124,Dublin City
268086,30.837999999999997,30.837999999999997,58.471999999999994,122.03,Trinity College Dublin,TCD,59.0,0,5,9,11,11,peak,pt_plus_rail,67,Dublin City
268087,28.594,28.594,56.678,119.786,Trinity College Dublin,TCD,57.188,1,5,9,11,11,peak,pt_plus_rail,73,Dublin City
268088,27.851999999999997,27.851999999999997,53.486,113.644,Trinity College Dublin,TCD,55.70399999999999,1,7,9,11,11,peak,pt_plus_rail,116,Dublin City
268089,29.016,29.016,56.704,122.196,Trinity College Dublin,TCD,58.032,1,6,9,11,11,peak,pt_plus_rail,101,Dublin City
268090,28.828,28.828,51.378,132.10399999999998,Trinity College Dublin,TCD,57.656,1,6,10,11,11,peak,pt_plus_rail,74,Dublin City
268091,27.328,27.328,51.516,130.60399999999998,Trinity College Dublin,TCD,54.656,1,5,11,11,11,peak,pt_plus_rail,100,Dublin City
268092,27.418,27.418,56.572,130.694,Trinity College Dublin,TCD,54.836,1,5,10,11,11,peak,pt_plus_rail,84,Dublin City
268093,27.71,27.71,53.111999999999995,130.986,Trinity College Dublin,TCD,55.42,1,5,11,11,11,peak,pt_plus_rail,49,Dublin City
268094,29.56,29.56,51.728,132.836,Trinity College Dublin,TCD,59.12,1,5,10,11,11,peak,pt_plus_rail,99,Dublin City
268095,32.0,35.678,46.626,134.0,NCAD (Thomas St),NCAD,62.0,0,5,10,11,11,peak,pt_plus_rail,95,Dublin City
268096,10.0,10.0,57.37199999999999,115.0,Trinity College Dublin,TCD,20.0,5,7,10,11,11,peak,pt_plus_rail,172,Dublin City
268097,11.0,15.0,58.482,122.0,RCSI (St Stephen's Green),RCSI,22.0,3,7,10,11,11,peak,pt_plus_rail,13,Dublin City
268098,5.0,21.0,50.870000000000005,125.0,NCAD (Thomas St),NCAD,10.0,4,6,10,11,11,peak,pt_plus_rail,58,Dublin City
268099,7.0,21.0,53.086,127.448,NCAD (Thomas St),NCAD,14.0,4,6,11,11,11,peak,pt_plus_rail,58,Dublin City
268100,9.0,24.0,51.7,127.172,NCAD (Thomas St),NCAD,18.0,4,6,11,11,11,peak,pt_plus_rail,63,Dublin City
268101,16.0,25.786,52.596,129.06,NCAD (Thomas St),NCAD,32.0,3,6,11,11,11,peak,pt_plus_rail,33,Dublin City
268102,19.0,26.488,53.506,128.72,NCAD (Thomas St),NCAD,38.0,3,6,11,11,11,peak,pt_plus_rail,48,Dublin City
268103,19.0,26.863999999999997,51.504,129.996,NCAD (Thomas St),NCAD,38.0,3,6,11,11,11,peak,pt_plus_rail,59,Dublin City
268104,18.0,18.0,58.456,110.0,Trinity College Dublin,TCD,36.0,5,7,11,11,11,peak,pt_plus_rail,157,Dublin City
268105,17.968,17.968,56.726,111.0,Trinity College Dublin,TCD,35.936,5,7,10,11,11,peak,pt_plus_rail,86,Dublin City
268106,13.0,13.0,57.114,113.0,Trinity College Dublin,TCD,26.0,5,7,10,11,11,peak,pt_plus_rail,120,Dublin City
268107,16.0,18.088,58.946,116.0,Marino Institute of Education,Marino,32.0,3,7,10,11,11,peak,pt_plus_rail,24,Dublin City
268108,18.912,18.912,59.924,114.0,Trinity College Dublin,TCD,37.824,3,7,10,11,11,peak,pt_plus_rail,241,Dublin City
268109,17.042,17.042,58.32,111.0,Trinity College Dublin,TCD,34.084,5,7,10,11,11,peak,pt_plus_rail,76,Dublin City
268110,19.232,19.232,59.702,121.444,Trinity College Dublin,TCD,38.464,2,7,10,11,11,peak,pt_plus_rail,137,Dublin City
268111,21.792,21.792,73.714,124.004,Trinity College Dublin,TCD,43.584,2,6,9,11,11,peak,pt_plus_rail,125,Dublin City
268112,24.822000000000003,24.822000000000003,75.64,127.034,Trinity College Dublin,TCD,49.644000000000005,1,6,9,10,11,peak,pt_plus_rail,112,Dublin City
268113,17.0,17.0,74.814,128.21,UCD Belfield,UCD,32.0,2,6,9,11,11,peak,pt_plus_rail,122,Dublin City
268114,22.16,22.16,59.782,124.242,Trinity College Dublin,TCD,44.32,2,6,10,11,11,peak,pt_plus_rail,93,Dublin City
268115,18.454,18.454,57.202,118.0,Trinity College Dublin,TCD,36.908,2,7,10,11,11,peak,pt_plus_rail,85,Dublin City
268116,20.71,20.71,57.986,122.792,Trinity College Dublin,TCD,41.42,3,7,10,11,11,peak,pt_plus_rail,59,Dublin City
268117,20.41,20.41,56.379999999999995,122.846,Trinity College Dublin,TCD,36.41,3,7,10,11,11,peak,pt_plus_rail,71,Dublin City
268118,27.506,28.334,53.553999999999995,130.14,NCAD (Thomas St),NCAD,55.012,2,6,10,11,11,peak,pt_plus_rail,15,Dublin City
268119,33.822,33.822,73.056,121.118,Trinity College Dublin,TCD,66.0,0,3,7,10,11,peak,pt_plus_rail,202,Dublin City
268120,29.45,29.45,57.00599999999999,119.644,Trinity College Dublin,TCD,58.9,1,5,9,11,11,peak,pt_plus_rail,105,Dublin City
268121,32.1,32.1,55.69,121.658,Trinity College Dublin,TCD,64.2,0,5,9,11,11,peak,pt_plus_rail,70,Dublin City
268122,31.976,31.976,56.684,119.272,Trinity College Dublin,TCD,63.952,0,5,9,11,11,peak,pt_plus_rail,133,Dublin City
268123,30.427999999999997,30.427999999999997,55.294,121.178,Trinity College Dublin,TCD,60.855999999999995,0,5,9,11,11,peak,pt_plus_rail,120,Dublin City
268124,31.034,31.034,79.27,118.154,Trinity College Dublin,TCD,62.068,0,4,8,10,11,peak,pt_plus_rail,105,Dublin City
268125,32.736000000000004,32.736000000000004,76.0,116.974,Trinity College Dublin,TCD,65.47200000000001,0,4,8,9,11,peak,pt_plus_rail,72,Dublin City
268126,29.554,29.554,76.178,120.026,Trinity College Dublin,TCD,59.108,1,5,8,10,11,peak,pt_plus_rail,111,Dublin City
268127,27.613999999999997,27.613999999999997,55.796,130.76,Trinity College Dublin,TCD,55.227999999999994,1,6,11,11,11,peak,pt_plus_rail,143,Dublin City
268128,17.0,21.574,56.034,124.72,RCSI (St Stephen's Green),RCSI,34.0,3,6,10,11,11,peak,pt_plus_rail,100,Dublin City
268129,25.312,25.312,58.424,127.394,Trinity College Dublin,TCD,50.0,3,6,10,11,11,peak,pt_plus_rail,128,Dublin City
268130,15.0,22.0,57.968,128.35,RCSI (St Stephen's Green),RCSI,30.0,2,6,10,11,11,peak,pt_plus_rail,113,Dublin City
268131,15.0,22.0,57.084,127.06,RCSI (St Stephen's Green),RCSI,30.0,2,6,10,11,11,peak,pt_plus_rail,73,Dublin City
268132,24.024,24.024,53.178,127.3,Trinity College Dublin,TCD,48.048,3,7,11,11,11,peak,pt_plus_rail,86,Dublin City
268133,15.0,22.0,54.728,125.49,RCSI (St Stephen's Green),RCSI,30.0,2,6,10,11,11,peak,pt_plus_rail,63,Dublin City
268134,24.0,25.275999999999996,57.07,128.422,RCSI (St Stephen's Green),RCSI,47.0,2,6,11,11,11,peak,pt_plus_rail,162,Dublin City
268135,26.082,26.082,56.48199999999999,129.228,Trinity College Dublin,TCD,52.164,2,6,11,11,11,peak,pt_plus_rail,83,Dublin City
268136,27.066,27.066,55.035999999999994,130.212,Trinity College Dublin,TCD,54.132,1,6,11,11,11,peak,pt_plus_rail,103,Dublin City
268137,25.08,25.08,54.82,128.226,Trinity College Dublin,TCD,50.16,2,6,11,11,11,peak,pt_plus_rail,68,Dublin City
268138,17.624,17.624,55.57599999999999,110.0,Trinity College Dublin,TCD,35.248,5,6,11,11,11,peak,pt_plus_rail,159,Dublin City
268139,15.0,15.0,55.664,113.0,TU Dublin Grangegorman,TU Dublin,29.0,4,6,10,11,11,peak,pt_plus_rail,52,Dublin City
268140,10.0,14.0,56.876,122.0,RCSI (St Stephen's Green),RCSI,20.0,4,6,10,11,11,peak,pt_plus_rail,69,Dublin City
268141,2.0,14.0,53.77,123.0,RCSI (St Stephen's Green),RCSI,4.0,4,7,11,11,11,peak,pt_plus_rail,44,Dublin City
268142,7.0,14.0,53.471999999999994,125.378,RCSI (St Stephen's Green),RCSI,15.0,4,7,11,11,11,peak,pt_plus_rail,67,Dublin City
268143,14.0,14.0,58.266,117.0,Trinity College Dublin,TCD,30.0,3,7,10,11,11,peak,pt_plus_rail,111,Dublin City
268144,25.705999999999996,25.705999999999996,53.21,128.982,Trinity College Dublin,TCD,51.41199999999999,2,6,11,11,11,peak,pt_plus_rail,84,Dublin City
268145,27.904,27.904,54.688,131.18,Trinity College Dublin,TCD,55.808,1,5,11,11,11,peak,pt_plus_rail,85,Dublin City
268146,29.136,29.136,53.558,132.412,Trinity College Dublin,TCD,58.272,1,5,11,11,11,peak,pt_plus_rail,76,Dublin City
268147,29.12,29.12,53.048,132.39600000000002,Trinity College Dublin,TCD,58.24,1,5,11,11,11,peak,pt_plus_rail,26,Dublin City
268148,17.0,29.062,50.736,130.0,NCAD (Thomas St),NCAD,33.0,2,6,10,11,11,peak,pt_plus_rail,39,Dublin City
268149,4.0,20.0,51.526,127.146,NCAD (Thomas St),NCAD,8.0,4,6,10,11,11,peak,pt_plus_rail,67,Dublin City
268150,10.0,27.108,51.146,126.0,NCAD (Thomas St),NCAD,20.0,4,7,10,11,11,peak,pt_plus_rail,109,Dublin City
268151,20.0,26.048,49.364,129.324,NCAD (Thomas St),NCAD,40.0,2,6,11,11,11,peak,pt_plus_rail,47,Dublin City
268152,18.0,25.985999999999997,48.798,128.0,NCAD (Thomas St),NCAD,36.0,2,7,11,11,11,peak,pt_plus_rail,53,Dublin City
268153,14.0,27.298,48.198,127.0,NCAD (Thomas St),NCAD,28.0,3,7,11,11,11,peak,pt_plus_rail,70,Dublin City
268154,31.37,31.37,47.046,134.646,Trinity College Dublin,TCD,62.74,0,7,10,11,11,peak,pt_plus_rail,95,Dublin City
268155,30.476,30.476,48.086,133.752,Trinity College Dublin,TCD,60.952,0,7,10,11,11,peak,pt_plus_rail,59,Dublin City
268156,31.496,31.496,50.014,134.772,Trinity College Dublin,TCD,62.992,0,6,10,11,11,peak,pt_plus_rail,71,Dublin City
268157,4.0,4.0,58.87199999999999,113.0,DCU Glasnevin,DCU,8.0,1,6,9,11,11,peak,pt_plus_rail,98,Dublin City
268158,6.0,6.0,55.494,109.0,DCU Glasnevin,DCU,12.0,2,6,9,11,11,peak,pt_plus_rail,103,Dublin City
268159,22.0,22.0,54.608,112.0,DCU Glasnevin,DCU,44.0,2,7,9,11,11,peak,pt_plus_rail,85,Dublin City
268160,22.0,22.0,56.298,107.0,DCU Glasnevin,DCU,45.0,3,6,9,11,11,peak,pt_plus_rail,57,Dublin City
268161,10.0,19.0,54.204,126.0,RCSI (St Stephen's Green),RCSI,20.0,3,7,11,11,11,peak,pt_plus_rail,52,Dublin City
268162,15.0,22.0,52.522,126.536,RCSI (St Stephen's Green),RCSI,31.0,3,7,11,11,11,peak,pt_plus_rail,76,Dublin City
