roll,name,county,eircode,addr,pp_type,attendance,gender,ethos,patron,language,irish_medium,gaeltacht,fee_paying,deis,enrolment,female,male,lc1,lc2,lc,lat,lon,oid,ed_name,planning_area
70400L,Borris College,Carlow,R95Y778,"Borris, Co Carlow",Vocational,Day,Mixed,Multi Denominational,Kilkenny & Carlow ETB,No subjects taught through Irish,False,False,False,False,558,263,295,83.0,96.0,179.0,52.5972,-6.917788,017008,Borris,Borris
70430U,Coláiste Aindriú,Carlow,R21EH27,"Muine Bheag, Co Carlow",Vocational,Day,Mixed,Multi Denominational,Kilkenny & Carlow ETB,No subjects taught through Irish,False,False,False,True,142,53,89,28.0,18.0,46.0,52.702143,-6.950729,017034,Muinebeag Urban,Bagenalstown
70410O,Coláiste Eoin,Carlow,R93CY86,"Hacketstown, Co Carlow",Vocational,Day,Mixed,Multi Denominational,Kilkenny & Carlow ETB,No subjects taught through Irish,False,False,False,False,358,195,163,68.0,49.0,117.0,52.861469,-6.553467,017022,Hacketstown,Hacketstown
70440A,Gaelcholáiste Cheatharlach,Carlow,R93HY89,"Easca, Ceatharlach",Vocational,Day,Mixed,Multi Denominational,Kilkenny & Carlow ETB,All pupils taught all subjects through Irish,True,False,False,False,342,192,150,69.0,51.0,120.0,52.836841,-6.910891,017010,Carlow Rural,Carlow
61150N,Presentation / De La Salle College,Carlow,R21X096,"Royal Oak Road, Muine Bheag, Co. Carlow",Secondary,Day,Mixed,Catholic,CEIST,No subjects taught through Irish,False,False,False,False,769,370,399,134.0,121.0,255.0,52.700905,-6.970115,017034,Muinebeag Urban,Bagenalstown
61141M,Presentation College,Carlow,R93F298,"Askea, Carlow, Co. Carlow",Secondary,Day,Mixed,Catholic,CEIST,No subjects taught through Irish,False,False,False,False,801,385,416,143.0,138.0,281.0,52.837018,-6.908687,017010,Carlow Rural,Carlow
61120E,St Mary's Academy CBS,Carlow,R93DD88,"Railway Rd, Carlow",Secondary,Day,Boys,Catholic,Edmund Rice Schools Trust,No subjects taught through Irish,False,False,False,True,367,0,367,40.0,72.0,112.0,52.841204,-6.923414,017011,Carlow Urban,Carlow
61140K,St. Leo's College,Carlow,R93PW84,"Dublin Road, Carlow",Secondary,Day,Girls,Catholic,CEIST,No subjects taught through Irish,False,False,False,False,842,842,0,159.0,133.0,292.0,52.840044,-6.927433,017011,Carlow Urban,Carlow
91356F,Tullow Community School,Carlow,R93DT20,"The Mullawn, Tullow, Co. Carlow",Community,Day,Mixed,Inter Denominational,Kilkenny & Carlow ETB Patrician Brothers,No subjects taught through Irish,False,False,False,False,901,447,454,147.0,147.0,294.0,52.79949,-6.732313,017051,Tullow Urban,Tullow
70420R,Tyndall College,Carlow,R93N5V2,"Mortarstown, Kilkenny Road, Co. Carlow",Vocational,Day,Mixed,Multi Denominational,Kilkenny & Carlow ETB,No subjects taught through Irish,False,False,False,True,1048,532,516,172.0,130.0,302.0,52.818676,-6.943685,017010,Carlow Rural,Carlow
60910F,Alexandra College,Dublin City,D06KX50,"Milltown, Dublin 6",Secondary,Mixed,Girls,Church Of Ireland,Council of Alexandra College,No subjects taught through Irish,False,False,True,False,664,664,0,117.0,105.0,222.0,53.310493,-6.250006,268129,Rathmines East B,Dublin6_Clonskeagh
60851P,Assumption Secondary School,Dublin City,D12PK75,"Walkinstown, Dublin 12",Secondary,Day,Girls,Catholic,Religious Sisters of Charity,No subjects taught through Irish,False,False,False,True,270,270,0,44.0,42.0,86.0,53.322226,-6.33163,268154,Walkinstown A,Dolphin's Barn_D12
68346T,BELMAYNE EDUCATE TOGETHER SECONDARY SCHOOL,Dublin City,D13H2VR,"Belmayne Avenue, Dublin 13",Secondary,Day,Mixed,Multi Denominational,Educate Together,No subjects taught through Irish,False,False,False,False,595,256,339,95.0,44.0,139.0,53.402962,-6.170037,268071,Grange A,Donaghmede_Howth_D13
60520P,Belvedere College S.J,Dublin City,D01TK25,"6 Great Denmark Street, Dublin 1",Secondary,Day,Boys,Catholic,Society of Jesus (Jesuits),No subjects taught through Irish,False,False,True,False,1011,0,1011,171.0,168.0,339.0,53.35551,-6.262121,268138,Rotunda A,Drumcondra_Marino_Dublin1
60511O,Beneavin De La Salle College,Dublin City,D11NH7E,"Beneavin Road, Finglas, Dublin",Secondary,Day,Boys,Catholic,Le Chéile Schools Trust,No subjects taught through Irish,False,False,False,True,585,0,585,91.0,126.0,217.0,53.389221,-6.286613,268013,Ballygall B,FinglasEast_BallymunD11
60410I,C.B.S. James Street,Dublin City,D08K338,"James's Street, Dublin 8",Secondary,Day,Mixed,Catholic,Edmund Rice Schools Trust,No subjects taught through Irish,False,False,False,True,251,98,153,66.0,0.0,66.0,53.340364,-6.289444,268150,Ushers C,Dublin_8
60490J,C.B.S. Westland Row,Dublin City,D02YX80,"Westland Row, Dublin 2",Secondary,Day,Mixed,Catholic,Edmund Rice Schools Trust,No subjects taught through Irish,False,False,False,True,205,105,100,63.0,39.0,102.0,53.3428,-6.249075,268096,Mansion House A,Dublin2_Dublin4
70150O,Cabra Community College,Dublin City,D07XC84,"Kilkieran Road, Cabra, Dublin 7",Vocational,Day,Mixed,Multi Denominational,City of Dublin ETB,No subjects taught through Irish,False,False,False,True,264,111,153,52.0,40.0,92.0,53.368768,-6.294265,268034,Cabra West B,Cabra_Phibsboro_D7
60540V,Catholic University School,Dublin City,D02KC81,"89 Lower Leeson Street, Dublin 2",Secondary,Day,Boys,Catholic,Marist Education Authority,No subjects taught through Irish,False,False,True,False,544,0,544,89.0,80.0,169.0,53.335297,-6.255882,268097,Mansion House B,Dublin2_Dublin4
60550B,Chanel College,Dublin City,D05EY86,"Coolock Village, Malahide Road, Dublin 5",Secondary,Day,Boys,Catholic,Marist Education Authority,No subjects taught through Irish,False,False,False,True,451,0,451,108.0,56.0,164.0,53.388016,-6.203976,268087,Kilmore D,Beaumont_CoolockD5
60470D,"Christian Brothers, Synge St.",Dublin City,D08R283,"Synge Street CBS Secondary School, Synge Street, Dublin 8, Dublin",Secondary,Day,Boys,Catholic,Edmund Rice Schools Trust,No subjects taught through Irish,False,False,False,True,256,0,256,52.0,50.0,102.0,53.33349,-6.268224,268142,Saint Kevin'S,Dublin_8
70160R,Clogher Road Community College,Dublin City,D12YP11,"Clogher Road, Crumlin, Dublin 12",Vocational,Day,Mixed,Multi Denominational,City of Dublin ETB,No subjects taught through Irish,False,False,False,True,297,120,177,39.0,36.0,75.0,53.327314,-6.294598,268053,Crumlin C,Dolphin's Barn_D12
76394D,Clonturk College,Dublin City,D09W5K6,"Swords Road, Whitehall, Dublin 9",Vocational,Day,Mixed,Multi Denominational,City of Dublin ETB,No subjects taught through Irish,False,False,False,False,968,462,506,141.0,133.0,274.0,53.379449,-6.24827,268157,Whitehall A,Whitehall_SantryD9
70180A,Coláiste Eoin,Dublin City,D11AY65,"Cappagh Road, Finglas West, Dublin 11",Vocational,Day,Mixed,Multi Denominational,City of Dublin ETB,No subjects taught through Irish,False,False,False,True,257,89,168,66.0,48.0,114.0,53.388041,-6.309375,268066,Finglas South A,Scribblestown_FinglasWest
60450U,Coláiste Mhuire,Dublin City,D07CY97,"Bothar Rath Tó, Cabrach, Baile Átha Cliath 7",Secondary,Day,Mixed,Catholic,Edmund Rice Schools Trust,All pupils taught all subjects through Irish,True,False,False,True,272,142,130,38.0,30.0,68.0,53.36603,-6.302419,268035,Cabra West C,Cabra_Phibsboro_D7
70330Q,Coolock Community College,Dublin City,D17KH66,"Clonshaugh Road, Coolock, Dublin 17",Vocational,Day,Mixed,Multi Denominational,City of Dublin ETB,No subjects taught through Irish,False,False,False,True,205,85,120,54.0,20.0,74.0,53.396803,-6.213119,268086,Kilmore C,Beaumont_CoolockD5
60690R,Dominican College,Dublin City,D09A5X0,"204, Griffith Ave, Drumcondra, Dublin 9",Secondary,Day,Girls,Catholic,Le Chéile Schools Trust,No subjects taught through Irish,False,False,False,False,799,799,0,137.0,133.0,270.0,53.374338,-6.249275,268058,Drumcondra South A,Drumcondra_Marino_Dublin1
70321P,Ellenfield Community College,Dublin City,D09RHN3,"The Thatch Road, Whitehall, Dublin 9",Vocational,Day,Mixed,Multi Denominational,City of Dublin ETB,No subjects taught through Irish,False,False,False,True,150,79,71,36.0,7.0,43.0,53.384002,-6.240501,268160,Whitehall D,Beaumont_CoolockD5
76085N,Gaelcholáiste Reachrann,Dublin City,D13NP52,"Bóthar Mhainistir na Gráinsí, Domhnach Míde, Baile Atha Cliath 13",Vocational,Day,Mixed,Inter Denominational,Dublin & Dún Laoghaire ETB,All pupils taught all subjects through Irish,True,False,False,False,453,222,231,74.0,91.0,165.0,53.400257,-6.156682,268072,Grange B,Donaghmede_Howth_D13
60530S,Gonzaga College,Dublin City,D06KF95,"Sandford Road, Ranelagh, Dublin",Secondary,Day,Boys,Catholic,Society of Jesus (Jesuits),No subjects taught through Irish,False,False,True,False,576,0,576,96.0,96.0,192.0,53.316816,-6.249403,268129,Rathmines East B,Dublin6_Clonskeagh
91344V,Grace Park Community School,Dublin City,D09RYT1,"Gracepark Road, Drumcondra, Dublin 9",Community,Day,Mixed,Inter Denominational,City of Dublin ETB Rosminian Fathers,No subjects taught through Irish,False,False,False,True,139,49,90,26.0,19.0,45.0,53.371166,-6.244957,268058,Drumcondra South A,Drumcondra_Marino_Dublin1
70020B,Grange Community College,Dublin City,D13NX25,"Grange Abbey Road, Donaghmede, Dublin 13",Vocational,Day,Mixed,Inter Denominational,Dublin & Dún Laoghaire ETB,No subjects taught through Irish,False,False,False,True,553,283,270,90.0,70.0,160.0,53.40048,-6.157059,268072,Grange B,Donaghmede_Howth_D13
68365A,Harolds Cross Educate Together Secondary School,Dublin City,D6WHP44,"151 -153 Harold's Cross Road, Dublin 6W",Secondary,Day,Mixed,Multi Denominational,Educate Together,No subjects taught through Irish,False,False,False,False,437,199,238,72.0,31.0,103.0,53.323647,-6.277665,268132,Rathmines West A,Dublin6_Clonskeagh
60750J,Holy Faith Secondary School,Dublin City,D03R528,"1 Belgrove Road, Clontarf, Dublin 3",Secondary,Day,Girls,Catholic,Le Chéile Schools Trust,No subjects taught through Irish,False,False,False,False,647,647,0,99.0,93.0,192.0,53.360182,-6.1975,268043,Clontarf East C,Killester_Raheny_Clontarf
70240P,Kylemore College,Dublin City,D10RY73,"Kylemore Road, Ballyfermot, Dublin 10",Vocational,Day,Mixed,Multi Denominational,City of Dublin ETB,No subjects taught through Irish,False,False,False,True,479,222,257,73.0,71.0,144.0,53.345117,-6.351674,268061,Drumfinn,Ballyfermot_D10
76077O,Larkin Community College,Dublin City,D01WD93,"Champions Avenue, Dublin 1",Vocational,Day,Mixed,Inter Denominational,City of Dublin ETB,No subjects taught through Irish,False,False,False,True,403,202,201,74.0,61.0,135.0,53.352259,-6.257796,268106,North City,Drumcondra_Marino_Dublin1
60800V,Loreto College,Dublin City,D12E196,"Crumlin Road, Dublin 12",Secondary,Day,Girls,Catholic,Loreto Education Trust,No subjects taught through Irish,False,False,False,True,320,320,0,63.0,48.0,111.0,53.329786,-6.297702,268053,Crumlin C,Dolphin's Barn_D12
60820E,Loreto College,Dublin City,D02XE79,"53 St Stephens Green, Dublin 2",Secondary,Day,Girls,Catholic,Loreto Education Trust,No subjects taught through Irish,False,False,True,False,588,588,0,95.0,95.0,190.0,53.336828,-6.256357,268097,Mansion House B,Dublin2_Dublin4
60300B,Manor House School,Dublin City,D05R827,"Watermill Road, Raheny, Dublin 5",Secondary,Day,Girls,Catholic,Le Chéile Schools Trust,No subjects taught through Irish,False,False,False,False,652,652,0,98.0,118.0,216.0,53.378541,-6.173065,268126,Raheny-St. Assam,Killester_Raheny_Clontarf
60500J,Marian College,Dublin City,D04W268,"Ballsbridge, Dublin 4",Secondary,Day,Boys,Catholic,Marist Brothers (Province of West Central Europe),No subjects taught through Irish,False,False,False,True,318,0,318,70.0,43.0,113.0,53.333138,-6.226792,268111,Pembroke East B,Dublin2_Dublin4
70250S,Marino College,Dublin City,D03DR72,"14-20 Marino Mart, Fairview, Dublin 3",Vocational,Day,Mixed,Multi Denominational,City of Dublin ETB,No subjects taught through Irish,False,False,False,True,297,143,154,53.0,68.0,121.0,53.36441,-6.231585,268049,Clontarf West D,Drumcondra_Marino_Dublin1
60840K,Maryfield College,Dublin City,D09AE64,"Glandore Road, Drumcondra, Dublin 9",Secondary,Day,Girls,Catholic,Le Chéile Schools Trust,No subjects taught through Irish,False,False,False,False,527,527,0,91.0,102.0,193.0,53.375981,-6.235144,268070,Grace Park,Beaumont_CoolockD5
60480G,Meanscoil Iognáid Rís,Dublin City,D12K682,"Long Mile Road, Walkinstown, Dublin 12, D12K682",Secondary,Day,Boys,Catholic,Edmund Rice Schools Trust,No subjects taught through Irish,False,False,False,True,521,0,521,84.0,81.0,165.0,53.324211,-6.333725,268154,Walkinstown A,Dolphin's Barn_D12
60871V,Mercy College Coolock,Dublin City,D05C958,"St Brendan's Drive, Malahide Road, Coolock, Dublin 5",Secondary,Day,Girls,Catholic,CEIST,No subjects taught through Irish,False,False,False,True,402,402,0,89.0,64.0,153.0,53.38604,-6.198321,268076,Harmonstown A,Killester_Raheny_Clontarf
60872A,Mercy Secondary School,Dublin City,D08Y4X0,"Thomas Davis Street West, Inchicore, Dublin 8",Secondary,Day,Mixed,Catholic,CEIST,No subjects taught through Irish,False,False,False,True,349,192,157,55.0,45.0,100.0,53.336767,-6.322003,268085,Kilmainham C,Dublin_8
60853T,Mount Carmel Secondary School,Dublin City,D01W657,"King's Inns Street, Dublin 1",Secondary,Day,Girls,Catholic,Religious Sisters of Charity,No subjects taught through Irish,False,False,False,True,386,386,0,71.0,66.0,137.0,53.35202,-6.268337,268139,Rotunda B,Drumcondra_Marino_Dublin1
81002K,Mount Temple Comprehensive School,Dublin City,D03DX79,"Malahide Road, Dublin 3",Comprehensive,Day,Mixed,Church Of Ireland,Minister for Education,No subjects taught through Irish,False,False,False,False,903,429,474,144.0,158.0,302.0,53.368676,-6.2227,268048,Clontarf West C,Killester_Raheny_Clontarf
60710U,Muckross Park College,Dublin City,D04CF59,"Marlborough Road, Donnybrook, Dublin",Secondary,Day,Girls,Catholic,Le Chéile Schools Trust,No subjects taught through Irish,False,False,False,False,709,709,0,120.0,113.0,233.0,53.321665,-6.242546,268129,Rathmines East B,Dublin6_Clonskeagh
60440R,O'Connell School,Dublin City,D01Y4A9,"Richmond Street North, Dublin 1",Secondary,Day,Boys,Catholic,Edmund Rice Schools Trust,No subjects taught through Irish,False,False,False,True,222,0,222,49.0,0.0,49.0,53.35825,-6.250797,268010,Ballybough B,Drumcondra_Marino_Dublin1
60870T,Our Lady Of Mercy College,Dublin City,D09V327,"Beaumont, Dublin 9",Secondary,Day,Girls,Catholic,CEIST,No subjects taught through Irish,False,False,False,True,407,407,0,93.0,72.0,165.0,53.386737,-6.230727,268022,Beaumont B,Beaumont_CoolockD5
60991I,Our Lady Of Mercy Secondary School,Dublin City,D12HT22,"Mourne Road, Drimnagh, Dublin 12",Secondary,Day,Mixed,Catholic,CEIST,No subjects taught through Irish,False,False,False,True,289,124,165,50.0,37.0,87.0,53.330956,-6.319223,268055,Crumlin E,Dolphin's Barn_D12
76092K,PRESENTATION COMMUNITY COLLEGE,Dublin City,D6WCP28,"TERENURE, DUBLIN 6W",Vocational,Day,Mixed,Catholic,City of Dublin ETB,No subjects taught through Irish,False,False,False,False,443,229,214,79.0,87.0,166.0,53.310964,-6.286848,268145,Terenure B,Dublin_6w
60792C,Presentation College,Dublin City,D08W0X7,"Presentation Secondary School, Clarence Mangan Road, Warrenmount, Dublin.8.",Secondary,Day,Mixed,Catholic,CEIST,No subjects taught through Irish,False,False,False,True,262,157,105,34.0,16.0,50.0,53.335981,-6.277812,268101,Merchants Quay D,Dublin_8
70200D,Ringsend College,Dublin City,D04N227,"Cambridge Road, Ringsend, Dublin 4",Vocational,Day,Mixed,Multi Denominational,City of Dublin ETB,No subjects taught through Irish,False,False,False,True,191,115,76,33.0,30.0,63.0,53.343798,-6.224043,268110,Pembroke East A,Dublin2_Dublin4
60841M,Rosary College,Dublin City,D12R726,"Armagh Road, Crumlin, Dublin 12",Secondary,Day,Mixed,Catholic,Religious Sisters of Charity,No subjects taught through Irish,False,False,False,True,250,125,125,59.0,37.0,96.0,53.31868,-6.307467,268094,Kimmage E,Dolphin's Barn_D12
60640C,Sandford Park School Ltd,Dublin City,D06FN29,"Sandford Road, Ranelagh, Dublin 6",Secondary,Day,Mixed,Inter Denominational,Board of Governors of Sandford Park School,No subjects taught through Irish,False,False,True,False,437,187,250,64.0,72.0,136.0,53.321874,-6.250483,268131,Rathmines East D,Dublin6_Clonskeagh
68305F,Sandymount Park Educate Together Secondary School,Dublin City,D04Y1F6,"Newgrove Avenue, Sandymount, Dublin 4",Secondary,Day,Mixed,Multi Denominational,Educate Together,No subjects taught through Irish,False,False,False,False,437,219,218,51.0,63.0,114.0,53.333008,-6.212662,268111,Pembroke East B,Dublin2_Dublin4
60700R,Scoil Chaitriona,Dublin City,D09TW99,"Bóthar Mobhí, Glas Naíon, Ath Cliath 9",Secondary,Day,Mixed,Catholic,Le Chéile Schools Trust,All pupils taught all subjects through Irish,True,False,False,True,523,288,235,76.0,88.0,164.0,53.374617,-6.262311,268060,Drumcondra South C,Drumcondra_Marino_Dublin1
60590N,St Conleths College,Dublin City,D04FT98,"28 Clyde Road, Ballsbridge, Dublin 4",Secondary,Day,Mixed,Catholic,St Conleth's Ltd,No subjects taught through Irish,False,False,True,False,339,128,211,52.0,60.0,112.0,53.327963,-6.240353,268116,Pembroke West B,Dublin2_Dublin4
60491L,St Declan's College,Dublin City,D07NN63,"Nephin Road, Cabra, Dublin 7",Secondary,Day,Boys,Catholic,Edmund Rice Schools Trust,No subjects taught through Irish,False,False,False,False,651,0,651,96.0,128.0,224.0,53.366838,-6.303069,268035,Cabra West C,Cabra_Phibsboro_D7
60731F,St Dominics College,Dublin City,D07NX47,"Navan road, Cabra, Dublin 7",Secondary,Day,Girls,Catholic,Le Chéile Schools Trust,No subjects taught through Irish,False,False,False,False,790,790,0,177.0,127.0,304.0,53.371362,-6.307158,268006,Ashtown A,Cabra_Phibsboro_D7
60390F,St Josephs C.B.S.,Dublin City,D03H524,"Merville Ave, Fairview, Dublin 3",Secondary,Day,Mixed,Catholic,Edmund Rice Schools Trust,No subjects taught through Irish,False,False,False,True,310,72,238,46.0,25.0,71.0,53.363903,-6.233668,268049,Clontarf West D,Drumcondra_Marino_Dublin1
60843Q,St Josephs Secondary School,Dublin City,D07YP03,"Manor Street, Stoneybatter, Dublin 7",Secondary,Day,Mixed,Catholic,Religious Sisters of Charity,No subjects taught through Irish,False,False,False,True,283,267,16,45.0,42.0,87.0,53.352647,-6.281748,268002,Arran Quay B,Cabra_Phibsboro_D7
60581M,St Kevins College,Dublin City,D11VF10,"Ballygall Rd. East, Ballygall, Dublin 11",Secondary,Day,Boys,Catholic,Edmund Rice Schools Trust,No subjects taught through Irish,False,False,False,True,503,0,503,90.0,70.0,160.0,53.38545,-6.277384,268011,Ballygall C,Whitehall_SantryD9
60890C,St Louis High School,Dublin City,D06F860,"Charleville Road, Rathmines, Dublin 6, Dubllin 6",Secondary,Day,Girls,Catholic,Le Chéile Schools Trust,No subjects taught through Irish,False,False,False,False,690,690,0,117.0,105.0,222.0,53.321391,-6.270399,268137,Rathmines West F,Dublin6_Clonskeagh
60770P,St Mary's Secondary School,Dublin City,D11X478,"St. Mary's Secondary School, Holy Faith Convent, Glasnevin, Dublin 11",Secondary,Day,Girls,Catholic,Le Chéile Schools Trust,No subjects taught through Irish,False,False,False,True,830,830,0,145.0,134.0,279.0,53.375897,-6.2726,268027,Botanic A,Cabra_Phibsboro_D7
60791A,St Marys Secondary School,Dublin City,D05K588,"Brookwood Meadow, Killester, Dublin 5",Secondary,Day,Girls,Catholic,Le Chéile Schools Trust,No subjects taught through Irish,False,False,False,True,320,320,0,61.0,45.0,106.0,53.378999,-6.202072,268046,Clontarf West A,Killester_Raheny_Clontarf
60561G,St Michaels College,Dublin City,D04NC59,"Ailesbury Road, Dublin 4",Secondary,Day,Boys,Catholic,The Spiritan Education Trust,No subjects taught through Irish,False,False,True,False,731,0,731,141.0,115.0,256.0,53.319306,-6.217416,268113,Pembroke East D,Dublin2_Dublin4
60741I,St Michaels Secondary School,Dublin City,D11H521,"Wellmount Road, Finglas, Dublin 11",Secondary,Day,Girls,Catholic,Le Chéile Schools Trust,No subjects taught through Irish,False,False,False,True,646,646,0,114.0,94.0,208.0,53.387198,-6.301623,268067,Finglas South B,Scribblestown_FinglasWest
60660I,St Patricks Cathedral Grammar School,Dublin City,D08WK19,"St Patricks Close, Dublin 8",Secondary,Day,Mixed,Church Of Ireland,Board of Governors of St Patrick's Cathedral Grammar School,No subjects taught through Irish,False,False,False,False,302,155,147,52.0,43.0,95.0,53.338982,-6.271589,268161,Wood Quay A,Dublin_8
60430O,St Pauls C.B.S.,Dublin City,D07VF57,"St. Paul's CBS Secondary School, Nth. Brunswick Street, Dublin 7",Secondary,Day,Mixed,Catholic,Edmund Rice Schools Trust,No subjects taught through Irish,False,False,False,True,244,4,240,42.0,30.0,72.0,53.350591,-6.275708,268002,Arran Quay B,Cabra_Phibsboro_D7
60290B,St Pauls College,Dublin City,D05C673,"Sybil Hill, Raheny, Dublin",Secondary,Day,Boys,Catholic,Congregation of the Missions (Vincentians),No subjects taught through Irish,False,False,False,False,650,0,650,112.0,108.0,220.0,53.373134,-6.193259,268041,Clontarf East A,Killester_Raheny_Clontarf
60400F,St Vincents C.B.S. Glasnevin,Dublin City,D11XV05,"Finglas Road, Glasnevin, Dublin 11",Secondary,Day,Boys,Catholic,Edmund Rice Schools Trust,No subjects taught through Irish,False,False,False,True,408,0,408,79.0,90.0,169.0,53.368259,-6.27498,268030,Cabra East A,Cabra_Phibsboro_D7
60481I,St. Aidan's C.B.S.,Dublin City,D09XT54,"Collins Avenue Ext, Whitehall, Dublin 9",Secondary,Day,Boys,Catholic,Edmund Rice Schools Trust,No subjects taught through Irish,False,False,False,False,725,0,725,159.0,105.0,264.0,53.384351,-6.252129,268157,Whitehall A,Whitehall_SantryD9
60471F,St. David's College,Dublin City,D05W667,"Artane, Dublin 5",Secondary,Day,Mixed,Catholic,Edmund Rice Schools Trust,No subjects taught through Irish,False,False,False,True,550,72,478,90.0,78.0,168.0,53.381031,-6.217644,268024,Beaumont D,Beaumont_CoolockD5
60560E,"St. Mary's College C.S.Sp., Rathmines",Dublin City,D06CH79,"73-79 Lower Rathmines Road, Dublin 6",Secondary,Day,Boys,Catholic,The Spiritan Education Trust,No subjects taught through Irish,False,False,True,False,500,0,500,88.0,87.0,175.0,53.327414,-6.266698,268132,Rathmines West A,Dublin6_Clonskeagh
68445V,St. Seton's Secondary School,Dublin City,D10X592,"Le Fanu Road, Ballyfermot, Dublin 10",Secondary,Day,Mixed,Other/Unknown,Le Chéile Schools Trust. CEIST,No subjects taught through Irish,False,False,False,True,741,408,333,112.0,139.0,251.0,53.344801,-6.354694,268061,Drumfinn,Ballyfermot_D10
61020A,Stratford College,Dublin City,D06T9V3,"1 Zion Road, Rathgar, Dublin 6, Ireland",Secondary,Day,Mixed,Jewish,Dublin Talmud Torah,No subjects taught through Irish,False,False,True,False,189,83,106,38.0,19.0,57.0,53.309701,-6.274318,268127,Rathfarnham,Dublin6_Clonskeagh
81017A,TRINITY COMPREHENSIVE SCHOOL,Dublin City,D09TN22,"BALLYMUN ROAD, DUBLIN 9",Comprehensive,Day,Mixed,Catholic,Minister for Education,No subjects taught through Irish,False,False,False,True,564,282,282,77.0,98.0,175.0,53.392674,-6.262844,268017,Ballymun C,Whitehall_SantryD9
60570H,Terenure College,Dublin City,D6WDK72,"Templeogue Road, Terenure, Dublin 6w",Secondary,Day,Boys,Catholic,Carmelite Order (Irish Province),No subjects taught through Irish,False,False,True,False,800,0,800,127.0,136.0,263.0,53.30425,-6.297376,268146,Terenure C,Dublin_6w
91318U,The Donahies Community School,Dublin City,D13YN77,"Streamville Road, Dublin 13",Community,Day,Mixed,Inter Denominational,Dublin & Dún Laoghaire ETB Marist Fathers,No subjects taught through Irish,False,False,False,True,488,234,254,90.0,69.0,159.0,53.393133,-6.173129,268071,Grange A,Donaghmede_Howth_D13
60670L,The High School,Dublin City,D06YR68,"Danum, Zion Road, Rathgar, Dublin",Secondary,Day,Mixed,Church Of Ireland,Board of Governors of the High School,No subjects taught through Irish,False,False,True,False,811,356,455,134.0,139.0,273.0,53.305787,-6.273284,268127,Rathfarnham,Dublin6_Clonskeagh
60892G,The Teresian School,Dublin City,D04E9X5,"12 Stillorgan Road, Donnybrook, Dublin 4",Secondary,Day,Girls,Catholic,Teresian Association Ireland,No subjects taught through Irish,False,False,True,False,230,230,0,34.0,19.0,53.0,53.314938,-6.22796,268113,Pembroke East D,Booterstown_Blackrock
60291D,Árdscoil La Salle,Dublin City,D05Y132,"Raheny Road, Raheny, Dublin 5",Secondary,Day,Mixed,Catholic,Le Chéile Schools Trust,No subjects taught through Irish,False,False,False,True,289,131,158,62.0,52.0,114.0,53.388964,-6.169676,268074,Grange D,Killester_Raheny_Clontarf
60420L,Árdscoil Rís,Dublin City,D09AK30,"Griffith Avenue, Marino, Dublin 9",Secondary,Day,Boys,Catholic,Edmund Rice Schools Trust,No subjects taught through Irish,False,False,False,False,563,0,563,92.0,90.0,182.0,53.369235,-6.228076,268070,Grace Park,Beaumont_CoolockD5
91305L,Ballinteer Community School,Dun Laoghaire/Rathdown,D16XF79,"Broadford Road, Ballinteer, Dublin 16",Community,Day,Mixed,Inter Denominational,Dublin & Dún Laoghaire ETB Carmelite Order (Irish Province),No subjects taught through Irish,False,False,False,True,415,200,215,78.0,62.0,140.0,53.281462,-6.260787,267008,Ballinteer-Broadford,Ballinteer_Stepaside_DLR
60030V,Blackrock College,Dun Laoghaire/Rathdown,A94FK84,"Blackrock College, Rock Road, Co. Dublin",Secondary,Mixed,Boys,Catholic,The Spiritan Education Trust,No subjects taught through Irish,False,False,True,False,1041,0,1041,210.0,197.0,407.0,53.303651,-6.190339,267026,Blackrock-Williamstown,Booterstown_Blackrock
68387K,Blackrock Educate Together Secondary School,Dun Laoghaire/Rathdown,D18XD2V,"Tully Park, Cherrywood, Dublin 18",Secondary,Day,Mixed,Multi Denominational,Educate Together,No subjects taught through Irish,False,False,False,False,236,102,134,32.0,0.0,32.0,53.245403,-6.15449,267038,Cabinteely-Loughlinstown,Sallynoggin_Killiney_DLR
91310E,Cabinteely Community School,Dun Laoghaire/Rathdown,D18VH73,"Johnstown Road, Cabinteely, Dublin 18",Community,Day,Mixed,Inter Denominational,Dublin & Dún Laoghaire ETB Archbishop of Dublin,No subjects taught through Irish,False,False,False,True,511,224,287,121.0,84.0,205.0,53.261948,-6.146265,267037,Cabinteely-Kilbogget,Sallynoggin_Killiney_DLR
60180R,Christian Brothers College,Dun Laoghaire/Rathdown,A96TF64,"Monkstown Park, Dun Laoghaire, Co Dublin",Secondary,Day,Boys,Catholic,Edmund Rice Schools Trust,No subjects taught through Irish,False,False,True,False,549,0,549,87.0,92.0,179.0,53.289767,-6.148051,267075,Dun Laoghaire-Salthill,Dunlaoghaire
60092U,Clonkeen College,Dun Laoghaire/Rathdown,A94P206,"Clonkeen Road, Blackrock, Co Dublin",Secondary,Day,Boys,Catholic,Edmund Rice Schools Trust,No subjects taught through Irish,False,False,False,False,635,0,635,90.0,99.0,189.0,53.269829,-6.15734,267039,Cabinteely-Pottery,Sallynoggin_Killiney_DLR
60041D,Coláiste Eoin,Dun Laoghaire/Rathdown,A94E122,"Baile an Bhóthair, Bóthair Stigh Lorgan, Co. Átha Cliath",Secondary,Day,Boys,Catholic,Edmund Rice Schools Trust,All pupils taught all subjects through Irish,True,False,False,False,517,0,517,76.0,73.0,149.0,53.302626,-6.204946,267019,Blackrock-Booterstown,Booterstown_Blackrock
60042F,Coláiste Íosagáin,Dun Laoghaire/Rathdown,A94KV12,"Bóthar Stigh Lorgan, Baile an Bhóthair, An Charraig Dhubh, Co Átha Cliath",Secondary,Day,Girls,Catholic,ERST,All pupils taught all subjects through Irish,True,False,False,False,488,488,0,79.0,84.0,163.0,53.3024,-6.204077,267019,Blackrock-Booterstown,Booterstown_Blackrock
60310E,De La Salle College,Dun Laoghaire/Rathdown,D14A0T9,"Upper Churchtown Road, Churchtown, Dublin 14",Secondary,Day,Mixed,Catholic,Le Chéile Schools Trust,No subjects taught through Irish,False,False,False,False,463,103,360,54.0,52.0,106.0,53.296986,-6.264288,267043,Churchtown-Landscape,Rathfarnham
60070K,Dominican College,Dun Laoghaire/Rathdown,A94TP97,"Dominican College Sion Hill, Cross Avenue, Blackrock, Co Dublin",Secondary,Day,Girls,Catholic,Le Chéile Schools Trust,No subjects taught through Irish,False,False,False,False,521,521,0,76.0,92.0,168.0,53.301595,-6.189684,267026,Blackrock-Williamstown,Booterstown_Blackrock
68366C,Goatstown Educate Together Secondary School,Dun Laoghaire/Rathdown,D14X0A9,"Goatstown Road, Dublin 14",Secondary,Day,Mixed,Multi Denominational,Educate Together,No subjects taught through Irish,False,False,False,False,366,164,202,46.0,29.0,75.0,53.294925,-6.232869,267082,Dundrum-Taney,Goatstown_Stillorgan_DLR
91330K,Holy Child Community School,Dun Laoghaire/Rathdown,A96E0C9,"Pearse St, Sallynoggin, Co Dublin",Community,Day,Mixed,Inter Denominational,Dublin & Dún Laoghaire ETB Society of the Holy Child Jesus,No subjects taught through Irish,False,False,False,True,275,121,154,30.0,51.0,81.0,53.275958,-6.13652,267072,Dun Laoghaire Sallynoggin East,Sallynoggin_Killiney_DLR
60250M,Holy Child Killiney,Dun Laoghaire/Rathdown,A96XP82,"Military Road, Killiney, Co. Dublin",Secondary,Day,Girls,Catholic,Le Chéile Schools Trust,No subjects taught through Irish,False,False,True,False,382,382,0,64.0,63.0,127.0,53.252851,-6.114771,267097,Killiney South,Ballybrack_Shankill_DLR
68071G,John Scottus Secondary School,Dun Laoghaire/Rathdown,A98FN12,"Old Conna, Ferndale Road, Rathmichael, Co. Dublin",Secondary,Day,Mixed,Inter Denominational,The John Scottus Education Trust,No subjects taught through Irish,False,False,True,False,211,97,114,31.0,22.0,53.0,53.217592,-6.137932,267120,Shankill-Rathmichael,Bray
60130C,Loreto Abbey Secondary School,Dun Laoghaire/Rathdown,A96YC81,"Dalkey, Co Dublin",Secondary,Day,Girls,Catholic,Loreto Education Trust,No subjects taught through Irish,False,False,True,False,757,757,0,125.0,121.0,246.0,53.279522,-6.09983,267064,Dalkey-Coliemore,Dunlaoghaire
60240J,Loreto College Foxrock,Dun Laoghaire/Rathdown,D18FT21,"Springfield Park, Foxrock, Dublin 18",Secondary,Day,Girls,Catholic,Loreto Education Trust,No subjects taught through Irish,False,False,True,False,660,660,0,88.0,95.0,183.0,53.272796,-6.176827,267090,Foxrock-Torquay,Sallynoggin_Killiney_DLR
60140F,Mount Anville Secondary School,Dun Laoghaire/Rathdown,D14A8P3,"Mount Anville Road, Dublin 14",Secondary,Day,Girls,Catholic,Mount Anville Sacred Heart Education Trust,No subjects taught through Irish,False,False,True,False,726,726,0,115.0,105.0,220.0,53.29328,-6.222606,267124,Stillorgan-Deerpark,Goatstown_Stillorgan_DLR
81001I,Newpark Comprehensive School,Dun Laoghaire/Rathdown,A94EV70,"Newtownpark Avenue, Blackrock, Co Dublin",Comprehensive,Day,Mixed,Church Of Ireland,Minister for Education,No subjects taught through Irish,False,False,False,False,884,415,469,145.0,139.0,284.0,53.2895,-6.172989,267023,Blackrock-Newpark,Dunlaoghaire
60050E,Oatlands College,Dun Laoghaire/Rathdown,A94HX38,"Mount Merrion, Co Dublin",Secondary,Day,Boys,Catholic,Edmund Rice Schools Trust,No subjects taught through Irish,False,False,False,False,623,0,623,112.0,108.0,220.0,53.292484,-6.202492,267128,Stillorgan-Mount Merrion,Dunlaoghaire
60891E,Our Lady's Grove Secondary School,Dun Laoghaire/Rathdown,D14AK75,"Our Lady's Grove, Goatstown Road, Dublin 14",Secondary,Day,Girls,Catholic,Le Chéile Schools Trust,No subjects taught through Irish,False,False,False,False,295,295,0,53.0,33.0,86.0,53.300719,-6.235055,267059,Clonskeagh-Windy Arbour,Goatstown_Stillorgan_DLR
60090Q,Rathdown School,Dun Laoghaire/Rathdown,A96NX44,"Upper Glenageary Road, Glenageary, Co. Dublin",Secondary,Mixed,Mixed,Church Of Ireland,Board of Governors of Rathdown School,No subjects taught through Irish,False,False,True,False,364,252,112,41.0,45.0,86.0,53.276457,-6.129831,267072,Dun Laoghaire Sallynoggin East,Sallynoggin_Killiney_DLR
60081P,Rockford Manor Secondary School,Dun Laoghaire/Rathdown,A94H294,"Stradbrook Rd, Blackrock, Co Dublin",Secondary,Day,Girls,Catholic,CEIST,No subjects taught through Irish,False,False,False,False,273,273,0,57.0,54.0,111.0,53.287059,-6.163012,267024,Blackrock-Stradbrook,Dunlaoghaire
60930L,Rosemont School,Dun Laoghaire/Rathdown,D18A8N2,"Enniskerry Road, Sandyford, Dublin 18",Secondary,Day,Girls,Catholic,Famed,No subjects taught through Irish,False,False,True,False,307,307,0,45.0,38.0,83.0,53.260092,-6.229269,267092,Glencullen,Kilternan
60650F,St Andrews College,Dun Laoghaire/Rathdown,A94XN72,"Booterstown Ave, Blackrock, Co Dublin",Secondary,Day,Mixed,Presbyterian,Board of Governors of St Andrew's College,No subjects taught through Irish,False,False,True,False,1011,524,487,189.0,163.0,352.0,53.305607,-6.201601,267019,Blackrock-Booterstown,Booterstown_Blackrock
60261R,St Benildus College,Dun Laoghaire/Rathdown,A94X886,"Upper Kilmacud Rd, Stillorgan, Blackrock, Co Dublin",Secondary,Day,Boys,Catholic,Le Chéile Schools Trust,No subjects taught through Irish,False,False,False,False,949,0,949,179.0,134.0,313.0,53.284637,-6.221381,267125,Stillorgan-Kilmacud,Goatstown_Stillorgan_DLR
60320H,St Columba's College,Dun Laoghaire/Rathdown,D16CH92,"Whitechurch, Dublin 16",Secondary,Mixed,Mixed,Church Of Ireland,Body of Fellows of St Columba's College,No subjects taught through Irish,False,False,True,False,357,160,197,75.0,64.0,139.0,53.266464,-6.268967,267159,Tibradden,Rathfarnham
60260P,St Joseph Of Cluny Secondary School,Dun Laoghaire/Rathdown,A96DK13,"Ballinclea Road, Killiney, Co. Dublin",Secondary,Day,Mixed,Catholic,Le Chéile Schools Trust,No subjects taught through Irish,False,False,True,False,270,250,20,31.0,28.0,59.0,53.270691,-6.123592,267062,Dalkey-Avondale,Sallynoggin_Killiney_DLR
60630W,St Kilian's Deutsche Schule,Dun Laoghaire/Rathdown,D14P7F2,"Roebuck Road, Clonskeagh, Dublin 14",Secondary,Day,Mixed,Inter Denominational,Der Deutsche Schulverein,No subjects taught through Irish,False,False,True,False,475,205,270,58.0,65.0,123.0,53.303796,-6.229184,267056,Clonskeagh-Belfield,Booterstown_Blackrock
60262T,St Laurence College,Dun Laoghaire/Rathdown,D18AK07,"Loughlinstown, Dublin 18",Secondary,Day,Mixed,Catholic,Le Chéile Schools Trust,No subjects taught through Irish,False,False,False,True,302,150,152,52.0,39.0,91.0,53.250937,-6.138403,267037,Cabinteely-Kilbogget,Sallynoggin_Killiney_DLR
60361V,St Raphaela's Secondary School,Dun Laoghaire/Rathdown,A94NT29,"St. Raphaela's Road, Stillorgan, Blackrock, Co. Dublin",Secondary,Day,Girls,Catholic,Handmaids of the Sacred Heart,No subjects taught through Irish,False,False,False,False,637,637,0,104.0,91.0,195.0,53.283105,-6.205339,267127,Stillorgan-Merville,Goatstown_Stillorgan_DLR
61811I,St. Gerard's School,Dun Laoghaire/Rathdown,A98R242,"Thornhill Road, Bray, Co Wicklow, A98 R242",Secondary,Day,Mixed,Catholic,Board of Governors of St Gerard's School,No subjects taught through Irish,False,False,True,False,623,267,356,97.0,100.0,197.0,53.203227,-6.135285,267120,Shankill-Rathmichael,Bray
91343T,St. Tiernan's Community School,Dun Laoghaire/Rathdown,D16KW26,"Parkvale, Balally, Dublin 16",Community,Day,Mixed,Inter Denominational,Dublin & Dún Laoghaire ETB Carmelite Order (Irish Province),No subjects taught through Irish,False,False,False,True,368,155,213,64.0,60.0,124.0,53.281577,-6.238968,267080,Dundrum-Sandyford,Ballinteer_Stepaside_DLR
68241F,Stepaside Educate Together Secondary School,Dun Laoghaire/Rathdown,D18VEA0,"Ballyogan Road, Leopardstown, Dublin 18",Secondary,Day,Mixed,Multi Denominational,Educate Together,No subjects taught through Irish,False,False,False,False,741,325,416,106.0,104.0,210.0,53.261139,-6.193981,267092,Glencullen,Ballinteer_Stepaside_DLR
61010U,Wesley College,Dun Laoghaire/Rathdown,D16NX73,"Ballinteer, Dublin 16",Secondary,Mixed,Mixed,Methodist,Conference of the Methodist Church in Ireland,No subjects taught through Irish,False,False,True,False,942,459,483,158.0,145.0,303.0,53.277577,-6.242962,267080,Dundrum-Sandyford,Ballinteer_Stepaside_DLR
60040B,Willow Park School,Dun Laoghaire/Rathdown,A94TW98,"Rock Road, Blackrock, Co Dublin",Secondary,Mixed,Boys,Catholic,The Spiritan Education Trust,No subjects taught through Irish,False,False,True,False,206,0,206,,,0.0,53.306045,-6.195357,267026,Blackrock-Williamstown,Booterstown_Blackrock
61790D,Woodbrook College,Dun Laoghaire/Rathdown,A98AW64,"Dublin Road, Woodbrook, Bray, Co. Wicklow",Secondary,Day,Mixed,Catholic,Edmund Rice Schools Trust,No subjects taught through Irish,False,False,False,True,623,271,352,99.0,112.0,211.0,53.215465,-6.120841,267120,Shankill-Rathmichael,Bray
76129H,Ardgillan Community College,Fingal,K32KK33,"Castlelands, Balbriggan, Co Dublin",Vocational,Day,Mixed,Multi Denominational,Dublin & Dún Laoghaire ETB,No subjects taught through Irish,False,False,False,False,1014,390,624,159.0,174.0,333.0,53.60066,-6.180521,267002,Balbriggan Rural,Balbriggan
70010V,Balbriggan Community College,Fingal,K32HE19,"Pine Ridge, Chapel St., Balbriggan, Co Dublin",Vocational,Day,Mixed,Inter Denominational,Dublin & Dún Laoghaire ETB,No subjects taught through Irish,False,False,False,True,686,259,427,103.0,126.0,229.0,53.611254,-6.188233,267003,Balbriggan Urban,Balbriggan
91316Q,Blakestown Community School,Fingal,D15F978,"Sheepmoor Avenue, Blanchardstown, Dublin 15",Community,Day,Mixed,Inter Denominational,Dublin & Dún Laoghaire ETB  Sisters of St Louis,No subjects taught through Irish,False,False,False,True,563,298,265,104.0,99.0,203.0,53.396041,-6.403421,267029,Blanchardstown-Coolmine,BlanchardstownVge_D15
68262N,Bremore Educate Together Secondary School,Fingal,K32AD90,"Stephenstown Campus, Naul Road, Balbriggan, Co. Dublin",Secondary,Day,Mixed,Multi Denominational,Educate Together,No subjects taught through Irish,False,False,False,False,824,333,491,166.0,118.0,284.0,53.604976,-6.20367,267002,Balbriggan Rural,Balbriggan
60100Q,Castleknock College,Fingal,D15PD95,"College Rd, Castleknock, Dublin 15",Secondary,Day,Boys,Catholic,Congregation of the Missions (Vincentians),No subjects taught through Irish,False,False,True,False,771,0,771,134.0,121.0,255.0,53.368411,-6.36861,267040,Castleknock-Knockmaroon,Castleknock_D15
76062B,Castleknock Community College,Fingal,D15A996,"Carpenterstown Road, Castleknock, Dublin 15",Vocational,Day,Mixed,Multi Denominational,Dublin & Dún Laoghaire ETB,No subjects taught through Irish,False,False,False,False,1318,645,673,212.0,215.0,427.0,53.371994,-6.391063,267040,Castleknock-Knockmaroon,Carpenterstown_D15
60383I,Coláiste Choilm,Fingal,K67KW30,"Dublin Road, Swords, Co Dublin",Secondary,Day,Boys,Catholic,Edmund Rice Schools Trust,No subjects taught through Irish,False,False,False,False,421,0,421,72.0,79.0,151.0,53.452505,-6.225518,267132,Swords-Forrest,Swords
68082L,Coláiste Ghlór na Mara,Fingal,K32WV18,"Bóthar na hAille, Baile Brigín, Co. Átha Cliath",Secondary,Day,Mixed,Multi Denominational,An Foras Pátrúnachta,All pupils taught all subjects through Irish,True,False,False,False,520,251,269,85.0,82.0,167.0,53.607324,-6.207907,267002,Balbriggan Rural,Balbriggan
76098W,Coláiste Pobail Setanta,Fingal,D15EY17,"Colaiste Pobail Setanta, Phibblestown, Clonee, Dublin 15",Vocational,Day,Mixed,Multi Denominational,Dublin & Dún Laoghaire ETB,No subjects taught through Irish,False,False,False,False,1079,505,574,201.0,191.0,392.0,53.397775,-6.435089,267028,Blanchardstown-Blakestown,Blanchardstown_West_D15
76104O,Donabate Community College,Fingal,K36NN88,"Portrane Road,, Donabate, Co Dublin",Vocational,Day,Mixed,Multi Denominational,Dublin & Dún Laoghaire ETB,No subjects taught through Irish,False,False,False,False,799,350,449,136.0,120.0,256.0,53.490088,-6.144229,267065,Donabate,Donabate
68306H,Edmund Rice College,Fingal,D15R7WX,"Phoenix Park Racecourse, Navan Road, Dublin 15",Secondary,Day,Mixed,Catholic,Edmund Rice Schools Trust,No subjects taught through Irish,False,False,False,False,912,436,476,122.0,116.0,238.0,53.376148,-6.34976,267041,Castleknock-Park,Castleknock_D15
76574F,Eriu Community College,Fingal,D15X4XT,"Barnwell Road, Hansfield, Dublin 15",Vocational,Day,Mixed,Multi Denominational,Dublin & Dún Laoghaire ETB,No subjects taught through Irish,False,False,False,False,193,84,109,21.0,46.0,67.0,53.389532,-6.445715,267028,Blanchardstown-Blakestown,Blanchardstown_West_D15
70121H,Fingal Community College,Fingal,K67E330,"Seatown Road, Swords, Co Dublin",Vocational,Day,Mixed,Inter Denominational,Dublin & Dún Laoghaire ETB,No subjects taught through Irish,False,False,False,False,864,423,441,141.0,146.0,287.0,53.460697,-6.216778,267135,Swords Village,Swords
68101M,Hansfield ETSS,Fingal,D15TF6F,"Barnwell Road, Hansfield, Dublin 15",Secondary,Day,Mixed,Multi Denominational,Educate Together,No subjects taught through Irish,False,False,False,False,867,415,452,192.0,158.0,350.0,53.390639,-6.445627,267028,Blanchardstown-Blakestown,Blanchardstown_West_D15
91339F,Hartstown Community School,Fingal,D15X049,"Hartstown, Clonsilla, Dublin 15",Community,Day,Mixed,Inter Denominational,Dublin & Dún Laoghaire ETB Archbishop of Dublin,No subjects taught through Irish,False,False,False,False,1120,553,567,214.0,201.0,415.0,53.396127,-6.416117,267028,Blanchardstown-Blakestown,BlanchardstownVge_D15
68083N,Le Cheile Secondary School,Fingal,D15NX98,"Hollystown Road, Tyrrelstown, Dublin 15",Secondary,Day,Mixed,Catholic,Le Chéile Schools Trust,No subjects taught through Irish,False,False,False,False,944,453,491,186.0,175.0,361.0,53.389535,-6.37273,267027,Blanchardstown-Abbotstown,Scribblestown_FinglasWest
60810B,Loreto College,Fingal,K67Y319,"Swords, Rivervalley, Swords Co Dublin",Secondary,Day,Girls,Catholic,Loreto Education Trust,No subjects taught through Irish,False,False,False,False,655,655,0,124.0,103.0,227.0,53.454322,-6.245608,267132,Swords-Forrest,Swords
60010P,Loreto Secondary School,Fingal,K32R248,"Brick Lane, Balbriggan, Co Dublin",Secondary,Day,Girls,Catholic,Loreto Education Trust,No subjects taught through Irish,False,False,False,False,1220,1220,0,224.0,190.0,414.0,53.612259,-6.185114,267003,Balbriggan Urban,Balbriggan
76213T,Lusk Community College,Fingal,K45WN50,"Raheny Lane, Rathmore Road, Lusk, Co. Dublin",Vocational,Day,Mixed,Multi Denominational,Dublin & Dún Laoghaire ETB,No subjects taught through Irish,False,False,False,False,1104,525,579,177.0,155.0,332.0,53.530307,-6.157305,267104,Lusk,Rush&Lusk
76130P,Luttrellstown Community College,Fingal,D15DY29,"Luttrellstown Community College, Porterstown Road, Clonsilla, Dublin 15",Vocational,Day,Mixed,Multi Denominational,Dublin & Dún Laoghaire ETB,No subjects taught through Irish,False,False,False,False,1027,465,562,196.0,160.0,356.0,53.375205,-6.409025,267102,Lucan North,Carpenterstown_D15
68308L,Malahide & Portmarnock Secondary School,Fingal,K67W9Y8,"Swords Enterprise Park, Feltrim Road, Drinan, Swords, Co Dublin",Secondary,Day,Mixed,Multi Denominational,Educate Together,No subjects taught through Irish,False,False,False,False,696,304,392,92.0,42.0,134.0,53.448169,-6.196747,267134,Swords-Seatown,Malahide_Nevinstown
91325R,Malahide Community School,Fingal,K36PR28,"Broomfield, Malahide, Co. Dublin",Community,Day,Mixed,Inter Denominational,Dublin & Dún Laoghaire ETB Archbishop of Dublin,No subjects taught through Irish,False,False,False,False,1248,619,629,217.0,191.0,408.0,53.438241,-6.152502,267105,Malahide East,Malahide_Nevinstown
60120W,Mount Sackville Secondary School,Fingal,D20WP68,"Tower Road, Chapelizod, Dublin 20",Secondary,Day,Girls,Catholic,Le Chéile Schools Trust,No subjects taught through Irish,False,False,True,False,636,636,0,101.0,90.0,191.0,53.359833,-6.357088,267040,Castleknock-Knockmaroon,Castleknock_D15
68181N,New Cross College,Fingal,D11NC56,"Cappagh Road, Finglas, Dublin 11",Secondary,Day,Mixed,Catholic,Le Chéile Schools Trust  Religious Sisters of Charity,No subjects taught through Irish,False,False,False,True,417,221,196,66.0,51.0,117.0,53.392114,-6.322811,267027,Blanchardstown-Abbotstown,Scribblestown_FinglasWest
91342R,Pobalscoil Neasáin,Fingal,D13F9K2,"School Lane, Baldoyle, Dublin 13",Community,Day,Mixed,Inter Denominational,City of Dublin ETB Congregation of Christian Brothers,No subjects taught through Irish,False,False,False,False,831,357,474,147.0,131.0,278.0,53.39202,-6.131134,267004,Baldoyle,Donaghmede_Howth_D13
91324P,Portmarnock Community School,Fingal,D13F766,"Carrickhill Road, Portmarnock, Co Dublin",Community,Day,Mixed,Inter Denominational,Dublin & Dún Laoghaire ETB Archbishop of Dublin,No subjects taught through Irish,False,False,False,False,955,436,519,150.0,152.0,302.0,53.431642,-6.13778,267111,Portmarnock South,Portmarnock
70081V,Rath Dara Community College,Fingal,D15P380,"Rath Dara Community College, Blanchardstown Road North, Dublin 15",Vocational,Day,Mixed,Inter Denominational,Dublin & Dún Laoghaire ETB,No subjects taught through Irish,False,False,False,True,323,147,176,54.0,62.0,116.0,53.401924,-6.379346,267032,Blanchardstown-Mulhuddart,Mulhuddart_Tyrrelstown_D15
60380C,Santa Sabina Dominican College,Fingal,D13RD80,"Greenfield Road, Sutton, Dublin 13, D13 RD80",Secondary,Day,Girls,Catholic,Le Chéile Schools Trust,No subjects taught through Irish,False,False,False,False,754,754,0,116.0,109.0,225.0,53.387131,-6.100559,267095,Howth,Donaghmede_Howth_D13
91315O,Scoil Phobail Chuil Mhin,Fingal,D15FW97,"Clonsilla, Dublin15",Community,Day,Mixed,Inter Denominational,Dublin & Dún Laoghaire ETB Congregation of the Missions (Vincentians),No subjects taught through Irish,False,False,False,False,1014,481,533,180.0,155.0,335.0,53.388738,-6.395717,267029,Blanchardstown-Coolmine,BlanchardstownVge_D15
76078Q,Skerries Community College,Fingal,K34HH29,"Skerries Community College, Balbriggan Street, Skerries, Co Dublin",Vocational,Day,Mixed,Inter Denominational,Dublin & Dún Laoghaire ETB,No subjects taught through Irish,False,False,False,False,1025,488,537,170.0,156.0,326.0,53.579186,-6.115893,267123,Skerries,Skerries
70120F,St Finians Community College,Fingal,K67YN93,"Castlefarm, Swords, Co Dublin",Vocational,Day,Mixed,Multi Denominational,Dublin & Dún Laoghaire ETB,No subjects taught through Irish,False,False,False,True,671,321,350,133.0,90.0,223.0,53.465233,-6.224601,267133,Swords-Lissenhall,Swords
60343T,St Joseph's Secondary School,Fingal,K56A308,"Convent Lane, Rush, Co. Dublin",Secondary,Day,Mixed,Catholic,CEIST,No subjects taught through Irish,False,False,False,True,945,432,513,156.0,144.0,300.0,53.51992,-6.090893,267118,Rush,Rush&Lusk
60021U,St Marys Secondary School,Fingal,D13W208,"Main Street, Baldoyle, Dublin 13",Secondary,Day,Mixed,Catholic,Religious Sisters of Charity,No subjects taught through Irish,False,False,False,False,230,209,21,50.0,33.0,83.0,53.396912,-6.127654,267004,Baldoyle,Donaghmede_Howth_D13
60370W,St. Fintan's High School,Fingal,D13HN59,"Dublin Road, Sutton, Dublin 13",Secondary,Day,Boys,Catholic,Edmund Rice Schools Trust,No subjects taught through Irish,False,False,False,False,714,0,714,118.0,116.0,234.0,53.389185,-6.117946,267130,Sutton,Donaghmede_Howth_D13
60381E,Sutton Park School,Fingal,D13PY92,"St Fintans Road, Sutton, Dublin 13",Secondary,Day,Mixed,Church Of Ireland,Board of Governors of Sutton Park School,No subjects taught through Irish,False,False,True,False,503,248,255,85.0,78.0,163.0,53.376583,-6.093261,267095,Howth,Donaghmede_Howth_D13
76475D,Swords Community College,Fingal,K67A3E8,"Broadmeadows, RATHBEALE ROAD, SWORDS, Co. Dublin",Vocational,Day,Mixed,Multi Denominational,Dublin & Dún Laoghaire ETB,No subjects taught through Irish,False,False,False,False,952,406,546,193.0,168.0,361.0,53.466374,-6.249013,267131,Swords-Glasmore,Swords
70730J,Ardscoil Rath Iomgháin,Kildare,R51DA36,"Rathangan, Co Kildare",Vocational,Day,Mixed,Multi Denominational,Kildare & Wicklow ETB,No subjects taught through Irish,False,False,False,True,751,380,371,131.0,122.0,253.0,53.218076,-6.994439,087079,Rathangan,Rathangan
70650L,Athy Community College,Kildare,R14KT50,"Tomard, Athy, Co Kildare",Vocational,Day,Mixed,Multi Denominational,Kildare & Wicklow ETB,No subjects taught through Irish,False,False,False,True,646,303,343,122.0,114.0,236.0,53.001559,-6.986399,087001,Athy Rural,Athy
91614B,Celbridge Community School,Kildare,W23K2E6,"Moortown, Maynooth Road, Celbridge, Co. Kildare",Community,Day,Mixed,Multi Denominational,Kildare Wicklow ETB Educate Together,No subjects taught through Irish,False,False,False,False,712,348,364,130.0,106.0,236.0,53.359262,-6.549406,087023,Celbridge,Celbridge
61720F,Clongowes Wood College,Kildare,W91DN40,"Clongowes Wood College SJ, Clane, Co Kildare, Ireland",Secondary,Boarding,Boys,Catholic,Society of Jesus (Jesuits),No subjects taught through Irish,False,False,True,False,421,0,421,84.0,69.0,153.0,53.310769,-6.684721,087011,Balraheen,Prosperous_Clane
70670R,Colaiste Lorcain,Kildare,R14X620,"Castledermot, Co. Kildare",Vocational,Day,Mixed,Inter Denominational,Kildare & Wicklow ETB,No subjects taught through Irish,False,False,False,False,334,166,168,64.0,72.0,136.0,52.909025,-6.838199,087022,Castledermot,Castledermot
91371B,Coláiste Chiaráin,Kildare,W23RW14,"Celbridge Road, Leixlip, Co. Kildare",Community,Day,Mixed,Inter Denominational,Kildare Wicklow ETB Archbishop of Dublin,No subjects taught through Irish,False,False,False,False,676,340,336,99.0,133.0,232.0,53.363893,-6.499258,087064,Leixlip,Leixlip
61730I,Coláiste Naomh Mhuire,Kildare,W91VW90,"Sallins Road, Naas, Co. Kildare",Secondary,Day,Girls,Catholic,CEIST,No subjects taught through Irish,False,False,False,False,1076,1076,0,194.0,168.0,362.0,53.219922,-6.664111,087071,Naas Urban,Naas
70691C,Confey Community College,Kildare,W23VH66,"Confey, Leixlip, Co Kildare",Vocational,Day,Mixed,Inter Denominational,Kildare & Wicklow ETB,No subjects taught through Irish,False,False,False,False,934,459,475,151.0,152.0,303.0,53.373231,-6.498517,087064,Leixlip,Leixlip
61690W,Cross And Passion College,Kildare,R56E673,"Kilcullen, Co Kildare",Secondary,Day,Mixed,Catholic,Le Chéile Schools Trust,No subjects taught through Irish,False,False,False,False,843,394,449,135.0,136.0,271.0,53.129968,-6.746861,087048,Kilcullen,Kilcullen
70660O,Curragh Community College,Kildare,R56FW68,"McSwiney Road, Curragh, Co Kildare",Vocational,Day,Mixed,Multi Denominational,Kildare & Wicklow ETB,No subjects taught through Irish,False,False,False,True,288,147,141,53.0,50.0,103.0,53.147578,-6.833804,087008,Ballysax East,Curragh
68072I,Gaelcholáiste Chill Dara,Kildare,W91E282,"Seanbhóthar Luimnigh, Nás na Ríogh, Co Chill Dara",Secondary,Day,Mixed,Catholic,An Foras Pátrúnachta,All pupils taught all subjects through Irish,True,False,False,False,401,234,167,77.0,56.0,133.0,53.215722,-6.669372,087071,Naas Urban,Naas
76554W,Gaelcholáiste Mhaigh Nuad,Kildare,W23V9P2,"Manor Mills, Maigh Nuad",Vocational,Day,Mixed,Multi Denominational,Kildare & Wicklow ETB,All pupils taught all subjects through Irish,True,False,False,False,154,89,65,30.0,21.0,51.0,53.3818,-6.593653,087066,Maynooth,Maynooth
61682A,Holy Family Secondary School,Kildare,W12YD71,"Naas Road, Newbridge, Co Kildare",Secondary,Day,Girls,Catholic,Bishop of Kildare & Leighlin,No subjects taught through Irish,False,False,False,False,789,789,0,135.0,121.0,256.0,53.183288,-6.790016,087034,Droichead Nua (Newbridge) Urban,Newbridge
91530S,KILDARE TOWN COMMUNITY SCHOOL,Kildare,R51D288,"Dunmurry Road, Kildare Town",Community,Day,Mixed,Multi Denominational,Kildare Wicklow ETB Bishop of Kildare and Leighlin,No subjects taught through Irish,False,False,False,False,1014,520,494,189.0,163.0,352.0,53.169755,-6.914606,087050,Kildare,Kildare
76193Q,Maynooth Community College,Kildare,W23P2R0,"Mariavilla, Moyglare Road, Maynooth, Co. Kildare",Vocational,Day,Mixed,Multi Denominational,Kildare & Wicklow ETB,No subjects taught through Irish,False,False,False,False,1013,530,483,153.0,143.0,296.0,53.394861,-6.596769,087066,Maynooth,Maynooth
70700A,Maynooth Post Primary School,Kildare,W23X6X8,"Mariavilla, Moyglare Road, Maynooth, Co. Kildare",Vocational,Day,Mixed,Multi Denominational,Kildare & Wicklow ETB,No subjects taught through Irish,False,False,False,False,1018,475,543,173.0,175.0,348.0,53.395526,-6.600029,087066,Maynooth,Maynooth
61710C,Meánscoil Iognáid Ris,Kildare,W91VF9H,"Naas, Co Kildare",Secondary,Day,Boys,Catholic,Edmund Rice Schools Trust,No subjects taught through Irish,False,False,False,False,1013,0,1013,178.0,160.0,338.0,53.215763,-6.6619,087071,Naas Urban,Naas
76194S,Naas Community College,Kildare,W91P93F,"Osberstown, Millennium Park, Naas, Co Kildare",Vocational,Day,Mixed,Multi Denominational,Kildare & Wicklow ETB,No subjects taught through Irish,False,False,False,False,928,430,498,125.0,102.0,227.0,53.231887,-6.676426,087071,Naas Urban,Naas
61680T,Newbridge College,Kildare,W12C241,"Newbridge, Co. Kildare",Secondary,Day,Mixed,Catholic,Dominican Fathers,No subjects taught through Irish,False,False,True,False,923,435,488,162.0,150.0,312.0,53.188554,-6.793402,087069,Morristownbiller,Newbridge
61681V,Patrician Secondary School,Kildare,W12XV38,"Naas Road, Newbridge, Co. Kildare.",Secondary,Day,Boys,Catholic,Le Chéile Schools Trust,No subjects taught through Irish,False,False,False,False,932,0,932,137.0,153.0,290.0,53.184415,-6.792439,087034,Droichead Nua (Newbridge) Urban,Newbridge
70710D,Piper's Hill College,Kildare,W91RW14,"Killashee, Naas, Co. Kildare",Vocational,Day,Mixed,Multi Denominational,Kildare & Wicklow ETB,No subjects taught through Irish,False,False,False,True,1049,501,548,186.0,207.0,393.0,53.195307,-6.669603,087053,Killashee,Naas
61661P,Salesian College,Kildare,W23W0XK,"Celbridge, Co Kildare",Secondary,Day,Boys,Catholic,Salesian Fathers of Don Bosco,No subjects taught through Irish,False,False,False,False,880,0,880,132.0,168.0,300.0,53.358126,-6.551437,087023,Celbridge,Celbridge
61691B,Scoil Dara,Kildare,W23WT26,"Church St,, Kilcock,, Co Kildare.",Secondary,Day,Mixed,Catholic,CEIST,No subjects taught through Irish,False,False,False,False,828,394,434,131.0,151.0,282.0,53.402994,-6.670226,087047,Kilcock,Kilcock
91372D,Scoil Mhuire Community School,Kildare,W91PD79,"Clane, Naas, Co Kildare",Community,Day,Mixed,Inter Denominational,Kildare Wicklow ETB Presentation Sisters,No subjects taught through Irish,False,False,False,False,1189,595,594,199.0,199.0,398.0,53.292361,-6.697707,087025,Clane,Prosperous_Clane
70680U,St Conleth's Community College,Kildare,W12C432,"Station Road, Newbridge, Co Kildare",Vocational,Day,Mixed,Multi Denominational,Kildare & Wicklow ETB,No subjects taught through Irish,False,False,False,True,752,382,370,140.0,144.0,284.0,53.182507,-6.800841,087034,Droichead Nua (Newbridge) Urban,Newbridge
70720G,St Farnan's Post Primary School,Kildare,W91W520,"Prosperous, Co. Kildare",Vocational,Day,Mixed,Multi Denominational,Kildare & Wicklow ETB,No subjects taught through Irish,False,False,False,True,676,317,359,104.0,89.0,193.0,53.286808,-6.7514,087031,Downings,Prosperous_Clane
61702D,St Pauls Secondary School,Kildare,W34F576,"Moore Abbey Demesne, Monasterevin, Co. Kildare",Secondary,Day,Mixed,Catholic,Bishop of Kildare & Leighlin,No subjects taught through Irish,False,False,False,True,843,419,424,125.0,147.0,272.0,53.135235,-7.0527,087067,Monasterevin,Monasterevin
91505T,St Wolstan's Community School,Kildare,W23RKA9,"Ballymakealy, Clane Rd, Celbridge, Co Kildare",Community,Day,Girls,Inter Denominational,Kildare Wicklow ETB Archbishop of Dublin,No subjects taught through Irish,False,False,False,False,846,846,0,120.0,152.0,272.0,53.333965,-6.561938,087023,Celbridge,Celbridge
68077S,Árdscoil na Trionóide,Kildare,R14DK12,"Rathstewart, Athy, Co Kildare",Secondary,Day,Mixed,Catholic,CEIST,No subjects taught through Irish,False,False,False,False,894,461,433,158.0,147.0,305.0,52.996178,-6.983566,087090,Athy East Urban,Athy
76082H,Abbey Community College,Kilkenny,X91PC91,"Abbey Rd, Ferrybank, Waterford",Vocational,Day,Mixed,Inter Denominational,Kilkenny & Carlow ETB,No subjects taught through Irish,False,False,False,False,1004,481,523,177.0,151.0,328.0,52.264397,-7.098767,097058,Kilculliheen,Waterford
61550G,Christian Brothers College Kilkenny,Kilkenny,R95X6CX,"Dunningstown Road,, Kilkenny",Secondary,Day,Boys,Catholic,Edmund Rice Schools Trust,No subjects taught through Irish,False,False,False,False,816,0,816,172.0,126.0,298.0,52.663562,-7.270458,097063,Kilkenny Rural,Kilkenny
70610W,City Vocational School,Kilkenny,R95HW74,"New Street,, Kilkenny",Vocational,Day,Mixed,Multi Denominational,Kilkenny & Carlow ETB,Some pupils taught all subjects through Irish,False,False,False,True,300,130,170,51.0,37.0,88.0,52.647778,-7.254474,097061,Kilkenny No. 1 Urban,Kilkenny
68425P,Coláiste Abhainn Rí,Kilkenny,R95N267,"Callan North, Callan",Secondary,Day,Mixed,Catholic,CEIST ERST,No subjects taught through Irish,False,False,False,False,706,283,423,110.0,107.0,217.0,52.547748,-7.388513,097020,Callan Urban,Callan
70620C,Coláiste Cois Siúire,Kilkenny,X91Y168,"Mooncoin, Co Kilkenny",Vocational,Day,Mixed,Multi Denominational,Kilkenny & Carlow ETB,No subjects taught through Irish,False,False,False,True,167,62,105,25.0,28.0,53.0,52.290332,-7.246717,097086,Portnascully,Mooncoin
70600T,Coláiste Mhuire,Kilkenny,E41H978,"Johnstown, Co Kilkenny",Vocational,Day,Mixed,Multi Denominational,Kilkenny & Carlow ETB,No subjects taught through Irish,False,False,False,True,659,281,378,114.0,83.0,197.0,52.744359,-7.559445,097053,Johnstown,Johnstown
70641K,Coláiste Pobail Osraí,Kilkenny,R95X510,"Bóthar Urmhumhan, Cill Chainnigh",Vocational,Day,Mixed,Inter Denominational,Kilkenny & Carlow ETB,All pupils taught all subjects through Irish,True,False,False,False,214,98,116,38.0,30.0,68.0,52.648783,-7.252869,097061,Kilkenny No. 1 Urban,Kilkenny
91360T,Community School,Kilkenny,R95AF5Y,"Castlecomer, Co Kilkenny",Community,Day,Mixed,Inter Denominational,Kilkenny & Carlow ETB Presentation Sisters,No subjects taught through Irish,False,False,False,True,634,297,337,109.0,97.0,206.0,52.803681,-7.215683,097022,Castlecomer,Castlecomer
70590T,Duiske College,Kilkenny,R95RR94,"Graignamanagh, Co Kilkenny",Vocational,Day,Mixed,Multi Denominational,Kilkenny & Carlow ETB,No subjects taught through Irish,False,False,False,True,141,70,71,25.0,32.0,57.0,52.539894,-6.957376,097048,Graiguenamanagh,Graignamanagh
70640I,Grennan College,Kilkenny,R95T959,"Ladywell St, Thomastown, Co Kilkenny",Vocational,Day,Mixed,Multi Denominational,Kilkenny & Carlow ETB,No subjects taught through Irish,False,False,False,True,334,147,187,63.0,54.0,117.0,52.5283,-7.142545,097101,Thomastown,Thomastown
61570M,Kilkenny College,Kilkenny,R95CF61,"Castlecomer Road, Kilkenny",Secondary,Mixed,Mixed,Church Of Ireland,Incorporated Society for Promoting Protestant Schools in Ireland,No subjects taught through Irish,False,False,False,False,928,450,478,149.0,140.0,289.0,52.66782,-7.24767,097063,Kilkenny Rural,Kilkenny
61580P,Loreto Secondary School,Kilkenny,R95W2NV,"Granges Road, Kilkenny",Secondary,Day,Girls,Catholic,Loreto Education Trust,No subjects taught through Irish,False,False,False,False,947,947,0,150.0,164.0,314.0,52.658916,-7.2609,097061,Kilkenny No. 1 Urban,Kilkenny
61590S,Presentation Secondary School,Kilkenny,R95RR90,"Loughboy, Kilkenny",Secondary,Day,Girls,Catholic,CEIST,No subjects taught through Irish,False,False,False,False,972,972,0,181.0,115.0,296.0,52.639033,-7.247444,097063,Kilkenny Rural,Kilkenny
70570N,Scoil Aireagail,Kilkenny,R95AH30,"Ballyhale, Co. Kilkenny",Vocational,Day,Mixed,Inter Denominational,Kilkenny & Carlow ETB,No subjects taught through Irish,False,False,False,False,204,95,109,30.0,28.0,58.0,52.478746,-7.213059,097072,Knocktopher,Ballyhale
61560J,St Kieran's College,Kilkenny,R95Y99T,"Secondary School, College Rd, Kilkenny",Secondary,Day,Boys,Catholic,Bishop of Ossory,No subjects taught through Irish,False,False,False,False,831,0,831,121.0,111.0,232.0,52.646954,-7.255471,097061,Kilkenny No. 1 Urban,Kilkenny
71470O,Clonaslee College,Laois,R32R972,"Clonaslee, Co. Laois",Vocational,Day,Mixed,Multi Denominational,Laois & Offaly ETB,No subjects taught through Irish,False,False,False,False,236,101,135,27.0,37.0,64.0,53.145489,-7.513791,107028,Clonaslee,Clonaslee
76474B,Dunamase College (Coláiste Dhún Másc),Laois,R32WE02,"Railway Street, Portlaoise, Co. Laois",Vocational,Day,Mixed,Multi Denominational,Laois & Offaly ETB,Some pupils taught all subjects through Irish,False,False,False,False,506,248,258,105.0,109.0,214.0,53.035004,-7.299025,107080,Portlaoighise Urban,Portlaoise
91427C,Heywood Community School,Laois,R32FE04,"Ballinakill, Portlaoise, Co. Laois",Community,Day,Mixed,Inter Denominational,Laois & Offaly ETB Salesian Fathers of Don Bosco,No subjects taught through Irish,False,False,False,False,749,369,380,151.0,106.0,257.0,52.885468,-7.299465,107007,Ballinakill,Ballinakill
91550B,MOUNTRATH COMMUNITY SCHOOL,Laois,R32AK27,"Dysartbeigh, Mountrath, Co. Laois",Community,Day,Mixed,Inter Denominational,Laois & Offaly ETB Patrician Brothers,No subjects taught through Irish,False,False,False,False,789,380,409,128.0,144.0,272.0,52.995616,-7.483114,107073,Mountrath,Mountrath
91426A,Mountmellick Community School,Laois,R32A099,"Mountmellick, Co Laois",Community,Day,Mixed,Inter Denominational,Laois & Offaly ETB Bishop of Kildare and Leighlin,No subjects taught through Irish,False,False,False,True,742,369,373,139.0,116.0,255.0,53.118052,-7.327569,107072,Mountmellick Urban,Mountmellick
71510A,Portlaoise College,Laois,R32N795,"Mountrath Road, Portlaoise",Vocational,Day,Mixed,Multi Denominational,Laois & Offaly ETB,No subjects taught through Irish,False,False,False,True,1005,509,496,147.0,182.0,329.0,53.035546,-7.313274,107079,Portlaoighise Rural,Portlaoise
63451O,Scoil Chriost Ri,Laois,R32TK70,"Presentation Secondary School, Borris Road, Portlaoise, Co Laois",Secondary,Day,Girls,Catholic,CEIST,No subjects taught through Irish,False,False,False,False,880,880,0,178.0,132.0,310.0,53.048767,-7.280179,107079,Portlaoighise Rural,Portlaoise
71520D,St Fergal's College,Laois,R32ED72,"Rathdowney, Co Laois",Vocational,Day,Mixed,Multi Denominational,Laois & Offaly ETB,No subjects taught through Irish,False,False,False,False,383,181,202,85.0,61.0,146.0,52.854399,-7.577095,107083,Rathdowney,Rathdowney
61130H,St Mary's Knockbeg College,Laois,R93RP78,"Knockbeg, Co. Carlow",Secondary,Day,Boys,Catholic,Bishop of Kildare & Leighlin,No subjects taught through Irish,False,False,False,False,515,0,515,81.0,99.0,180.0,52.867065,-6.937765,107090,Shrule,Carlow
63430G,St. Mary's C.B.S.,Laois,R32C923,"Borris Road, Portlaoise, Co. Laois",Secondary,Day,Boys,Catholic,Edmund Rice Schools Trust,No subjects taught through Irish,False,False,False,False,851,0,851,134.0,140.0,274.0,53.049875,-7.2793,107079,Portlaoighise Rural,Portlaoise
71710I,Ardscoil Phadraig,Longford,N39RR79,"Granard, Co Longford",Vocational,Day,Mixed,Multi Denominational,Longford & Westmeath ETB,No subjects taught through Irish,False,False,False,True,351,181,170,78.0,42.0,120.0,53.776775,-7.504764,137035,Granard Urban,Granard
71690F,Ballymahon Vocational School,Longford,N39HK23,"Ballymahon, Co Longford",Vocational,Day,Mixed,Multi Denominational,Longford & Westmeath ETB,No subjects taught through Irish,False,False,False,True,391,160,231,59.0,76.0,135.0,53.568407,-7.771838,137009,Ballymahon,Ballymahon
63730S,Cnoc Mhuire,Longford,N39D450,"Granard, Co. Longford",Secondary,Day,Mixed,Catholic,CEIST,No subjects taught through Irish,False,False,False,False,579,269,310,112.0,97.0,209.0,53.780364,-7.488724,137035,Granard Urban,Granard
71720L,Lanesboro Community College,Longford,N39NN52,"Lanesboro, Co Longford",Vocational,Day,Mixed,Inter Denominational,Longford & Westmeath ETB,No subjects taught through Irish,False,False,False,True,275,128,147,47.0,37.0,84.0,53.669211,-7.983288,137054,Rathcline,Lanesboro
63710M,Mercy Secondary School,Longford,N39P8C5,"Ballymahon, Co Longford",Secondary,Day,Mixed,Catholic,CEIST,No subjects taught through Irish,False,False,False,False,759,399,360,132.0,117.0,249.0,53.567323,-7.764913,137009,Ballymahon,Ballymahon
63760E,Meán Scoil Muire,Longford,N39H6R2,"5 St. Joseph's Road, Longford Town, Co. Longford",Secondary,Day,Girls,Catholic,CEIST,No subjects taught through Irish,False,False,False,True,600,600,0,143.0,115.0,258.0,53.725613,-7.796149,137043,Longford No. 1 Urban,Longford_Newtownforbes
91436D,Moyne Community School,Longford,N39T860,"Moyne, Co Longford",Community,Day,Mixed,Inter Denominational,Longford & Westmeath ETB Bishop of Ardagh and Clonmacnoise,No subjects taught through Irish,False,False,False,False,655,366,289,127.0,98.0,225.0,53.908349,-7.648053,137050,Moyne,Moyne
63750B,St. Mel's College,Longford,N39XP92,"Longford, Co. Longford",Secondary,Day,Boys,Catholic,Bishop of Ardagh & Clonmacnoise,No subjects taught through Irish,False,False,False,True,603,0,603,102.0,109.0,211.0,53.728993,-7.793771,137043,Longford No. 1 Urban,Longford_Newtownforbes
71730O,Templemichael College,Longford,N39DA02,"Templemichael, Longford",Vocational,Day,Mixed,Multi Denominational,Longford & Westmeath ETB,No subjects taught through Irish,False,False,False,True,365,176,189,89.0,57.0,146.0,53.731749,-7.786257,137045,Longford Rural,Longford_Newtownforbes
91441T,Ardee Community School,Louth,A92F838,"Ardee, Co Louth",Community,Day,Mixed,Inter Denominational,Louth & Meath ETB Archbishop of Armagh,No subjects taught through Irish,False,False,False,True,1317,618,699,240.0,201.0,441.0,53.851182,-6.546288,147002,Ardee Urban,Ardee
91573N,Ballymakenny College,Louth,A92XET2,"Ballymakenny Road, Drogheda",Community,Day,Mixed,Multi Denominational,Louth & Meath ETB Educate Together,No subjects taught through Irish,False,False,False,False,998,489,509,170.0,159.0,329.0,53.73113,-6.344649,147035,St. Peter'S,Drogheda
71750U,Bush Post Primary School,Louth,A91W320,"Riverstown, Dundalk, Co Louth",Vocational,Day,Mixed,Multi Denominational,Louth & Meath ETB,No subjects taught through Irish,False,False,False,True,833,413,420,137.0,130.0,267.0,53.99865,-6.188983,147032,Rathcor,Bush
63880O,Colaiste Rís,Louth,A91N798,"Sráid an tSéipéil, Dún Dealgan, Co Lú",Secondary,Day,Mixed,Catholic,Archbishop  of Armagh,Some pupils taught all subjects through Irish,False,False,False,False,616,246,370,94.0,94.0,188.0,54.007401,-6.400578,147040,Dundalk No. 1 Urban,Dundalk
76195U,Coláiste Chú Chulainn,Louth,A91F75P,"Lower Marshes, Dundalk, CO. LOUTH",Vocational,Day,Mixed,Multi Denominational,Louth & Meath ETB,Some pupils taught all subjects through Irish,False,False,False,True,885,354,531,174.0,154.0,328.0,54.00068,-6.395442,147042,Dundalk No. 4 Urban,Dundalk
63891T,De La Salle College,Louth,A91FC91,"Castleblayney Road, Dundalk, Co. Louth",Secondary,Day,Boys,Catholic,Le Chéile Schools Trust,No subjects taught through Irish,False,False,False,False,755,0,755,129.0,121.0,250.0,54.016732,-6.42796,147008,Castletown (North),Dundalk
63920A,Dundalk Grammar School,Louth,A91FH00,"The Crescent, Dundalk, Co Louth",Secondary,Mixed,Mixed,Church Of Ireland,Joint patronage between the Incorporated Society for Promoting Protestant Schools in Ireland  and Dundalk Grammar School CLG Dundalk Grammar School Ltd,No subjects taught through Irish,False,False,True,False,597,266,331,100.0,95.0,195.0,53.997516,-6.410449,147020,Dundalk No. 3 Urban,Dundalk
63850F,Our Lady's College,Louth,A92VP28,"Greenhills, Drogheda, Co. Louth",Secondary,Day,Girls,Catholic,CEIST,No subjects taught through Irish,False,False,False,False,965,965,0,164.0,179.0,343.0,53.720359,-6.326852,147014,Fair Gate,Drogheda
63860I,Sacred Heart Secondary School,Louth,A92K796,"Sunnyside, Drogheda, Co Louth",Secondary,Day,Girls,Catholic,CEIST,No subjects taught through Irish,False,False,False,False,717,717,0,124.0,122.0,246.0,53.711215,-6.342977,147039,St. Lawrence Gate,Drogheda
71780G,Scoil Ui Mhuiri,Louth,A92FY96,"Barn Road, Dunleer, Co. Louth",Vocational,Day,Mixed,Multi Denominational,Louth & Meath ETB,No subjects taught through Irish,False,False,False,True,644,309,335,111.0,114.0,225.0,53.826474,-6.382968,147021,Dunleer,Dunleer
63910U,St Louis Secondary School,Louth,A91AE65,"Dun Lughaidh, Dundalk, Co Louth",Secondary,Day,Girls,Catholic,Le Chéile Schools Trust,No subjects taught through Irish,False,False,False,True,524,524,0,103.0,89.0,192.0,54.01704,-6.426066,147008,Castletown (North),Dundalk
63890R,St Mary's College,Louth,A91W838,"St.Marys College,, St. Marys Road,, Dundalk, Co.Louth",Secondary,Day,Mixed,Catholic,Marist Education Authority,No subjects taught through Irish,False,False,False,False,916,384,532,140.0,149.0,289.0,54.009212,-6.39794,147041,Dundalk No. 2 Urban,Dundalk
63841E,St Mary's Diocesan School,Louth,A92TF24,"Beamore Road, Drogheda, Co. Louth",Secondary,Day,Boys,Catholic,Bishop of Meath,No subjects taught through Irish,False,False,False,False,917,0,917,150.0,160.0,310.0,53.708474,-6.347505,147039,St. Lawrence Gate,Drogheda
71761C,St Oliver's Community College,Louth,A92D766,"Rathmullen Road, Drogheda, Co. Louth",Vocational,Day,Mixed,Multi Denominational,Louth & Meath ETB,No subjects taught through Irish,False,False,False,True,1422,684,738,293.0,294.0,587.0,53.713743,-6.378764,147043,St. Mary'S (Part),Drogheda
63900R,St Vincent's Secondary School,Louth,A91EW81,"Seatown Place, Dundalk, Co. Louth",Secondary,Day,Girls,Catholic,CEIST,No subjects taught through Irish,False,False,False,False,928,928,0,163.0,162.0,325.0,54.005433,-6.39204,147042,Dundalk No. 4 Urban,Dundalk
63840C,St. Joseph's C.B.S.,Louth,A92EC62,"Newfoundwell Rd, Drogheda, Co Louth",Secondary,Day,Mixed,Catholic,Edmund Rice Schools Trust,No subjects taught through Irish,False,False,False,False,1128,170,958,199.0,158.0,357.0,53.724209,-6.331242,147035,St. Peter'S,Drogheda
71770D,Ó Fiaich College,Louth,A91WK75,"Dublin Road, Dundalk, Co. Louth",Vocational,Day,Mixed,Multi Denominational,Louth & Meath ETB,No subjects taught through Irish,False,False,False,True,336,142,194,82.0,60.0,142.0,53.986296,-6.392364,147019,Dundalk Rural (South),Dundalk
91517D,ATHBOY COMMUNITY SCHOOL,Meath,C15XY73,"ATHBOY, CO MEATH",Community,Day,Mixed,Inter Denominational,Louth & Meath ETB Bishop of Meath,No subjects taught through Irish,False,False,False,False,681,300,381,107.0,97.0,204.0,53.626069,-6.913856,167006,Athboy,Athboy
91495T,Ashbourne Community School,Meath,A84T925,"Deerpark, Ashbourne, Co Meath",Community,Day,Mixed,Inter Denominational,Louth & Meath ETB Bishop of Meath,No subjects taught through Irish,False,False,False,False,1109,555,554,196.0,208.0,404.0,53.504128,-6.388211,167025,Donaghmore,Ashbourne
72010I,Beaufort College,Meath,C15PY53,"Trim Rd, Navan, Co Meath",Vocational,Day,Mixed,Multi Denominational,Louth & Meath ETB,No subjects taught through Irish,False,False,False,True,926,295,631,173.0,179.0,352.0,53.643886,-6.683447,167065,Navan Rural,Navan
91508C,Boyne Community School,Meath,C15RK79,"Trim, Co. Meath",Community,Day,Mixed,Inter Denominational,Louth & Meath ETB Bishop of Meath,No subjects taught through Irish,False,False,False,True,1008,238,770,197.0,171.0,368.0,53.550641,-6.784265,167090,Trim Rural,Trim
76103M,Colaiste na hInse,Meath,A92NY30,"Coast Road, Bettystown, Co Meath",Vocational,Day,Mixed,Multi Denominational,Louth & Meath ETB,No subjects taught through Irish,False,False,False,False,1021,469,552,174.0,191.0,365.0,53.692703,-6.245342,167038,Julianstown,Laytown
71970L,Coláiste Clavin,Meath,A83DX96,"Enfield Road, Longwood, Co Meath",Vocational,Day,Mixed,Multi Denominational,Louth & Meath ETB,No subjects taught through Irish,False,False,False,True,519,230,289,82.0,80.0,162.0,53.452482,-6.917437,167017,Castlerickard,Longwood
71991T,Coláiste Pobail Rath Cairn,Meath,C15FK26,"Ráth Chairn, Áth Buí,, Co. na Mí",Vocational,Day,Mixed,Multi Denominational,Louth & Meath ETB,All pupils taught all subjects through Irish,True,True,False,False,140,77,63,21.0,21.0,42.0,53.620068,-6.860762,167076,Rathmore,Athboy
76614O,Coláiste Rioga,Meath,A85KF64,"Dunshaughlin, Meath",Vocational,Day,Mixed,Multi Denominational,Louth & Meath ETB,No subjects taught through Irish,False,False,False,False,267,126,141,29.0,0.0,29.0,53.504275,-6.535983,167030,Dunshaughlin,Dunshaughlin
76173K,Coláiste na Mí,Meath,C15T028,"Johnstown Educational Campus, Johnstown, Navan, Co Meath",Vocational,Day,Mixed,Multi Denominational,Louth & Meath ETB,No subjects taught through Irish,False,False,False,False,913,349,564,176.0,153.0,329.0,53.643121,-6.650941,167065,Navan Rural,Navan
71960I,Community College Dunshaughlin,Meath,A85TY22,"Dunshaughlin, Co Meath",Vocational,Day,Mixed,Inter Denominational,Louth & Meath ETB,No subjects taught through Irish,False,False,False,False,1120,532,588,197.0,200.0,397.0,53.513972,-6.549011,167030,Dunshaughlin,Dunshaughlin
76196W,DE LACY COLLEGE,Meath,A84TW90,"Ashbourne Education Campus, Killegland, Ashbourne, Co. Meath",Vocational,Day,Mixed,Multi Denominational,Louth & Meath ETB,No subjects taught through Irish,False,False,False,False,929,455,474,160.0,142.0,302.0,53.511564,-6.41523,167042,Kilbrew,Ratoath
63870L,Drogheda Grammar School,Meath,A92D9KF,"Mornington Road, Drogheda, Co Louth",Secondary,Day,Mixed,Quaker,Drogheda Grammar School Ltd,No subjects taught through Irish,False,False,True,False,557,222,335,94.0,85.0,179.0,53.718767,-6.303705,167082,St. Mary'S,Drogheda
76595N,Enfield Community College,Meath,A83VX31,"Dublin Road, Enfield, Meath",Vocational,Day,Mixed,Multi Denominational,Louth & Meath ETB,No subjects taught through Irish,False,False,False,False,684,320,364,109.0,70.0,179.0,53.414486,-6.816297,167037,Innfield,Kilcock
64410F,Eureka Secondary School,Meath,A82R6C4,"Cavan Rd, Kells, Co Meath",Secondary,Day,Girls,Catholic,CEIST,No subjects taught through Irish,False,False,False,False,735,735,0,138.0,125.0,263.0,53.730276,-6.886085,167039,Ceanannas Mór Rural,Kells
64420I,Franciscan College,Meath,K32NH30,"Franciscan College, Gormanston, Co. Meath",Secondary,Day,Mixed,Catholic,Order of Friars Minor (Franciscan Fathers) Irish Province,No subjects taught through Irish,False,False,False,False,321,134,187,48.0,68.0,116.0,53.63443,-6.235851,167085,Stamullin,Laytown
68348A,Laytown & Drogheda Educate Together Secondary School,Meath,A92K0VC,"Colpe East, Drogheda, Co Meath",Secondary,Day,Mixed,Multi Denominational,Educate Together,No subjects taught through Irish,False,False,False,False,520,247,273,70.0,60.0,130.0,53.708837,-6.297774,167082,St. Mary'S,Drogheda
64370T,Loreto Secondary School,Meath,C15YF83,"St Michael's, Navan, Co Meath",Secondary,Day,Girls,Catholic,Loreto Education Trust,No subjects taught through Irish,False,False,False,False,920,920,0,149.0,154.0,303.0,53.652813,-6.676581,167066,Navan Urban,Navan
71980O,O'Carolan College,Meath,A82PK51,"Nobber, Co Meath",Vocational,Day,Mixed,Multi Denominational,Louth & Meath ETB,No subjects taught through Irish,False,False,False,True,725,309,416,108.0,102.0,210.0,53.817312,-6.741904,167069,Nobber,Nobber
76088T,Ratoath College,Meath,A85TW84,"Jamestown, Ratoath, Co. Meath",Vocational,Day,Mixed,Inter Denominational,Louth & Meath ETB,No subjects taught through Irish,False,False,False,False,1132,559,573,209.0,185.0,394.0,53.499628,-6.458267,167078,Ratoath,Ratoath
64450R,Scoil Mhuire,Meath,C15FF67,"Patrick Street, Trim, Co Meath",Secondary,Day,Girls,Catholic,CEIST,No subjects taught through Irish,False,False,False,False,814,814,0,135.0,150.0,285.0,53.552499,-6.789663,167091,Trim Urban,Trim
91456J,St Ciaran's Community School,Meath,A82N677,"Navan Rd, Kells, Co Meath",Community,Day,Mixed,Inter Denominational,Louth & Meath ETB Congregation of Christian Brothers,No subjects taught through Irish,False,False,False,False,619,106,513,121.0,98.0,219.0,53.724117,-6.871648,167039,Ceanannas Mór Rural,Kells
71990R,St Oliver Post Primary,Meath,A82RK76,"Oldcastle, Co. Meath",Vocational,Day,Mixed,Multi Denominational,Louth & Meath ETB,No subjects taught through Irish,False,False,False,False,630,280,350,115.0,102.0,217.0,53.772434,-7.163262,167070,Oldcastle,Oldcastle
64350N,St Patrick's Classical School,Meath,C15CT95,"Moatlands, Navan, Co Meath",Secondary,Day,Boys,Catholic,Bishop of Meath,No subjects taught through Irish,False,False,False,False,967,0,967,178.0,172.0,350.0,53.65257,-6.697669,167065,Navan Rural,Navan
71950F,St Peter's College,Meath,A86W864,"Dunboyne, Co. Meath",Vocational,Day,Mixed,Inter Denominational,Louth & Meath ETB,No subjects taught through Irish,False,False,False,False,1214,599,615,195.0,216.0,411.0,53.418443,-6.468897,167029,Dunboyne,Dunboyne
64360Q,"St. Joseph's Secondary School, Navan",Meath,C15HW32,"Brew's Hill, Navan, Co Meath",Secondary,Day,Girls,Catholic,CEIST,No subjects taught through Irish,False,False,False,False,682,682,0,138.0,149.0,287.0,53.650164,-6.689016,167066,Navan Urban,Navan
72170H,Ballybay Community College,Monaghan,A75V882,"Ballybay, Co Monaghan",Vocational,Day,Mixed,Multi Denominational,Cavan & Monaghan ETB,No subjects taught through Irish,False,False,False,False,344,168,176,77.0,58.0,135.0,54.123916,-6.901571,177005,Ballybay Rural,Ballybay
72210Q,Beech Hill College,Monaghan,H18P997,"Tirkeenan, Monaghan, Co Monaghan",Vocational,Day,Mixed,Multi Denominational,Cavan & Monaghan ETB,No subjects taught through Irish,False,False,False,True,897,428,469,161.0,135.0,296.0,54.244522,-6.963323,177059,Monaghan Urban,Monaghan
72190N,Castleblayney College,Monaghan,A75NP76,"Dublin Road, Castleblayney, Co Monaghan",Vocational,Day,Mixed,Multi Denominational,Cavan & Monaghan ETB,No subjects taught through Irish,False,False,False,True,434,190,244,90.0,63.0,153.0,54.114549,-6.732519,177019,Castleblayney Rural,Castleblaney
76091I,Coláiste Oiriall,Monaghan,H18W897,"Cnoc an Chonnaidh, Br. Ard Mhacha, Muineachán, Co. Mhuineacháin",Vocational,Day,Mixed,Multi Denominational,Cavan & Monaghan ETB,All pupils taught all subjects through Irish,True,False,False,False,402,223,179,50.0,63.0,113.0,54.26216,-6.950597,177058,Monaghan Rural,Monaghan
72180K,Inver College,Monaghan,A81V342,"Carrickmacross, Co Monaghan",Vocational,Day,Mixed,Multi Denominational,Cavan & Monaghan ETB,No subjects taught through Irish,False,False,False,True,733,368,365,113.0,86.0,199.0,53.983568,-6.716104,177016,Carrickmacross Rural,Carrickmacross
72171J,Largy College,Monaghan,H23FP82,"Analore Rd, Clones, Co Monaghan",Vocational,Day,Mixed,Inter Denominational,Cavan & Monaghan ETB,No subjects taught through Irish,False,False,False,True,505,252,253,92.0,75.0,167.0,54.17959,-7.225329,177023,Clones Rural,Clones
64830E,Monaghan Collegiate School,Monaghan,H18X027,"Corlatt, Monaghan, Co Monaghan",Secondary,Day,Mixed,Inter Denominational,Board of Governors of Monaghan Collegiate School,No subjects taught through Irish,False,False,True,False,234,126,108,32.0,39.0,71.0,54.241394,-6.939419,177058,Monaghan Rural,Monaghan
64770M,Our Lady's Secondary School,Monaghan,A75NA43,"Castleblayney, Co. Monaghan",Secondary,Day,Mixed,Catholic,CEIST,No subjects taught through Irish,False,False,False,False,883,434,449,151.0,153.0,304.0,54.11833,-6.742784,177018,Castleblayney Urban,Castleblaney
64750G,Patrician High School,Monaghan,A81X256,"Carrickmacross, Co. Monaghan",Secondary,Day,Boys,Catholic,Bishop of Clogher,No subjects taught through Irish,False,False,False,False,453,0,453,65.0,73.0,138.0,53.982734,-6.715766,177016,Carrickmacross Rural,Carrickmacross
64760J,St Louis Secondary School,Monaghan,A81HF78,"Carrickmacross, Co. Monaghan",Secondary,Day,Girls,Catholic,Le Chéile Schools Trust,No subjects taught through Irish,False,False,False,False,414,414,0,73.0,87.0,160.0,53.973821,-6.718125,177017,Carrickmacross Urban,Carrickmacross
64820B,St. Louis Secondary School,Monaghan,H18A079,"Monaghan, Co. Monaghan",Secondary,Day,Girls,Catholic,Le Chéile Schools Trust,No subjects taught through Irish,False,False,False,False,532,532,0,117.0,85.0,202.0,54.245105,-6.973647,177059,Monaghan Urban,Monaghan
64810V,St. Macartan's College,Monaghan,H18X704,"Monaghan, Co. Monaghan",Secondary,Day,Boys,Catholic,Bishop of Clogher,No subjects taught through Irish,False,False,False,False,617,0,617,108.0,103.0,211.0,54.263956,-6.955457,177043,Enagh,Monaghan
72530L,Ardscoil Chiaráin Naofa,Offaly,R35H974,"Frederick St., Clara, Co. Offaly",Vocational,Day,Mixed,Multi Denominational,Laois & Offaly ETB,No subjects taught through Irish,False,False,False,True,333,153,180,48.0,61.0,109.0,53.34063,-7.612434,187018,Clara,Clara
76105Q,Banagher College,Offaly,R42WR22,"Banagher, Co. Offaly",Vocational,Day,Mixed,Multi Denominational,Laois & Offaly ETB,No subjects taught through Irish,False,False,False,False,556,287,269,98.0,104.0,202.0,53.186848,-7.986564,187009,Banagher,Banagher
65410K,Cistercian College,Offaly,E53DX37,"Roscrea, Co. Tipperary",Secondary,Boarding,Boys,Catholic,Order of Cistercians of the Strict Observance (Trappist Monks),No subjects taught through Irish,False,False,True,False,255,0,255,49.0,40.0,89.0,52.96246,-7.854819,187066,Mountheaton,Roscrea
65610S,Colaiste Choilm,Offaly,R35WF97,"O'Moore Street, Tulach Mhor, Co. Offaly",Secondary,Day,Boys,Catholic,Bishop of Meath,No subjects taught through Irish,False,False,False,False,699,0,699,125.0,124.0,249.0,53.270982,-7.490692,187087,Tullamore Urban,Tullamore_Killina
72520I,Coláiste Naomh Cormac,Offaly,R42R726,"Kilcormac, Co Offaly",Vocational,Day,Mixed,Multi Denominational,Laois & Offaly ETB,No subjects taught through Irish,False,False,False,False,316,155,161,52.0,55.0,107.0,53.179377,-7.720217,187050,Kilcormac,Kilcormac
68068R,Coláiste Íosagáin,Offaly,R32HV25,"Portarlington, Co. Laois",Secondary,Day,Mixed,Catholic,CEIST,No subjects taught through Irish,False,False,False,False,1182,560,622,212.0,204.0,416.0,53.161459,-7.205456,187069,Portarlington North,Portarlington
91515W,GALLEN COMMUNITY SCHOOL,Offaly,R42N8P8,"Main Street, Ferbane, Co. Offaly",Community,Day,Mixed,Inter Denominational,Laois & Offaly ETB Bishop of Ardagh and Clonmacnoise,No subjects taught through Irish,False,False,False,False,441,208,233,80.0,78.0,158.0,53.269466,-7.829971,187041,Gallen,Ferbane
65630B,Killina Presentation Secondary School,Offaly,R35PX95,"Rahan, Tullamore, Co Offaly",Secondary,Day,Mixed,Catholic,CEIST,No subjects taught through Irish,False,False,False,False,759,411,348,121.0,135.0,256.0,53.27089,-7.596414,187070,Rahan,Tullamore_Killina
72540O,Oaklands Community College,Offaly,R45R727,"Sr. Senan Avenue, Edenderry, Co. Offaly",Vocational,Day,Mixed,Multi Denominational,Laois & Offaly ETB,No subjects taught through Irish,False,False,False,True,733,370,363,139.0,143.0,282.0,53.337128,-7.062685,187036,Edenderry Urban,Edenderry
65620V,Sacred Heart Secondary School,Offaly,R35K061,"Daingean Road, Tullamore, Co. Offaly",Secondary,Day,Girls,Catholic,CEIST,No subjects taught through Irish,False,False,False,False,571,571,0,123.0,90.0,213.0,53.27665,-7.485788,187087,Tullamore Urban,Tullamore_Killina
65582Q,St Mary's Secondary School,Offaly,R45TY36,"Edenderry, Co Offaly",Secondary,Day,Mixed,Catholic,Bishop of Kildare & Leighlin,No subjects taught through Irish,False,False,False,False,1035,498,537,166.0,178.0,344.0,53.339682,-7.06,187036,Edenderry Urban,Edenderry
91491L,St.Brendan's Community School,Offaly,R42KN92,"Birr, Co Offaly",Community,Day,Mixed,Inter Denominational,Laois & Offaly ETB Presentation Brothers,No subjects taught through Irish,False,False,False,True,875,461,414,139.0,128.0,267.0,53.105122,-7.916417,187013,Birr Urban,Birr
72560U,Tullamore College,Offaly,R35XC66,"Riverside, Tullamore, Co. Offaly",Vocational,Day,Mixed,Multi Denominational,Laois & Offaly ETB,No subjects taught through Irish,False,False,False,True,742,420,322,139.0,134.0,273.0,53.275882,-7.486133,187087,Tullamore Urban,Tullamore_Killina
76097U,ADAMSTOWN COMMUNITY COLLEGE,South Dublin,K78WP89,"Station Rd, Adamstown, Lucan, Co. Dublin",Vocational,Day,Mixed,Multi Denominational,Dublin & Dún Laoghaire ETB,No subjects taught through Irish,False,False,False,False,981,476,505,190.0,151.0,341.0,53.336533,-6.46229,267103,Lucan-St. Helens,Lucan
70041J,Collinstown Park Community College,South Dublin,D22X458,"Neilstown Rd., Rowlagh, Clondalkin, Dublin 22",Vocational,Day,Mixed,Inter Denominational,Dublin & Dún Laoghaire ETB,No subjects taught through Irish,False,False,False,True,630,299,331,93.0,84.0,177.0,53.341288,-6.396128,267051,Clondalkin-Moorfield,Palmerstown_Ronanstown_D20_22
60122D,Coláiste Bríde,South Dublin,D22C6Y2,"New Road, Clondalkin, Dublin 22",Secondary,Day,Girls,Catholic,CEIST,No subjects taught through Irish,False,False,False,False,993,993,0,185.0,175.0,360.0,53.317418,-6.38961,267050,Clondalkin-Monastery,Clondalkin_D22
70100W,Coláiste Chilliain,South Dublin,D22EW08,"Bóthar Nangor, Cluain Dolcáin, Baile Atha Cliath 22",Vocational,Day,Mixed,Multi Denominational,Dublin & Dún Laoghaire ETB,All pupils taught all subjects through Irish,True,False,False,False,400,224,176,78.0,41.0,119.0,53.323818,-6.402559,267049,Clondalkin-Dunawley,Clondalkin_D22
76065H,Coláiste Cois Life,South Dublin,K78Y330,"Gleann an Ghrífín, Leamhcán, Co Átha Cliath",Vocational,Day,Mixed,Multi Denominational,Dublin & Dún Laoghaire ETB,All pupils taught all subjects through Irish,True,False,False,False,592,310,282,95.0,106.0,201.0,53.349681,-6.435651,267100,Lucan-Esker,Lucan
60264A,Coláiste Phádraig CBS,South Dublin,K78E927,"Roselawn, Lucan, Co. Dublin",Secondary,Day,Boys,Catholic,Edmund Rice Schools Trust,No subjects taught through Irish,False,False,False,False,745,0,745,120.0,110.0,230.0,53.356896,-6.432676,267101,Lucan Heights,Lucan
70021D,Coláiste de hÍde,South Dublin,D24NP82,"Bóthar Chaisleáin Thigh Motháin, Tamhlacht, Baile Átha Cliath 24",Vocational,Day,Mixed,Multi Denominational,Dublin & Dún Laoghaire ETB,All pupils taught all subjects through Irish,True,False,False,True,266,137,129,46.0,45.0,91.0,53.301247,-6.349295,267148,Tallaght-Tymon,Tallaght
76594L,Coláiste pobail Fóla,South Dublin,D24HFK2,"Heritage Village, Garter's Lane, Saggart, Co. Dublin",Vocational,Day,Mixed,Multi Denominational,Dublin & Dún Laoghaire ETB,No subjects taught through Irish,False,False,False,False,758,357,401,80.0,98.0,178.0,53.284093,-6.437865,267119,Saggart,Newcastle_Rathcoole
60342R,Coláiste Éanna,South Dublin,D16E248,"Hillside Park, Ballyroan Road, Rathfarnham, Dublin 16",Secondary,Day,Boys,Catholic,Edmund Rice Schools Trust,No subjects taught through Irish,False,False,False,False,618,0,618,99.0,96.0,195.0,53.286303,-6.298938,267013,Ballyboden,Rathfarnham
70040H,Deansrath Community College,South Dublin,D22RY77,"Westbourne Rise, Clondalkin, Dublin 22",Vocational,Day,Mixed,Inter Denominational,Dublin & Dún Laoghaire ETB,No subjects taught through Irish,False,False,False,True,425,172,253,40.0,67.0,107.0,53.324144,-6.42043,267049,Clondalkin-Dunawley,Clondalkin_D22
70140L,Firhouse Community College,South Dublin,D24HY03,"Firhouse Road, Dublin 24",Vocational,Day,Mixed,Inter Denominational,Dublin & Dún Laoghaire ETB,No subjects taught through Irish,False,False,False,False,825,404,421,131.0,126.0,257.0,53.276203,-6.348676,267084,Firhouse Village,Firhouse_Oldbawn
68307J,Firhouse Educate Together Secondary School,South Dublin,D24NY6R,"Oldcourt Road, Ballycullen, Firhouse, Dublin 24",Secondary,Day,Mixed,Multi Denominational,Educate Together,No subjects taught through Irish,False,False,False,False,411,177,234,57.0,61.0,118.0,53.267807,-6.332816,267035,Bohernabreena,Firhouse_Oldbawn
68161H,Gaelcholáiste an Phiarsaigh,South Dublin,D14PP82,"An Mhainistir, Bóthar na Gráinsí, Ráth Fearnáin, Baile Átha Cliath 14",Secondary,Day,Mixed,Multi Denominational,An Foras Pátrúnachta,All pupils taught all subjects through Irish,True,False,False,False,296,164,132,50.0,42.0,92.0,53.292355,-6.279867,267115,Rathfarnham-Hermitage,Ballinteer_Stepaside_DLR
70130I,Greenhills College,South Dublin,D12DP8W,"Limekiln Avenue, Greenhills, Dublin 12",Vocational,Day,Mixed,Multi Denominational,Dublin & Dún Laoghaire ETB,No subjects taught through Irish,False,False,False,True,186,0,186,27.0,40.0,67.0,53.307199,-6.335139,267151,Templeogue-Limekiln,Dolphin's Barn_D12
76454S,Griffeen Community College,South Dublin,K78DC89,"c/o Kishogue Community College, Thomas Omar Way, Lucan, Co. Dublin",Vocational,Day,Mixed,Multi Denominational,Dublin & Dún Laoghaire ETB,No subjects taught through Irish,False,False,False,False,576,249,327,94.0,82.0,176.0,53.33626,-6.425736,267048,Clondalkin-Cappaghmore,Lucan
91301D,Holy Family Community School,South Dublin,D24FT54,"Kilteel Road, Rathcoole, Co Dublin",Community,Day,Mixed,Inter Denominational,Dublin & Dún Laoghaire ETB The Spiritan Education Trust,No subjects taught through Irish,False,False,False,False,998,482,516,184.0,149.0,333.0,53.276821,-6.48002,267112,Rathcoole,Newcastle_Rathcoole
91337B,Killinarden Community School,South Dublin,D24RF70,"Killinarden, Tallaght, Dublin 24",Community,Day,Mixed,Inter Denominational,Dublin & Dún Laoghaire ETB Archbishop of Dublin,No subjects taught through Irish,False,False,False,True,471,221,250,87.0,87.0,174.0,53.276085,-6.397344,267006,Ballinascorney,Firhouse_Oldbawn
76293U,Kingswood Community College,South Dublin,D24HYN2,"Ballymount Road, Kingswood Heights, Tallaght, Dublin 24",Vocational,Day,Mixed,Multi Denominational,Dublin & Dún Laoghaire ETB,No subjects taught through Irish,False,False,False,False,1006,465,541,168.0,180.0,348.0,53.306402,-6.372086,267144,Tallaght-Kingswood,Tallaght
76152C,Kishoge Community College,South Dublin,K78DC89,"Thomas Omer Way, Lucan",Vocational,Day,Mixed,Multi Denominational,Dublin & Dún Laoghaire ETB,No subjects taught through Irish,False,False,False,False,937,445,492,192.0,154.0,346.0,53.33626,-6.425736,267048,Clondalkin-Cappaghmore,Lucan
60340N,Loreto High School,South Dublin,D14E521,"Beaufort, Grange Rd, Rathfarnham, Dublin 14",Secondary,Day,Girls,Catholic,Loreto Education Trust,No subjects taught through Irish,False,False,True,False,625,625,0,104.0,86.0,190.0,53.292416,-6.283779,267116,Rathfarnham-St. Enda'S,Rathfarnham
70080T,Lucan Community College,South Dublin,K78TF67,"Esker Drive, Lucan, Co Dublin",Vocational,Day,Mixed,Multi Denominational,Dublin & Dún Laoghaire ETB,No subjects taught through Irish,False,False,False,False,966,444,522,160.0,154.0,314.0,53.34767,-6.449756,267101,Lucan Heights,Lucan
70141N,Mount Seskin Community College,South Dublin,D24K033,"Jobstown, Tallaght, Dublin 24",Vocational,Day,Mixed,Inter Denominational,Dublin & Dún Laoghaire ETB,No subjects taught through Irish,False,False,False,True,350,177,173,64.0,46.0,110.0,53.278795,-6.410178,267140,Tallaght-Jobstown,Tallaght
60121B,Moyle Park College,South Dublin,D22V072,"Clondalkin, Dublin 22",Secondary,Day,Boys,Catholic,Marist Brothers (Province of West Central Europe),No subjects taught through Irish,False,False,False,False,763,0,763,115.0,142.0,257.0,53.320279,-6.397356,267053,Clondalkin Village,Clondalkin_D22
91336W,Old Bawn Community School,South Dublin,D24HP38,"Old Bawn, Tallaght, Dublin 24",Community,Day,Mixed,Inter Denominational,Dublin & Dún Laoghaire ETB Dominican Fathers,No subjects taught through Irish,False,False,False,False,1024,479,545,177.0,156.0,333.0,53.283461,-6.370716,267146,Tallaght-Oldbawn,Firhouse_Oldbawn
60860Q,Our Ladys School,South Dublin,D6WKF44,"Templeogue Road, Terenure, Dublin 6W",Secondary,Day,Girls,Catholic,Le Chéile Schools Trust,No subjects taught through Irish,False,False,False,False,799,799,0,127.0,143.0,270.0,53.300203,-6.296232,267154,Templeogue Village,Rathfarnham
91302F,Phobailscoil Iosolde,South Dublin,D20P236,"Oak Court Avenue, Palmerstown, Dublin 20",Community,Day,Mixed,Inter Denominational,Dublin & Dún Laoghaire ETB Archbishop of Dublin,No subjects taught through Irish,False,False,False,True,764,351,413,160.0,122.0,282.0,53.348466,-6.376923,267108,Palmerston Village,Ballyfermot_D10
60321J,Rockbrook Park School,South Dublin,D16P897,"Edmondstown Road, Rathfarnham, Dublin 16",Secondary,Day,Boys,Catholic,Famed Company Limited by Guarantee,No subjects taught through Irish,False,False,True,False,186,0,186,29.0,18.0,47.0,53.262419,-6.300677,267083,Edmondstown,Rathfarnham
60341P,Sancta Maria College,South Dublin,D16V389,"Ballyroan Crescent, Rathfarnham, Dublin 16",Secondary,Day,Girls,Catholic,CEIST,No subjects taught through Irish,False,False,False,False,577,577,0,97.0,108.0,205.0,53.284736,-6.303932,267013,Ballyboden,Rathfarnham
91338D,St Aidan's Community School,South Dublin,D24XA46,"Brookfield, Tallaght, Dublin 24",Community,Day,Mixed,Inter Denominational,Dublin & Dún Laoghaire ETB Archbishop of Dublin,No subjects taught through Irish,False,False,False,True,561,267,294,114.0,78.0,192.0,53.286602,-6.412535,267138,Tallaght-Fettercairn,Tallaght
60263V,St Joseph's College,South Dublin,K78VW74,"Lucan, Co Dublin",Secondary,Day,Girls,Catholic,CEIST,No subjects taught through Irish,False,False,False,False,934,934,0,164.0,146.0,310.0,53.358056,-6.440358,267101,Lucan Heights,Lucan
70042L,St Kevin's Community College,South Dublin,D22K314,"Fonthill Road, Clondalkin, Dublin 22",Vocational,Day,Mixed,Inter Denominational,Dublin & Dún Laoghaire ETB,No subjects taught through Irish,False,False,False,True,525,242,283,124.0,91.0,215.0,53.352914,-6.405442,267100,Lucan-Esker,Lucan
70260V,St Mac Dara's Community College,South Dublin,D6WEW83,"St. Mac Dara's Community College, Wellington Lane, Templeogue, Dublin 6W",Vocational,Day,Mixed,Inter Denominational,Dublin & Dún Laoghaire ETB,No subjects taught through Irish,False,False,False,False,915,452,463,138.0,147.0,285.0,53.2973,-6.327576,267153,Templeogue-Osprey,Dublin_6w
91332O,St Marks Community School,South Dublin,D24VW22,"Cookstown Rd, Tallaght, Dublin 24",Community,Day,Mixed,Inter Denominational,Dublin & Dún Laoghaire ETB Archbishop of Dublin,No subjects taught through Irish,False,False,False,True,931,486,445,178.0,164.0,342.0,53.291399,-6.388908,267138,Tallaght-Fettercairn,Tallaght
60902G,St Pauls Secondary School,South Dublin,D12E544,"Greenhills, Dublin 12",Secondary,Day,Girls,Catholic,Le Chéile Schools Trust,No subjects taught through Irish,False,False,False,True,466,466,0,82.0,86.0,168.0,53.307848,-6.331987,267151,Templeogue-Limekiln,Dolphin's Barn_D12
91510M,St. Colmcille's Community School,South Dublin,D16H298,"Scholarstown Rd, Knocklyon, Dublin 16",Community,Day,Mixed,Inter Denominational,Dublin & Dún Laoghaire ETB Carmelite Order (Irish Province),No subjects taught through Irish,False,False,False,False,727,353,374,122.0,121.0,243.0,53.278686,-6.314793,267085,Firhouse-Ballycullen,Rathfarnham
91335U,Tallaght Community School,South Dublin,D24X759,"Balrothery, Tallaght, Dublin 24",Community,Day,Mixed,Inter Denominational,Dublin & Dún Laoghaire ETB Marist Brothers,No subjects taught through Irish,False,False,False,True,840,428,412,118.0,135.0,253.0,53.294723,-6.338556,267148,Tallaght-Tymon,Tallaght
60562I,Templeogue College,South Dublin,D6WE622,"Templeville Road, Templeogue, Dublin 6W",Secondary,Day,Boys,Catholic,The Spiritan Education Trust,No subjects taught through Irish,False,False,False,False,637,0,637,111.0,112.0,223.0,53.304164,-6.311988,267150,Templeogue-Kimmage Manor,Dublin_6w
60272W,The Kings Hospital,South Dublin,D20V256,"Palmerstown, Dublin 20",Secondary,Mixed,Mixed,Church Of Ireland,Board of Governors of King's Hospital,No subjects taught through Irish,False,False,True,False,732,391,341,125.0,109.0,234.0,53.358817,-6.385965,267109,Palmerston West,Palmerstown_Ronanstown_D20_22
71410T,Athlone Community College,Westmeath,N37Y985,"Retreat Road, Athlone, Co Westmeath",Vocational,Day,Mixed,Multi Denominational,Longford & Westmeath ETB,Some pupils taught some subjects through Irish,False,False,False,False,1117,523,594,207.0,172.0,379.0,53.424571,-7.920843,237003,Athlone East Urban,Athlone
71420W,Castlepollard Community College,Westmeath,N91EF89,"Castlepollard, Mullingar, Co Westmeath",Vocational,Day,Mixed,Multi Denominational,Longford & Westmeath ETB,No subjects taught through Irish,False,False,False,True,318,150,168,90.0,60.0,150.0,53.674585,-7.305088,237069,Kinturk,Castlepollard
63270K,Colaiste Mhuire,Westmeath,N91AT04,"Mullingar, Co. Westmeath",Secondary,Day,Boys,Catholic,Edmund Rice Schools Trust,No subjects taught through Irish,False,False,False,False,873,0,873,138.0,160.0,298.0,53.527279,-7.346872,237106,Mullingar North Urban,Mullingar
71430C,Columba College,Westmeath,N91ET78,"Killucan, Co Westmeath",Vocational,Day,Mixed,Multi Denominational,Longford & Westmeath ETB,No subjects taught through Irish,False,False,False,True,278,100,178,45.0,69.0,114.0,53.51651,-7.139886,237065,Killucan,Killucan
63290Q,Loreto College,Westmeath,N91PX98,"Harbour Rd, Mullingar, Westmeath",Secondary,Day,Girls,Catholic,Loreto Education Trust,No subjects taught through Irish,False,False,False,False,825,825,0,142.0,151.0,293.0,53.529699,-7.346149,237106,Mullingar North Urban,Mullingar
63190M,Marist College,Westmeath,N37RX31,"Retreat Road, Athlone, Co. Westmeath",Secondary,Day,Boys,Catholic,Marist Brothers (Province of West Central Europe),No subjects taught through Irish,False,False,False,False,610,0,610,107.0,106.0,213.0,53.425156,-7.92629,237003,Athlone East Urban,Athlone
63221U,Meán Scoil an Chlochair,Westmeath,N91HDH2,"Kilbeggan, Co. Westmeath",Secondary,Day,Mixed,Catholic,CEIST,No subjects taught through Irish,False,False,False,False,740,349,391,113.0,111.0,224.0,53.368019,-7.484084,237058,Kilbeggan,Kilbeggan
91501L,Moate Community School,Westmeath,N37DY70,"Church Street, Moate, Co Westmeath",Community,Day,Mixed,Inter Denominational,Longford & Westmeath ETB Carmelite Order (Irish Province),No subjects taught through Irish,False,False,False,False,913,472,441,144.0,133.0,277.0,53.396586,-7.726092,237075,Moate,Moate
71450I,Mullingar Community College,Westmeath,N91TC59,"Millmount Road, Mullingar, Co. Westmeath",Vocational,Day,Mixed,Multi Denominational,Longford & Westmeath ETB,No subjects taught through Irish,False,False,False,True,367,151,216,80.0,51.0,131.0,53.524192,-7.334499,237080,Mullingar South Urban,Mullingar
63210P,Our Lady's Bower,Westmeath,N37TR58,"Retreat Rd., Athlone, Co Westmeath",Secondary,Day,Girls,Catholic,La Sainte Union Sisters,No subjects taught through Irish,False,False,False,False,630,630,0,126.0,105.0,231.0,53.422456,-7.922146,237003,Athlone East Urban,Athlone
63280N,St Finian's College,Westmeath,N91H593,"Longford Road, Ballyglass, Mullingar, Co Westmeath",Secondary,Day,Mixed,Catholic,Bishop of Meath,No subjects taught through Irish,False,False,False,False,891,492,399,154.0,151.0,305.0,53.539018,-7.355282,237079,Mullingar Rural,Mullingar
63310T,St Joseph's Secondary School,Westmeath,N91XV56,"Rochfortbridge, Co. Westmeath",Secondary,Day,Mixed,Catholic,CEIST,No subjects taught through Irish,False,False,False,False,1129,578,551,214.0,171.0,385.0,53.414234,-7.302234,237024,Castlelost,Rochfordbridge
63300Q,Wilson's Hospital School,Westmeath,N91AX97,"Heathlands, Multyfarnham, Co. Westmeath",Secondary,Mixed,Mixed,Church Of Ireland,"Joint patronage between five COI bishops, namely : Archbishop of Dublin & bishop of Glendalough, Archbishop of Armagh , Bishop of Meath & Kildare, Bishop of Kilmore, Elphin & Ardagh, Archbishop of Killala and Tuam & Achonry Archbishop of Dublin & Glendalough COI",No subjects taught through Irish,False,False,False,False,453,248,205,80.0,69.0,149.0,53.6117,-7.417284,237007,Ballinalack,Mullingar
61770U,Arklow CBS,Wicklow,Y14RV04,"Coolgreaney Road, Arklow, Co Wicklow",Secondary,Day,Boys,Catholic,Edmund Rice Schools Trust,No subjects taught through Irish,False,False,False,False,392,0,392,49.0,59.0,108.0,52.797526,-6.166367,257004,Arklow No. 1 Urban,Arklow
70810H,Avondale Community College,Wicklow,A67RR26,"Rathdrum, Co Wicklow",Vocational,Day,Mixed,Multi Denominational,Kildare & Wicklow ETB,No subjects taught through Irish,False,False,False,True,644,312,332,100.0,101.0,201.0,52.934487,-6.236096,257065,Rathdrum,Rathdrum
70760S,Blessington Community College,Wicklow,W91RD30,"Naas Rd, Blessington, Co Wicklow",Vocational,Day,Mixed,Multi Denominational,Kildare & Wicklow ETB,No subjects taught through Irish,False,False,False,False,737,387,350,116.0,117.0,233.0,53.170294,-6.539432,257016,Blessington,Blessington
76076M,Colaiste Chraobh Abhann,Wicklow,A63WF10,"Creowen, Kilcoole, Co Wicklow",Vocational,Day,Mixed,Multi Denominational,Kildare & Wicklow ETB,No subjects taught through Irish,False,False,False,False,778,378,400,135.0,140.0,275.0,53.100629,-6.065358,257048,Kilcoole,Kilcoole
70790E,Coláiste Bhríde Carnew,Wicklow,Y14WA00,"Carnew, Arklow, Co Wicklow",Vocational,Day,Mixed,Multi Denominational,Kildare & Wicklow ETB,No subjects taught through Irish,False,False,False,False,830,402,428,173.0,151.0,324.0,52.709857,-6.501971,257021,Carnew,Carnew
76099B,Coláiste Chill Mhantáin,Wicklow,A67TV21,"Burkeen, Wicklow Town, Co Wicklow",Vocational,Day,Mixed,Inter Denominational,Kildare & Wicklow ETB,No subjects taught through Irish,False,False,False,True,995,352,643,176.0,166.0,342.0,52.985206,-6.066093,257077,Wicklow Rural,Wicklow
70821M,Coláiste Raithín,Wicklow,A98X3A3,"Bóthar Bhaile Átha Cliath, Bré, Co Chill Mhantain",Vocational,Day,Mixed,Multi Denominational,Kildare & Wicklow ETB,All pupils taught all subjects through Irish,True,False,False,False,326,188,138,41.0,53.0,94.0,53.210018,-6.108284,257080,Bray No. 1,Bray
61860V,Dominican College,Wicklow,A67XV58,"Wicklow Town, Co. Wicklow",Secondary,Day,Girls,Catholic,Le Chéile Schools Trust,No subjects taught through Irish,False,False,False,False,461,461,0,92.0,74.0,166.0,52.977633,-6.039499,257078,Wicklow Urban,Wicklow
81016V,East Glendalough School,Wicklow,A67PC52,"Station Road, Wicklow Town, Co. Wicklow",Comprehensive,Day,Mixed,Church Of Ireland,Minister for Education Archbishop of Dublin & Glendalough COI,No subjects taught through Irish,False,False,False,False,365,170,195,61.0,62.0,123.0,52.987518,-6.054106,257078,Wicklow Urban,Wicklow
76106S,Gaelcholáiste na Mara,Wicklow,Y14DX27,"Pairc Na bPiarsach, Bothar an Ghleanntain, Arklow, Co.Wicklow",Vocational,Day,Mixed,Multi Denominational,Kildare & Wicklow ETB,All pupils taught all subjects through Irish,True,False,False,False,279,133,146,46.0,51.0,97.0,52.801166,-6.166386,257004,Arklow No. 1 Urban,Arklow
70740M,Glenart College,Wicklow,Y14YR52,"Coolgreaney Rd, Arklow, Co Wicklow",Vocational,Day,Mixed,Multi Denominational,Kildare & Wicklow ETB,No subjects taught through Irish,False,False,False,True,633,295,338,102.0,73.0,175.0,52.796379,-6.174449,257004,Arklow No. 1 Urban,Arklow
76596P,Greystones Community College,Wicklow,A63A3K2,"Charlesland, Greystones, Co Wicklow",Vocational,Day,Mixed,Multi Denominational,Kildare & Wicklow ETB,No subjects taught through Irish,False,False,False,False,765,362,403,90.0,79.0,169.0,53.1324,-6.068848,257039,Greystones,Greystones
61820J,Loreto Secondary School,Wicklow,A98C822,"Vevay Rd, Bray, Co Wicklow",Secondary,Day,Girls,Catholic,Loreto Education Trust,No subjects taught through Irish,False,False,False,False,747,747,0,117.0,112.0,229.0,53.196841,-6.106508,257081,Bray No. 2,Bray
68261L,North Wicklow Educate Together Secondary School,Wicklow,A98EF88,"Dublin Road, Bray, Co Wicklow",Secondary,Day,Mixed,Multi Denominational,Educate Together,No subjects taught through Irish,False,False,False,False,324,132,192,62.0,47.0,109.0,53.208377,-6.112382,257080,Bray No. 1,Bray
61800D,Presentation College,Wicklow,A98P270,"Putland Road, Bray, Co. Wicklow",Secondary,Day,Boys,Catholic,Presentation Brothers Schools Trust,No subjects taught through Irish,False,False,False,False,667,0,667,112.0,103.0,215.0,53.192311,-6.10265,257081,Bray No. 2,Bray
70750P,Scoil Chonglais,Wicklow,W91H5XC,"Baltinglass, Co Wicklow",Vocational,Day,Mixed,Multi Denominational,Kildare & Wicklow ETB,No subjects taught through Irish,False,False,False,False,452,232,220,105.0,89.0,194.0,52.937899,-6.701157,257015,Baltinglass,Baltinglass
61830M,St David's Holy Faith Secondary,Wicklow,A63AW90,"Co-Educational School, Greystones, Co Wicklow",Secondary,Day,Mixed,Catholic,Le Chéile Schools Trust,No subjects taught through Irish,False,False,False,False,792,365,427,138.0,133.0,271.0,53.146468,-6.061422,257039,Greystones,Greystones
70800E,St Kevin's Community College,Wicklow,W91R971,"Dunlavin, Co Wicklow",Vocational,Day,Mixed,Multi Denominational,Kildare & Wicklow ETB,No subjects taught through Irish,False,False,False,True,829,399,430,159.0,141.0,300.0,53.054165,-6.696857,257033,Dunlavin,Dunlavin
61780A,St Marys College,Wicklow,Y14FA38,"St Mary's Rd, Arklow, Co Wicklow",Secondary,Day,Girls,Catholic,CEIST,No subjects taught through Irish,False,False,False,False,527,527,0,86.0,94.0,180.0,52.796916,-6.157366,257004,Arklow No. 1 Urban,Arklow
91376L,St. Kilian's Community School,Wicklow,A98PP76,"Ballywaltrim, Bray, Co. Wicklow",Community,Day,Mixed,Inter Denominational,Kildare Wicklow ETB Order of Friars Minor (Franciscan Fathers),No subjects taught through Irish,False,False,False,True,427,168,259,66.0,64.0,130.0,53.185307,-6.126782,257051,Kilmacanoge,Bray
68081J,Temple Carrig Secondary School,Wicklow,A63KT20,"Temple Carrig, Greystones",Secondary,Day,Mixed,Church Of Ireland,Archbishop of Dublin & Bishop of Glendalough COI,No subjects taught through Irish,False,False,False,False,931,464,467,166.0,137.0,303.0,53.153389,-6.084677,257027,Delgany,Greystones
68345R,Wicklow Educate Together Secondary School,Wicklow,A67N797,"The Glebe, Wicklow Town",Secondary,Day,Mixed,Multi Denominational,Educate Together,No subjects taught through Irish,False,False,False,True,404,140,264,69.0,53.0,122.0,52.982571,-6.048837,257078,Wicklow Urban,Wicklow
