field,county,hei,year,n
computing,Carlow,DCU,2018/2019,0
computing,Carlow,DCU,2019/2020,0
computing,Carlow,DCU,2020/2021,5
computing,Carlow,DCU,2021/2022,5
computing,Carlow,DCU,2022/2023,0
computing,Carlow,DCU,2023/2024,0
computing,Carlow,DCU,2024/2025,0
computing,Carlow,DkIT,2018/2019,0
computing,Carlow,DkIT,2019/2020,0
computing,Carlow,DkIT,2020/2021,0
computing,Carlow,DkIT,2021/2022,0
computing,Carlow,DkIT,2022/2023,0
computing,Carlow,DkIT,2023/2024,0
computing,Carlow,DkIT,2024/2025,0
computing,Carlow,MU,2018/2019,0
computing,Carlow,MU,2019/2020,0
computing,Carlow,MU,2020/2021,0
computing,Carlow,MU,2021/2022,0
computing,Carlow,MU,2022/2023,0
computing,Carlow,MU,2023/2024,5
computing,Carlow,MU,2024/2025,0
computing,Carlow,SETU,2018/2019,20
computing,Carlow,SETU,2019/2020,20
computing,Carlow,SETU,2020/2021,20
computing,Carlow,SETU,2021/2022,15
computing,Carlow,SETU,2022/2023,25
computing,Carlow,SETU,2023/2024,40
computing,Carlow,SETU,2024/2025,35
computing,Carlow,TCD,2018/2019,0
computing,Carlow,TCD,2019/2020,0
computing,Carlow,TCD,2020/2021,0
computing,Carlow,TCD,2021/2022,0
computing,Carlow,TCD,2022/2023,0
computing,Carlow,TCD,2023/2024,0
computing,Carlow,TCD,2024/2025,0
computing,Carlow,TU Dublin,2018/2019,0
computing,Carlow,TU Dublin,2019/2020,0
computing,Carlow,TU Dublin,2020/2021,0
computing,Carlow,TU Dublin,2021/2022,0
computing,Carlow,TU Dublin,2022/2023,0
computing,Carlow,TU Dublin,2023/2024,0
computing,Carlow,TU Dublin,2024/2025,0
computing,Carlow,TUS,2018/2019,0
computing,Carlow,TUS,2019/2020,0
computing,Carlow,TUS,2020/2021,0
computing,Carlow,TUS,2021/2022,0
computing,Carlow,TUS,2022/2023,0
computing,Carlow,TUS,2023/2024,0
computing,Carlow,TUS,2024/2025,0
computing,Carlow,UCD,2018/2019,0
computing,Carlow,UCD,2019/2020,0
computing,Carlow,UCD,2020/2021,0
computing,Carlow,UCD,2021/2022,0
computing,Carlow,UCD,2022/2023,0
computing,Carlow,UCD,2023/2024,0
computing,Carlow,UCD,2024/2025,0
computing,Dublin,DCU,2018/2019,105
computing,Dublin,DCU,2019/2020,120
computing,Dublin,DCU,2020/2021,120
computing,Dublin,DCU,2021/2022,125
computing,Dublin,DCU,2022/2023,130
computing,Dublin,DCU,2023/2024,150
computing,Dublin,DCU,2024/2025,160
computing,Dublin,DkIT,2018/2019,15
computing,Dublin,DkIT,2019/2020,10
computing,Dublin,DkIT,2020/2021,10
computing,Dublin,DkIT,2021/2022,10
computing,Dublin,DkIT,2022/2023,10
computing,Dublin,DkIT,2023/2024,15
computing,Dublin,DkIT,2024/2025,15
computing,Dublin,MU,2018/2019,20
computing,Dublin,MU,2019/2020,45
computing,Dublin,MU,2020/2021,60
computing,Dublin,MU,2021/2022,65
computing,Dublin,MU,2022/2023,85
computing,Dublin,MU,2023/2024,80
computing,Dublin,MU,2024/2025,95
computing,Dublin,SETU,2018/2019,0
computing,Dublin,SETU,2019/2020,0
computing,Dublin,SETU,2020/2021,0
computing,Dublin,SETU,2021/2022,0
computing,Dublin,SETU,2022/2023,5
computing,Dublin,SETU,2023/2024,5
computing,Dublin,SETU,2024/2025,5
computing,Dublin,TCD,2018/2019,50
computing,Dublin,TCD,2019/2020,60
computing,Dublin,TCD,2020/2021,70
computing,Dublin,TCD,2021/2022,95
computing,Dublin,TCD,2022/2023,105
computing,Dublin,TCD,2023/2024,90
computing,Dublin,TCD,2024/2025,95
computing,Dublin,TU Dublin,2018/2019,305
computing,Dublin,TU Dublin,2019/2020,345
computing,Dublin,TU Dublin,2020/2021,355
computing,Dublin,TU Dublin,2021/2022,370
computing,Dublin,TU Dublin,2022/2023,435
computing,Dublin,TU Dublin,2023/2024,435
computing,Dublin,TU Dublin,2024/2025,405
computing,Dublin,TUS,2018/2019,0
computing,Dublin,TUS,2019/2020,0
computing,Dublin,TUS,2020/2021,0
computing,Dublin,TUS,2021/2022,0
computing,Dublin,TUS,2022/2023,0
computing,Dublin,TUS,2023/2024,0
computing,Dublin,TUS,2024/2025,0
computing,Dublin,UCD,2018/2019,55
computing,Dublin,UCD,2019/2020,70
computing,Dublin,UCD,2020/2021,90
computing,Dublin,UCD,2021/2022,85
computing,Dublin,UCD,2022/2023,100
computing,Dublin,UCD,2023/2024,100
computing,Dublin,UCD,2024/2025,70
computing,Kildare,DCU,2018/2019,5
computing,Kildare,DCU,2019/2020,10
computing,Kildare,DCU,2020/2021,10
computing,Kildare,DCU,2021/2022,10
computing,Kildare,DCU,2022/2023,15
computing,Kildare,DCU,2023/2024,10
computing,Kildare,DCU,2024/2025,15
computing,Kildare,DkIT,2018/2019,0
computing,Kildare,DkIT,2019/2020,0
computing,Kildare,DkIT,2020/2021,0
computing,Kildare,DkIT,2021/2022,0
computing,Kildare,DkIT,2022/2023,0
computing,Kildare,DkIT,2023/2024,0
computing,Kildare,DkIT,2024/2025,0
computing,Kildare,MU,2018/2019,20
computing,Kildare,MU,2019/2020,20
computing,Kildare,MU,2020/2021,30
computing,Kildare,MU,2021/2022,30
computing,Kildare,MU,2022/2023,30
computing,Kildare,MU,2023/2024,30
computing,Kildare,MU,2024/2025,40
computing,Kildare,SETU,2018/2019,25
computing,Kildare,SETU,2019/2020,25
computing,Kildare,SETU,2020/2021,30
computing,Kildare,SETU,2021/2022,30
computing,Kildare,SETU,2022/2023,25
computing,Kildare,SETU,2023/2024,25
computing,Kildare,SETU,2024/2025,25
computing,Kildare,TCD,2018/2019,5
computing,Kildare,TCD,2019/2020,5
computing,Kildare,TCD,2020/2021,10
computing,Kildare,TCD,2021/2022,10
computing,Kildare,TCD,2022/2023,10
computing,Kildare,TCD,2023/2024,15
computing,Kildare,TCD,2024/2025,10
computing,Kildare,TU Dublin,2018/2019,25
computing,Kildare,TU Dublin,2019/2020,35
computing,Kildare,TU Dublin,2020/2021,35
computing,Kildare,TU Dublin,2021/2022,35
computing,Kildare,TU Dublin,2022/2023,30
computing,Kildare,TU Dublin,2023/2024,35
computing,Kildare,TU Dublin,2024/2025,50
computing,Kildare,TUS,2018/2019,0
computing,Kildare,TUS,2019/2020,0
computing,Kildare,TUS,2020/2021,5
computing,Kildare,TUS,2021/2022,5
computing,Kildare,TUS,2022/2023,0
computing,Kildare,TUS,2023/2024,0
computing,Kildare,TUS,2024/2025,0
computing,Kildare,UCD,2018/2019,5
computing,Kildare,UCD,2019/2020,5
computing,Kildare,UCD,2020/2021,5
computing,Kildare,UCD,2021/2022,5
computing,Kildare,UCD,2022/2023,10
computing,Kildare,UCD,2023/2024,5
computing,Kildare,UCD,2024/2025,5
computing,Kilkenny,DCU,2018/2019,0
computing,Kilkenny,DCU,2019/2020,0
computing,Kilkenny,DCU,2020/2021,0
computing,Kilkenny,DCU,2021/2022,5
computing,Kilkenny,DCU,2022/2023,0
computing,Kilkenny,DCU,2023/2024,0
computing,Kilkenny,DCU,2024/2025,5
computing,Kilkenny,DkIT,2018/2019,0
computing,Kilkenny,DkIT,2019/2020,0
computing,Kilkenny,DkIT,2020/2021,0
computing,Kilkenny,DkIT,2021/2022,0
computing,Kilkenny,DkIT,2022/2023,0
computing,Kilkenny,DkIT,2023/2024,0
computing,Kilkenny,DkIT,2024/2025,0
computing,Kilkenny,MU,2018/2019,0
computing,Kilkenny,MU,2019/2020,0
computing,Kilkenny,MU,2020/2021,0
computing,Kilkenny,MU,2021/2022,0
computing,Kilkenny,MU,2022/2023,0
computing,Kilkenny,MU,2023/2024,0
computing,Kilkenny,MU,2024/2025,5
computing,Kilkenny,SETU,2018/2019,35
computing,Kilkenny,SETU,2019/2020,20
computing,Kilkenny,SETU,2020/2021,30
computing,Kilkenny,SETU,2021/2022,15
computing,Kilkenny,SETU,2022/2023,40
computing,Kilkenny,SETU,2023/2024,45
computing,Kilkenny,SETU,2024/2025,50
computing,Kilkenny,TCD,2018/2019,0
computing,Kilkenny,TCD,2019/2020,5
computing,Kilkenny,TCD,2020/2021,0
computing,Kilkenny,TCD,2021/2022,0
computing,Kilkenny,TCD,2022/2023,0
computing,Kilkenny,TCD,2023/2024,0
computing,Kilkenny,TCD,2024/2025,0
computing,Kilkenny,TU Dublin,2018/2019,0
computing,Kilkenny,TU Dublin,2019/2020,0
computing,Kilkenny,TU Dublin,2020/2021,5
computing,Kilkenny,TU Dublin,2021/2022,0
computing,Kilkenny,TU Dublin,2022/2023,0
computing,Kilkenny,TU Dublin,2023/2024,0
computing,Kilkenny,TU Dublin,2024/2025,0
computing,Kilkenny,TUS,2018/2019,0
computing,Kilkenny,TUS,2019/2020,0
computing,Kilkenny,TUS,2020/2021,0
computing,Kilkenny,TUS,2021/2022,0
computing,Kilkenny,TUS,2022/2023,0
computing,Kilkenny,TUS,2023/2024,0
computing,Kilkenny,TUS,2024/2025,0
computing,Kilkenny,UCD,2018/2019,0
computing,Kilkenny,UCD,2019/2020,0
computing,Kilkenny,UCD,2020/2021,0
computing,Kilkenny,UCD,2021/2022,0
computing,Kilkenny,UCD,2022/2023,0
computing,Kilkenny,UCD,2023/2024,0
computing,Kilkenny,UCD,2024/2025,0
computing,Laois,DCU,2018/2019,0
computing,Laois,DCU,2019/2020,5
computing,Laois,DCU,2020/2021,0
computing,Laois,DCU,2021/2022,0
computing,Laois,DCU,2022/2023,0
computing,Laois,DCU,2023/2024,5
computing,Laois,DCU,2024/2025,0
computing,Laois,DkIT,2018/2019,0
computing,Laois,DkIT,2019/2020,0
computing,Laois,DkIT,2020/2021,0
computing,Laois,DkIT,2021/2022,0
computing,Laois,DkIT,2022/2023,0
computing,Laois,DkIT,2023/2024,0
computing,Laois,DkIT,2024/2025,0
computing,Laois,MU,2018/2019,0
computing,Laois,MU,2019/2020,0
computing,Laois,MU,2020/2021,0
computing,Laois,MU,2021/2022,0
computing,Laois,MU,2022/2023,5
computing,Laois,MU,2023/2024,10
computing,Laois,MU,2024/2025,5
computing,Laois,SETU,2018/2019,25
computing,Laois,SETU,2019/2020,20
computing,Laois,SETU,2020/2021,20
computing,Laois,SETU,2021/2022,25
computing,Laois,SETU,2022/2023,20
computing,Laois,SETU,2023/2024,35
computing,Laois,SETU,2024/2025,30
computing,Laois,TCD,2018/2019,0
computing,Laois,TCD,2019/2020,0
computing,Laois,TCD,2020/2021,0
computing,Laois,TCD,2021/2022,5
computing,Laois,TCD,2022/2023,0
computing,Laois,TCD,2023/2024,0
computing,Laois,TCD,2024/2025,0
computing,Laois,TU Dublin,2018/2019,5
computing,Laois,TU Dublin,2019/2020,0
computing,Laois,TU Dublin,2020/2021,0
computing,Laois,TU Dublin,2021/2022,5
computing,Laois,TU Dublin,2022/2023,10
computing,Laois,TU Dublin,2023/2024,5
computing,Laois,TU Dublin,2024/2025,0
computing,Laois,TUS,2018/2019,0
computing,Laois,TUS,2019/2020,0
computing,Laois,TUS,2020/2021,10
computing,Laois,TUS,2021/2022,5
computing,Laois,TUS,2022/2023,5
computing,Laois,TUS,2023/2024,5
computing,Laois,TUS,2024/2025,0
computing,Laois,UCD,2018/2019,5
computing,Laois,UCD,2019/2020,5
computing,Laois,UCD,2020/2021,5
computing,Laois,UCD,2021/2022,5
computing,Laois,UCD,2022/2023,0
computing,Laois,UCD,2023/2024,0
computing,Laois,UCD,2024/2025,0
computing,Longford,DCU,2018/2019,0
computing,Longford,DCU,2019/2020,0
computing,Longford,DCU,2020/2021,0
computing,Longford,DCU,2021/2022,5
computing,Longford,DCU,2022/2023,5
computing,Longford,DCU,2023/2024,0
computing,Longford,DCU,2024/2025,0
computing,Longford,DkIT,2018/2019,0
computing,Longford,DkIT,2019/2020,0
computing,Longford,DkIT,2020/2021,0
computing,Longford,DkIT,2021/2022,0
computing,Longford,DkIT,2022/2023,0
computing,Longford,DkIT,2023/2024,0
computing,Longford,DkIT,2024/2025,0
computing,Longford,MU,2018/2019,0
computing,Longford,MU,2019/2020,5
computing,Longford,MU,2020/2021,5
computing,Longford,MU,2021/2022,5
computing,Longford,MU,2022/2023,5
computing,Longford,MU,2023/2024,0
computing,Longford,MU,2024/2025,5
computing,Longford,SETU,2018/2019,0
computing,Longford,SETU,2019/2020,0
computing,Longford,SETU,2020/2021,0
computing,Longford,SETU,2021/2022,0
computing,Longford,SETU,2022/2023,0
computing,Longford,SETU,2023/2024,0
computing,Longford,SETU,2024/2025,0
computing,Longford,TCD,2018/2019,0
computing,Longford,TCD,2019/2020,0
computing,Longford,TCD,2020/2021,0
computing,Longford,TCD,2021/2022,0
computing,Longford,TCD,2022/2023,0
computing,Longford,TCD,2023/2024,0
computing,Longford,TCD,2024/2025,0
computing,Longford,TU Dublin,2018/2019,0
computing,Longford,TU Dublin,2019/2020,0
computing,Longford,TU Dublin,2020/2021,0
computing,Longford,TU Dublin,2021/2022,0
computing,Longford,TU Dublin,2022/2023,5
computing,Longford,TU Dublin,2023/2024,0
computing,Longford,TU Dublin,2024/2025,5
computing,Longford,TUS,2018/2019,10
computing,Longford,TUS,2019/2020,10
computing,Longford,TUS,2020/2021,15
computing,Longford,TUS,2021/2022,10
computing,Longford,TUS,2022/2023,5
computing,Longford,TUS,2023/2024,5
computing,Longford,TUS,2024/2025,10
computing,Longford,UCD,2018/2019,0
computing,Longford,UCD,2019/2020,0
computing,Longford,UCD,2020/2021,0
computing,Longford,UCD,2021/2022,5
computing,Longford,UCD,2022/2023,0
computing,Longford,UCD,2023/2024,5
computing,Longford,UCD,2024/2025,0
computing,Louth,DCU,2018/2019,15
computing,Louth,DCU,2019/2020,15
computing,Louth,DCU,2020/2021,20
computing,Louth,DCU,2021/2022,15
computing,Louth,DCU,2022/2023,15
computing,Louth,DCU,2023/2024,25
computing,Louth,DCU,2024/2025,25
computing,Louth,DkIT,2018/2019,65
computing,Louth,DkIT,2019/2020,40
computing,Louth,DkIT,2020/2021,55
computing,Louth,DkIT,2021/2022,45
computing,Louth,DkIT,2022/2023,55
computing,Louth,DkIT,2023/2024,60
computing,Louth,DkIT,2024/2025,60
computing,Louth,MU,2018/2019,0
computing,Louth,MU,2019/2020,5
computing,Louth,MU,2020/2021,0
computing,Louth,MU,2021/2022,5
computing,Louth,MU,2022/2023,10
computing,Louth,MU,2023/2024,5
computing,Louth,MU,2024/2025,5
computing,Louth,SETU,2018/2019,0
computing,Louth,SETU,2019/2020,0
computing,Louth,SETU,2020/2021,0
computing,Louth,SETU,2021/2022,0
computing,Louth,SETU,2022/2023,0
computing,Louth,SETU,2023/2024,0
computing,Louth,SETU,2024/2025,0
computing,Louth,TCD,2018/2019,0
computing,Louth,TCD,2019/2020,5
computing,Louth,TCD,2020/2021,5
computing,Louth,TCD,2021/2022,5
computing,Louth,TCD,2022/2023,0
computing,Louth,TCD,2023/2024,0
computing,Louth,TCD,2024/2025,0
computing,Louth,TU Dublin,2018/2019,5
computing,Louth,TU Dublin,2019/2020,10
computing,Louth,TU Dublin,2020/2021,10
computing,Louth,TU Dublin,2021/2022,15
computing,Louth,TU Dublin,2022/2023,15
computing,Louth,TU Dublin,2023/2024,15
computing,Louth,TU Dublin,2024/2025,10
computing,Louth,TUS,2018/2019,0
computing,Louth,TUS,2019/2020,0
computing,Louth,TUS,2020/2021,0
computing,Louth,TUS,2021/2022,0
computing,Louth,TUS,2022/2023,0
computing,Louth,TUS,2023/2024,0
computing,Louth,TUS,2024/2025,0
computing,Louth,UCD,2018/2019,5
computing,Louth,UCD,2019/2020,5
computing,Louth,UCD,2020/2021,5
computing,Louth,UCD,2021/2022,5
computing,Louth,UCD,2022/2023,5
computing,Louth,UCD,2023/2024,5
computing,Louth,UCD,2024/2025,0
computing,Meath,DCU,2018/2019,20
computing,Meath,DCU,2019/2020,20
computing,Meath,DCU,2020/2021,30
computing,Meath,DCU,2021/2022,30
computing,Meath,DCU,2022/2023,35
computing,Meath,DCU,2023/2024,30
computing,Meath,DCU,2024/2025,25
computing,Meath,DkIT,2018/2019,15
computing,Meath,DkIT,2019/2020,15
computing,Meath,DkIT,2020/2021,15
computing,Meath,DkIT,2021/2022,10
computing,Meath,DkIT,2022/2023,10
computing,Meath,DkIT,2023/2024,15
computing,Meath,DkIT,2024/2025,20
computing,Meath,MU,2018/2019,10
computing,Meath,MU,2019/2020,5
computing,Meath,MU,2020/2021,15
computing,Meath,MU,2021/2022,25
computing,Meath,MU,2022/2023,25
computing,Meath,MU,2023/2024,15
computing,Meath,MU,2024/2025,25
computing,Meath,SETU,2018/2019,0
computing,Meath,SETU,2019/2020,0
computing,Meath,SETU,2020/2021,0
computing,Meath,SETU,2021/2022,5
computing,Meath,SETU,2022/2023,0
computing,Meath,SETU,2023/2024,0
computing,Meath,SETU,2024/2025,0
computing,Meath,TCD,2018/2019,10
computing,Meath,TCD,2019/2020,5
computing,Meath,TCD,2020/2021,5
computing,Meath,TCD,2021/2022,5
computing,Meath,TCD,2022/2023,5
computing,Meath,TCD,2023/2024,5
computing,Meath,TCD,2024/2025,5
computing,Meath,TU Dublin,2018/2019,30
computing,Meath,TU Dublin,2019/2020,45
computing,Meath,TU Dublin,2020/2021,40
computing,Meath,TU Dublin,2021/2022,45
computing,Meath,TU Dublin,2022/2023,35
computing,Meath,TU Dublin,2023/2024,40
computing,Meath,TU Dublin,2024/2025,50
computing,Meath,TUS,2018/2019,5
computing,Meath,TUS,2019/2020,0
computing,Meath,TUS,2020/2021,5
computing,Meath,TUS,2021/2022,0
computing,Meath,TUS,2022/2023,0
computing,Meath,TUS,2023/2024,0
computing,Meath,TUS,2024/2025,5
computing,Meath,UCD,2018/2019,10
computing,Meath,UCD,2019/2020,5
computing,Meath,UCD,2020/2021,5
computing,Meath,UCD,2021/2022,5
computing,Meath,UCD,2022/2023,5
computing,Meath,UCD,2023/2024,5
computing,Meath,UCD,2024/2025,5
computing,Monaghan,DCU,2018/2019,0
computing,Monaghan,DCU,2019/2020,5
computing,Monaghan,DCU,2020/2021,0
computing,Monaghan,DCU,2021/2022,5
computing,Monaghan,DCU,2022/2023,5
computing,Monaghan,DCU,2023/2024,0
computing,Monaghan,DCU,2024/2025,0
computing,Monaghan,DkIT,2018/2019,15
computing,Monaghan,DkIT,2019/2020,5
computing,Monaghan,DkIT,2020/2021,10
computing,Monaghan,DkIT,2021/2022,10
computing,Monaghan,DkIT,2022/2023,20
computing,Monaghan,DkIT,2023/2024,10
computing,Monaghan,DkIT,2024/2025,10
computing,Monaghan,MU,2018/2019,0
computing,Monaghan,MU,2019/2020,0
computing,Monaghan,MU,2020/2021,0
computing,Monaghan,MU,2021/2022,0
computing,Monaghan,MU,2022/2023,0
computing,Monaghan,MU,2023/2024,5
computing,Monaghan,MU,2024/2025,0
computing,Monaghan,SETU,2018/2019,0
computing,Monaghan,SETU,2019/2020,0
computing,Monaghan,SETU,2020/2021,0
computing,Monaghan,SETU,2021/2022,0
computing,Monaghan,SETU,2022/2023,0
computing,Monaghan,SETU,2023/2024,0
computing,Monaghan,SETU,2024/2025,0
computing,Monaghan,TCD,2018/2019,0
computing,Monaghan,TCD,2019/2020,0
computing,Monaghan,TCD,2020/2021,0
computing,Monaghan,TCD,2021/2022,0
computing,Monaghan,TCD,2022/2023,5
computing,Monaghan,TCD,2023/2024,0
computing,Monaghan,TCD,2024/2025,0
computing,Monaghan,TU Dublin,2018/2019,0
computing,Monaghan,TU Dublin,2019/2020,0
computing,Monaghan,TU Dublin,2020/2021,0
computing,Monaghan,TU Dublin,2021/2022,5
computing,Monaghan,TU Dublin,2022/2023,5
computing,Monaghan,TU Dublin,2023/2024,0
computing,Monaghan,TU Dublin,2024/2025,0
computing,Monaghan,TUS,2018/2019,0
computing,Monaghan,TUS,2019/2020,0
computing,Monaghan,TUS,2020/2021,0
computing,Monaghan,TUS,2021/2022,0
computing,Monaghan,TUS,2022/2023,0
computing,Monaghan,TUS,2023/2024,0
computing,Monaghan,TUS,2024/2025,5
computing,Monaghan,UCD,2018/2019,0
computing,Monaghan,UCD,2019/2020,5
computing,Monaghan,UCD,2020/2021,0
computing,Monaghan,UCD,2021/2022,0
computing,Monaghan,UCD,2022/2023,0
computing,Monaghan,UCD,2023/2024,0
computing,Monaghan,UCD,2024/2025,5
computing,Offaly,DCU,2018/2019,0
computing,Offaly,DCU,2019/2020,0
computing,Offaly,DCU,2020/2021,0
computing,Offaly,DCU,2021/2022,0
computing,Offaly,DCU,2022/2023,5
computing,Offaly,DCU,2023/2024,0
computing,Offaly,DCU,2024/2025,0
computing,Offaly,DkIT,2018/2019,0
computing,Offaly,DkIT,2019/2020,0
computing,Offaly,DkIT,2020/2021,0
computing,Offaly,DkIT,2021/2022,0
computing,Offaly,DkIT,2022/2023,0
computing,Offaly,DkIT,2023/2024,0
computing,Offaly,DkIT,2024/2025,0
computing,Offaly,MU,2018/2019,0
computing,Offaly,MU,2019/2020,5
computing,Offaly,MU,2020/2021,0
computing,Offaly,MU,2021/2022,0
computing,Offaly,MU,2022/2023,5
computing,Offaly,MU,2023/2024,5
computing,Offaly,MU,2024/2025,5
computing,Offaly,SETU,2018/2019,5
computing,Offaly,SETU,2019/2020,5
computing,Offaly,SETU,2020/2021,5
computing,Offaly,SETU,2021/2022,5
computing,Offaly,SETU,2022/2023,0
computing,Offaly,SETU,2023/2024,5
computing,Offaly,SETU,2024/2025,0
computing,Offaly,TCD,2018/2019,0
computing,Offaly,TCD,2019/2020,0
computing,Offaly,TCD,2020/2021,0
computing,Offaly,TCD,2021/2022,0
computing,Offaly,TCD,2022/2023,0
computing,Offaly,TCD,2023/2024,0
computing,Offaly,TCD,2024/2025,0
computing,Offaly,TU Dublin,2018/2019,0
computing,Offaly,TU Dublin,2019/2020,0
computing,Offaly,TU Dublin,2020/2021,0
computing,Offaly,TU Dublin,2021/2022,0
computing,Offaly,TU Dublin,2022/2023,5
computing,Offaly,TU Dublin,2023/2024,0
computing,Offaly,TU Dublin,2024/2025,0
computing,Offaly,TUS,2018/2019,15
computing,Offaly,TUS,2019/2020,30
computing,Offaly,TUS,2020/2021,30
computing,Offaly,TUS,2021/2022,20
computing,Offaly,TUS,2022/2023,15
computing,Offaly,TUS,2023/2024,15
computing,Offaly,TUS,2024/2025,15
computing,Offaly,UCD,2018/2019,0
computing,Offaly,UCD,2019/2020,0
computing,Offaly,UCD,2020/2021,0
computing,Offaly,UCD,2021/2022,0
computing,Offaly,UCD,2022/2023,0
computing,Offaly,UCD,2023/2024,0
computing,Offaly,UCD,2024/2025,0
computing,Westmeath,DCU,2018/2019,0
computing,Westmeath,DCU,2019/2020,0
computing,Westmeath,DCU,2020/2021,5
computing,Westmeath,DCU,2021/2022,5
computing,Westmeath,DCU,2022/2023,0
computing,Westmeath,DCU,2023/2024,0
computing,Westmeath,DCU,2024/2025,0
computing,Westmeath,DkIT,2018/2019,0
computing,Westmeath,DkIT,2019/2020,0
computing,Westmeath,DkIT,2020/2021,0
computing,Westmeath,DkIT,2021/2022,0
computing,Westmeath,DkIT,2022/2023,0
computing,Westmeath,DkIT,2023/2024,0
computing,Westmeath,DkIT,2024/2025,0
computing,Westmeath,MU,2018/2019,5
computing,Westmeath,MU,2019/2020,5
computing,Westmeath,MU,2020/2021,10
computing,Westmeath,MU,2021/2022,10
computing,Westmeath,MU,2022/2023,10
computing,Westmeath,MU,2023/2024,10
computing,Westmeath,MU,2024/2025,10
computing,Westmeath,SETU,2018/2019,0
computing,Westmeath,SETU,2019/2020,0
computing,Westmeath,SETU,2020/2021,0
computing,Westmeath,SETU,2021/2022,0
computing,Westmeath,SETU,2022/2023,0
computing,Westmeath,SETU,2023/2024,0
computing,Westmeath,SETU,2024/2025,0
computing,Westmeath,TCD,2018/2019,0
computing,Westmeath,TCD,2019/2020,0
computing,Westmeath,TCD,2020/2021,0
computing,Westmeath,TCD,2021/2022,0
computing,Westmeath,TCD,2022/2023,5
computing,Westmeath,TCD,2023/2024,0
computing,Westmeath,TCD,2024/2025,0
computing,Westmeath,TU Dublin,2018/2019,10
computing,Westmeath,TU Dublin,2019/2020,5
computing,Westmeath,TU Dublin,2020/2021,5
computing,Westmeath,TU Dublin,2021/2022,5
computing,Westmeath,TU Dublin,2022/2023,0
computing,Westmeath,TU Dublin,2023/2024,0
computing,Westmeath,TU Dublin,2024/2025,0
computing,Westmeath,TUS,2018/2019,25
computing,Westmeath,TUS,2019/2020,30
computing,Westmeath,TUS,2020/2021,30
computing,Westmeath,TUS,2021/2022,35
computing,Westmeath,TUS,2022/2023,20
computing,Westmeath,TUS,2023/2024,30
computing,Westmeath,TUS,2024/2025,25
computing,Westmeath,UCD,2018/2019,0
computing,Westmeath,UCD,2019/2020,5
computing,Westmeath,UCD,2020/2021,0
computing,Westmeath,UCD,2021/2022,5
computing,Westmeath,UCD,2022/2023,0
computing,Westmeath,UCD,2023/2024,0
computing,Westmeath,UCD,2024/2025,5
computing,Wicklow,DCU,2018/2019,5
computing,Wicklow,DCU,2019/2020,0
computing,Wicklow,DCU,2020/2021,5
computing,Wicklow,DCU,2021/2022,5
computing,Wicklow,DCU,2022/2023,5
computing,Wicklow,DCU,2023/2024,10
computing,Wicklow,DCU,2024/2025,5
computing,Wicklow,DkIT,2018/2019,0
computing,Wicklow,DkIT,2019/2020,0
computing,Wicklow,DkIT,2020/2021,0
computing,Wicklow,DkIT,2021/2022,0
computing,Wicklow,DkIT,2022/2023,0
computing,Wicklow,DkIT,2023/2024,0
computing,Wicklow,DkIT,2024/2025,0
computing,Wicklow,MU,2018/2019,0
computing,Wicklow,MU,2019/2020,0
computing,Wicklow,MU,2020/2021,0
computing,Wicklow,MU,2021/2022,5
computing,Wicklow,MU,2022/2023,5
computing,Wicklow,MU,2023/2024,5
computing,Wicklow,MU,2024/2025,5
computing,Wicklow,SETU,2018/2019,5
computing,Wicklow,SETU,2019/2020,5
computing,Wicklow,SETU,2020/2021,10
computing,Wicklow,SETU,2021/2022,10
computing,Wicklow,SETU,2022/2023,15
computing,Wicklow,SETU,2023/2024,15
computing,Wicklow,SETU,2024/2025,10
computing,Wicklow,TCD,2018/2019,5
computing,Wicklow,TCD,2019/2020,5
computing,Wicklow,TCD,2020/2021,5
computing,Wicklow,TCD,2021/2022,5
computing,Wicklow,TCD,2022/2023,5
computing,Wicklow,TCD,2023/2024,10
computing,Wicklow,TCD,2024/2025,5
computing,Wicklow,TU Dublin,2018/2019,30
computing,Wicklow,TU Dublin,2019/2020,20
computing,Wicklow,TU Dublin,2020/2021,30
computing,Wicklow,TU Dublin,2021/2022,30
computing,Wicklow,TU Dublin,2022/2023,25
computing,Wicklow,TU Dublin,2023/2024,25
computing,Wicklow,TU Dublin,2024/2025,35
computing,Wicklow,TUS,2018/2019,0
computing,Wicklow,TUS,2019/2020,0
computing,Wicklow,TUS,2020/2021,0
computing,Wicklow,TUS,2021/2022,0
computing,Wicklow,TUS,2022/2023,0
computing,Wicklow,TUS,2023/2024,0
computing,Wicklow,TUS,2024/2025,0
computing,Wicklow,UCD,2018/2019,10
computing,Wicklow,UCD,2019/2020,15
computing,Wicklow,UCD,2020/2021,15
computing,Wicklow,UCD,2021/2022,15
computing,Wicklow,UCD,2022/2023,10
computing,Wicklow,UCD,2023/2024,10
computing,Wicklow,UCD,2024/2025,5
computing,Carlow,DCU,2018/2019-2024/2025,10
computing,Carlow,DkIT,2018/2019-2024/2025,0
computing,Carlow,MU,2018/2019-2024/2025,5
computing,Carlow,SETU,2018/2019-2024/2025,175
computing,Carlow,TCD,2018/2019-2024/2025,0
computing,Carlow,TU Dublin,2018/2019-2024/2025,0
computing,Carlow,TUS,2018/2019-2024/2025,0
computing,Carlow,UCD,2018/2019-2024/2025,0
computing,Dublin,DCU,2018/2019-2024/2025,910
computing,Dublin,DkIT,2018/2019-2024/2025,85
computing,Dublin,MU,2018/2019-2024/2025,450
computing,Dublin,SETU,2018/2019-2024/2025,15
computing,Dublin,TCD,2018/2019-2024/2025,565
computing,Dublin,TU Dublin,2018/2019-2024/2025,2650
computing,Dublin,TUS,2018/2019-2024/2025,0
computing,Dublin,UCD,2018/2019-2024/2025,570
computing,Kildare,DCU,2018/2019-2024/2025,75
computing,Kildare,DkIT,2018/2019-2024/2025,0
computing,Kildare,MU,2018/2019-2024/2025,200
computing,Kildare,SETU,2018/2019-2024/2025,185
computing,Kildare,TCD,2018/2019-2024/2025,65
computing,Kildare,TU Dublin,2018/2019-2024/2025,245
computing,Kildare,TUS,2018/2019-2024/2025,10
computing,Kildare,UCD,2018/2019-2024/2025,40
computing,Kilkenny,DCU,2018/2019-2024/2025,10
computing,Kilkenny,DkIT,2018/2019-2024/2025,0
computing,Kilkenny,MU,2018/2019-2024/2025,5
computing,Kilkenny,SETU,2018/2019-2024/2025,235
computing,Kilkenny,TCD,2018/2019-2024/2025,5
computing,Kilkenny,TU Dublin,2018/2019-2024/2025,5
computing,Kilkenny,TUS,2018/2019-2024/2025,0
computing,Kilkenny,UCD,2018/2019-2024/2025,0
computing,Laois,DCU,2018/2019-2024/2025,10
computing,Laois,DkIT,2018/2019-2024/2025,0
computing,Laois,MU,2018/2019-2024/2025,20
computing,Laois,SETU,2018/2019-2024/2025,175
computing,Laois,TCD,2018/2019-2024/2025,5
computing,Laois,TU Dublin,2018/2019-2024/2025,25
computing,Laois,TUS,2018/2019-2024/2025,25
computing,Laois,UCD,2018/2019-2024/2025,20
computing,Longford,DCU,2018/2019-2024/2025,10
computing,Longford,DkIT,2018/2019-2024/2025,0
computing,Longford,MU,2018/2019-2024/2025,25
computing,Longford,SETU,2018/2019-2024/2025,0
computing,Longford,TCD,2018/2019-2024/2025,0
computing,Longford,TU Dublin,2018/2019-2024/2025,10
computing,Longford,TUS,2018/2019-2024/2025,65
computing,Longford,UCD,2018/2019-2024/2025,10
computing,Louth,DCU,2018/2019-2024/2025,130
computing,Louth,DkIT,2018/2019-2024/2025,380
computing,Louth,MU,2018/2019-2024/2025,30
computing,Louth,SETU,2018/2019-2024/2025,0
computing,Louth,TCD,2018/2019-2024/2025,15
computing,Louth,TU Dublin,2018/2019-2024/2025,80
computing,Louth,TUS,2018/2019-2024/2025,0
computing,Louth,UCD,2018/2019-2024/2025,30
computing,Meath,DCU,2018/2019-2024/2025,190
computing,Meath,DkIT,2018/2019-2024/2025,100
computing,Meath,MU,2018/2019-2024/2025,120
computing,Meath,SETU,2018/2019-2024/2025,5
computing,Meath,TCD,2018/2019-2024/2025,40
computing,Meath,TU Dublin,2018/2019-2024/2025,285
computing,Meath,TUS,2018/2019-2024/2025,15
computing,Meath,UCD,2018/2019-2024/2025,40
computing,Monaghan,DCU,2018/2019-2024/2025,15
computing,Monaghan,DkIT,2018/2019-2024/2025,80
computing,Monaghan,MU,2018/2019-2024/2025,5
computing,Monaghan,SETU,2018/2019-2024/2025,0
computing,Monaghan,TCD,2018/2019-2024/2025,5
computing,Monaghan,TU Dublin,2018/2019-2024/2025,10
computing,Monaghan,TUS,2018/2019-2024/2025,5
computing,Monaghan,UCD,2018/2019-2024/2025,10
computing,Offaly,DCU,2018/2019-2024/2025,5
computing,Offaly,DkIT,2018/2019-2024/2025,0
computing,Offaly,MU,2018/2019-2024/2025,20
computing,Offaly,SETU,2018/2019-2024/2025,25
computing,Offaly,TCD,2018/2019-2024/2025,0
computing,Offaly,TU Dublin,2018/2019-2024/2025,5
computing,Offaly,TUS,2018/2019-2024/2025,140
computing,Offaly,UCD,2018/2019-2024/2025,0
computing,Westmeath,DCU,2018/2019-2024/2025,10
computing,Westmeath,DkIT,2018/2019-2024/2025,0
computing,Westmeath,MU,2018/2019-2024/2025,60
computing,Westmeath,SETU,2018/2019-2024/2025,0
computing,Westmeath,TCD,2018/2019-2024/2025,5
computing,Westmeath,TU Dublin,2018/2019-2024/2025,25
computing,Westmeath,TUS,2018/2019-2024/2025,195
computing,Westmeath,UCD,2018/2019-2024/2025,15
computing,Wicklow,DCU,2018/2019-2024/2025,35
computing,Wicklow,DkIT,2018/2019-2024/2025,0
computing,Wicklow,MU,2018/2019-2024/2025,20
computing,Wicklow,SETU,2018/2019-2024/2025,70
computing,Wicklow,TCD,2018/2019-2024/2025,40
computing,Wicklow,TU Dublin,2018/2019-2024/2025,195
computing,Wicklow,TUS,2018/2019-2024/2025,0
computing,Wicklow,UCD,2018/2019-2024/2025,80
natural_sciences,Carlow,DCU,2018/2019,5
natural_sciences,Carlow,DCU,2019/2020,5
natural_sciences,Carlow,DCU,2020/2021,5
natural_sciences,Carlow,DCU,2021/2022,0
natural_sciences,Carlow,DCU,2022/2023,0
natural_sciences,Carlow,DCU,2023/2024,0
natural_sciences,Carlow,DCU,2024/2025,5
natural_sciences,Carlow,DkIT,2018/2019,0
natural_sciences,Carlow,DkIT,2019/2020,0
natural_sciences,Carlow,DkIT,2020/2021,0
natural_sciences,Carlow,DkIT,2021/2022,0
natural_sciences,Carlow,DkIT,2022/2023,0
natural_sciences,Carlow,DkIT,2023/2024,0
natural_sciences,Carlow,DkIT,2024/2025,0
natural_sciences,Carlow,MU,2018/2019,10
natural_sciences,Carlow,MU,2019/2020,10
natural_sciences,Carlow,MU,2020/2021,5
natural_sciences,Carlow,MU,2021/2022,5
natural_sciences,Carlow,MU,2022/2023,15
natural_sciences,Carlow,MU,2023/2024,5
natural_sciences,Carlow,MU,2024/2025,5
natural_sciences,Carlow,SETU,2018/2019,20
natural_sciences,Carlow,SETU,2019/2020,20
natural_sciences,Carlow,SETU,2020/2021,10
natural_sciences,Carlow,SETU,2021/2022,20
natural_sciences,Carlow,SETU,2022/2023,20
natural_sciences,Carlow,SETU,2023/2024,15
natural_sciences,Carlow,SETU,2024/2025,25
natural_sciences,Carlow,TCD,2018/2019,5
natural_sciences,Carlow,TCD,2019/2020,5
natural_sciences,Carlow,TCD,2020/2021,5
natural_sciences,Carlow,TCD,2021/2022,5
natural_sciences,Carlow,TCD,2022/2023,0
natural_sciences,Carlow,TCD,2023/2024,0
natural_sciences,Carlow,TCD,2024/2025,0
natural_sciences,Carlow,TU Dublin,2018/2019,0
natural_sciences,Carlow,TU Dublin,2019/2020,0
natural_sciences,Carlow,TU Dublin,2020/2021,5
natural_sciences,Carlow,TU Dublin,2021/2022,5
natural_sciences,Carlow,TU Dublin,2022/2023,0
natural_sciences,Carlow,TU Dublin,2023/2024,5
natural_sciences,Carlow,TU Dublin,2024/2025,0
natural_sciences,Carlow,TUS,2018/2019,0
natural_sciences,Carlow,TUS,2019/2020,0
natural_sciences,Carlow,TUS,2020/2021,0
natural_sciences,Carlow,TUS,2021/2022,0
natural_sciences,Carlow,TUS,2022/2023,0
natural_sciences,Carlow,TUS,2023/2024,0
natural_sciences,Carlow,TUS,2024/2025,0
natural_sciences,Carlow,UCD,2018/2019,5
natural_sciences,Carlow,UCD,2019/2020,5
natural_sciences,Carlow,UCD,2020/2021,10
natural_sciences,Carlow,UCD,2021/2022,5
natural_sciences,Carlow,UCD,2022/2023,5
natural_sciences,Carlow,UCD,2023/2024,5
natural_sciences,Carlow,UCD,2024/2025,5
natural_sciences,Dublin,DCU,2018/2019,115
natural_sciences,Dublin,DCU,2019/2020,125
natural_sciences,Dublin,DCU,2020/2021,110
natural_sciences,Dublin,DCU,2021/2022,170
natural_sciences,Dublin,DCU,2022/2023,185
natural_sciences,Dublin,DCU,2023/2024,215
natural_sciences,Dublin,DCU,2024/2025,220
natural_sciences,Dublin,DkIT,2018/2019,5
natural_sciences,Dublin,DkIT,2019/2020,5
natural_sciences,Dublin,DkIT,2020/2021,5
natural_sciences,Dublin,DkIT,2021/2022,5
natural_sciences,Dublin,DkIT,2022/2023,10
natural_sciences,Dublin,DkIT,2023/2024,10
natural_sciences,Dublin,DkIT,2024/2025,10
natural_sciences,Dublin,MU,2018/2019,105
natural_sciences,Dublin,MU,2019/2020,120
natural_sciences,Dublin,MU,2020/2021,115
natural_sciences,Dublin,MU,2021/2022,120
natural_sciences,Dublin,MU,2022/2023,150
natural_sciences,Dublin,MU,2023/2024,130
natural_sciences,Dublin,MU,2024/2025,125
natural_sciences,Dublin,SETU,2018/2019,0
natural_sciences,Dublin,SETU,2019/2020,5
natural_sciences,Dublin,SETU,2020/2021,5
natural_sciences,Dublin,SETU,2021/2022,5
natural_sciences,Dublin,SETU,2022/2023,0
natural_sciences,Dublin,SETU,2023/2024,0
natural_sciences,Dublin,SETU,2024/2025,0
natural_sciences,Dublin,TCD,2018/2019,215
natural_sciences,Dublin,TCD,2019/2020,210
natural_sciences,Dublin,TCD,2020/2021,255
natural_sciences,Dublin,TCD,2021/2022,245
natural_sciences,Dublin,TCD,2022/2023,225
natural_sciences,Dublin,TCD,2023/2024,230
natural_sciences,Dublin,TCD,2024/2025,230
natural_sciences,Dublin,TU Dublin,2018/2019,325
natural_sciences,Dublin,TU Dublin,2019/2020,300
natural_sciences,Dublin,TU Dublin,2020/2021,265
natural_sciences,Dublin,TU Dublin,2021/2022,295
natural_sciences,Dublin,TU Dublin,2022/2023,265
natural_sciences,Dublin,TU Dublin,2023/2024,320
natural_sciences,Dublin,TU Dublin,2024/2025,335
natural_sciences,Dublin,TUS,2018/2019,5
natural_sciences,Dublin,TUS,2019/2020,10
natural_sciences,Dublin,TUS,2020/2021,5
natural_sciences,Dublin,TUS,2021/2022,10
natural_sciences,Dublin,TUS,2022/2023,10
natural_sciences,Dublin,TUS,2023/2024,5
natural_sciences,Dublin,TUS,2024/2025,5
natural_sciences,Dublin,UCD,2018/2019,225
natural_sciences,Dublin,UCD,2019/2020,245
natural_sciences,Dublin,UCD,2020/2021,310
natural_sciences,Dublin,UCD,2021/2022,325
natural_sciences,Dublin,UCD,2022/2023,320
natural_sciences,Dublin,UCD,2023/2024,350
natural_sciences,Dublin,UCD,2024/2025,330
natural_sciences,Kildare,DCU,2018/2019,20
natural_sciences,Kildare,DCU,2019/2020,20
natural_sciences,Kildare,DCU,2020/2021,20
natural_sciences,Kildare,DCU,2021/2022,20
natural_sciences,Kildare,DCU,2022/2023,25
natural_sciences,Kildare,DCU,2023/2024,25
natural_sciences,Kildare,DCU,2024/2025,35
natural_sciences,Kildare,DkIT,2018/2019,0
natural_sciences,Kildare,DkIT,2019/2020,0
natural_sciences,Kildare,DkIT,2020/2021,0
natural_sciences,Kildare,DkIT,2021/2022,0
natural_sciences,Kildare,DkIT,2022/2023,0
natural_sciences,Kildare,DkIT,2023/2024,0
natural_sciences,Kildare,DkIT,2024/2025,0
natural_sciences,Kildare,MU,2018/2019,90
natural_sciences,Kildare,MU,2019/2020,70
natural_sciences,Kildare,MU,2020/2021,95
natural_sciences,Kildare,MU,2021/2022,80
natural_sciences,Kildare,MU,2022/2023,95
natural_sciences,Kildare,MU,2023/2024,95
natural_sciences,Kildare,MU,2024/2025,85
natural_sciences,Kildare,SETU,2018/2019,15
natural_sciences,Kildare,SETU,2019/2020,15
natural_sciences,Kildare,SETU,2020/2021,5
natural_sciences,Kildare,SETU,2021/2022,15
natural_sciences,Kildare,SETU,2022/2023,15
natural_sciences,Kildare,SETU,2023/2024,5
natural_sciences,Kildare,SETU,2024/2025,15
natural_sciences,Kildare,TCD,2018/2019,30
natural_sciences,Kildare,TCD,2019/2020,35
natural_sciences,Kildare,TCD,2020/2021,40
natural_sciences,Kildare,TCD,2021/2022,30
natural_sciences,Kildare,TCD,2022/2023,30
natural_sciences,Kildare,TCD,2023/2024,35
natural_sciences,Kildare,TCD,2024/2025,35
natural_sciences,Kildare,TU Dublin,2018/2019,25
natural_sciences,Kildare,TU Dublin,2019/2020,35
natural_sciences,Kildare,TU Dublin,2020/2021,35
natural_sciences,Kildare,TU Dublin,2021/2022,50
natural_sciences,Kildare,TU Dublin,2022/2023,45
natural_sciences,Kildare,TU Dublin,2023/2024,45
natural_sciences,Kildare,TU Dublin,2024/2025,60
natural_sciences,Kildare,TUS,2018/2019,5
natural_sciences,Kildare,TUS,2019/2020,5
natural_sciences,Kildare,TUS,2020/2021,5
natural_sciences,Kildare,TUS,2021/2022,5
natural_sciences,Kildare,TUS,2022/2023,5
natural_sciences,Kildare,TUS,2023/2024,5
natural_sciences,Kildare,TUS,2024/2025,5
natural_sciences,Kildare,UCD,2018/2019,30
natural_sciences,Kildare,UCD,2019/2020,35
natural_sciences,Kildare,UCD,2020/2021,35
natural_sciences,Kildare,UCD,2021/2022,35
natural_sciences,Kildare,UCD,2022/2023,40
natural_sciences,Kildare,UCD,2023/2024,45
natural_sciences,Kildare,UCD,2024/2025,40
natural_sciences,Kilkenny,DCU,2018/2019,5
natural_sciences,Kilkenny,DCU,2019/2020,5
natural_sciences,Kilkenny,DCU,2020/2021,0
natural_sciences,Kilkenny,DCU,2021/2022,5
natural_sciences,Kilkenny,DCU,2022/2023,5
natural_sciences,Kilkenny,DCU,2023/2024,5
natural_sciences,Kilkenny,DCU,2024/2025,5
natural_sciences,Kilkenny,DkIT,2018/2019,0
natural_sciences,Kilkenny,DkIT,2019/2020,0
natural_sciences,Kilkenny,DkIT,2020/2021,0
natural_sciences,Kilkenny,DkIT,2021/2022,0
natural_sciences,Kilkenny,DkIT,2022/2023,0
natural_sciences,Kilkenny,DkIT,2023/2024,0
natural_sciences,Kilkenny,DkIT,2024/2025,0
natural_sciences,Kilkenny,MU,2018/2019,10
natural_sciences,Kilkenny,MU,2019/2020,5
natural_sciences,Kilkenny,MU,2020/2021,5
natural_sciences,Kilkenny,MU,2021/2022,10
natural_sciences,Kilkenny,MU,2022/2023,15
natural_sciences,Kilkenny,MU,2023/2024,5
natural_sciences,Kilkenny,MU,2024/2025,5
natural_sciences,Kilkenny,SETU,2018/2019,10
natural_sciences,Kilkenny,SETU,2019/2020,15
natural_sciences,Kilkenny,SETU,2020/2021,10
natural_sciences,Kilkenny,SETU,2021/2022,15
natural_sciences,Kilkenny,SETU,2022/2023,20
natural_sciences,Kilkenny,SETU,2023/2024,15
natural_sciences,Kilkenny,SETU,2024/2025,15
natural_sciences,Kilkenny,TCD,2018/2019,10
natural_sciences,Kilkenny,TCD,2019/2020,0
natural_sciences,Kilkenny,TCD,2020/2021,10
natural_sciences,Kilkenny,TCD,2021/2022,5
natural_sciences,Kilkenny,TCD,2022/2023,5
natural_sciences,Kilkenny,TCD,2023/2024,0
natural_sciences,Kilkenny,TCD,2024/2025,0
natural_sciences,Kilkenny,TU Dublin,2018/2019,0
natural_sciences,Kilkenny,TU Dublin,2019/2020,0
natural_sciences,Kilkenny,TU Dublin,2020/2021,0
natural_sciences,Kilkenny,TU Dublin,2021/2022,0
natural_sciences,Kilkenny,TU Dublin,2022/2023,0
natural_sciences,Kilkenny,TU Dublin,2023/2024,5
natural_sciences,Kilkenny,TU Dublin,2024/2025,0
natural_sciences,Kilkenny,TUS,2018/2019,0
natural_sciences,Kilkenny,TUS,2019/2020,0
natural_sciences,Kilkenny,TUS,2020/2021,0
natural_sciences,Kilkenny,TUS,2021/2022,5
natural_sciences,Kilkenny,TUS,2022/2023,0
natural_sciences,Kilkenny,TUS,2023/2024,0
natural_sciences,Kilkenny,TUS,2024/2025,0
natural_sciences,Kilkenny,UCD,2018/2019,20
natural_sciences,Kilkenny,UCD,2019/2020,15
natural_sciences,Kilkenny,UCD,2020/2021,20
natural_sciences,Kilkenny,UCD,2021/2022,10
natural_sciences,Kilkenny,UCD,2022/2023,20
natural_sciences,Kilkenny,UCD,2023/2024,10
natural_sciences,Kilkenny,UCD,2024/2025,15
natural_sciences,Laois,DCU,2018/2019,5
natural_sciences,Laois,DCU,2019/2020,5
natural_sciences,Laois,DCU,2020/2021,0
natural_sciences,Laois,DCU,2021/2022,0
natural_sciences,Laois,DCU,2022/2023,5
natural_sciences,Laois,DCU,2023/2024,0
natural_sciences,Laois,DCU,2024/2025,5
natural_sciences,Laois,DkIT,2018/2019,0
natural_sciences,Laois,DkIT,2019/2020,0
natural_sciences,Laois,DkIT,2020/2021,0
natural_sciences,Laois,DkIT,2021/2022,0
natural_sciences,Laois,DkIT,2022/2023,0
natural_sciences,Laois,DkIT,2023/2024,0
natural_sciences,Laois,DkIT,2024/2025,0
natural_sciences,Laois,MU,2018/2019,5
natural_sciences,Laois,MU,2019/2020,5
natural_sciences,Laois,MU,2020/2021,10
natural_sciences,Laois,MU,2021/2022,10
natural_sciences,Laois,MU,2022/2023,5
natural_sciences,Laois,MU,2023/2024,20
natural_sciences,Laois,MU,2024/2025,15
natural_sciences,Laois,SETU,2018/2019,10
natural_sciences,Laois,SETU,2019/2020,15
natural_sciences,Laois,SETU,2020/2021,5
natural_sciences,Laois,SETU,2021/2022,10
natural_sciences,Laois,SETU,2022/2023,10
natural_sciences,Laois,SETU,2023/2024,15
natural_sciences,Laois,SETU,2024/2025,5
natural_sciences,Laois,TCD,2018/2019,5
natural_sciences,Laois,TCD,2019/2020,0
natural_sciences,Laois,TCD,2020/2021,10
natural_sciences,Laois,TCD,2021/2022,5
natural_sciences,Laois,TCD,2022/2023,10
natural_sciences,Laois,TCD,2023/2024,5
natural_sciences,Laois,TCD,2024/2025,5
natural_sciences,Laois,TU Dublin,2018/2019,5
natural_sciences,Laois,TU Dublin,2019/2020,0
natural_sciences,Laois,TU Dublin,2020/2021,10
natural_sciences,Laois,TU Dublin,2021/2022,5
natural_sciences,Laois,TU Dublin,2022/2023,5
natural_sciences,Laois,TU Dublin,2023/2024,5
natural_sciences,Laois,TU Dublin,2024/2025,5
natural_sciences,Laois,TUS,2018/2019,5
natural_sciences,Laois,TUS,2019/2020,10
natural_sciences,Laois,TUS,2020/2021,5
natural_sciences,Laois,TUS,2021/2022,5
natural_sciences,Laois,TUS,2022/2023,5
natural_sciences,Laois,TUS,2023/2024,5
natural_sciences,Laois,TUS,2024/2025,5
natural_sciences,Laois,UCD,2018/2019,5
natural_sciences,Laois,UCD,2019/2020,5
natural_sciences,Laois,UCD,2020/2021,10
natural_sciences,Laois,UCD,2021/2022,10
natural_sciences,Laois,UCD,2022/2023,5
natural_sciences,Laois,UCD,2023/2024,10
natural_sciences,Laois,UCD,2024/2025,10
natural_sciences,Longford,DCU,2018/2019,5
natural_sciences,Longford,DCU,2019/2020,0
natural_sciences,Longford,DCU,2020/2021,0
natural_sciences,Longford,DCU,2021/2022,0
natural_sciences,Longford,DCU,2022/2023,0
natural_sciences,Longford,DCU,2023/2024,5
natural_sciences,Longford,DCU,2024/2025,0
natural_sciences,Longford,DkIT,2018/2019,0
natural_sciences,Longford,DkIT,2019/2020,0
natural_sciences,Longford,DkIT,2020/2021,0
natural_sciences,Longford,DkIT,2021/2022,0
natural_sciences,Longford,DkIT,2022/2023,0
natural_sciences,Longford,DkIT,2023/2024,0
natural_sciences,Longford,DkIT,2024/2025,0
natural_sciences,Longford,MU,2018/2019,10
natural_sciences,Longford,MU,2019/2020,5
natural_sciences,Longford,MU,2020/2021,5
natural_sciences,Longford,MU,2021/2022,5
natural_sciences,Longford,MU,2022/2023,0
natural_sciences,Longford,MU,2023/2024,10
natural_sciences,Longford,MU,2024/2025,5
natural_sciences,Longford,SETU,2018/2019,0
natural_sciences,Longford,SETU,2019/2020,0
natural_sciences,Longford,SETU,2020/2021,0
natural_sciences,Longford,SETU,2021/2022,0
natural_sciences,Longford,SETU,2022/2023,0
natural_sciences,Longford,SETU,2023/2024,0
natural_sciences,Longford,SETU,2024/2025,0
natural_sciences,Longford,TCD,2018/2019,0
natural_sciences,Longford,TCD,2019/2020,0
natural_sciences,Longford,TCD,2020/2021,5
natural_sciences,Longford,TCD,2021/2022,0
natural_sciences,Longford,TCD,2022/2023,0
natural_sciences,Longford,TCD,2023/2024,0
natural_sciences,Longford,TCD,2024/2025,0
natural_sciences,Longford,TU Dublin,2018/2019,0
natural_sciences,Longford,TU Dublin,2019/2020,5
natural_sciences,Longford,TU Dublin,2020/2021,0
natural_sciences,Longford,TU Dublin,2021/2022,0
natural_sciences,Longford,TU Dublin,2022/2023,5
natural_sciences,Longford,TU Dublin,2023/2024,0
natural_sciences,Longford,TU Dublin,2024/2025,0
natural_sciences,Longford,TUS,2018/2019,10
natural_sciences,Longford,TUS,2019/2020,5
natural_sciences,Longford,TUS,2020/2021,5
natural_sciences,Longford,TUS,2021/2022,0
natural_sciences,Longford,TUS,2022/2023,0
natural_sciences,Longford,TUS,2023/2024,5
natural_sciences,Longford,TUS,2024/2025,5
natural_sciences,Longford,UCD,2018/2019,5
natural_sciences,Longford,UCD,2019/2020,0
natural_sciences,Longford,UCD,2020/2021,0
natural_sciences,Longford,UCD,2021/2022,10
natural_sciences,Longford,UCD,2022/2023,0
natural_sciences,Longford,UCD,2023/2024,5
natural_sciences,Longford,UCD,2024/2025,5
natural_sciences,Louth,DCU,2018/2019,15
natural_sciences,Louth,DCU,2019/2020,15
natural_sciences,Louth,DCU,2020/2021,30
natural_sciences,Louth,DCU,2021/2022,25
natural_sciences,Louth,DCU,2022/2023,25
natural_sciences,Louth,DCU,2023/2024,20
natural_sciences,Louth,DCU,2024/2025,20
natural_sciences,Louth,DkIT,2018/2019,20
natural_sciences,Louth,DkIT,2019/2020,35
natural_sciences,Louth,DkIT,2020/2021,30
natural_sciences,Louth,DkIT,2021/2022,20
natural_sciences,Louth,DkIT,2022/2023,40
natural_sciences,Louth,DkIT,2023/2024,25
natural_sciences,Louth,DkIT,2024/2025,25
natural_sciences,Louth,MU,2018/2019,15
natural_sciences,Louth,MU,2019/2020,15
natural_sciences,Louth,MU,2020/2021,30
natural_sciences,Louth,MU,2021/2022,20
natural_sciences,Louth,MU,2022/2023,15
natural_sciences,Louth,MU,2023/2024,20
natural_sciences,Louth,MU,2024/2025,10
natural_sciences,Louth,SETU,2018/2019,0
natural_sciences,Louth,SETU,2019/2020,0
natural_sciences,Louth,SETU,2020/2021,0
natural_sciences,Louth,SETU,2021/2022,0
natural_sciences,Louth,SETU,2022/2023,0
natural_sciences,Louth,SETU,2023/2024,0
natural_sciences,Louth,SETU,2024/2025,0
natural_sciences,Louth,TCD,2018/2019,15
natural_sciences,Louth,TCD,2019/2020,15
natural_sciences,Louth,TCD,2020/2021,20
natural_sciences,Louth,TCD,2021/2022,15
natural_sciences,Louth,TCD,2022/2023,15
natural_sciences,Louth,TCD,2023/2024,15
natural_sciences,Louth,TCD,2024/2025,15
natural_sciences,Louth,TU Dublin,2018/2019,10
natural_sciences,Louth,TU Dublin,2019/2020,20
natural_sciences,Louth,TU Dublin,2020/2021,5
natural_sciences,Louth,TU Dublin,2021/2022,10
natural_sciences,Louth,TU Dublin,2022/2023,20
natural_sciences,Louth,TU Dublin,2023/2024,5
natural_sciences,Louth,TU Dublin,2024/2025,10
natural_sciences,Louth,TUS,2018/2019,0
natural_sciences,Louth,TUS,2019/2020,0
natural_sciences,Louth,TUS,2020/2021,0
natural_sciences,Louth,TUS,2021/2022,0
natural_sciences,Louth,TUS,2022/2023,0
natural_sciences,Louth,TUS,2023/2024,0
natural_sciences,Louth,TUS,2024/2025,0
natural_sciences,Louth,UCD,2018/2019,15
natural_sciences,Louth,UCD,2019/2020,10
natural_sciences,Louth,UCD,2020/2021,25
natural_sciences,Louth,UCD,2021/2022,10
natural_sciences,Louth,UCD,2022/2023,15
natural_sciences,Louth,UCD,2023/2024,10
natural_sciences,Louth,UCD,2024/2025,10
natural_sciences,Meath,DCU,2018/2019,25
natural_sciences,Meath,DCU,2019/2020,35
natural_sciences,Meath,DCU,2020/2021,30
natural_sciences,Meath,DCU,2021/2022,30
natural_sciences,Meath,DCU,2022/2023,40
natural_sciences,Meath,DCU,2023/2024,50
natural_sciences,Meath,DCU,2024/2025,45
natural_sciences,Meath,DkIT,2018/2019,10
natural_sciences,Meath,DkIT,2019/2020,10
natural_sciences,Meath,DkIT,2020/2021,10
natural_sciences,Meath,DkIT,2021/2022,5
natural_sciences,Meath,DkIT,2022/2023,10
natural_sciences,Meath,DkIT,2023/2024,5
natural_sciences,Meath,DkIT,2024/2025,5
natural_sciences,Meath,MU,2018/2019,55
natural_sciences,Meath,MU,2019/2020,55
natural_sciences,Meath,MU,2020/2021,60
natural_sciences,Meath,MU,2021/2022,50
natural_sciences,Meath,MU,2022/2023,60
natural_sciences,Meath,MU,2023/2024,75
natural_sciences,Meath,MU,2024/2025,50
natural_sciences,Meath,SETU,2018/2019,0
natural_sciences,Meath,SETU,2019/2020,0
natural_sciences,Meath,SETU,2020/2021,0
natural_sciences,Meath,SETU,2021/2022,0
natural_sciences,Meath,SETU,2022/2023,0
natural_sciences,Meath,SETU,2023/2024,0
natural_sciences,Meath,SETU,2024/2025,0
natural_sciences,Meath,TCD,2018/2019,35
natural_sciences,Meath,TCD,2019/2020,25
natural_sciences,Meath,TCD,2020/2021,35
natural_sciences,Meath,TCD,2021/2022,35
natural_sciences,Meath,TCD,2022/2023,30
natural_sciences,Meath,TCD,2023/2024,20
natural_sciences,Meath,TCD,2024/2025,25
natural_sciences,Meath,TU Dublin,2018/2019,25
natural_sciences,Meath,TU Dublin,2019/2020,30
natural_sciences,Meath,TU Dublin,2020/2021,30
natural_sciences,Meath,TU Dublin,2021/2022,30
natural_sciences,Meath,TU Dublin,2022/2023,35
natural_sciences,Meath,TU Dublin,2023/2024,40
natural_sciences,Meath,TU Dublin,2024/2025,45
natural_sciences,Meath,TUS,2018/2019,10
natural_sciences,Meath,TUS,2019/2020,5
natural_sciences,Meath,TUS,2020/2021,5
natural_sciences,Meath,TUS,2021/2022,5
natural_sciences,Meath,TUS,2022/2023,5
natural_sciences,Meath,TUS,2023/2024,5
natural_sciences,Meath,TUS,2024/2025,10
natural_sciences,Meath,UCD,2018/2019,35
natural_sciences,Meath,UCD,2019/2020,35
natural_sciences,Meath,UCD,2020/2021,25
natural_sciences,Meath,UCD,2021/2022,25
natural_sciences,Meath,UCD,2022/2023,30
natural_sciences,Meath,UCD,2023/2024,25
natural_sciences,Meath,UCD,2024/2025,20
natural_sciences,Monaghan,DCU,2018/2019,10
natural_sciences,Monaghan,DCU,2019/2020,0
natural_sciences,Monaghan,DCU,2020/2021,0
natural_sciences,Monaghan,DCU,2021/2022,10
natural_sciences,Monaghan,DCU,2022/2023,5
natural_sciences,Monaghan,DCU,2023/2024,5
natural_sciences,Monaghan,DCU,2024/2025,5
natural_sciences,Monaghan,DkIT,2018/2019,0
natural_sciences,Monaghan,DkIT,2019/2020,5
natural_sciences,Monaghan,DkIT,2020/2021,5
natural_sciences,Monaghan,DkIT,2021/2022,5
natural_sciences,Monaghan,DkIT,2022/2023,10
natural_sciences,Monaghan,DkIT,2023/2024,5
natural_sciences,Monaghan,DkIT,2024/2025,0
natural_sciences,Monaghan,MU,2018/2019,5
natural_sciences,Monaghan,MU,2019/2020,10
natural_sciences,Monaghan,MU,2020/2021,10
natural_sciences,Monaghan,MU,2021/2022,5
natural_sciences,Monaghan,MU,2022/2023,10
natural_sciences,Monaghan,MU,2023/2024,5
natural_sciences,Monaghan,MU,2024/2025,10
natural_sciences,Monaghan,SETU,2018/2019,0
natural_sciences,Monaghan,SETU,2019/2020,0
natural_sciences,Monaghan,SETU,2020/2021,0
natural_sciences,Monaghan,SETU,2021/2022,0
natural_sciences,Monaghan,SETU,2022/2023,0
natural_sciences,Monaghan,SETU,2023/2024,0
natural_sciences,Monaghan,SETU,2024/2025,0
natural_sciences,Monaghan,TCD,2018/2019,0
natural_sciences,Monaghan,TCD,2019/2020,5
natural_sciences,Monaghan,TCD,2020/2021,0
natural_sciences,Monaghan,TCD,2021/2022,5
natural_sciences,Monaghan,TCD,2022/2023,5
natural_sciences,Monaghan,TCD,2023/2024,0
natural_sciences,Monaghan,TCD,2024/2025,5
natural_sciences,Monaghan,TU Dublin,2018/2019,0
natural_sciences,Monaghan,TU Dublin,2019/2020,0
natural_sciences,Monaghan,TU Dublin,2020/2021,0
natural_sciences,Monaghan,TU Dublin,2021/2022,0
natural_sciences,Monaghan,TU Dublin,2022/2023,0
natural_sciences,Monaghan,TU Dublin,2023/2024,0
natural_sciences,Monaghan,TU Dublin,2024/2025,0
natural_sciences,Monaghan,TUS,2018/2019,0
natural_sciences,Monaghan,TUS,2019/2020,5
natural_sciences,Monaghan,TUS,2020/2021,0
natural_sciences,Monaghan,TUS,2021/2022,0
natural_sciences,Monaghan,TUS,2022/2023,0
natural_sciences,Monaghan,TUS,2023/2024,0
natural_sciences,Monaghan,TUS,2024/2025,0
natural_sciences,Monaghan,UCD,2018/2019,10
natural_sciences,Monaghan,UCD,2019/2020,10
natural_sciences,Monaghan,UCD,2020/2021,10
natural_sciences,Monaghan,UCD,2021/2022,5
natural_sciences,Monaghan,UCD,2022/2023,5
natural_sciences,Monaghan,UCD,2023/2024,5
natural_sciences,Monaghan,UCD,2024/2025,5
natural_sciences,Offaly,DCU,2018/2019,0
natural_sciences,Offaly,DCU,2019/2020,0
natural_sciences,Offaly,DCU,2020/2021,0
natural_sciences,Offaly,DCU,2021/2022,5
natural_sciences,Offaly,DCU,2022/2023,5
natural_sciences,Offaly,DCU,2023/2024,5
natural_sciences,Offaly,DCU,2024/2025,5
natural_sciences,Offaly,DkIT,2018/2019,0
natural_sciences,Offaly,DkIT,2019/2020,0
natural_sciences,Offaly,DkIT,2020/2021,0
natural_sciences,Offaly,DkIT,2021/2022,0
natural_sciences,Offaly,DkIT,2022/2023,0
natural_sciences,Offaly,DkIT,2023/2024,0
natural_sciences,Offaly,DkIT,2024/2025,0
natural_sciences,Offaly,MU,2018/2019,5
natural_sciences,Offaly,MU,2019/2020,10
natural_sciences,Offaly,MU,2020/2021,10
natural_sciences,Offaly,MU,2021/2022,10
natural_sciences,Offaly,MU,2022/2023,10
natural_sciences,Offaly,MU,2023/2024,5
natural_sciences,Offaly,MU,2024/2025,10
natural_sciences,Offaly,SETU,2018/2019,0
natural_sciences,Offaly,SETU,2019/2020,0
natural_sciences,Offaly,SETU,2020/2021,0
natural_sciences,Offaly,SETU,2021/2022,0
natural_sciences,Offaly,SETU,2022/2023,0
natural_sciences,Offaly,SETU,2023/2024,0
natural_sciences,Offaly,SETU,2024/2025,0
natural_sciences,Offaly,TCD,2018/2019,5
natural_sciences,Offaly,TCD,2019/2020,5
natural_sciences,Offaly,TCD,2020/2021,5
natural_sciences,Offaly,TCD,2021/2022,10
natural_sciences,Offaly,TCD,2022/2023,5
natural_sciences,Offaly,TCD,2023/2024,5
natural_sciences,Offaly,TCD,2024/2025,0
natural_sciences,Offaly,TU Dublin,2018/2019,0
natural_sciences,Offaly,TU Dublin,2019/2020,0
natural_sciences,Offaly,TU Dublin,2020/2021,5
natural_sciences,Offaly,TU Dublin,2021/2022,0
natural_sciences,Offaly,TU Dublin,2022/2023,0
natural_sciences,Offaly,TU Dublin,2023/2024,5
natural_sciences,Offaly,TU Dublin,2024/2025,0
natural_sciences,Offaly,TUS,2018/2019,20
natural_sciences,Offaly,TUS,2019/2020,15
natural_sciences,Offaly,TUS,2020/2021,15
natural_sciences,Offaly,TUS,2021/2022,15
natural_sciences,Offaly,TUS,2022/2023,15
natural_sciences,Offaly,TUS,2023/2024,10
natural_sciences,Offaly,TUS,2024/2025,5
natural_sciences,Offaly,UCD,2018/2019,10
natural_sciences,Offaly,UCD,2019/2020,10
natural_sciences,Offaly,UCD,2020/2021,5
natural_sciences,Offaly,UCD,2021/2022,10
natural_sciences,Offaly,UCD,2022/2023,5
natural_sciences,Offaly,UCD,2023/2024,5
natural_sciences,Offaly,UCD,2024/2025,5
natural_sciences,Westmeath,DCU,2018/2019,5
natural_sciences,Westmeath,DCU,2019/2020,5
natural_sciences,Westmeath,DCU,2020/2021,5
natural_sciences,Westmeath,DCU,2021/2022,10
natural_sciences,Westmeath,DCU,2022/2023,5
natural_sciences,Westmeath,DCU,2023/2024,5
natural_sciences,Westmeath,DCU,2024/2025,5
natural_sciences,Westmeath,DkIT,2018/2019,0
natural_sciences,Westmeath,DkIT,2019/2020,0
natural_sciences,Westmeath,DkIT,2020/2021,0
natural_sciences,Westmeath,DkIT,2021/2022,0
natural_sciences,Westmeath,DkIT,2022/2023,0
natural_sciences,Westmeath,DkIT,2023/2024,0
natural_sciences,Westmeath,DkIT,2024/2025,0
natural_sciences,Westmeath,MU,2018/2019,15
natural_sciences,Westmeath,MU,2019/2020,10
natural_sciences,Westmeath,MU,2020/2021,15
natural_sciences,Westmeath,MU,2021/2022,20
natural_sciences,Westmeath,MU,2022/2023,25
natural_sciences,Westmeath,MU,2023/2024,25
natural_sciences,Westmeath,MU,2024/2025,10
natural_sciences,Westmeath,SETU,2018/2019,0
natural_sciences,Westmeath,SETU,2019/2020,0
natural_sciences,Westmeath,SETU,2020/2021,0
natural_sciences,Westmeath,SETU,2021/2022,0
natural_sciences,Westmeath,SETU,2022/2023,0
natural_sciences,Westmeath,SETU,2023/2024,0
natural_sciences,Westmeath,SETU,2024/2025,0
natural_sciences,Westmeath,TCD,2018/2019,5
natural_sciences,Westmeath,TCD,2019/2020,5
natural_sciences,Westmeath,TCD,2020/2021,10
natural_sciences,Westmeath,TCD,2021/2022,10
natural_sciences,Westmeath,TCD,2022/2023,5
natural_sciences,Westmeath,TCD,2023/2024,5
natural_sciences,Westmeath,TCD,2024/2025,5
natural_sciences,Westmeath,TU Dublin,2018/2019,10
natural_sciences,Westmeath,TU Dublin,2019/2020,5
natural_sciences,Westmeath,TU Dublin,2020/2021,5
natural_sciences,Westmeath,TU Dublin,2021/2022,5
natural_sciences,Westmeath,TU Dublin,2022/2023,5
natural_sciences,Westmeath,TU Dublin,2023/2024,5
natural_sciences,Westmeath,TU Dublin,2024/2025,0
natural_sciences,Westmeath,TUS,2018/2019,15
natural_sciences,Westmeath,TUS,2019/2020,20
natural_sciences,Westmeath,TUS,2020/2021,20
natural_sciences,Westmeath,TUS,2021/2022,20
natural_sciences,Westmeath,TUS,2022/2023,20
natural_sciences,Westmeath,TUS,2023/2024,15
natural_sciences,Westmeath,TUS,2024/2025,20
natural_sciences,Westmeath,UCD,2018/2019,15
natural_sciences,Westmeath,UCD,2019/2020,10
natural_sciences,Westmeath,UCD,2020/2021,15
natural_sciences,Westmeath,UCD,2021/2022,20
natural_sciences,Westmeath,UCD,2022/2023,10
natural_sciences,Westmeath,UCD,2023/2024,10
natural_sciences,Westmeath,UCD,2024/2025,20
natural_sciences,Wicklow,DCU,2018/2019,5
natural_sciences,Wicklow,DCU,2019/2020,10
natural_sciences,Wicklow,DCU,2020/2021,0
natural_sciences,Wicklow,DCU,2021/2022,10
natural_sciences,Wicklow,DCU,2022/2023,10
natural_sciences,Wicklow,DCU,2023/2024,10
natural_sciences,Wicklow,DCU,2024/2025,10
natural_sciences,Wicklow,DkIT,2018/2019,0
natural_sciences,Wicklow,DkIT,2019/2020,0
natural_sciences,Wicklow,DkIT,2020/2021,0
natural_sciences,Wicklow,DkIT,2021/2022,0
natural_sciences,Wicklow,DkIT,2022/2023,0
natural_sciences,Wicklow,DkIT,2023/2024,0
natural_sciences,Wicklow,DkIT,2024/2025,0
natural_sciences,Wicklow,MU,2018/2019,10
natural_sciences,Wicklow,MU,2019/2020,10
natural_sciences,Wicklow,MU,2020/2021,15
natural_sciences,Wicklow,MU,2021/2022,20
natural_sciences,Wicklow,MU,2022/2023,25
natural_sciences,Wicklow,MU,2023/2024,15
natural_sciences,Wicklow,MU,2024/2025,15
natural_sciences,Wicklow,SETU,2018/2019,5
natural_sciences,Wicklow,SETU,2019/2020,5
natural_sciences,Wicklow,SETU,2020/2021,5
natural_sciences,Wicklow,SETU,2021/2022,5
natural_sciences,Wicklow,SETU,2022/2023,5
natural_sciences,Wicklow,SETU,2023/2024,10
natural_sciences,Wicklow,SETU,2024/2025,10
natural_sciences,Wicklow,TCD,2018/2019,25
natural_sciences,Wicklow,TCD,2019/2020,20
natural_sciences,Wicklow,TCD,2020/2021,25
natural_sciences,Wicklow,TCD,2021/2022,25
natural_sciences,Wicklow,TCD,2022/2023,20
natural_sciences,Wicklow,TCD,2023/2024,20
natural_sciences,Wicklow,TCD,2024/2025,20
natural_sciences,Wicklow,TU Dublin,2018/2019,20
natural_sciences,Wicklow,TU Dublin,2019/2020,45
natural_sciences,Wicklow,TU Dublin,2020/2021,25
natural_sciences,Wicklow,TU Dublin,2021/2022,25
natural_sciences,Wicklow,TU Dublin,2022/2023,35
natural_sciences,Wicklow,TU Dublin,2023/2024,25
natural_sciences,Wicklow,TU Dublin,2024/2025,40
natural_sciences,Wicklow,TUS,2018/2019,0
natural_sciences,Wicklow,TUS,2019/2020,0
natural_sciences,Wicklow,TUS,2020/2021,0
natural_sciences,Wicklow,TUS,2021/2022,0
natural_sciences,Wicklow,TUS,2022/2023,0
natural_sciences,Wicklow,TUS,2023/2024,5
natural_sciences,Wicklow,TUS,2024/2025,0
natural_sciences,Wicklow,UCD,2018/2019,35
natural_sciences,Wicklow,UCD,2019/2020,35
natural_sciences,Wicklow,UCD,2020/2021,55
natural_sciences,Wicklow,UCD,2021/2022,50
natural_sciences,Wicklow,UCD,2022/2023,50
natural_sciences,Wicklow,UCD,2023/2024,60
natural_sciences,Wicklow,UCD,2024/2025,45
natural_sciences,Carlow,DCU,2018/2019-2024/2025,20
natural_sciences,Carlow,DkIT,2018/2019-2024/2025,0
natural_sciences,Carlow,MU,2018/2019-2024/2025,55
natural_sciences,Carlow,SETU,2018/2019-2024/2025,130
natural_sciences,Carlow,TCD,2018/2019-2024/2025,20
natural_sciences,Carlow,TU Dublin,2018/2019-2024/2025,15
natural_sciences,Carlow,TUS,2018/2019-2024/2025,0
natural_sciences,Carlow,UCD,2018/2019-2024/2025,40
natural_sciences,Dublin,DCU,2018/2019-2024/2025,1140
natural_sciences,Dublin,DkIT,2018/2019-2024/2025,50
natural_sciences,Dublin,MU,2018/2019-2024/2025,865
natural_sciences,Dublin,SETU,2018/2019-2024/2025,15
natural_sciences,Dublin,TCD,2018/2019-2024/2025,1610
natural_sciences,Dublin,TU Dublin,2018/2019-2024/2025,2105
natural_sciences,Dublin,TUS,2018/2019-2024/2025,50
natural_sciences,Dublin,UCD,2018/2019-2024/2025,2105
natural_sciences,Kildare,DCU,2018/2019-2024/2025,165
natural_sciences,Kildare,DkIT,2018/2019-2024/2025,0
natural_sciences,Kildare,MU,2018/2019-2024/2025,610
natural_sciences,Kildare,SETU,2018/2019-2024/2025,85
natural_sciences,Kildare,TCD,2018/2019-2024/2025,235
natural_sciences,Kildare,TU Dublin,2018/2019-2024/2025,295
natural_sciences,Kildare,TUS,2018/2019-2024/2025,35
natural_sciences,Kildare,UCD,2018/2019-2024/2025,260
natural_sciences,Kilkenny,DCU,2018/2019-2024/2025,30
natural_sciences,Kilkenny,DkIT,2018/2019-2024/2025,0
natural_sciences,Kilkenny,MU,2018/2019-2024/2025,55
natural_sciences,Kilkenny,SETU,2018/2019-2024/2025,100
natural_sciences,Kilkenny,TCD,2018/2019-2024/2025,30
natural_sciences,Kilkenny,TU Dublin,2018/2019-2024/2025,5
natural_sciences,Kilkenny,TUS,2018/2019-2024/2025,5
natural_sciences,Kilkenny,UCD,2018/2019-2024/2025,110
natural_sciences,Laois,DCU,2018/2019-2024/2025,20
natural_sciences,Laois,DkIT,2018/2019-2024/2025,0
natural_sciences,Laois,MU,2018/2019-2024/2025,70
natural_sciences,Laois,SETU,2018/2019-2024/2025,70
natural_sciences,Laois,TCD,2018/2019-2024/2025,40
natural_sciences,Laois,TU Dublin,2018/2019-2024/2025,35
natural_sciences,Laois,TUS,2018/2019-2024/2025,40
natural_sciences,Laois,UCD,2018/2019-2024/2025,55
natural_sciences,Longford,DCU,2018/2019-2024/2025,10
natural_sciences,Longford,DkIT,2018/2019-2024/2025,0
natural_sciences,Longford,MU,2018/2019-2024/2025,40
natural_sciences,Longford,SETU,2018/2019-2024/2025,0
natural_sciences,Longford,TCD,2018/2019-2024/2025,5
natural_sciences,Longford,TU Dublin,2018/2019-2024/2025,10
natural_sciences,Longford,TUS,2018/2019-2024/2025,30
natural_sciences,Longford,UCD,2018/2019-2024/2025,25
natural_sciences,Louth,DCU,2018/2019-2024/2025,150
natural_sciences,Louth,DkIT,2018/2019-2024/2025,195
natural_sciences,Louth,MU,2018/2019-2024/2025,125
natural_sciences,Louth,SETU,2018/2019-2024/2025,0
natural_sciences,Louth,TCD,2018/2019-2024/2025,110
natural_sciences,Louth,TU Dublin,2018/2019-2024/2025,80
natural_sciences,Louth,TUS,2018/2019-2024/2025,0
natural_sciences,Louth,UCD,2018/2019-2024/2025,95
natural_sciences,Meath,DCU,2018/2019-2024/2025,255
natural_sciences,Meath,DkIT,2018/2019-2024/2025,55
natural_sciences,Meath,MU,2018/2019-2024/2025,405
natural_sciences,Meath,SETU,2018/2019-2024/2025,0
natural_sciences,Meath,TCD,2018/2019-2024/2025,205
natural_sciences,Meath,TU Dublin,2018/2019-2024/2025,235
natural_sciences,Meath,TUS,2018/2019-2024/2025,45
natural_sciences,Meath,UCD,2018/2019-2024/2025,195
natural_sciences,Monaghan,DCU,2018/2019-2024/2025,35
natural_sciences,Monaghan,DkIT,2018/2019-2024/2025,30
natural_sciences,Monaghan,MU,2018/2019-2024/2025,55
natural_sciences,Monaghan,SETU,2018/2019-2024/2025,0
natural_sciences,Monaghan,TCD,2018/2019-2024/2025,20
natural_sciences,Monaghan,TU Dublin,2018/2019-2024/2025,0
natural_sciences,Monaghan,TUS,2018/2019-2024/2025,5
natural_sciences,Monaghan,UCD,2018/2019-2024/2025,50
natural_sciences,Offaly,DCU,2018/2019-2024/2025,20
natural_sciences,Offaly,DkIT,2018/2019-2024/2025,0
natural_sciences,Offaly,MU,2018/2019-2024/2025,60
natural_sciences,Offaly,SETU,2018/2019-2024/2025,0
natural_sciences,Offaly,TCD,2018/2019-2024/2025,35
natural_sciences,Offaly,TU Dublin,2018/2019-2024/2025,10
natural_sciences,Offaly,TUS,2018/2019-2024/2025,95
natural_sciences,Offaly,UCD,2018/2019-2024/2025,50
natural_sciences,Westmeath,DCU,2018/2019-2024/2025,40
natural_sciences,Westmeath,DkIT,2018/2019-2024/2025,0
natural_sciences,Westmeath,MU,2018/2019-2024/2025,120
natural_sciences,Westmeath,SETU,2018/2019-2024/2025,0
natural_sciences,Westmeath,TCD,2018/2019-2024/2025,45
natural_sciences,Westmeath,TU Dublin,2018/2019-2024/2025,35
natural_sciences,Westmeath,TUS,2018/2019-2024/2025,130
natural_sciences,Westmeath,UCD,2018/2019-2024/2025,100
natural_sciences,Wicklow,DCU,2018/2019-2024/2025,55
natural_sciences,Wicklow,DkIT,2018/2019-2024/2025,0
natural_sciences,Wicklow,MU,2018/2019-2024/2025,110
natural_sciences,Wicklow,SETU,2018/2019-2024/2025,45
natural_sciences,Wicklow,TCD,2018/2019-2024/2025,155
natural_sciences,Wicklow,TU Dublin,2018/2019-2024/2025,215
natural_sciences,Wicklow,TUS,2018/2019-2024/2025,5
natural_sciences,Wicklow,UCD,2018/2019-2024/2025,330
engineering,Carlow,DCU,2018/2019,0
engineering,Carlow,DCU,2019/2020,5
engineering,Carlow,DCU,2020/2021,0
engineering,Carlow,DCU,2021/2022,5
engineering,Carlow,DCU,2022/2023,5
engineering,Carlow,DCU,2023/2024,0
engineering,Carlow,DCU,2024/2025,5
engineering,Carlow,DkIT,2018/2019,0
engineering,Carlow,DkIT,2019/2020,0
engineering,Carlow,DkIT,2020/2021,0
engineering,Carlow,DkIT,2021/2022,0
engineering,Carlow,DkIT,2022/2023,0
engineering,Carlow,DkIT,2023/2024,0
engineering,Carlow,DkIT,2024/2025,0
engineering,Carlow,MU,2018/2019,5
engineering,Carlow,MU,2019/2020,0
engineering,Carlow,MU,2020/2021,0
engineering,Carlow,MU,2021/2022,0
engineering,Carlow,MU,2022/2023,0
engineering,Carlow,MU,2023/2024,0
engineering,Carlow,MU,2024/2025,0
engineering,Carlow,SETU,2018/2019,35
engineering,Carlow,SETU,2019/2020,30
engineering,Carlow,SETU,2020/2021,35
engineering,Carlow,SETU,2021/2022,40
engineering,Carlow,SETU,2022/2023,40
engineering,Carlow,SETU,2023/2024,65
engineering,Carlow,SETU,2024/2025,65
engineering,Carlow,TCD,2018/2019,0
engineering,Carlow,TCD,2019/2020,0
engineering,Carlow,TCD,2020/2021,5
engineering,Carlow,TCD,2021/2022,0
engineering,Carlow,TCD,2022/2023,0
engineering,Carlow,TCD,2023/2024,0
engineering,Carlow,TCD,2024/2025,5
engineering,Carlow,TU Dublin,2018/2019,10
engineering,Carlow,TU Dublin,2019/2020,5
engineering,Carlow,TU Dublin,2020/2021,5
engineering,Carlow,TU Dublin,2021/2022,0
engineering,Carlow,TU Dublin,2022/2023,5
engineering,Carlow,TU Dublin,2023/2024,5
engineering,Carlow,TU Dublin,2024/2025,5
engineering,Carlow,TUS,2018/2019,0
engineering,Carlow,TUS,2019/2020,0
engineering,Carlow,TUS,2020/2021,0
engineering,Carlow,TUS,2021/2022,0
engineering,Carlow,TUS,2022/2023,0
engineering,Carlow,TUS,2023/2024,0
engineering,Carlow,TUS,2024/2025,0
engineering,Carlow,UCD,2018/2019,0
engineering,Carlow,UCD,2019/2020,5
engineering,Carlow,UCD,2020/2021,5
engineering,Carlow,UCD,2021/2022,10
engineering,Carlow,UCD,2022/2023,5
engineering,Carlow,UCD,2023/2024,5
engineering,Carlow,UCD,2024/2025,5
engineering,Dublin,DCU,2018/2019,85
engineering,Dublin,DCU,2019/2020,60
engineering,Dublin,DCU,2020/2021,85
engineering,Dublin,DCU,2021/2022,70
engineering,Dublin,DCU,2022/2023,75
engineering,Dublin,DCU,2023/2024,80
engineering,Dublin,DCU,2024/2025,95
engineering,Dublin,DkIT,2018/2019,15
engineering,Dublin,DkIT,2019/2020,10
engineering,Dublin,DkIT,2020/2021,10
engineering,Dublin,DkIT,2021/2022,15
engineering,Dublin,DkIT,2022/2023,10
engineering,Dublin,DkIT,2023/2024,20
engineering,Dublin,DkIT,2024/2025,25
engineering,Dublin,MU,2018/2019,25
engineering,Dublin,MU,2019/2020,5
engineering,Dublin,MU,2020/2021,25
engineering,Dublin,MU,2021/2022,30
engineering,Dublin,MU,2022/2023,30
engineering,Dublin,MU,2023/2024,30
engineering,Dublin,MU,2024/2025,25
engineering,Dublin,SETU,2018/2019,10
engineering,Dublin,SETU,2019/2020,15
engineering,Dublin,SETU,2020/2021,20
engineering,Dublin,SETU,2021/2022,15
engineering,Dublin,SETU,2022/2023,20
engineering,Dublin,SETU,2023/2024,30
engineering,Dublin,SETU,2024/2025,15
engineering,Dublin,TCD,2018/2019,120
engineering,Dublin,TCD,2019/2020,115
engineering,Dublin,TCD,2020/2021,105
engineering,Dublin,TCD,2021/2022,130
engineering,Dublin,TCD,2022/2023,130
engineering,Dublin,TCD,2023/2024,135
engineering,Dublin,TCD,2024/2025,140
engineering,Dublin,TU Dublin,2018/2019,530
engineering,Dublin,TU Dublin,2019/2020,580
engineering,Dublin,TU Dublin,2020/2021,605
engineering,Dublin,TU Dublin,2021/2022,600
engineering,Dublin,TU Dublin,2022/2023,635
engineering,Dublin,TU Dublin,2023/2024,655
engineering,Dublin,TU Dublin,2024/2025,685
engineering,Dublin,TUS,2018/2019,0
engineering,Dublin,TUS,2019/2020,0
engineering,Dublin,TUS,2020/2021,0
engineering,Dublin,TUS,2021/2022,5
engineering,Dublin,TUS,2022/2023,0
engineering,Dublin,TUS,2023/2024,0
engineering,Dublin,TUS,2024/2025,0
engineering,Dublin,UCD,2018/2019,195
engineering,Dublin,UCD,2019/2020,175
engineering,Dublin,UCD,2020/2021,215
engineering,Dublin,UCD,2021/2022,205
engineering,Dublin,UCD,2022/2023,195
engineering,Dublin,UCD,2023/2024,180
engineering,Dublin,UCD,2024/2025,205
engineering,Kildare,DCU,2018/2019,10
engineering,Kildare,DCU,2019/2020,15
engineering,Kildare,DCU,2020/2021,20
engineering,Kildare,DCU,2021/2022,15
engineering,Kildare,DCU,2022/2023,20
engineering,Kildare,DCU,2023/2024,15
engineering,Kildare,DCU,2024/2025,15
engineering,Kildare,DkIT,2018/2019,0
engineering,Kildare,DkIT,2019/2020,5
engineering,Kildare,DkIT,2020/2021,0
engineering,Kildare,DkIT,2021/2022,0
engineering,Kildare,DkIT,2022/2023,0
engineering,Kildare,DkIT,2023/2024,0
engineering,Kildare,DkIT,2024/2025,0
engineering,Kildare,MU,2018/2019,20
engineering,Kildare,MU,2019/2020,20
engineering,Kildare,MU,2020/2021,20
engineering,Kildare,MU,2021/2022,20
engineering,Kildare,MU,2022/2023,25
engineering,Kildare,MU,2023/2024,20
engineering,Kildare,MU,2024/2025,10
engineering,Kildare,SETU,2018/2019,40
engineering,Kildare,SETU,2019/2020,50
engineering,Kildare,SETU,2020/2021,35
engineering,Kildare,SETU,2021/2022,45
engineering,Kildare,SETU,2022/2023,45
engineering,Kildare,SETU,2023/2024,65
engineering,Kildare,SETU,2024/2025,65
engineering,Kildare,TCD,2018/2019,15
engineering,Kildare,TCD,2019/2020,15
engineering,Kildare,TCD,2020/2021,15
engineering,Kildare,TCD,2021/2022,15
engineering,Kildare,TCD,2022/2023,20
engineering,Kildare,TCD,2023/2024,25
engineering,Kildare,TCD,2024/2025,20
engineering,Kildare,TU Dublin,2018/2019,90
engineering,Kildare,TU Dublin,2019/2020,100
engineering,Kildare,TU Dublin,2020/2021,90
engineering,Kildare,TU Dublin,2021/2022,100
engineering,Kildare,TU Dublin,2022/2023,105
engineering,Kildare,TU Dublin,2023/2024,125
engineering,Kildare,TU Dublin,2024/2025,105
engineering,Kildare,TUS,2018/2019,0
engineering,Kildare,TUS,2019/2020,0
engineering,Kildare,TUS,2020/2021,5
engineering,Kildare,TUS,2021/2022,5
engineering,Kildare,TUS,2022/2023,5
engineering,Kildare,TUS,2023/2024,5
engineering,Kildare,TUS,2024/2025,0
engineering,Kildare,UCD,2018/2019,20
engineering,Kildare,UCD,2019/2020,25
engineering,Kildare,UCD,2020/2021,25
engineering,Kildare,UCD,2021/2022,30
engineering,Kildare,UCD,2022/2023,25
engineering,Kildare,UCD,2023/2024,30
engineering,Kildare,UCD,2024/2025,30
engineering,Kilkenny,DCU,2018/2019,0
engineering,Kilkenny,DCU,2019/2020,0
engineering,Kilkenny,DCU,2020/2021,0
engineering,Kilkenny,DCU,2021/2022,5
engineering,Kilkenny,DCU,2022/2023,0
engineering,Kilkenny,DCU,2023/2024,5
engineering,Kilkenny,DCU,2024/2025,5
engineering,Kilkenny,DkIT,2018/2019,0
engineering,Kilkenny,DkIT,2019/2020,0
engineering,Kilkenny,DkIT,2020/2021,0
engineering,Kilkenny,DkIT,2021/2022,0
engineering,Kilkenny,DkIT,2022/2023,0
engineering,Kilkenny,DkIT,2023/2024,0
engineering,Kilkenny,DkIT,2024/2025,0
engineering,Kilkenny,MU,2018/2019,0
engineering,Kilkenny,MU,2019/2020,0
engineering,Kilkenny,MU,2020/2021,0
engineering,Kilkenny,MU,2021/2022,0
engineering,Kilkenny,MU,2022/2023,0
engineering,Kilkenny,MU,2023/2024,0
engineering,Kilkenny,MU,2024/2025,5
engineering,Kilkenny,SETU,2018/2019,40
engineering,Kilkenny,SETU,2019/2020,35
engineering,Kilkenny,SETU,2020/2021,45
engineering,Kilkenny,SETU,2021/2022,30
engineering,Kilkenny,SETU,2022/2023,40
engineering,Kilkenny,SETU,2023/2024,55
engineering,Kilkenny,SETU,2024/2025,70
engineering,Kilkenny,TCD,2018/2019,0
engineering,Kilkenny,TCD,2019/2020,0
engineering,Kilkenny,TCD,2020/2021,0
engineering,Kilkenny,TCD,2021/2022,0
engineering,Kilkenny,TCD,2022/2023,0
engineering,Kilkenny,TCD,2023/2024,0
engineering,Kilkenny,TCD,2024/2025,5
engineering,Kilkenny,TU Dublin,2018/2019,5
engineering,Kilkenny,TU Dublin,2019/2020,0
engineering,Kilkenny,TU Dublin,2020/2021,0
engineering,Kilkenny,TU Dublin,2021/2022,5
engineering,Kilkenny,TU Dublin,2022/2023,5
engineering,Kilkenny,TU Dublin,2023/2024,5
engineering,Kilkenny,TU Dublin,2024/2025,5
engineering,Kilkenny,TUS,2018/2019,0
engineering,Kilkenny,TUS,2019/2020,0
engineering,Kilkenny,TUS,2020/2021,0
engineering,Kilkenny,TUS,2021/2022,0
engineering,Kilkenny,TUS,2022/2023,0
engineering,Kilkenny,TUS,2023/2024,0
engineering,Kilkenny,TUS,2024/2025,0
engineering,Kilkenny,UCD,2018/2019,15
engineering,Kilkenny,UCD,2019/2020,20
engineering,Kilkenny,UCD,2020/2021,10
engineering,Kilkenny,UCD,2021/2022,15
engineering,Kilkenny,UCD,2022/2023,10
engineering,Kilkenny,UCD,2023/2024,10
engineering,Kilkenny,UCD,2024/2025,10
engineering,Laois,DCU,2018/2019,0
engineering,Laois,DCU,2019/2020,5
engineering,Laois,DCU,2020/2021,0
engineering,Laois,DCU,2021/2022,5
engineering,Laois,DCU,2022/2023,0
engineering,Laois,DCU,2023/2024,0
engineering,Laois,DCU,2024/2025,5
engineering,Laois,DkIT,2018/2019,0
engineering,Laois,DkIT,2019/2020,0
engineering,Laois,DkIT,2020/2021,0
engineering,Laois,DkIT,2021/2022,0
engineering,Laois,DkIT,2022/2023,0
engineering,Laois,DkIT,2023/2024,0
engineering,Laois,DkIT,2024/2025,0
engineering,Laois,MU,2018/2019,0
engineering,Laois,MU,2019/2020,0
engineering,Laois,MU,2020/2021,0
engineering,Laois,MU,2021/2022,0
engineering,Laois,MU,2022/2023,5
engineering,Laois,MU,2023/2024,0
engineering,Laois,MU,2024/2025,0
engineering,Laois,SETU,2018/2019,15
engineering,Laois,SETU,2019/2020,15
engineering,Laois,SETU,2020/2021,25
engineering,Laois,SETU,2021/2022,20
engineering,Laois,SETU,2022/2023,30
engineering,Laois,SETU,2023/2024,25
engineering,Laois,SETU,2024/2025,30
engineering,Laois,TCD,2018/2019,0
engineering,Laois,TCD,2019/2020,0
engineering,Laois,TCD,2020/2021,5
engineering,Laois,TCD,2021/2022,5
engineering,Laois,TCD,2022/2023,0
engineering,Laois,TCD,2023/2024,5
engineering,Laois,TCD,2024/2025,0
engineering,Laois,TU Dublin,2018/2019,10
engineering,Laois,TU Dublin,2019/2020,10
engineering,Laois,TU Dublin,2020/2021,10
engineering,Laois,TU Dublin,2021/2022,15
engineering,Laois,TU Dublin,2022/2023,5
engineering,Laois,TU Dublin,2023/2024,15
engineering,Laois,TU Dublin,2024/2025,15
engineering,Laois,TUS,2018/2019,5
engineering,Laois,TUS,2019/2020,5
engineering,Laois,TUS,2020/2021,5
engineering,Laois,TUS,2021/2022,5
engineering,Laois,TUS,2022/2023,5
engineering,Laois,TUS,2023/2024,5
engineering,Laois,TUS,2024/2025,5
engineering,Laois,UCD,2018/2019,0
engineering,Laois,UCD,2019/2020,5
engineering,Laois,UCD,2020/2021,10
engineering,Laois,UCD,2021/2022,10
engineering,Laois,UCD,2022/2023,5
engineering,Laois,UCD,2023/2024,5
engineering,Laois,UCD,2024/2025,5
engineering,Longford,DCU,2018/2019,0
engineering,Longford,DCU,2019/2020,0
engineering,Longford,DCU,2020/2021,0
engineering,Longford,DCU,2021/2022,0
engineering,Longford,DCU,2022/2023,0
engineering,Longford,DCU,2023/2024,5
engineering,Longford,DCU,2024/2025,0
engineering,Longford,DkIT,2018/2019,0
engineering,Longford,DkIT,2019/2020,0
engineering,Longford,DkIT,2020/2021,0
engineering,Longford,DkIT,2021/2022,0
engineering,Longford,DkIT,2022/2023,0
engineering,Longford,DkIT,2023/2024,0
engineering,Longford,DkIT,2024/2025,0
engineering,Longford,MU,2018/2019,0
engineering,Longford,MU,2019/2020,0
engineering,Longford,MU,2020/2021,0
engineering,Longford,MU,2021/2022,0
engineering,Longford,MU,2022/2023,0
engineering,Longford,MU,2023/2024,0
engineering,Longford,MU,2024/2025,0
engineering,Longford,SETU,2018/2019,0
engineering,Longford,SETU,2019/2020,0
engineering,Longford,SETU,2020/2021,0
engineering,Longford,SETU,2021/2022,0
engineering,Longford,SETU,2022/2023,5
engineering,Longford,SETU,2023/2024,0
engineering,Longford,SETU,2024/2025,0
engineering,Longford,TCD,2018/2019,0
engineering,Longford,TCD,2019/2020,0
engineering,Longford,TCD,2020/2021,0
engineering,Longford,TCD,2021/2022,0
engineering,Longford,TCD,2022/2023,0
engineering,Longford,TCD,2023/2024,0
engineering,Longford,TCD,2024/2025,0
engineering,Longford,TU Dublin,2018/2019,0
engineering,Longford,TU Dublin,2019/2020,0
engineering,Longford,TU Dublin,2020/2021,5
engineering,Longford,TU Dublin,2021/2022,5
engineering,Longford,TU Dublin,2022/2023,5
engineering,Longford,TU Dublin,2023/2024,5
engineering,Longford,TU Dublin,2024/2025,5
engineering,Longford,TUS,2018/2019,5
engineering,Longford,TUS,2019/2020,10
engineering,Longford,TUS,2020/2021,5
engineering,Longford,TUS,2021/2022,10
engineering,Longford,TUS,2022/2023,10
engineering,Longford,TUS,2023/2024,10
engineering,Longford,TUS,2024/2025,10
engineering,Longford,UCD,2018/2019,0
engineering,Longford,UCD,2019/2020,5
engineering,Longford,UCD,2020/2021,0
engineering,Longford,UCD,2021/2022,0
engineering,Longford,UCD,2022/2023,0
engineering,Longford,UCD,2023/2024,0
engineering,Longford,UCD,2024/2025,0
engineering,Louth,DCU,2018/2019,10
engineering,Louth,DCU,2019/2020,10
engineering,Louth,DCU,2020/2021,15
engineering,Louth,DCU,2021/2022,10
engineering,Louth,DCU,2022/2023,10
engineering,Louth,DCU,2023/2024,10
engineering,Louth,DCU,2024/2025,10
engineering,Louth,DkIT,2018/2019,60
engineering,Louth,DkIT,2019/2020,65
engineering,Louth,DkIT,2020/2021,65
engineering,Louth,DkIT,2021/2022,65
engineering,Louth,DkIT,2022/2023,70
engineering,Louth,DkIT,2023/2024,90
engineering,Louth,DkIT,2024/2025,90
engineering,Louth,MU,2018/2019,5
engineering,Louth,MU,2019/2020,5
engineering,Louth,MU,2020/2021,0
engineering,Louth,MU,2021/2022,5
engineering,Louth,MU,2022/2023,5
engineering,Louth,MU,2023/2024,0
engineering,Louth,MU,2024/2025,0
engineering,Louth,SETU,2018/2019,0
engineering,Louth,SETU,2019/2020,5
engineering,Louth,SETU,2020/2021,0
engineering,Louth,SETU,2021/2022,5
engineering,Louth,SETU,2022/2023,5
engineering,Louth,SETU,2023/2024,5
engineering,Louth,SETU,2024/2025,0
engineering,Louth,TCD,2018/2019,0
engineering,Louth,TCD,2019/2020,0
engineering,Louth,TCD,2020/2021,5
engineering,Louth,TCD,2021/2022,10
engineering,Louth,TCD,2022/2023,5
engineering,Louth,TCD,2023/2024,5
engineering,Louth,TCD,2024/2025,10
engineering,Louth,TU Dublin,2018/2019,30
engineering,Louth,TU Dublin,2019/2020,30
engineering,Louth,TU Dublin,2020/2021,25
engineering,Louth,TU Dublin,2021/2022,45
engineering,Louth,TU Dublin,2022/2023,35
engineering,Louth,TU Dublin,2023/2024,25
engineering,Louth,TU Dublin,2024/2025,40
engineering,Louth,TUS,2018/2019,0
engineering,Louth,TUS,2019/2020,0
engineering,Louth,TUS,2020/2021,0
engineering,Louth,TUS,2021/2022,0
engineering,Louth,TUS,2022/2023,0
engineering,Louth,TUS,2023/2024,0
engineering,Louth,TUS,2024/2025,0
engineering,Louth,UCD,2018/2019,10
engineering,Louth,UCD,2019/2020,15
engineering,Louth,UCD,2020/2021,10
engineering,Louth,UCD,2021/2022,15
engineering,Louth,UCD,2022/2023,10
engineering,Louth,UCD,2023/2024,5
engineering,Louth,UCD,2024/2025,5
engineering,Meath,DCU,2018/2019,25
engineering,Meath,DCU,2019/2020,25
engineering,Meath,DCU,2020/2021,15
engineering,Meath,DCU,2021/2022,25
engineering,Meath,DCU,2022/2023,20
engineering,Meath,DCU,2023/2024,20
engineering,Meath,DCU,2024/2025,35
engineering,Meath,DkIT,2018/2019,20
engineering,Meath,DkIT,2019/2020,20
engineering,Meath,DkIT,2020/2021,30
engineering,Meath,DkIT,2021/2022,25
engineering,Meath,DkIT,2022/2023,25
engineering,Meath,DkIT,2023/2024,30
engineering,Meath,DkIT,2024/2025,35
engineering,Meath,MU,2018/2019,10
engineering,Meath,MU,2019/2020,5
engineering,Meath,MU,2020/2021,10
engineering,Meath,MU,2021/2022,5
engineering,Meath,MU,2022/2023,15
engineering,Meath,MU,2023/2024,10
engineering,Meath,MU,2024/2025,5
engineering,Meath,SETU,2018/2019,0
engineering,Meath,SETU,2019/2020,10
engineering,Meath,SETU,2020/2021,10
engineering,Meath,SETU,2021/2022,15
engineering,Meath,SETU,2022/2023,0
engineering,Meath,SETU,2023/2024,10
engineering,Meath,SETU,2024/2025,0
engineering,Meath,TCD,2018/2019,10
engineering,Meath,TCD,2019/2020,20
engineering,Meath,TCD,2020/2021,15
engineering,Meath,TCD,2021/2022,5
engineering,Meath,TCD,2022/2023,20
engineering,Meath,TCD,2023/2024,15
engineering,Meath,TCD,2024/2025,15
engineering,Meath,TU Dublin,2018/2019,85
engineering,Meath,TU Dublin,2019/2020,115
engineering,Meath,TU Dublin,2020/2021,95
engineering,Meath,TU Dublin,2021/2022,125
engineering,Meath,TU Dublin,2022/2023,95
engineering,Meath,TU Dublin,2023/2024,145
engineering,Meath,TU Dublin,2024/2025,145
engineering,Meath,TUS,2018/2019,5
engineering,Meath,TUS,2019/2020,5
engineering,Meath,TUS,2020/2021,5
engineering,Meath,TUS,2021/2022,0
engineering,Meath,TUS,2022/2023,5
engineering,Meath,TUS,2023/2024,5
engineering,Meath,TUS,2024/2025,10
engineering,Meath,UCD,2018/2019,10
engineering,Meath,UCD,2019/2020,15
engineering,Meath,UCD,2020/2021,15
engineering,Meath,UCD,2021/2022,10
engineering,Meath,UCD,2022/2023,20
engineering,Meath,UCD,2023/2024,20
engineering,Meath,UCD,2024/2025,15
engineering,Monaghan,DCU,2018/2019,0
engineering,Monaghan,DCU,2019/2020,0
engineering,Monaghan,DCU,2020/2021,5
engineering,Monaghan,DCU,2021/2022,5
engineering,Monaghan,DCU,2022/2023,5
engineering,Monaghan,DCU,2023/2024,0
engineering,Monaghan,DCU,2024/2025,0
engineering,Monaghan,DkIT,2018/2019,20
engineering,Monaghan,DkIT,2019/2020,25
engineering,Monaghan,DkIT,2020/2021,20
engineering,Monaghan,DkIT,2021/2022,20
engineering,Monaghan,DkIT,2022/2023,20
engineering,Monaghan,DkIT,2023/2024,15
engineering,Monaghan,DkIT,2024/2025,25
engineering,Monaghan,MU,2018/2019,5
engineering,Monaghan,MU,2019/2020,0
engineering,Monaghan,MU,2020/2021,0
engineering,Monaghan,MU,2021/2022,0
engineering,Monaghan,MU,2022/2023,0
engineering,Monaghan,MU,2023/2024,0
engineering,Monaghan,MU,2024/2025,0
engineering,Monaghan,SETU,2018/2019,0
engineering,Monaghan,SETU,2019/2020,0
engineering,Monaghan,SETU,2020/2021,0
engineering,Monaghan,SETU,2021/2022,0
engineering,Monaghan,SETU,2022/2023,0
engineering,Monaghan,SETU,2023/2024,0
engineering,Monaghan,SETU,2024/2025,0
engineering,Monaghan,TCD,2018/2019,0
engineering,Monaghan,TCD,2019/2020,5
engineering,Monaghan,TCD,2020/2021,5
engineering,Monaghan,TCD,2021/2022,5
engineering,Monaghan,TCD,2022/2023,0
engineering,Monaghan,TCD,2023/2024,0
engineering,Monaghan,TCD,2024/2025,0
engineering,Monaghan,TU Dublin,2018/2019,10
engineering,Monaghan,TU Dublin,2019/2020,10
engineering,Monaghan,TU Dublin,2020/2021,5
engineering,Monaghan,TU Dublin,2021/2022,5
engineering,Monaghan,TU Dublin,2022/2023,5
engineering,Monaghan,TU Dublin,2023/2024,5
engineering,Monaghan,TU Dublin,2024/2025,10
engineering,Monaghan,TUS,2018/2019,0
engineering,Monaghan,TUS,2019/2020,0
engineering,Monaghan,TUS,2020/2021,0
engineering,Monaghan,TUS,2021/2022,0
engineering,Monaghan,TUS,2022/2023,0
engineering,Monaghan,TUS,2023/2024,0
engineering,Monaghan,TUS,2024/2025,0
engineering,Monaghan,UCD,2018/2019,0
engineering,Monaghan,UCD,2019/2020,5
engineering,Monaghan,UCD,2020/2021,5
engineering,Monaghan,UCD,2021/2022,5
engineering,Monaghan,UCD,2022/2023,0
engineering,Monaghan,UCD,2023/2024,5
engineering,Monaghan,UCD,2024/2025,5
engineering,Offaly,DCU,2018/2019,0
engineering,Offaly,DCU,2019/2020,0
engineering,Offaly,DCU,2020/2021,5
engineering,Offaly,DCU,2021/2022,0
engineering,Offaly,DCU,2022/2023,0
engineering,Offaly,DCU,2023/2024,5
engineering,Offaly,DCU,2024/2025,0
engineering,Offaly,DkIT,2018/2019,0
engineering,Offaly,DkIT,2019/2020,0
engineering,Offaly,DkIT,2020/2021,0
engineering,Offaly,DkIT,2021/2022,0
engineering,Offaly,DkIT,2022/2023,0
engineering,Offaly,DkIT,2023/2024,0
engineering,Offaly,DkIT,2024/2025,0
engineering,Offaly,MU,2018/2019,5
engineering,Offaly,MU,2019/2020,5
engineering,Offaly,MU,2020/2021,0
engineering,Offaly,MU,2021/2022,10
engineering,Offaly,MU,2022/2023,0
engineering,Offaly,MU,2023/2024,5
engineering,Offaly,MU,2024/2025,0
engineering,Offaly,SETU,2018/2019,10
engineering,Offaly,SETU,2019/2020,5
engineering,Offaly,SETU,2020/2021,10
engineering,Offaly,SETU,2021/2022,0
engineering,Offaly,SETU,2022/2023,0
engineering,Offaly,SETU,2023/2024,5
engineering,Offaly,SETU,2024/2025,5
engineering,Offaly,TCD,2018/2019,0
engineering,Offaly,TCD,2019/2020,0
engineering,Offaly,TCD,2020/2021,0
engineering,Offaly,TCD,2021/2022,0
engineering,Offaly,TCD,2022/2023,0
engineering,Offaly,TCD,2023/2024,0
engineering,Offaly,TCD,2024/2025,0
engineering,Offaly,TU Dublin,2018/2019,5
engineering,Offaly,TU Dublin,2019/2020,5
engineering,Offaly,TU Dublin,2020/2021,5
engineering,Offaly,TU Dublin,2021/2022,5
engineering,Offaly,TU Dublin,2022/2023,5
engineering,Offaly,TU Dublin,2023/2024,5
engineering,Offaly,TU Dublin,2024/2025,5
engineering,Offaly,TUS,2018/2019,25
engineering,Offaly,TUS,2019/2020,25
engineering,Offaly,TUS,2020/2021,20
engineering,Offaly,TUS,2021/2022,15
engineering,Offaly,TUS,2022/2023,20
engineering,Offaly,TUS,2023/2024,25
engineering,Offaly,TUS,2024/2025,30
engineering,Offaly,UCD,2018/2019,5
engineering,Offaly,UCD,2019/2020,0
engineering,Offaly,UCD,2020/2021,5
engineering,Offaly,UCD,2021/2022,5
engineering,Offaly,UCD,2022/2023,5
engineering,Offaly,UCD,2023/2024,0
engineering,Offaly,UCD,2024/2025,5
engineering,Westmeath,DCU,2018/2019,0
engineering,Westmeath,DCU,2019/2020,5
engineering,Westmeath,DCU,2020/2021,5
engineering,Westmeath,DCU,2021/2022,5
engineering,Westmeath,DCU,2022/2023,5
engineering,Westmeath,DCU,2023/2024,5
engineering,Westmeath,DCU,2024/2025,0
engineering,Westmeath,DkIT,2018/2019,0
engineering,Westmeath,DkIT,2019/2020,0
engineering,Westmeath,DkIT,2020/2021,0
engineering,Westmeath,DkIT,2021/2022,0
engineering,Westmeath,DkIT,2022/2023,0
engineering,Westmeath,DkIT,2023/2024,0
engineering,Westmeath,DkIT,2024/2025,5
engineering,Westmeath,MU,2018/2019,5
engineering,Westmeath,MU,2019/2020,0
engineering,Westmeath,MU,2020/2021,5
engineering,Westmeath,MU,2021/2022,5
engineering,Westmeath,MU,2022/2023,5
engineering,Westmeath,MU,2023/2024,0
engineering,Westmeath,MU,2024/2025,0
engineering,Westmeath,SETU,2018/2019,0
engineering,Westmeath,SETU,2019/2020,0
engineering,Westmeath,SETU,2020/2021,5
engineering,Westmeath,SETU,2021/2022,5
engineering,Westmeath,SETU,2022/2023,0
engineering,Westmeath,SETU,2023/2024,5
engineering,Westmeath,SETU,2024/2025,0
engineering,Westmeath,TCD,2018/2019,5
engineering,Westmeath,TCD,2019/2020,0
engineering,Westmeath,TCD,2020/2021,5
engineering,Westmeath,TCD,2021/2022,5
engineering,Westmeath,TCD,2022/2023,5
engineering,Westmeath,TCD,2023/2024,5
engineering,Westmeath,TCD,2024/2025,5
engineering,Westmeath,TU Dublin,2018/2019,10
engineering,Westmeath,TU Dublin,2019/2020,10
engineering,Westmeath,TU Dublin,2020/2021,20
engineering,Westmeath,TU Dublin,2021/2022,10
engineering,Westmeath,TU Dublin,2022/2023,10
engineering,Westmeath,TU Dublin,2023/2024,15
engineering,Westmeath,TU Dublin,2024/2025,20
engineering,Westmeath,TUS,2018/2019,25
engineering,Westmeath,TUS,2019/2020,20
engineering,Westmeath,TUS,2020/2021,20
engineering,Westmeath,TUS,2021/2022,30
engineering,Westmeath,TUS,2022/2023,35
engineering,Westmeath,TUS,2023/2024,40
engineering,Westmeath,TUS,2024/2025,45
engineering,Westmeath,UCD,2018/2019,10
engineering,Westmeath,UCD,2019/2020,10
engineering,Westmeath,UCD,2020/2021,10
engineering,Westmeath,UCD,2021/2022,10
engineering,Westmeath,UCD,2022/2023,15
engineering,Westmeath,UCD,2023/2024,5
engineering,Westmeath,UCD,2024/2025,15
engineering,Wicklow,DCU,2018/2019,0
engineering,Wicklow,DCU,2019/2020,0
engineering,Wicklow,DCU,2020/2021,5
engineering,Wicklow,DCU,2021/2022,0
engineering,Wicklow,DCU,2022/2023,5
engineering,Wicklow,DCU,2023/2024,10
engineering,Wicklow,DCU,2024/2025,5
engineering,Wicklow,DkIT,2018/2019,0
engineering,Wicklow,DkIT,2019/2020,0
engineering,Wicklow,DkIT,2020/2021,0
engineering,Wicklow,DkIT,2021/2022,0
engineering,Wicklow,DkIT,2022/2023,0
engineering,Wicklow,DkIT,2023/2024,0
engineering,Wicklow,DkIT,2024/2025,0
engineering,Wicklow,MU,2018/2019,0
engineering,Wicklow,MU,2019/2020,0
engineering,Wicklow,MU,2020/2021,0
engineering,Wicklow,MU,2021/2022,0
engineering,Wicklow,MU,2022/2023,5
engineering,Wicklow,MU,2023/2024,5
engineering,Wicklow,MU,2024/2025,5
engineering,Wicklow,SETU,2018/2019,15
engineering,Wicklow,SETU,2019/2020,25
engineering,Wicklow,SETU,2020/2021,30
engineering,Wicklow,SETU,2021/2022,35
engineering,Wicklow,SETU,2022/2023,30
engineering,Wicklow,SETU,2023/2024,35
engineering,Wicklow,SETU,2024/2025,30
engineering,Wicklow,TCD,2018/2019,10
engineering,Wicklow,TCD,2019/2020,15
engineering,Wicklow,TCD,2020/2021,10
engineering,Wicklow,TCD,2021/2022,10
engineering,Wicklow,TCD,2022/2023,5
engineering,Wicklow,TCD,2023/2024,10
engineering,Wicklow,TCD,2024/2025,15
engineering,Wicklow,TU Dublin,2018/2019,60
engineering,Wicklow,TU Dublin,2019/2020,70
engineering,Wicklow,TU Dublin,2020/2021,55
engineering,Wicklow,TU Dublin,2021/2022,80
engineering,Wicklow,TU Dublin,2022/2023,75
engineering,Wicklow,TU Dublin,2023/2024,75
engineering,Wicklow,TU Dublin,2024/2025,95
engineering,Wicklow,TUS,2018/2019,0
engineering,Wicklow,TUS,2019/2020,0
engineering,Wicklow,TUS,2020/2021,0
engineering,Wicklow,TUS,2021/2022,0
engineering,Wicklow,TUS,2022/2023,0
engineering,Wicklow,TUS,2023/2024,0
engineering,Wicklow,TUS,2024/2025,0
engineering,Wicklow,UCD,2018/2019,30
engineering,Wicklow,UCD,2019/2020,25
engineering,Wicklow,UCD,2020/2021,35
engineering,Wicklow,UCD,2021/2022,30
engineering,Wicklow,UCD,2022/2023,35
engineering,Wicklow,UCD,2023/2024,25
engineering,Wicklow,UCD,2024/2025,25
engineering,Carlow,DCU,2018/2019-2024/2025,20
engineering,Carlow,DkIT,2018/2019-2024/2025,0
engineering,Carlow,MU,2018/2019-2024/2025,5
engineering,Carlow,SETU,2018/2019-2024/2025,310
engineering,Carlow,TCD,2018/2019-2024/2025,10
engineering,Carlow,TU Dublin,2018/2019-2024/2025,35
engineering,Carlow,TUS,2018/2019-2024/2025,0
engineering,Carlow,UCD,2018/2019-2024/2025,35
engineering,Dublin,DCU,2018/2019-2024/2025,550
engineering,Dublin,DkIT,2018/2019-2024/2025,105
engineering,Dublin,MU,2018/2019-2024/2025,170
engineering,Dublin,SETU,2018/2019-2024/2025,125
engineering,Dublin,TCD,2018/2019-2024/2025,875
engineering,Dublin,TU Dublin,2018/2019-2024/2025,4290
engineering,Dublin,TUS,2018/2019-2024/2025,5
engineering,Dublin,UCD,2018/2019-2024/2025,1370
engineering,Kildare,DCU,2018/2019-2024/2025,110
engineering,Kildare,DkIT,2018/2019-2024/2025,5
engineering,Kildare,MU,2018/2019-2024/2025,135
engineering,Kildare,SETU,2018/2019-2024/2025,345
engineering,Kildare,TCD,2018/2019-2024/2025,125
engineering,Kildare,TU Dublin,2018/2019-2024/2025,715
engineering,Kildare,TUS,2018/2019-2024/2025,20
engineering,Kildare,UCD,2018/2019-2024/2025,185
engineering,Kilkenny,DCU,2018/2019-2024/2025,15
engineering,Kilkenny,DkIT,2018/2019-2024/2025,0
engineering,Kilkenny,MU,2018/2019-2024/2025,5
engineering,Kilkenny,SETU,2018/2019-2024/2025,315
engineering,Kilkenny,TCD,2018/2019-2024/2025,5
engineering,Kilkenny,TU Dublin,2018/2019-2024/2025,25
engineering,Kilkenny,TUS,2018/2019-2024/2025,0
engineering,Kilkenny,UCD,2018/2019-2024/2025,90
engineering,Laois,DCU,2018/2019-2024/2025,15
engineering,Laois,DkIT,2018/2019-2024/2025,0
engineering,Laois,MU,2018/2019-2024/2025,5
engineering,Laois,SETU,2018/2019-2024/2025,160
engineering,Laois,TCD,2018/2019-2024/2025,15
engineering,Laois,TU Dublin,2018/2019-2024/2025,80
engineering,Laois,TUS,2018/2019-2024/2025,35
engineering,Laois,UCD,2018/2019-2024/2025,40
engineering,Longford,DCU,2018/2019-2024/2025,5
engineering,Longford,DkIT,2018/2019-2024/2025,0
engineering,Longford,MU,2018/2019-2024/2025,0
engineering,Longford,SETU,2018/2019-2024/2025,5
engineering,Longford,TCD,2018/2019-2024/2025,0
engineering,Longford,TU Dublin,2018/2019-2024/2025,25
engineering,Longford,TUS,2018/2019-2024/2025,60
engineering,Longford,UCD,2018/2019-2024/2025,5
engineering,Louth,DCU,2018/2019-2024/2025,75
engineering,Louth,DkIT,2018/2019-2024/2025,505
engineering,Louth,MU,2018/2019-2024/2025,20
engineering,Louth,SETU,2018/2019-2024/2025,20
engineering,Louth,TCD,2018/2019-2024/2025,35
engineering,Louth,TU Dublin,2018/2019-2024/2025,230
engineering,Louth,TUS,2018/2019-2024/2025,0
engineering,Louth,UCD,2018/2019-2024/2025,70
engineering,Meath,DCU,2018/2019-2024/2025,165
engineering,Meath,DkIT,2018/2019-2024/2025,185
engineering,Meath,MU,2018/2019-2024/2025,60
engineering,Meath,SETU,2018/2019-2024/2025,45
engineering,Meath,TCD,2018/2019-2024/2025,100
engineering,Meath,TU Dublin,2018/2019-2024/2025,805
engineering,Meath,TUS,2018/2019-2024/2025,35
engineering,Meath,UCD,2018/2019-2024/2025,105
engineering,Monaghan,DCU,2018/2019-2024/2025,15
engineering,Monaghan,DkIT,2018/2019-2024/2025,145
engineering,Monaghan,MU,2018/2019-2024/2025,5
engineering,Monaghan,SETU,2018/2019-2024/2025,0
engineering,Monaghan,TCD,2018/2019-2024/2025,15
engineering,Monaghan,TU Dublin,2018/2019-2024/2025,50
engineering,Monaghan,TUS,2018/2019-2024/2025,0
engineering,Monaghan,UCD,2018/2019-2024/2025,25
engineering,Offaly,DCU,2018/2019-2024/2025,10
engineering,Offaly,DkIT,2018/2019-2024/2025,0
engineering,Offaly,MU,2018/2019-2024/2025,25
engineering,Offaly,SETU,2018/2019-2024/2025,35
engineering,Offaly,TCD,2018/2019-2024/2025,0
engineering,Offaly,TU Dublin,2018/2019-2024/2025,35
engineering,Offaly,TUS,2018/2019-2024/2025,160
engineering,Offaly,UCD,2018/2019-2024/2025,25
engineering,Westmeath,DCU,2018/2019-2024/2025,25
engineering,Westmeath,DkIT,2018/2019-2024/2025,5
engineering,Westmeath,MU,2018/2019-2024/2025,20
engineering,Westmeath,SETU,2018/2019-2024/2025,15
engineering,Westmeath,TCD,2018/2019-2024/2025,30
engineering,Westmeath,TU Dublin,2018/2019-2024/2025,95
engineering,Westmeath,TUS,2018/2019-2024/2025,215
engineering,Westmeath,UCD,2018/2019-2024/2025,75
engineering,Wicklow,DCU,2018/2019-2024/2025,25
engineering,Wicklow,DkIT,2018/2019-2024/2025,0
engineering,Wicklow,MU,2018/2019-2024/2025,15
engineering,Wicklow,SETU,2018/2019-2024/2025,200
engineering,Wicklow,TCD,2018/2019-2024/2025,75
engineering,Wicklow,TU Dublin,2018/2019-2024/2025,510
engineering,Wicklow,TUS,2018/2019-2024/2025,0
engineering,Wicklow,UCD,2018/2019-2024/2025,205
business,Carlow,DCU,2018/2019,5
business,Carlow,DCU,2019/2020,10
business,Carlow,DCU,2020/2021,10
business,Carlow,DCU,2021/2022,10
business,Carlow,DCU,2022/2023,10
business,Carlow,DCU,2023/2024,5
business,Carlow,DCU,2024/2025,10
business,Carlow,DkIT,2018/2019,0
business,Carlow,DkIT,2019/2020,0
business,Carlow,DkIT,2020/2021,0
business,Carlow,DkIT,2021/2022,0
business,Carlow,DkIT,2022/2023,0
business,Carlow,DkIT,2023/2024,0
business,Carlow,DkIT,2024/2025,0
business,Carlow,MU,2018/2019,20
business,Carlow,MU,2019/2020,10
business,Carlow,MU,2020/2021,10
business,Carlow,MU,2021/2022,15
business,Carlow,MU,2022/2023,15
business,Carlow,MU,2023/2024,10
business,Carlow,MU,2024/2025,15
business,Carlow,SETU,2018/2019,80
business,Carlow,SETU,2019/2020,65
business,Carlow,SETU,2020/2021,75
business,Carlow,SETU,2021/2022,75
business,Carlow,SETU,2022/2023,60
business,Carlow,SETU,2023/2024,75
business,Carlow,SETU,2024/2025,90
business,Carlow,TCD,2018/2019,0
business,Carlow,TCD,2019/2020,5
business,Carlow,TCD,2020/2021,0
business,Carlow,TCD,2021/2022,0
business,Carlow,TCD,2022/2023,0
business,Carlow,TCD,2023/2024,0
business,Carlow,TCD,2024/2025,0
business,Carlow,TU Dublin,2018/2019,5
business,Carlow,TU Dublin,2019/2020,10
business,Carlow,TU Dublin,2020/2021,10
business,Carlow,TU Dublin,2021/2022,5
business,Carlow,TU Dublin,2022/2023,5
business,Carlow,TU Dublin,2023/2024,0
business,Carlow,TU Dublin,2024/2025,0
business,Carlow,TUS,2018/2019,0
business,Carlow,TUS,2019/2020,0
business,Carlow,TUS,2020/2021,0
business,Carlow,TUS,2021/2022,0
business,Carlow,TUS,2022/2023,0
business,Carlow,TUS,2023/2024,0
business,Carlow,TUS,2024/2025,0
business,Carlow,UCD,2018/2019,10
business,Carlow,UCD,2019/2020,5
business,Carlow,UCD,2020/2021,5
business,Carlow,UCD,2021/2022,10
business,Carlow,UCD,2022/2023,5
business,Carlow,UCD,2023/2024,5
business,Carlow,UCD,2024/2025,5
business,Dublin,DCU,2018/2019,255
business,Dublin,DCU,2019/2020,290
business,Dublin,DCU,2020/2021,350
business,Dublin,DCU,2021/2022,390
business,Dublin,DCU,2022/2023,345
business,Dublin,DCU,2023/2024,385
business,Dublin,DCU,2024/2025,410
business,Dublin,DkIT,2018/2019,10
business,Dublin,DkIT,2019/2020,15
business,Dublin,DkIT,2020/2021,20
business,Dublin,DkIT,2021/2022,20
business,Dublin,DkIT,2022/2023,10
business,Dublin,DkIT,2023/2024,15
business,Dublin,DkIT,2024/2025,20
business,Dublin,MU,2018/2019,170
business,Dublin,MU,2019/2020,225
business,Dublin,MU,2020/2021,300
business,Dublin,MU,2021/2022,290
business,Dublin,MU,2022/2023,395
business,Dublin,MU,2023/2024,370
business,Dublin,MU,2024/2025,380
business,Dublin,SETU,2018/2019,20
business,Dublin,SETU,2019/2020,40
business,Dublin,SETU,2020/2021,20
business,Dublin,SETU,2021/2022,40
business,Dublin,SETU,2022/2023,25
business,Dublin,SETU,2023/2024,35
business,Dublin,SETU,2024/2025,40
business,Dublin,TCD,2018/2019,155
business,Dublin,TCD,2019/2020,150
business,Dublin,TCD,2020/2021,170
business,Dublin,TCD,2021/2022,150
business,Dublin,TCD,2022/2023,135
business,Dublin,TCD,2023/2024,145
business,Dublin,TCD,2024/2025,140
business,Dublin,TU Dublin,2018/2019,855
business,Dublin,TU Dublin,2019/2020,805
business,Dublin,TU Dublin,2020/2021,950
business,Dublin,TU Dublin,2021/2022,870
business,Dublin,TU Dublin,2022/2023,845
business,Dublin,TU Dublin,2023/2024,820
business,Dublin,TU Dublin,2024/2025,880
business,Dublin,TUS,2018/2019,0
business,Dublin,TUS,2019/2020,5
business,Dublin,TUS,2020/2021,5
business,Dublin,TUS,2021/2022,0
business,Dublin,TUS,2022/2023,0
business,Dublin,TUS,2023/2024,0
business,Dublin,TUS,2024/2025,0
business,Dublin,UCD,2018/2019,330
business,Dublin,UCD,2019/2020,380
business,Dublin,UCD,2020/2021,395
business,Dublin,UCD,2021/2022,420
business,Dublin,UCD,2022/2023,450
business,Dublin,UCD,2023/2024,435
business,Dublin,UCD,2024/2025,475
business,Kildare,DCU,2018/2019,35
business,Kildare,DCU,2019/2020,40
business,Kildare,DCU,2020/2021,45
business,Kildare,DCU,2021/2022,60
business,Kildare,DCU,2022/2023,65
business,Kildare,DCU,2023/2024,60
business,Kildare,DCU,2024/2025,55
business,Kildare,DkIT,2018/2019,0
business,Kildare,DkIT,2019/2020,0
business,Kildare,DkIT,2020/2021,0
business,Kildare,DkIT,2021/2022,0
business,Kildare,DkIT,2022/2023,0
business,Kildare,DkIT,2023/2024,0
business,Kildare,DkIT,2024/2025,0
business,Kildare,MU,2018/2019,105
business,Kildare,MU,2019/2020,145
business,Kildare,MU,2020/2021,175
business,Kildare,MU,2021/2022,165
business,Kildare,MU,2022/2023,205
business,Kildare,MU,2023/2024,235
business,Kildare,MU,2024/2025,225
business,Kildare,SETU,2018/2019,70
business,Kildare,SETU,2019/2020,60
business,Kildare,SETU,2020/2021,65
business,Kildare,SETU,2021/2022,55
business,Kildare,SETU,2022/2023,45
business,Kildare,SETU,2023/2024,75
business,Kildare,SETU,2024/2025,75
business,Kildare,TCD,2018/2019,15
business,Kildare,TCD,2019/2020,20
business,Kildare,TCD,2020/2021,30
business,Kildare,TCD,2021/2022,20
business,Kildare,TCD,2022/2023,20
business,Kildare,TCD,2023/2024,15
business,Kildare,TCD,2024/2025,15
business,Kildare,TU Dublin,2018/2019,85
business,Kildare,TU Dublin,2019/2020,90
business,Kildare,TU Dublin,2020/2021,110
business,Kildare,TU Dublin,2021/2022,85
business,Kildare,TU Dublin,2022/2023,95
business,Kildare,TU Dublin,2023/2024,90
business,Kildare,TU Dublin,2024/2025,70
business,Kildare,TUS,2018/2019,5
business,Kildare,TUS,2019/2020,0
business,Kildare,TUS,2020/2021,5
business,Kildare,TUS,2021/2022,0
business,Kildare,TUS,2022/2023,0
business,Kildare,TUS,2023/2024,0
business,Kildare,TUS,2024/2025,0
business,Kildare,UCD,2018/2019,40
business,Kildare,UCD,2019/2020,30
business,Kildare,UCD,2020/2021,45
business,Kildare,UCD,2021/2022,45
business,Kildare,UCD,2022/2023,50
business,Kildare,UCD,2023/2024,45
business,Kildare,UCD,2024/2025,55
business,Kilkenny,DCU,2018/2019,10
business,Kilkenny,DCU,2019/2020,10
business,Kilkenny,DCU,2020/2021,5
business,Kilkenny,DCU,2021/2022,10
business,Kilkenny,DCU,2022/2023,10
business,Kilkenny,DCU,2023/2024,15
business,Kilkenny,DCU,2024/2025,15
business,Kilkenny,DkIT,2018/2019,0
business,Kilkenny,DkIT,2019/2020,0
business,Kilkenny,DkIT,2020/2021,0
business,Kilkenny,DkIT,2021/2022,0
business,Kilkenny,DkIT,2022/2023,0
business,Kilkenny,DkIT,2023/2024,0
business,Kilkenny,DkIT,2024/2025,0
business,Kilkenny,MU,2018/2019,5
business,Kilkenny,MU,2019/2020,10
business,Kilkenny,MU,2020/2021,20
business,Kilkenny,MU,2021/2022,15
business,Kilkenny,MU,2022/2023,15
business,Kilkenny,MU,2023/2024,10
business,Kilkenny,MU,2024/2025,25
business,Kilkenny,SETU,2018/2019,75
business,Kilkenny,SETU,2019/2020,100
business,Kilkenny,SETU,2020/2021,70
business,Kilkenny,SETU,2021/2022,70
business,Kilkenny,SETU,2022/2023,75
business,Kilkenny,SETU,2023/2024,80
business,Kilkenny,SETU,2024/2025,75
business,Kilkenny,TCD,2018/2019,0
business,Kilkenny,TCD,2019/2020,5
business,Kilkenny,TCD,2020/2021,0
business,Kilkenny,TCD,2021/2022,5
business,Kilkenny,TCD,2022/2023,5
business,Kilkenny,TCD,2023/2024,0
business,Kilkenny,TCD,2024/2025,0
business,Kilkenny,TU Dublin,2018/2019,5
business,Kilkenny,TU Dublin,2019/2020,0
business,Kilkenny,TU Dublin,2020/2021,5
business,Kilkenny,TU Dublin,2021/2022,5
business,Kilkenny,TU Dublin,2022/2023,0
business,Kilkenny,TU Dublin,2023/2024,5
business,Kilkenny,TU Dublin,2024/2025,0
business,Kilkenny,TUS,2018/2019,0
business,Kilkenny,TUS,2019/2020,0
business,Kilkenny,TUS,2020/2021,0
business,Kilkenny,TUS,2021/2022,0
business,Kilkenny,TUS,2022/2023,0
business,Kilkenny,TUS,2023/2024,0
business,Kilkenny,TUS,2024/2025,0
business,Kilkenny,UCD,2018/2019,10
business,Kilkenny,UCD,2019/2020,15
business,Kilkenny,UCD,2020/2021,20
business,Kilkenny,UCD,2021/2022,10
business,Kilkenny,UCD,2022/2023,15
business,Kilkenny,UCD,2023/2024,10
business,Kilkenny,UCD,2024/2025,15
business,Laois,DCU,2018/2019,5
business,Laois,DCU,2019/2020,10
business,Laois,DCU,2020/2021,5
business,Laois,DCU,2021/2022,5
business,Laois,DCU,2022/2023,10
business,Laois,DCU,2023/2024,5
business,Laois,DCU,2024/2025,5
business,Laois,DkIT,2018/2019,0
business,Laois,DkIT,2019/2020,0
business,Laois,DkIT,2020/2021,0
business,Laois,DkIT,2021/2022,0
business,Laois,DkIT,2022/2023,0
business,Laois,DkIT,2023/2024,0
business,Laois,DkIT,2024/2025,0
business,Laois,MU,2018/2019,15
business,Laois,MU,2019/2020,20
business,Laois,MU,2020/2021,15
business,Laois,MU,2021/2022,15
business,Laois,MU,2022/2023,25
business,Laois,MU,2023/2024,20
business,Laois,MU,2024/2025,30
business,Laois,SETU,2018/2019,45
business,Laois,SETU,2019/2020,50
business,Laois,SETU,2020/2021,45
business,Laois,SETU,2021/2022,35
business,Laois,SETU,2022/2023,50
business,Laois,SETU,2023/2024,60
business,Laois,SETU,2024/2025,60
business,Laois,TCD,2018/2019,0
business,Laois,TCD,2019/2020,5
business,Laois,TCD,2020/2021,5
business,Laois,TCD,2021/2022,0
business,Laois,TCD,2022/2023,0
business,Laois,TCD,2023/2024,5
business,Laois,TCD,2024/2025,5
business,Laois,TU Dublin,2018/2019,5
business,Laois,TU Dublin,2019/2020,5
business,Laois,TU Dublin,2020/2021,5
business,Laois,TU Dublin,2021/2022,0
business,Laois,TU Dublin,2022/2023,5
business,Laois,TU Dublin,2023/2024,10
business,Laois,TU Dublin,2024/2025,10
business,Laois,TUS,2018/2019,0
business,Laois,TUS,2019/2020,5
business,Laois,TUS,2020/2021,0
business,Laois,TUS,2021/2022,0
business,Laois,TUS,2022/2023,5
business,Laois,TUS,2023/2024,5
business,Laois,TUS,2024/2025,5
business,Laois,UCD,2018/2019,15
business,Laois,UCD,2019/2020,10
business,Laois,UCD,2020/2021,10
business,Laois,UCD,2021/2022,5
business,Laois,UCD,2022/2023,5
business,Laois,UCD,2023/2024,10
business,Laois,UCD,2024/2025,5
business,Longford,DCU,2018/2019,5
business,Longford,DCU,2019/2020,5
business,Longford,DCU,2020/2021,10
business,Longford,DCU,2021/2022,10
business,Longford,DCU,2022/2023,5
business,Longford,DCU,2023/2024,10
business,Longford,DCU,2024/2025,5
business,Longford,DkIT,2018/2019,0
business,Longford,DkIT,2019/2020,0
business,Longford,DkIT,2020/2021,0
business,Longford,DkIT,2021/2022,0
business,Longford,DkIT,2022/2023,0
business,Longford,DkIT,2023/2024,0
business,Longford,DkIT,2024/2025,0
business,Longford,MU,2018/2019,5
business,Longford,MU,2019/2020,20
business,Longford,MU,2020/2021,15
business,Longford,MU,2021/2022,10
business,Longford,MU,2022/2023,20
business,Longford,MU,2023/2024,15
business,Longford,MU,2024/2025,20
business,Longford,SETU,2018/2019,0
business,Longford,SETU,2019/2020,0
business,Longford,SETU,2020/2021,0
business,Longford,SETU,2021/2022,0
business,Longford,SETU,2022/2023,0
business,Longford,SETU,2023/2024,5
business,Longford,SETU,2024/2025,0
business,Longford,TCD,2018/2019,5
business,Longford,TCD,2019/2020,0
business,Longford,TCD,2020/2021,0
business,Longford,TCD,2021/2022,0
business,Longford,TCD,2022/2023,0
business,Longford,TCD,2023/2024,0
business,Longford,TCD,2024/2025,0
business,Longford,TU Dublin,2018/2019,0
business,Longford,TU Dublin,2019/2020,5
business,Longford,TU Dublin,2020/2021,10
business,Longford,TU Dublin,2021/2022,5
business,Longford,TU Dublin,2022/2023,5
business,Longford,TU Dublin,2023/2024,5
business,Longford,TU Dublin,2024/2025,0
business,Longford,TUS,2018/2019,10
business,Longford,TUS,2019/2020,10
business,Longford,TUS,2020/2021,20
business,Longford,TUS,2021/2022,10
business,Longford,TUS,2022/2023,5
business,Longford,TUS,2023/2024,10
business,Longford,TUS,2024/2025,15
business,Longford,UCD,2018/2019,10
business,Longford,UCD,2019/2020,5
business,Longford,UCD,2020/2021,5
business,Longford,UCD,2021/2022,5
business,Longford,UCD,2022/2023,5
business,Longford,UCD,2023/2024,5
business,Longford,UCD,2024/2025,5
business,Louth,DCU,2018/2019,30
business,Louth,DCU,2019/2020,50
business,Louth,DCU,2020/2021,60
business,Louth,DCU,2021/2022,35
business,Louth,DCU,2022/2023,40
business,Louth,DCU,2023/2024,35
business,Louth,DCU,2024/2025,45
business,Louth,DkIT,2018/2019,120
business,Louth,DkIT,2019/2020,120
business,Louth,DkIT,2020/2021,105
business,Louth,DkIT,2021/2022,75
business,Louth,DkIT,2022/2023,95
business,Louth,DkIT,2023/2024,135
business,Louth,DkIT,2024/2025,135
business,Louth,MU,2018/2019,35
business,Louth,MU,2019/2020,40
business,Louth,MU,2020/2021,50
business,Louth,MU,2021/2022,45
business,Louth,MU,2022/2023,60
business,Louth,MU,2023/2024,45
business,Louth,MU,2024/2025,50
business,Louth,SETU,2018/2019,0
business,Louth,SETU,2019/2020,10
business,Louth,SETU,2020/2021,5
business,Louth,SETU,2021/2022,5
business,Louth,SETU,2022/2023,5
business,Louth,SETU,2023/2024,5
business,Louth,SETU,2024/2025,5
business,Louth,TCD,2018/2019,0
business,Louth,TCD,2019/2020,5
business,Louth,TCD,2020/2021,5
business,Louth,TCD,2021/2022,10
business,Louth,TCD,2022/2023,10
business,Louth,TCD,2023/2024,10
business,Louth,TCD,2024/2025,5
business,Louth,TU Dublin,2018/2019,10
business,Louth,TU Dublin,2019/2020,25
business,Louth,TU Dublin,2020/2021,25
business,Louth,TU Dublin,2021/2022,30
business,Louth,TU Dublin,2022/2023,25
business,Louth,TU Dublin,2023/2024,25
business,Louth,TU Dublin,2024/2025,20
business,Louth,TUS,2018/2019,0
business,Louth,TUS,2019/2020,0
business,Louth,TUS,2020/2021,0
business,Louth,TUS,2021/2022,0
business,Louth,TUS,2022/2023,0
business,Louth,TUS,2023/2024,0
business,Louth,TUS,2024/2025,0
business,Louth,UCD,2018/2019,15
business,Louth,UCD,2019/2020,15
business,Louth,UCD,2020/2021,15
business,Louth,UCD,2021/2022,15
business,Louth,UCD,2022/2023,15
business,Louth,UCD,2023/2024,15
business,Louth,UCD,2024/2025,10
business,Meath,DCU,2018/2019,60
business,Meath,DCU,2019/2020,90
business,Meath,DCU,2020/2021,95
business,Meath,DCU,2021/2022,75
business,Meath,DCU,2022/2023,90
business,Meath,DCU,2023/2024,95
business,Meath,DCU,2024/2025,90
business,Meath,DkIT,2018/2019,30
business,Meath,DkIT,2019/2020,30
business,Meath,DkIT,2020/2021,30
business,Meath,DkIT,2021/2022,30
business,Meath,DkIT,2022/2023,25
business,Meath,DkIT,2023/2024,35
business,Meath,DkIT,2024/2025,30
business,Meath,MU,2018/2019,80
business,Meath,MU,2019/2020,95
business,Meath,MU,2020/2021,100
business,Meath,MU,2021/2022,120
business,Meath,MU,2022/2023,150
business,Meath,MU,2023/2024,150
business,Meath,MU,2024/2025,145
business,Meath,SETU,2018/2019,5
business,Meath,SETU,2019/2020,10
business,Meath,SETU,2020/2021,15
business,Meath,SETU,2021/2022,5
business,Meath,SETU,2022/2023,10
business,Meath,SETU,2023/2024,10
business,Meath,SETU,2024/2025,10
business,Meath,TCD,2018/2019,20
business,Meath,TCD,2019/2020,20
business,Meath,TCD,2020/2021,20
business,Meath,TCD,2021/2022,10
business,Meath,TCD,2022/2023,10
business,Meath,TCD,2023/2024,20
business,Meath,TCD,2024/2025,10
business,Meath,TU Dublin,2018/2019,65
business,Meath,TU Dublin,2019/2020,80
business,Meath,TU Dublin,2020/2021,100
business,Meath,TU Dublin,2021/2022,65
business,Meath,TU Dublin,2022/2023,75
business,Meath,TU Dublin,2023/2024,95
business,Meath,TU Dublin,2024/2025,80
business,Meath,TUS,2018/2019,10
business,Meath,TUS,2019/2020,0
business,Meath,TUS,2020/2021,5
business,Meath,TUS,2021/2022,0
business,Meath,TUS,2022/2023,0
business,Meath,TUS,2023/2024,0
business,Meath,TUS,2024/2025,0
business,Meath,UCD,2018/2019,35
business,Meath,UCD,2019/2020,25
business,Meath,UCD,2020/2021,30
business,Meath,UCD,2021/2022,20
business,Meath,UCD,2022/2023,20
business,Meath,UCD,2023/2024,35
business,Meath,UCD,2024/2025,35
business,Monaghan,DCU,2018/2019,10
business,Monaghan,DCU,2019/2020,15
business,Monaghan,DCU,2020/2021,15
business,Monaghan,DCU,2021/2022,20
business,Monaghan,DCU,2022/2023,10
business,Monaghan,DCU,2023/2024,5
business,Monaghan,DCU,2024/2025,10
business,Monaghan,DkIT,2018/2019,30
business,Monaghan,DkIT,2019/2020,25
business,Monaghan,DkIT,2020/2021,25
business,Monaghan,DkIT,2021/2022,20
business,Monaghan,DkIT,2022/2023,30
business,Monaghan,DkIT,2023/2024,25
business,Monaghan,DkIT,2024/2025,25
business,Monaghan,MU,2018/2019,5
business,Monaghan,MU,2019/2020,10
business,Monaghan,MU,2020/2021,10
business,Monaghan,MU,2021/2022,10
business,Monaghan,MU,2022/2023,20
business,Monaghan,MU,2023/2024,10
business,Monaghan,MU,2024/2025,15
business,Monaghan,SETU,2018/2019,0
business,Monaghan,SETU,2019/2020,0
business,Monaghan,SETU,2020/2021,0
business,Monaghan,SETU,2021/2022,0
business,Monaghan,SETU,2022/2023,0
business,Monaghan,SETU,2023/2024,0
business,Monaghan,SETU,2024/2025,0
business,Monaghan,TCD,2018/2019,0
business,Monaghan,TCD,2019/2020,5
business,Monaghan,TCD,2020/2021,0
business,Monaghan,TCD,2021/2022,5
business,Monaghan,TCD,2022/2023,0
business,Monaghan,TCD,2023/2024,0
business,Monaghan,TCD,2024/2025,0
business,Monaghan,TU Dublin,2018/2019,5
business,Monaghan,TU Dublin,2019/2020,5
business,Monaghan,TU Dublin,2020/2021,5
business,Monaghan,TU Dublin,2021/2022,5
business,Monaghan,TU Dublin,2022/2023,10
business,Monaghan,TU Dublin,2023/2024,5
business,Monaghan,TU Dublin,2024/2025,0
business,Monaghan,TUS,2018/2019,0
business,Monaghan,TUS,2019/2020,0
business,Monaghan,TUS,2020/2021,0
business,Monaghan,TUS,2021/2022,0
business,Monaghan,TUS,2022/2023,0
business,Monaghan,TUS,2023/2024,0
business,Monaghan,TUS,2024/2025,0
business,Monaghan,UCD,2018/2019,10
business,Monaghan,UCD,2019/2020,10
business,Monaghan,UCD,2020/2021,5
business,Monaghan,UCD,2021/2022,5
business,Monaghan,UCD,2022/2023,5
business,Monaghan,UCD,2023/2024,10
business,Monaghan,UCD,2024/2025,10
business,Offaly,DCU,2018/2019,5
business,Offaly,DCU,2019/2020,10
business,Offaly,DCU,2020/2021,5
business,Offaly,DCU,2021/2022,10
business,Offaly,DCU,2022/2023,10
business,Offaly,DCU,2023/2024,5
business,Offaly,DCU,2024/2025,5
business,Offaly,DkIT,2018/2019,0
business,Offaly,DkIT,2019/2020,0
business,Offaly,DkIT,2020/2021,0
business,Offaly,DkIT,2021/2022,0
business,Offaly,DkIT,2022/2023,0
business,Offaly,DkIT,2023/2024,0
business,Offaly,DkIT,2024/2025,0
business,Offaly,MU,2018/2019,20
business,Offaly,MU,2019/2020,20
business,Offaly,MU,2020/2021,30
business,Offaly,MU,2021/2022,20
business,Offaly,MU,2022/2023,30
business,Offaly,MU,2023/2024,30
business,Offaly,MU,2024/2025,40
business,Offaly,SETU,2018/2019,15
business,Offaly,SETU,2019/2020,15
business,Offaly,SETU,2020/2021,5
business,Offaly,SETU,2021/2022,10
business,Offaly,SETU,2022/2023,5
business,Offaly,SETU,2023/2024,15
business,Offaly,SETU,2024/2025,10
business,Offaly,TCD,2018/2019,5
business,Offaly,TCD,2019/2020,0
business,Offaly,TCD,2020/2021,0
business,Offaly,TCD,2021/2022,5
business,Offaly,TCD,2022/2023,5
business,Offaly,TCD,2023/2024,0
business,Offaly,TCD,2024/2025,5
business,Offaly,TU Dublin,2018/2019,5
business,Offaly,TU Dublin,2019/2020,10
business,Offaly,TU Dublin,2020/2021,10
business,Offaly,TU Dublin,2021/2022,5
business,Offaly,TU Dublin,2022/2023,5
business,Offaly,TU Dublin,2023/2024,0
business,Offaly,TU Dublin,2024/2025,5
business,Offaly,TUS,2018/2019,20
business,Offaly,TUS,2019/2020,25
business,Offaly,TUS,2020/2021,25
business,Offaly,TUS,2021/2022,25
business,Offaly,TUS,2022/2023,20
business,Offaly,TUS,2023/2024,25
business,Offaly,TUS,2024/2025,20
business,Offaly,UCD,2018/2019,5
business,Offaly,UCD,2019/2020,10
business,Offaly,UCD,2020/2021,10
business,Offaly,UCD,2021/2022,5
business,Offaly,UCD,2022/2023,5
business,Offaly,UCD,2023/2024,5
business,Offaly,UCD,2024/2025,5
business,Westmeath,DCU,2018/2019,5
business,Westmeath,DCU,2019/2020,10
business,Westmeath,DCU,2020/2021,10
business,Westmeath,DCU,2021/2022,10
business,Westmeath,DCU,2022/2023,15
business,Westmeath,DCU,2023/2024,15
business,Westmeath,DCU,2024/2025,15
business,Westmeath,DkIT,2018/2019,0
business,Westmeath,DkIT,2019/2020,0
business,Westmeath,DkIT,2020/2021,0
business,Westmeath,DkIT,2021/2022,5
business,Westmeath,DkIT,2022/2023,0
business,Westmeath,DkIT,2023/2024,0
business,Westmeath,DkIT,2024/2025,0
business,Westmeath,MU,2018/2019,25
business,Westmeath,MU,2019/2020,35
business,Westmeath,MU,2020/2021,35
business,Westmeath,MU,2021/2022,20
business,Westmeath,MU,2022/2023,30
business,Westmeath,MU,2023/2024,35
business,Westmeath,MU,2024/2025,45
business,Westmeath,SETU,2018/2019,10
business,Westmeath,SETU,2019/2020,5
business,Westmeath,SETU,2020/2021,0
business,Westmeath,SETU,2021/2022,5
business,Westmeath,SETU,2022/2023,5
business,Westmeath,SETU,2023/2024,5
business,Westmeath,SETU,2024/2025,5
business,Westmeath,TCD,2018/2019,5
business,Westmeath,TCD,2019/2020,5
business,Westmeath,TCD,2020/2021,5
business,Westmeath,TCD,2021/2022,5
business,Westmeath,TCD,2022/2023,5
business,Westmeath,TCD,2023/2024,5
business,Westmeath,TCD,2024/2025,0
business,Westmeath,TU Dublin,2018/2019,10
business,Westmeath,TU Dublin,2019/2020,5
business,Westmeath,TU Dublin,2020/2021,5
business,Westmeath,TU Dublin,2021/2022,10
business,Westmeath,TU Dublin,2022/2023,5
business,Westmeath,TU Dublin,2023/2024,5
business,Westmeath,TU Dublin,2024/2025,15
business,Westmeath,TUS,2018/2019,25
business,Westmeath,TUS,2019/2020,45
business,Westmeath,TUS,2020/2021,30
business,Westmeath,TUS,2021/2022,35
business,Westmeath,TUS,2022/2023,25
business,Westmeath,TUS,2023/2024,40
business,Westmeath,TUS,2024/2025,40
business,Westmeath,UCD,2018/2019,15
business,Westmeath,UCD,2019/2020,10
business,Westmeath,UCD,2020/2021,5
business,Westmeath,UCD,2021/2022,15
business,Westmeath,UCD,2022/2023,5
business,Westmeath,UCD,2023/2024,15
business,Westmeath,UCD,2024/2025,15
business,Wicklow,DCU,2018/2019,10
business,Wicklow,DCU,2019/2020,15
business,Wicklow,DCU,2020/2021,15
business,Wicklow,DCU,2021/2022,25
business,Wicklow,DCU,2022/2023,15
business,Wicklow,DCU,2023/2024,15
business,Wicklow,DCU,2024/2025,10
business,Wicklow,DkIT,2018/2019,0
business,Wicklow,DkIT,2019/2020,0
business,Wicklow,DkIT,2020/2021,0
business,Wicklow,DkIT,2021/2022,0
business,Wicklow,DkIT,2022/2023,0
business,Wicklow,DkIT,2023/2024,0
business,Wicklow,DkIT,2024/2025,0
business,Wicklow,MU,2018/2019,20
business,Wicklow,MU,2019/2020,20
business,Wicklow,MU,2020/2021,20
business,Wicklow,MU,2021/2022,30
business,Wicklow,MU,2022/2023,50
business,Wicklow,MU,2023/2024,45
business,Wicklow,MU,2024/2025,40
business,Wicklow,SETU,2018/2019,30
business,Wicklow,SETU,2019/2020,30
business,Wicklow,SETU,2020/2021,25
business,Wicklow,SETU,2021/2022,20
business,Wicklow,SETU,2022/2023,25
business,Wicklow,SETU,2023/2024,20
business,Wicklow,SETU,2024/2025,30
business,Wicklow,TCD,2018/2019,10
business,Wicklow,TCD,2019/2020,10
business,Wicklow,TCD,2020/2021,15
business,Wicklow,TCD,2021/2022,10
business,Wicklow,TCD,2022/2023,15
business,Wicklow,TCD,2023/2024,10
business,Wicklow,TCD,2024/2025,10
business,Wicklow,TU Dublin,2018/2019,65
business,Wicklow,TU Dublin,2019/2020,90
business,Wicklow,TU Dublin,2020/2021,90
business,Wicklow,TU Dublin,2021/2022,80
business,Wicklow,TU Dublin,2022/2023,70
business,Wicklow,TU Dublin,2023/2024,85
business,Wicklow,TU Dublin,2024/2025,90
business,Wicklow,TUS,2018/2019,0
business,Wicklow,TUS,2019/2020,0
business,Wicklow,TUS,2020/2021,0
business,Wicklow,TUS,2021/2022,0
business,Wicklow,TUS,2022/2023,0
business,Wicklow,TUS,2023/2024,0
business,Wicklow,TUS,2024/2025,0
business,Wicklow,UCD,2018/2019,50
business,Wicklow,UCD,2019/2020,45
business,Wicklow,UCD,2020/2021,45
business,Wicklow,UCD,2021/2022,45
business,Wicklow,UCD,2022/2023,50
business,Wicklow,UCD,2023/2024,80
business,Wicklow,UCD,2024/2025,80
business,Carlow,DCU,2018/2019-2024/2025,60
business,Carlow,DkIT,2018/2019-2024/2025,0
business,Carlow,MU,2018/2019-2024/2025,95
business,Carlow,SETU,2018/2019-2024/2025,520
business,Carlow,TCD,2018/2019-2024/2025,5
business,Carlow,TU Dublin,2018/2019-2024/2025,35
business,Carlow,TUS,2018/2019-2024/2025,0
business,Carlow,UCD,2018/2019-2024/2025,45
business,Dublin,DCU,2018/2019-2024/2025,2425
business,Dublin,DkIT,2018/2019-2024/2025,110
business,Dublin,MU,2018/2019-2024/2025,2130
business,Dublin,SETU,2018/2019-2024/2025,220
business,Dublin,TCD,2018/2019-2024/2025,1045
business,Dublin,TU Dublin,2018/2019-2024/2025,6025
business,Dublin,TUS,2018/2019-2024/2025,10
business,Dublin,UCD,2018/2019-2024/2025,2885
business,Kildare,DCU,2018/2019-2024/2025,360
business,Kildare,DkIT,2018/2019-2024/2025,0
business,Kildare,MU,2018/2019-2024/2025,1255
business,Kildare,SETU,2018/2019-2024/2025,445
business,Kildare,TCD,2018/2019-2024/2025,135
business,Kildare,TU Dublin,2018/2019-2024/2025,625
business,Kildare,TUS,2018/2019-2024/2025,10
business,Kildare,UCD,2018/2019-2024/2025,310
business,Kilkenny,DCU,2018/2019-2024/2025,75
business,Kilkenny,DkIT,2018/2019-2024/2025,0
business,Kilkenny,MU,2018/2019-2024/2025,100
business,Kilkenny,SETU,2018/2019-2024/2025,545
business,Kilkenny,TCD,2018/2019-2024/2025,15
business,Kilkenny,TU Dublin,2018/2019-2024/2025,20
business,Kilkenny,TUS,2018/2019-2024/2025,0
business,Kilkenny,UCD,2018/2019-2024/2025,95
business,Laois,DCU,2018/2019-2024/2025,45
business,Laois,DkIT,2018/2019-2024/2025,0
business,Laois,MU,2018/2019-2024/2025,140
business,Laois,SETU,2018/2019-2024/2025,345
business,Laois,TCD,2018/2019-2024/2025,20
business,Laois,TU Dublin,2018/2019-2024/2025,40
business,Laois,TUS,2018/2019-2024/2025,20
business,Laois,UCD,2018/2019-2024/2025,60
business,Longford,DCU,2018/2019-2024/2025,50
business,Longford,DkIT,2018/2019-2024/2025,0
business,Longford,MU,2018/2019-2024/2025,105
business,Longford,SETU,2018/2019-2024/2025,5
business,Longford,TCD,2018/2019-2024/2025,5
business,Longford,TU Dublin,2018/2019-2024/2025,30
business,Longford,TUS,2018/2019-2024/2025,80
business,Longford,UCD,2018/2019-2024/2025,40
business,Louth,DCU,2018/2019-2024/2025,295
business,Louth,DkIT,2018/2019-2024/2025,785
business,Louth,MU,2018/2019-2024/2025,325
business,Louth,SETU,2018/2019-2024/2025,35
business,Louth,TCD,2018/2019-2024/2025,45
business,Louth,TU Dublin,2018/2019-2024/2025,160
business,Louth,TUS,2018/2019-2024/2025,0
business,Louth,UCD,2018/2019-2024/2025,100
business,Meath,DCU,2018/2019-2024/2025,595
business,Meath,DkIT,2018/2019-2024/2025,210
business,Meath,MU,2018/2019-2024/2025,840
business,Meath,SETU,2018/2019-2024/2025,65
business,Meath,TCD,2018/2019-2024/2025,110
business,Meath,TU Dublin,2018/2019-2024/2025,560
business,Meath,TUS,2018/2019-2024/2025,15
business,Meath,UCD,2018/2019-2024/2025,200
business,Monaghan,DCU,2018/2019-2024/2025,85
business,Monaghan,DkIT,2018/2019-2024/2025,180
business,Monaghan,MU,2018/2019-2024/2025,80
business,Monaghan,SETU,2018/2019-2024/2025,0
business,Monaghan,TCD,2018/2019-2024/2025,10
business,Monaghan,TU Dublin,2018/2019-2024/2025,35
business,Monaghan,TUS,2018/2019-2024/2025,0
business,Monaghan,UCD,2018/2019-2024/2025,55
business,Offaly,DCU,2018/2019-2024/2025,50
business,Offaly,DkIT,2018/2019-2024/2025,0
business,Offaly,MU,2018/2019-2024/2025,190
business,Offaly,SETU,2018/2019-2024/2025,75
business,Offaly,TCD,2018/2019-2024/2025,20
business,Offaly,TU Dublin,2018/2019-2024/2025,40
business,Offaly,TUS,2018/2019-2024/2025,160
business,Offaly,UCD,2018/2019-2024/2025,45
business,Westmeath,DCU,2018/2019-2024/2025,80
business,Westmeath,DkIT,2018/2019-2024/2025,5
business,Westmeath,MU,2018/2019-2024/2025,225
business,Westmeath,SETU,2018/2019-2024/2025,35
business,Westmeath,TCD,2018/2019-2024/2025,30
business,Westmeath,TU Dublin,2018/2019-2024/2025,55
business,Westmeath,TUS,2018/2019-2024/2025,240
business,Westmeath,UCD,2018/2019-2024/2025,80
business,Wicklow,DCU,2018/2019-2024/2025,105
business,Wicklow,DkIT,2018/2019-2024/2025,0
business,Wicklow,MU,2018/2019-2024/2025,225
business,Wicklow,SETU,2018/2019-2024/2025,180
business,Wicklow,TCD,2018/2019-2024/2025,80
business,Wicklow,TU Dublin,2018/2019-2024/2025,570
business,Wicklow,TUS,2018/2019-2024/2025,0
business,Wicklow,UCD,2018/2019-2024/2025,395
health,Carlow,DCU,2018/2019,5
health,Carlow,DCU,2019/2020,0
health,Carlow,DCU,2020/2021,5
health,Carlow,DCU,2021/2022,10
health,Carlow,DCU,2022/2023,5
health,Carlow,DCU,2023/2024,5
health,Carlow,DCU,2024/2025,5
health,Carlow,DkIT,2018/2019,0
health,Carlow,DkIT,2019/2020,0
health,Carlow,DkIT,2020/2021,0
health,Carlow,DkIT,2021/2022,0
health,Carlow,DkIT,2022/2023,0
health,Carlow,DkIT,2023/2024,0
health,Carlow,DkIT,2024/2025,0
health,Carlow,MU,2018/2019,0
health,Carlow,MU,2019/2020,0
health,Carlow,MU,2020/2021,0
health,Carlow,MU,2021/2022,0
health,Carlow,MU,2022/2023,0
health,Carlow,MU,2023/2024,0
health,Carlow,MU,2024/2025,0
health,Carlow,SETU,2018/2019,30
health,Carlow,SETU,2019/2020,35
health,Carlow,SETU,2020/2021,50
health,Carlow,SETU,2021/2022,65
health,Carlow,SETU,2022/2023,40
health,Carlow,SETU,2023/2024,45
health,Carlow,SETU,2024/2025,35
health,Carlow,TCD,2018/2019,10
health,Carlow,TCD,2019/2020,5
health,Carlow,TCD,2020/2021,10
health,Carlow,TCD,2021/2022,5
health,Carlow,TCD,2022/2023,10
health,Carlow,TCD,2023/2024,10
health,Carlow,TCD,2024/2025,5
health,Carlow,TU Dublin,2018/2019,0
health,Carlow,TU Dublin,2019/2020,0
health,Carlow,TU Dublin,2020/2021,5
health,Carlow,TU Dublin,2021/2022,0
health,Carlow,TU Dublin,2022/2023,0
health,Carlow,TU Dublin,2023/2024,5
health,Carlow,TU Dublin,2024/2025,5
health,Carlow,TUS,2018/2019,0
health,Carlow,TUS,2019/2020,0
health,Carlow,TUS,2020/2021,0
health,Carlow,TUS,2021/2022,5
health,Carlow,TUS,2022/2023,0
health,Carlow,TUS,2023/2024,0
health,Carlow,TUS,2024/2025,0
health,Carlow,UCD,2018/2019,10
health,Carlow,UCD,2019/2020,10
health,Carlow,UCD,2020/2021,5
health,Carlow,UCD,2021/2022,5
health,Carlow,UCD,2022/2023,10
health,Carlow,UCD,2023/2024,5
health,Carlow,UCD,2024/2025,10
health,Dublin,DCU,2018/2019,150
health,Dublin,DCU,2019/2020,150
health,Dublin,DCU,2020/2021,135
health,Dublin,DCU,2021/2022,180
health,Dublin,DCU,2022/2023,145
health,Dublin,DCU,2023/2024,210
health,Dublin,DCU,2024/2025,220
health,Dublin,DkIT,2018/2019,25
health,Dublin,DkIT,2019/2020,20
health,Dublin,DkIT,2020/2021,20
health,Dublin,DkIT,2021/2022,25
health,Dublin,DkIT,2022/2023,30
health,Dublin,DkIT,2023/2024,25
health,Dublin,DkIT,2024/2025,30
health,Dublin,MU,2018/2019,30
health,Dublin,MU,2019/2020,20
health,Dublin,MU,2020/2021,10
health,Dublin,MU,2021/2022,20
health,Dublin,MU,2022/2023,35
health,Dublin,MU,2023/2024,15
health,Dublin,MU,2024/2025,35
health,Dublin,SETU,2018/2019,10
health,Dublin,SETU,2019/2020,15
health,Dublin,SETU,2020/2021,25
health,Dublin,SETU,2021/2022,15
health,Dublin,SETU,2022/2023,10
health,Dublin,SETU,2023/2024,10
health,Dublin,SETU,2024/2025,10
health,Dublin,TCD,2018/2019,310
health,Dublin,TCD,2019/2020,320
health,Dublin,TCD,2020/2021,355
health,Dublin,TCD,2021/2022,315
health,Dublin,TCD,2022/2023,370
health,Dublin,TCD,2023/2024,335
health,Dublin,TCD,2024/2025,370
health,Dublin,TU Dublin,2018/2019,285
health,Dublin,TU Dublin,2019/2020,265
health,Dublin,TU Dublin,2020/2021,305
health,Dublin,TU Dublin,2021/2022,230
health,Dublin,TU Dublin,2022/2023,215
health,Dublin,TU Dublin,2023/2024,255
health,Dublin,TU Dublin,2024/2025,255
health,Dublin,TUS,2018/2019,5
health,Dublin,TUS,2019/2020,5
health,Dublin,TUS,2020/2021,10
health,Dublin,TUS,2021/2022,5
health,Dublin,TUS,2022/2023,15
health,Dublin,TUS,2023/2024,5
health,Dublin,TUS,2024/2025,5
health,Dublin,UCD,2018/2019,265
health,Dublin,UCD,2019/2020,265
health,Dublin,UCD,2020/2021,300
health,Dublin,UCD,2021/2022,280
health,Dublin,UCD,2022/2023,295
health,Dublin,UCD,2023/2024,285
health,Dublin,UCD,2024/2025,300
health,Kildare,DCU,2018/2019,20
health,Kildare,DCU,2019/2020,25
health,Kildare,DCU,2020/2021,15
health,Kildare,DCU,2021/2022,35
health,Kildare,DCU,2022/2023,30
health,Kildare,DCU,2023/2024,25
health,Kildare,DCU,2024/2025,35
health,Kildare,DkIT,2018/2019,5
health,Kildare,DkIT,2019/2020,5
health,Kildare,DkIT,2020/2021,0
health,Kildare,DkIT,2021/2022,5
health,Kildare,DkIT,2022/2023,0
health,Kildare,DkIT,2023/2024,0
health,Kildare,DkIT,2024/2025,0
health,Kildare,MU,2018/2019,5
health,Kildare,MU,2019/2020,5
health,Kildare,MU,2020/2021,0
health,Kildare,MU,2021/2022,0
health,Kildare,MU,2022/2023,10
health,Kildare,MU,2023/2024,0
health,Kildare,MU,2024/2025,20
health,Kildare,SETU,2018/2019,50
health,Kildare,SETU,2019/2020,50
health,Kildare,SETU,2020/2021,65
health,Kildare,SETU,2021/2022,60
health,Kildare,SETU,2022/2023,60
health,Kildare,SETU,2023/2024,40
health,Kildare,SETU,2024/2025,45
health,Kildare,TCD,2018/2019,75
health,Kildare,TCD,2019/2020,80
health,Kildare,TCD,2020/2021,75
health,Kildare,TCD,2021/2022,85
health,Kildare,TCD,2022/2023,70
health,Kildare,TCD,2023/2024,85
health,Kildare,TCD,2024/2025,80
health,Kildare,TU Dublin,2018/2019,30
health,Kildare,TU Dublin,2019/2020,30
health,Kildare,TU Dublin,2020/2021,40
health,Kildare,TU Dublin,2021/2022,30
health,Kildare,TU Dublin,2022/2023,25
health,Kildare,TU Dublin,2023/2024,35
health,Kildare,TU Dublin,2024/2025,30
health,Kildare,TUS,2018/2019,5
health,Kildare,TUS,2019/2020,15
health,Kildare,TUS,2020/2021,10
health,Kildare,TUS,2021/2022,10
health,Kildare,TUS,2022/2023,10
health,Kildare,TUS,2023/2024,10
health,Kildare,TUS,2024/2025,15
health,Kildare,UCD,2018/2019,35
health,Kildare,UCD,2019/2020,25
health,Kildare,UCD,2020/2021,35
health,Kildare,UCD,2021/2022,45
health,Kildare,UCD,2022/2023,35
health,Kildare,UCD,2023/2024,50
health,Kildare,UCD,2024/2025,40
health,Kilkenny,DCU,2018/2019,5
health,Kilkenny,DCU,2019/2020,5
health,Kilkenny,DCU,2020/2021,5
health,Kilkenny,DCU,2021/2022,5
health,Kilkenny,DCU,2022/2023,5
health,Kilkenny,DCU,2023/2024,5
health,Kilkenny,DCU,2024/2025,10
health,Kilkenny,DkIT,2018/2019,0
health,Kilkenny,DkIT,2019/2020,0
health,Kilkenny,DkIT,2020/2021,0
health,Kilkenny,DkIT,2021/2022,5
health,Kilkenny,DkIT,2022/2023,0
health,Kilkenny,DkIT,2023/2024,0
health,Kilkenny,DkIT,2024/2025,0
health,Kilkenny,MU,2018/2019,0
health,Kilkenny,MU,2019/2020,0
health,Kilkenny,MU,2020/2021,0
health,Kilkenny,MU,2021/2022,0
health,Kilkenny,MU,2022/2023,0
health,Kilkenny,MU,2023/2024,0
health,Kilkenny,MU,2024/2025,5
health,Kilkenny,SETU,2018/2019,80
health,Kilkenny,SETU,2019/2020,80
health,Kilkenny,SETU,2020/2021,75
health,Kilkenny,SETU,2021/2022,75
health,Kilkenny,SETU,2022/2023,60
health,Kilkenny,SETU,2023/2024,70
health,Kilkenny,SETU,2024/2025,80
health,Kilkenny,TCD,2018/2019,10
health,Kilkenny,TCD,2019/2020,5
health,Kilkenny,TCD,2020/2021,5
health,Kilkenny,TCD,2021/2022,10
health,Kilkenny,TCD,2022/2023,5
health,Kilkenny,TCD,2023/2024,5
health,Kilkenny,TCD,2024/2025,10
health,Kilkenny,TU Dublin,2018/2019,0
health,Kilkenny,TU Dublin,2019/2020,0
health,Kilkenny,TU Dublin,2020/2021,5
health,Kilkenny,TU Dublin,2021/2022,5
health,Kilkenny,TU Dublin,2022/2023,10
health,Kilkenny,TU Dublin,2023/2024,5
health,Kilkenny,TU Dublin,2024/2025,5
health,Kilkenny,TUS,2018/2019,0
health,Kilkenny,TUS,2019/2020,0
health,Kilkenny,TUS,2020/2021,5
health,Kilkenny,TUS,2021/2022,0
health,Kilkenny,TUS,2022/2023,0
health,Kilkenny,TUS,2023/2024,0
health,Kilkenny,TUS,2024/2025,0
health,Kilkenny,UCD,2018/2019,15
health,Kilkenny,UCD,2019/2020,15
health,Kilkenny,UCD,2020/2021,10
health,Kilkenny,UCD,2021/2022,15
health,Kilkenny,UCD,2022/2023,15
health,Kilkenny,UCD,2023/2024,10
health,Kilkenny,UCD,2024/2025,20
health,Laois,DCU,2018/2019,5
health,Laois,DCU,2019/2020,5
health,Laois,DCU,2020/2021,5
health,Laois,DCU,2021/2022,5
health,Laois,DCU,2022/2023,5
health,Laois,DCU,2023/2024,10
health,Laois,DCU,2024/2025,5
health,Laois,DkIT,2018/2019,0
health,Laois,DkIT,2019/2020,0
health,Laois,DkIT,2020/2021,0
health,Laois,DkIT,2021/2022,0
health,Laois,DkIT,2022/2023,0
health,Laois,DkIT,2023/2024,0
health,Laois,DkIT,2024/2025,0
health,Laois,MU,2018/2019,0
health,Laois,MU,2019/2020,0
health,Laois,MU,2020/2021,0
health,Laois,MU,2021/2022,0
health,Laois,MU,2022/2023,0
health,Laois,MU,2023/2024,0
health,Laois,MU,2024/2025,0
health,Laois,SETU,2018/2019,30
health,Laois,SETU,2019/2020,45
health,Laois,SETU,2020/2021,30
health,Laois,SETU,2021/2022,25
health,Laois,SETU,2022/2023,30
health,Laois,SETU,2023/2024,40
health,Laois,SETU,2024/2025,45
health,Laois,TCD,2018/2019,15
health,Laois,TCD,2019/2020,15
health,Laois,TCD,2020/2021,15
health,Laois,TCD,2021/2022,10
health,Laois,TCD,2022/2023,5
health,Laois,TCD,2023/2024,10
health,Laois,TCD,2024/2025,15
health,Laois,TU Dublin,2018/2019,0
health,Laois,TU Dublin,2019/2020,5
health,Laois,TU Dublin,2020/2021,0
health,Laois,TU Dublin,2021/2022,5
health,Laois,TU Dublin,2022/2023,0
health,Laois,TU Dublin,2023/2024,10
health,Laois,TU Dublin,2024/2025,5
health,Laois,TUS,2018/2019,10
health,Laois,TUS,2019/2020,15
health,Laois,TUS,2020/2021,15
health,Laois,TUS,2021/2022,15
health,Laois,TUS,2022/2023,15
health,Laois,TUS,2023/2024,20
health,Laois,TUS,2024/2025,30
health,Laois,UCD,2018/2019,10
health,Laois,UCD,2019/2020,5
health,Laois,UCD,2020/2021,5
health,Laois,UCD,2021/2022,10
health,Laois,UCD,2022/2023,5
health,Laois,UCD,2023/2024,10
health,Laois,UCD,2024/2025,5
health,Longford,DCU,2018/2019,0
health,Longford,DCU,2019/2020,5
health,Longford,DCU,2020/2021,5
health,Longford,DCU,2021/2022,5
health,Longford,DCU,2022/2023,5
health,Longford,DCU,2023/2024,5
health,Longford,DCU,2024/2025,5
health,Longford,DkIT,2018/2019,0
health,Longford,DkIT,2019/2020,0
health,Longford,DkIT,2020/2021,0
health,Longford,DkIT,2021/2022,0
health,Longford,DkIT,2022/2023,5
health,Longford,DkIT,2023/2024,0
health,Longford,DkIT,2024/2025,0
health,Longford,MU,2018/2019,0
health,Longford,MU,2019/2020,0
health,Longford,MU,2020/2021,0
health,Longford,MU,2021/2022,0
health,Longford,MU,2022/2023,0
health,Longford,MU,2023/2024,0
health,Longford,MU,2024/2025,0
health,Longford,SETU,2018/2019,0
health,Longford,SETU,2019/2020,0
health,Longford,SETU,2020/2021,0
health,Longford,SETU,2021/2022,0
health,Longford,SETU,2022/2023,0
health,Longford,SETU,2023/2024,0
health,Longford,SETU,2024/2025,0
health,Longford,TCD,2018/2019,0
health,Longford,TCD,2019/2020,10
health,Longford,TCD,2020/2021,5
health,Longford,TCD,2021/2022,5
health,Longford,TCD,2022/2023,5
health,Longford,TCD,2023/2024,0
health,Longford,TCD,2024/2025,5
health,Longford,TU Dublin,2018/2019,0
health,Longford,TU Dublin,2019/2020,0
health,Longford,TU Dublin,2020/2021,0
health,Longford,TU Dublin,2021/2022,0
health,Longford,TU Dublin,2022/2023,0
health,Longford,TU Dublin,2023/2024,5
health,Longford,TU Dublin,2024/2025,0
health,Longford,TUS,2018/2019,20
health,Longford,TUS,2019/2020,25
health,Longford,TUS,2020/2021,25
health,Longford,TUS,2021/2022,25
health,Longford,TUS,2022/2023,25
health,Longford,TUS,2023/2024,20
health,Longford,TUS,2024/2025,25
health,Longford,UCD,2018/2019,0
health,Longford,UCD,2019/2020,5
health,Longford,UCD,2020/2021,10
health,Longford,UCD,2021/2022,5
health,Longford,UCD,2022/2023,5
health,Longford,UCD,2023/2024,5
health,Longford,UCD,2024/2025,10
health,Louth,DCU,2018/2019,25
health,Louth,DCU,2019/2020,15
health,Louth,DCU,2020/2021,15
health,Louth,DCU,2021/2022,30
health,Louth,DCU,2022/2023,25
health,Louth,DCU,2023/2024,25
health,Louth,DCU,2024/2025,30
health,Louth,DkIT,2018/2019,95
health,Louth,DkIT,2019/2020,95
health,Louth,DkIT,2020/2021,75
health,Louth,DkIT,2021/2022,65
health,Louth,DkIT,2022/2023,75
health,Louth,DkIT,2023/2024,125
health,Louth,DkIT,2024/2025,130
health,Louth,MU,2018/2019,5
health,Louth,MU,2019/2020,0
health,Louth,MU,2020/2021,0
health,Louth,MU,2021/2022,0
health,Louth,MU,2022/2023,0
health,Louth,MU,2023/2024,0
health,Louth,MU,2024/2025,5
health,Louth,SETU,2018/2019,5
health,Louth,SETU,2019/2020,5
health,Louth,SETU,2020/2021,0
health,Louth,SETU,2021/2022,5
health,Louth,SETU,2022/2023,5
health,Louth,SETU,2023/2024,5
health,Louth,SETU,2024/2025,0
health,Louth,TCD,2018/2019,20
health,Louth,TCD,2019/2020,15
health,Louth,TCD,2020/2021,25
health,Louth,TCD,2021/2022,20
health,Louth,TCD,2022/2023,25
health,Louth,TCD,2023/2024,15
health,Louth,TCD,2024/2025,15
health,Louth,TU Dublin,2018/2019,15
health,Louth,TU Dublin,2019/2020,15
health,Louth,TU Dublin,2020/2021,15
health,Louth,TU Dublin,2021/2022,15
health,Louth,TU Dublin,2022/2023,10
health,Louth,TU Dublin,2023/2024,5
health,Louth,TU Dublin,2024/2025,5
health,Louth,TUS,2018/2019,0
health,Louth,TUS,2019/2020,0
health,Louth,TUS,2020/2021,5
health,Louth,TUS,2021/2022,5
health,Louth,TUS,2022/2023,5
health,Louth,TUS,2023/2024,5
health,Louth,TUS,2024/2025,0
health,Louth,UCD,2018/2019,10
health,Louth,UCD,2019/2020,10
health,Louth,UCD,2020/2021,10
health,Louth,UCD,2021/2022,15
health,Louth,UCD,2022/2023,10
health,Louth,UCD,2023/2024,10
health,Louth,UCD,2024/2025,15
health,Meath,DCU,2018/2019,50
health,Meath,DCU,2019/2020,40
health,Meath,DCU,2020/2021,50
health,Meath,DCU,2021/2022,40
health,Meath,DCU,2022/2023,50
health,Meath,DCU,2023/2024,55
health,Meath,DCU,2024/2025,50
health,Meath,DkIT,2018/2019,30
health,Meath,DkIT,2019/2020,25
health,Meath,DkIT,2020/2021,35
health,Meath,DkIT,2021/2022,25
health,Meath,DkIT,2022/2023,25
health,Meath,DkIT,2023/2024,55
health,Meath,DkIT,2024/2025,45
health,Meath,MU,2018/2019,5
health,Meath,MU,2019/2020,0
health,Meath,MU,2020/2021,0
health,Meath,MU,2021/2022,0
health,Meath,MU,2022/2023,10
health,Meath,MU,2023/2024,0
health,Meath,MU,2024/2025,5
health,Meath,SETU,2018/2019,5
health,Meath,SETU,2019/2020,5
health,Meath,SETU,2020/2021,10
health,Meath,SETU,2021/2022,10
health,Meath,SETU,2022/2023,0
health,Meath,SETU,2023/2024,5
health,Meath,SETU,2024/2025,0
health,Meath,TCD,2018/2019,40
health,Meath,TCD,2019/2020,45
health,Meath,TCD,2020/2021,60
health,Meath,TCD,2021/2022,50
health,Meath,TCD,2022/2023,40
health,Meath,TCD,2023/2024,40
health,Meath,TCD,2024/2025,40
health,Meath,TU Dublin,2018/2019,50
health,Meath,TU Dublin,2019/2020,45
health,Meath,TU Dublin,2020/2021,55
health,Meath,TU Dublin,2021/2022,40
health,Meath,TU Dublin,2022/2023,40
health,Meath,TU Dublin,2023/2024,40
health,Meath,TU Dublin,2024/2025,55
health,Meath,TUS,2018/2019,5
health,Meath,TUS,2019/2020,5
health,Meath,TUS,2020/2021,15
health,Meath,TUS,2021/2022,10
health,Meath,TUS,2022/2023,10
health,Meath,TUS,2023/2024,20
health,Meath,TUS,2024/2025,15
health,Meath,UCD,2018/2019,25
health,Meath,UCD,2019/2020,30
health,Meath,UCD,2020/2021,25
health,Meath,UCD,2021/2022,20
health,Meath,UCD,2022/2023,35
health,Meath,UCD,2023/2024,20
health,Meath,UCD,2024/2025,15
health,Monaghan,DCU,2018/2019,10
health,Monaghan,DCU,2019/2020,5
health,Monaghan,DCU,2020/2021,5
health,Monaghan,DCU,2021/2022,15
health,Monaghan,DCU,2022/2023,5
health,Monaghan,DCU,2023/2024,5
health,Monaghan,DCU,2024/2025,10
health,Monaghan,DkIT,2018/2019,25
health,Monaghan,DkIT,2019/2020,20
health,Monaghan,DkIT,2020/2021,20
health,Monaghan,DkIT,2021/2022,25
health,Monaghan,DkIT,2022/2023,20
health,Monaghan,DkIT,2023/2024,30
health,Monaghan,DkIT,2024/2025,25
health,Monaghan,MU,2018/2019,0
health,Monaghan,MU,2019/2020,0
health,Monaghan,MU,2020/2021,0
health,Monaghan,MU,2021/2022,0
health,Monaghan,MU,2022/2023,0
health,Monaghan,MU,2023/2024,0
health,Monaghan,MU,2024/2025,0
health,Monaghan,SETU,2018/2019,5
health,Monaghan,SETU,2019/2020,0
health,Monaghan,SETU,2020/2021,0
health,Monaghan,SETU,2021/2022,0
health,Monaghan,SETU,2022/2023,0
health,Monaghan,SETU,2023/2024,0
health,Monaghan,SETU,2024/2025,0
health,Monaghan,TCD,2018/2019,5
health,Monaghan,TCD,2019/2020,5
health,Monaghan,TCD,2020/2021,10
health,Monaghan,TCD,2021/2022,5
health,Monaghan,TCD,2022/2023,10
health,Monaghan,TCD,2023/2024,5
health,Monaghan,TCD,2024/2025,5
health,Monaghan,TU Dublin,2018/2019,5
health,Monaghan,TU Dublin,2019/2020,10
health,Monaghan,TU Dublin,2020/2021,5
health,Monaghan,TU Dublin,2021/2022,10
health,Monaghan,TU Dublin,2022/2023,5
health,Monaghan,TU Dublin,2023/2024,5
health,Monaghan,TU Dublin,2024/2025,5
health,Monaghan,TUS,2018/2019,0
health,Monaghan,TUS,2019/2020,5
health,Monaghan,TUS,2020/2021,5
health,Monaghan,TUS,2021/2022,10
health,Monaghan,TUS,2022/2023,0
health,Monaghan,TUS,2023/2024,0
health,Monaghan,TUS,2024/2025,5
health,Monaghan,UCD,2018/2019,5
health,Monaghan,UCD,2019/2020,5
health,Monaghan,UCD,2020/2021,5
health,Monaghan,UCD,2021/2022,10
health,Monaghan,UCD,2022/2023,5
health,Monaghan,UCD,2023/2024,5
health,Monaghan,UCD,2024/2025,10
health,Offaly,DCU,2018/2019,5
health,Offaly,DCU,2019/2020,5
health,Offaly,DCU,2020/2021,15
health,Offaly,DCU,2021/2022,5
health,Offaly,DCU,2022/2023,10
health,Offaly,DCU,2023/2024,5
health,Offaly,DCU,2024/2025,5
health,Offaly,DkIT,2018/2019,0
health,Offaly,DkIT,2019/2020,0
health,Offaly,DkIT,2020/2021,0
health,Offaly,DkIT,2021/2022,0
health,Offaly,DkIT,2022/2023,0
health,Offaly,DkIT,2023/2024,0
health,Offaly,DkIT,2024/2025,0
health,Offaly,MU,2018/2019,5
health,Offaly,MU,2019/2020,0
health,Offaly,MU,2020/2021,5
health,Offaly,MU,2021/2022,0
health,Offaly,MU,2022/2023,0
health,Offaly,MU,2023/2024,0
health,Offaly,MU,2024/2025,0
health,Offaly,SETU,2018/2019,15
health,Offaly,SETU,2019/2020,15
health,Offaly,SETU,2020/2021,15
health,Offaly,SETU,2021/2022,10
health,Offaly,SETU,2022/2023,5
health,Offaly,SETU,2023/2024,0
health,Offaly,SETU,2024/2025,5
health,Offaly,TCD,2018/2019,15
health,Offaly,TCD,2019/2020,10
health,Offaly,TCD,2020/2021,15
health,Offaly,TCD,2021/2022,10
health,Offaly,TCD,2022/2023,10
health,Offaly,TCD,2023/2024,10
health,Offaly,TCD,2024/2025,10
health,Offaly,TU Dublin,2018/2019,0
health,Offaly,TU Dublin,2019/2020,0
health,Offaly,TU Dublin,2020/2021,5
health,Offaly,TU Dublin,2021/2022,5
health,Offaly,TU Dublin,2022/2023,5
health,Offaly,TU Dublin,2023/2024,5
health,Offaly,TU Dublin,2024/2025,5
health,Offaly,TUS,2018/2019,50
health,Offaly,TUS,2019/2020,40
health,Offaly,TUS,2020/2021,60
health,Offaly,TUS,2021/2022,50
health,Offaly,TUS,2022/2023,50
health,Offaly,TUS,2023/2024,55
health,Offaly,TUS,2024/2025,50
health,Offaly,UCD,2018/2019,10
health,Offaly,UCD,2019/2020,10
health,Offaly,UCD,2020/2021,15
health,Offaly,UCD,2021/2022,10
health,Offaly,UCD,2022/2023,10
health,Offaly,UCD,2023/2024,10
health,Offaly,UCD,2024/2025,10
health,Westmeath,DCU,2018/2019,10
health,Westmeath,DCU,2019/2020,10
health,Westmeath,DCU,2020/2021,10
health,Westmeath,DCU,2021/2022,10
health,Westmeath,DCU,2022/2023,10
health,Westmeath,DCU,2023/2024,5
health,Westmeath,DCU,2024/2025,10
health,Westmeath,DkIT,2018/2019,0
health,Westmeath,DkIT,2019/2020,0
health,Westmeath,DkIT,2020/2021,0
health,Westmeath,DkIT,2021/2022,0
health,Westmeath,DkIT,2022/2023,0
health,Westmeath,DkIT,2023/2024,0
health,Westmeath,DkIT,2024/2025,0
health,Westmeath,MU,2018/2019,5
health,Westmeath,MU,2019/2020,0
health,Westmeath,MU,2020/2021,0
health,Westmeath,MU,2021/2022,0
health,Westmeath,MU,2022/2023,0
health,Westmeath,MU,2023/2024,0
health,Westmeath,MU,2024/2025,5
health,Westmeath,SETU,2018/2019,5
health,Westmeath,SETU,2019/2020,0
health,Westmeath,SETU,2020/2021,0
health,Westmeath,SETU,2021/2022,0
health,Westmeath,SETU,2022/2023,0
health,Westmeath,SETU,2023/2024,0
health,Westmeath,SETU,2024/2025,0
health,Westmeath,TCD,2018/2019,25
health,Westmeath,TCD,2019/2020,15
health,Westmeath,TCD,2020/2021,20
health,Westmeath,TCD,2021/2022,15
health,Westmeath,TCD,2022/2023,15
health,Westmeath,TCD,2023/2024,10
health,Westmeath,TCD,2024/2025,20
health,Westmeath,TU Dublin,2018/2019,5
health,Westmeath,TU Dublin,2019/2020,5
health,Westmeath,TU Dublin,2020/2021,10
health,Westmeath,TU Dublin,2021/2022,5
health,Westmeath,TU Dublin,2022/2023,5
health,Westmeath,TU Dublin,2023/2024,5
health,Westmeath,TU Dublin,2024/2025,5
health,Westmeath,TUS,2018/2019,55
health,Westmeath,TUS,2019/2020,55
health,Westmeath,TUS,2020/2021,65
health,Westmeath,TUS,2021/2022,50
health,Westmeath,TUS,2022/2023,60
health,Westmeath,TUS,2023/2024,70
health,Westmeath,TUS,2024/2025,80
health,Westmeath,UCD,2018/2019,20
health,Westmeath,UCD,2019/2020,15
health,Westmeath,UCD,2020/2021,15
health,Westmeath,UCD,2021/2022,15
health,Westmeath,UCD,2022/2023,15
health,Westmeath,UCD,2023/2024,20
health,Westmeath,UCD,2024/2025,10
health,Wicklow,DCU,2018/2019,10
health,Wicklow,DCU,2019/2020,10
health,Wicklow,DCU,2020/2021,5
health,Wicklow,DCU,2021/2022,5
health,Wicklow,DCU,2022/2023,10
health,Wicklow,DCU,2023/2024,15
health,Wicklow,DCU,2024/2025,5
health,Wicklow,DkIT,2018/2019,0
health,Wicklow,DkIT,2019/2020,5
health,Wicklow,DkIT,2020/2021,0
health,Wicklow,DkIT,2021/2022,0
health,Wicklow,DkIT,2022/2023,0
health,Wicklow,DkIT,2023/2024,0
health,Wicklow,DkIT,2024/2025,0
health,Wicklow,MU,2018/2019,0
health,Wicklow,MU,2019/2020,0
health,Wicklow,MU,2020/2021,0
health,Wicklow,MU,2021/2022,0
health,Wicklow,MU,2022/2023,0
health,Wicklow,MU,2023/2024,0
health,Wicklow,MU,2024/2025,5
health,Wicklow,SETU,2018/2019,35
health,Wicklow,SETU,2019/2020,30
health,Wicklow,SETU,2020/2021,35
health,Wicklow,SETU,2021/2022,25
health,Wicklow,SETU,2022/2023,20
health,Wicklow,SETU,2023/2024,25
health,Wicklow,SETU,2024/2025,30
health,Wicklow,TCD,2018/2019,45
health,Wicklow,TCD,2019/2020,30
health,Wicklow,TCD,2020/2021,20
health,Wicklow,TCD,2021/2022,25
health,Wicklow,TCD,2022/2023,25
health,Wicklow,TCD,2023/2024,35
health,Wicklow,TCD,2024/2025,35
health,Wicklow,TU Dublin,2018/2019,15
health,Wicklow,TU Dublin,2019/2020,30
health,Wicklow,TU Dublin,2020/2021,20
health,Wicklow,TU Dublin,2021/2022,20
health,Wicklow,TU Dublin,2022/2023,20
health,Wicklow,TU Dublin,2023/2024,10
health,Wicklow,TU Dublin,2024/2025,15
health,Wicklow,TUS,2018/2019,0
health,Wicklow,TUS,2019/2020,5
health,Wicklow,TUS,2020/2021,0
health,Wicklow,TUS,2021/2022,5
health,Wicklow,TUS,2022/2023,0
health,Wicklow,TUS,2023/2024,0
health,Wicklow,TUS,2024/2025,0
health,Wicklow,UCD,2018/2019,40
health,Wicklow,UCD,2019/2020,45
health,Wicklow,UCD,2020/2021,50
health,Wicklow,UCD,2021/2022,55
health,Wicklow,UCD,2022/2023,35
health,Wicklow,UCD,2023/2024,40
health,Wicklow,UCD,2024/2025,40
health,Carlow,DCU,2018/2019-2024/2025,35
health,Carlow,DkIT,2018/2019-2024/2025,0
health,Carlow,MU,2018/2019-2024/2025,0
health,Carlow,SETU,2018/2019-2024/2025,300
health,Carlow,TCD,2018/2019-2024/2025,55
health,Carlow,TU Dublin,2018/2019-2024/2025,15
health,Carlow,TUS,2018/2019-2024/2025,5
health,Carlow,UCD,2018/2019-2024/2025,55
health,Dublin,DCU,2018/2019-2024/2025,1190
health,Dublin,DkIT,2018/2019-2024/2025,175
health,Dublin,MU,2018/2019-2024/2025,165
health,Dublin,SETU,2018/2019-2024/2025,95
health,Dublin,TCD,2018/2019-2024/2025,2375
health,Dublin,TU Dublin,2018/2019-2024/2025,1810
health,Dublin,TUS,2018/2019-2024/2025,50
health,Dublin,UCD,2018/2019-2024/2025,1990
health,Kildare,DCU,2018/2019-2024/2025,185
health,Kildare,DkIT,2018/2019-2024/2025,15
health,Kildare,MU,2018/2019-2024/2025,40
health,Kildare,SETU,2018/2019-2024/2025,370
health,Kildare,TCD,2018/2019-2024/2025,550
health,Kildare,TU Dublin,2018/2019-2024/2025,220
health,Kildare,TUS,2018/2019-2024/2025,75
health,Kildare,UCD,2018/2019-2024/2025,265
health,Kilkenny,DCU,2018/2019-2024/2025,40
health,Kilkenny,DkIT,2018/2019-2024/2025,5
health,Kilkenny,MU,2018/2019-2024/2025,5
health,Kilkenny,SETU,2018/2019-2024/2025,520
health,Kilkenny,TCD,2018/2019-2024/2025,50
health,Kilkenny,TU Dublin,2018/2019-2024/2025,30
health,Kilkenny,TUS,2018/2019-2024/2025,5
health,Kilkenny,UCD,2018/2019-2024/2025,100
health,Laois,DCU,2018/2019-2024/2025,40
health,Laois,DkIT,2018/2019-2024/2025,0
health,Laois,MU,2018/2019-2024/2025,0
health,Laois,SETU,2018/2019-2024/2025,245
health,Laois,TCD,2018/2019-2024/2025,85
health,Laois,TU Dublin,2018/2019-2024/2025,25
health,Laois,TUS,2018/2019-2024/2025,120
health,Laois,UCD,2018/2019-2024/2025,50
health,Longford,DCU,2018/2019-2024/2025,30
health,Longford,DkIT,2018/2019-2024/2025,5
health,Longford,MU,2018/2019-2024/2025,0
health,Longford,SETU,2018/2019-2024/2025,0
health,Longford,TCD,2018/2019-2024/2025,30
health,Longford,TU Dublin,2018/2019-2024/2025,5
health,Longford,TUS,2018/2019-2024/2025,165
health,Longford,UCD,2018/2019-2024/2025,40
health,Louth,DCU,2018/2019-2024/2025,165
health,Louth,DkIT,2018/2019-2024/2025,660
health,Louth,MU,2018/2019-2024/2025,10
health,Louth,SETU,2018/2019-2024/2025,25
health,Louth,TCD,2018/2019-2024/2025,135
health,Louth,TU Dublin,2018/2019-2024/2025,80
health,Louth,TUS,2018/2019-2024/2025,20
health,Louth,UCD,2018/2019-2024/2025,80
health,Meath,DCU,2018/2019-2024/2025,335
health,Meath,DkIT,2018/2019-2024/2025,240
health,Meath,MU,2018/2019-2024/2025,20
health,Meath,SETU,2018/2019-2024/2025,35
health,Meath,TCD,2018/2019-2024/2025,315
health,Meath,TU Dublin,2018/2019-2024/2025,325
health,Meath,TUS,2018/2019-2024/2025,80
health,Meath,UCD,2018/2019-2024/2025,170
health,Monaghan,DCU,2018/2019-2024/2025,55
health,Monaghan,DkIT,2018/2019-2024/2025,165
health,Monaghan,MU,2018/2019-2024/2025,0
health,Monaghan,SETU,2018/2019-2024/2025,5
health,Monaghan,TCD,2018/2019-2024/2025,45
health,Monaghan,TU Dublin,2018/2019-2024/2025,45
health,Monaghan,TUS,2018/2019-2024/2025,25
health,Monaghan,UCD,2018/2019-2024/2025,45
health,Offaly,DCU,2018/2019-2024/2025,50
health,Offaly,DkIT,2018/2019-2024/2025,0
health,Offaly,MU,2018/2019-2024/2025,10
health,Offaly,SETU,2018/2019-2024/2025,65
health,Offaly,TCD,2018/2019-2024/2025,80
health,Offaly,TU Dublin,2018/2019-2024/2025,25
health,Offaly,TUS,2018/2019-2024/2025,355
health,Offaly,UCD,2018/2019-2024/2025,75
health,Westmeath,DCU,2018/2019-2024/2025,65
health,Westmeath,DkIT,2018/2019-2024/2025,0
health,Westmeath,MU,2018/2019-2024/2025,10
health,Westmeath,SETU,2018/2019-2024/2025,5
health,Westmeath,TCD,2018/2019-2024/2025,120
health,Westmeath,TU Dublin,2018/2019-2024/2025,40
health,Westmeath,TUS,2018/2019-2024/2025,435
health,Westmeath,UCD,2018/2019-2024/2025,110
health,Wicklow,DCU,2018/2019-2024/2025,60
health,Wicklow,DkIT,2018/2019-2024/2025,5
health,Wicklow,MU,2018/2019-2024/2025,5
health,Wicklow,SETU,2018/2019-2024/2025,200
health,Wicklow,TCD,2018/2019-2024/2025,215
health,Wicklow,TU Dublin,2018/2019-2024/2025,130
health,Wicklow,TUS,2018/2019-2024/2025,10
health,Wicklow,UCD,2018/2019-2024/2025,305
arts,Carlow,DCU,2018/2019,15
arts,Carlow,DCU,2019/2020,10
arts,Carlow,DCU,2020/2021,15
arts,Carlow,DCU,2021/2022,5
arts,Carlow,DCU,2022/2023,5
arts,Carlow,DCU,2023/2024,5
arts,Carlow,DCU,2024/2025,10
arts,Carlow,DkIT,2018/2019,0
arts,Carlow,DkIT,2019/2020,0
arts,Carlow,DkIT,2020/2021,0
arts,Carlow,DkIT,2021/2022,0
arts,Carlow,DkIT,2022/2023,0
arts,Carlow,DkIT,2023/2024,0
arts,Carlow,DkIT,2024/2025,0
arts,Carlow,MU,2018/2019,25
arts,Carlow,MU,2019/2020,25
arts,Carlow,MU,2020/2021,20
arts,Carlow,MU,2021/2022,15
arts,Carlow,MU,2022/2023,20
arts,Carlow,MU,2023/2024,10
arts,Carlow,MU,2024/2025,15
arts,Carlow,SETU,2018/2019,30
arts,Carlow,SETU,2019/2020,25
arts,Carlow,SETU,2020/2021,30
arts,Carlow,SETU,2021/2022,20
arts,Carlow,SETU,2022/2023,20
arts,Carlow,SETU,2023/2024,20
arts,Carlow,SETU,2024/2025,30
arts,Carlow,TCD,2018/2019,0
arts,Carlow,TCD,2019/2020,5
arts,Carlow,TCD,2020/2021,5
arts,Carlow,TCD,2021/2022,5
arts,Carlow,TCD,2022/2023,5
arts,Carlow,TCD,2023/2024,5
arts,Carlow,TCD,2024/2025,5
arts,Carlow,TU Dublin,2018/2019,10
arts,Carlow,TU Dublin,2019/2020,5
arts,Carlow,TU Dublin,2020/2021,5
arts,Carlow,TU Dublin,2021/2022,0
arts,Carlow,TU Dublin,2022/2023,5
arts,Carlow,TU Dublin,2023/2024,5
arts,Carlow,TU Dublin,2024/2025,0
arts,Carlow,TUS,2018/2019,0
arts,Carlow,TUS,2019/2020,0
arts,Carlow,TUS,2020/2021,0
arts,Carlow,TUS,2021/2022,0
arts,Carlow,TUS,2022/2023,0
arts,Carlow,TUS,2023/2024,0
arts,Carlow,TUS,2024/2025,0
arts,Carlow,UCD,2018/2019,10
arts,Carlow,UCD,2019/2020,5
arts,Carlow,UCD,2020/2021,10
arts,Carlow,UCD,2021/2022,5
arts,Carlow,UCD,2022/2023,5
arts,Carlow,UCD,2023/2024,5
arts,Carlow,UCD,2024/2025,5
arts,Dublin,DCU,2018/2019,350
arts,Dublin,DCU,2019/2020,265
arts,Dublin,DCU,2020/2021,265
arts,Dublin,DCU,2021/2022,270
arts,Dublin,DCU,2022/2023,290
arts,Dublin,DCU,2023/2024,315
arts,Dublin,DCU,2024/2025,320
arts,Dublin,DkIT,2018/2019,10
arts,Dublin,DkIT,2019/2020,10
arts,Dublin,DkIT,2020/2021,15
arts,Dublin,DkIT,2021/2022,10
arts,Dublin,DkIT,2022/2023,10
arts,Dublin,DkIT,2023/2024,20
arts,Dublin,DkIT,2024/2025,10
arts,Dublin,MU,2018/2019,310
arts,Dublin,MU,2019/2020,360
arts,Dublin,MU,2020/2021,375
arts,Dublin,MU,2021/2022,365
arts,Dublin,MU,2022/2023,270
arts,Dublin,MU,2023/2024,270
arts,Dublin,MU,2024/2025,230
arts,Dublin,SETU,2018/2019,5
arts,Dublin,SETU,2019/2020,5
arts,Dublin,SETU,2020/2021,5
arts,Dublin,SETU,2021/2022,0
arts,Dublin,SETU,2022/2023,0
arts,Dublin,SETU,2023/2024,0
arts,Dublin,SETU,2024/2025,5
arts,Dublin,TCD,2018/2019,275
arts,Dublin,TCD,2019/2020,305
arts,Dublin,TCD,2020/2021,360
arts,Dublin,TCD,2021/2022,315
arts,Dublin,TCD,2022/2023,310
arts,Dublin,TCD,2023/2024,335
arts,Dublin,TCD,2024/2025,310
arts,Dublin,TU Dublin,2018/2019,335
arts,Dublin,TU Dublin,2019/2020,350
arts,Dublin,TU Dublin,2020/2021,305
arts,Dublin,TU Dublin,2021/2022,330
arts,Dublin,TU Dublin,2022/2023,310
arts,Dublin,TU Dublin,2023/2024,285
arts,Dublin,TU Dublin,2024/2025,335
arts,Dublin,TUS,2018/2019,5
arts,Dublin,TUS,2019/2020,0
arts,Dublin,TUS,2020/2021,0
arts,Dublin,TUS,2021/2022,0
arts,Dublin,TUS,2022/2023,0
arts,Dublin,TUS,2023/2024,0
arts,Dublin,TUS,2024/2025,0
arts,Dublin,UCD,2018/2019,400
arts,Dublin,UCD,2019/2020,375
arts,Dublin,UCD,2020/2021,440
arts,Dublin,UCD,2021/2022,445
arts,Dublin,UCD,2022/2023,380
arts,Dublin,UCD,2023/2024,445
arts,Dublin,UCD,2024/2025,395
arts,Kildare,DCU,2018/2019,40
arts,Kildare,DCU,2019/2020,25
arts,Kildare,DCU,2020/2021,25
arts,Kildare,DCU,2021/2022,25
arts,Kildare,DCU,2022/2023,30
arts,Kildare,DCU,2023/2024,20
arts,Kildare,DCU,2024/2025,25
arts,Kildare,DkIT,2018/2019,0
arts,Kildare,DkIT,2019/2020,0
arts,Kildare,DkIT,2020/2021,5
arts,Kildare,DkIT,2021/2022,5
arts,Kildare,DkIT,2022/2023,0
arts,Kildare,DkIT,2023/2024,5
arts,Kildare,DkIT,2024/2025,0
arts,Kildare,MU,2018/2019,205
arts,Kildare,MU,2019/2020,225
arts,Kildare,MU,2020/2021,220
arts,Kildare,MU,2021/2022,215
arts,Kildare,MU,2022/2023,175
arts,Kildare,MU,2023/2024,155
arts,Kildare,MU,2024/2025,140
arts,Kildare,SETU,2018/2019,30
arts,Kildare,SETU,2019/2020,25
arts,Kildare,SETU,2020/2021,20
arts,Kildare,SETU,2021/2022,15
arts,Kildare,SETU,2022/2023,20
arts,Kildare,SETU,2023/2024,25
arts,Kildare,SETU,2024/2025,15
arts,Kildare,TCD,2018/2019,40
arts,Kildare,TCD,2019/2020,25
arts,Kildare,TCD,2020/2021,45
arts,Kildare,TCD,2021/2022,45
arts,Kildare,TCD,2022/2023,35
arts,Kildare,TCD,2023/2024,30
arts,Kildare,TCD,2024/2025,40
arts,Kildare,TU Dublin,2018/2019,40
arts,Kildare,TU Dublin,2019/2020,65
arts,Kildare,TU Dublin,2020/2021,55
arts,Kildare,TU Dublin,2021/2022,45
arts,Kildare,TU Dublin,2022/2023,50
arts,Kildare,TU Dublin,2023/2024,60
arts,Kildare,TU Dublin,2024/2025,50
arts,Kildare,TUS,2018/2019,5
arts,Kildare,TUS,2019/2020,0
arts,Kildare,TUS,2020/2021,0
arts,Kildare,TUS,2021/2022,5
arts,Kildare,TUS,2022/2023,0
arts,Kildare,TUS,2023/2024,0
arts,Kildare,TUS,2024/2025,0
arts,Kildare,UCD,2018/2019,35
arts,Kildare,UCD,2019/2020,50
arts,Kildare,UCD,2020/2021,35
arts,Kildare,UCD,2021/2022,45
arts,Kildare,UCD,2022/2023,45
arts,Kildare,UCD,2023/2024,45
arts,Kildare,UCD,2024/2025,35
arts,Kilkenny,DCU,2018/2019,15
arts,Kilkenny,DCU,2019/2020,10
arts,Kilkenny,DCU,2020/2021,10
arts,Kilkenny,DCU,2021/2022,10
arts,Kilkenny,DCU,2022/2023,5
arts,Kilkenny,DCU,2023/2024,10
arts,Kilkenny,DCU,2024/2025,10
arts,Kilkenny,DkIT,2018/2019,0
arts,Kilkenny,DkIT,2019/2020,0
arts,Kilkenny,DkIT,2020/2021,0
arts,Kilkenny,DkIT,2021/2022,0
arts,Kilkenny,DkIT,2022/2023,0
arts,Kilkenny,DkIT,2023/2024,0
arts,Kilkenny,DkIT,2024/2025,0
arts,Kilkenny,MU,2018/2019,25
arts,Kilkenny,MU,2019/2020,25
arts,Kilkenny,MU,2020/2021,20
arts,Kilkenny,MU,2021/2022,15
arts,Kilkenny,MU,2022/2023,20
arts,Kilkenny,MU,2023/2024,10
arts,Kilkenny,MU,2024/2025,10
arts,Kilkenny,SETU,2018/2019,25
arts,Kilkenny,SETU,2019/2020,30
arts,Kilkenny,SETU,2020/2021,25
arts,Kilkenny,SETU,2021/2022,15
arts,Kilkenny,SETU,2022/2023,30
arts,Kilkenny,SETU,2023/2024,20
arts,Kilkenny,SETU,2024/2025,40
arts,Kilkenny,TCD,2018/2019,10
arts,Kilkenny,TCD,2019/2020,5
arts,Kilkenny,TCD,2020/2021,10
arts,Kilkenny,TCD,2021/2022,5
arts,Kilkenny,TCD,2022/2023,15
arts,Kilkenny,TCD,2023/2024,10
arts,Kilkenny,TCD,2024/2025,5
arts,Kilkenny,TU Dublin,2018/2019,0
arts,Kilkenny,TU Dublin,2019/2020,5
arts,Kilkenny,TU Dublin,2020/2021,0
arts,Kilkenny,TU Dublin,2021/2022,0
arts,Kilkenny,TU Dublin,2022/2023,5
arts,Kilkenny,TU Dublin,2023/2024,0
arts,Kilkenny,TU Dublin,2024/2025,5
arts,Kilkenny,TUS,2018/2019,0
arts,Kilkenny,TUS,2019/2020,0
arts,Kilkenny,TUS,2020/2021,0
arts,Kilkenny,TUS,2021/2022,0
arts,Kilkenny,TUS,2022/2023,0
arts,Kilkenny,TUS,2023/2024,0
arts,Kilkenny,TUS,2024/2025,0
arts,Kilkenny,UCD,2018/2019,10
arts,Kilkenny,UCD,2019/2020,5
arts,Kilkenny,UCD,2020/2021,10
arts,Kilkenny,UCD,2021/2022,5
arts,Kilkenny,UCD,2022/2023,10
arts,Kilkenny,UCD,2023/2024,5
arts,Kilkenny,UCD,2024/2025,5
arts,Laois,DCU,2018/2019,5
arts,Laois,DCU,2019/2020,10
arts,Laois,DCU,2020/2021,5
arts,Laois,DCU,2021/2022,5
arts,Laois,DCU,2022/2023,0
arts,Laois,DCU,2023/2024,0
arts,Laois,DCU,2024/2025,5
arts,Laois,DkIT,2018/2019,0
arts,Laois,DkIT,2019/2020,0
arts,Laois,DkIT,2020/2021,0
arts,Laois,DkIT,2021/2022,0
arts,Laois,DkIT,2022/2023,0
arts,Laois,DkIT,2023/2024,0
arts,Laois,DkIT,2024/2025,0
arts,Laois,MU,2018/2019,25
arts,Laois,MU,2019/2020,25
arts,Laois,MU,2020/2021,25
arts,Laois,MU,2021/2022,30
arts,Laois,MU,2022/2023,25
arts,Laois,MU,2023/2024,20
arts,Laois,MU,2024/2025,20
arts,Laois,SETU,2018/2019,15
arts,Laois,SETU,2019/2020,10
arts,Laois,SETU,2020/2021,5
arts,Laois,SETU,2021/2022,10
arts,Laois,SETU,2022/2023,10
arts,Laois,SETU,2023/2024,10
arts,Laois,SETU,2024/2025,10
arts,Laois,TCD,2018/2019,5
arts,Laois,TCD,2019/2020,0
arts,Laois,TCD,2020/2021,5
arts,Laois,TCD,2021/2022,5
arts,Laois,TCD,2022/2023,5
arts,Laois,TCD,2023/2024,5
arts,Laois,TCD,2024/2025,10
arts,Laois,TU Dublin,2018/2019,5
arts,Laois,TU Dublin,2019/2020,10
arts,Laois,TU Dublin,2020/2021,5
arts,Laois,TU Dublin,2021/2022,5
arts,Laois,TU Dublin,2022/2023,10
arts,Laois,TU Dublin,2023/2024,5
arts,Laois,TU Dublin,2024/2025,5
arts,Laois,TUS,2018/2019,0
arts,Laois,TUS,2019/2020,5
arts,Laois,TUS,2020/2021,5
arts,Laois,TUS,2021/2022,5
arts,Laois,TUS,2022/2023,5
arts,Laois,TUS,2023/2024,0
arts,Laois,TUS,2024/2025,5
arts,Laois,UCD,2018/2019,10
arts,Laois,UCD,2019/2020,10
arts,Laois,UCD,2020/2021,5
arts,Laois,UCD,2021/2022,5
arts,Laois,UCD,2022/2023,10
arts,Laois,UCD,2023/2024,15
arts,Laois,UCD,2024/2025,5
arts,Longford,DCU,2018/2019,10
arts,Longford,DCU,2019/2020,5
arts,Longford,DCU,2020/2021,5
arts,Longford,DCU,2021/2022,10
arts,Longford,DCU,2022/2023,10
arts,Longford,DCU,2023/2024,10
arts,Longford,DCU,2024/2025,10
arts,Longford,DkIT,2018/2019,0
arts,Longford,DkIT,2019/2020,5
arts,Longford,DkIT,2020/2021,0
arts,Longford,DkIT,2021/2022,0
arts,Longford,DkIT,2022/2023,0
arts,Longford,DkIT,2023/2024,0
arts,Longford,DkIT,2024/2025,0
arts,Longford,MU,2018/2019,15
arts,Longford,MU,2019/2020,10
arts,Longford,MU,2020/2021,15
arts,Longford,MU,2021/2022,15
arts,Longford,MU,2022/2023,15
arts,Longford,MU,2023/2024,15
arts,Longford,MU,2024/2025,20
arts,Longford,SETU,2018/2019,0
arts,Longford,SETU,2019/2020,0
arts,Longford,SETU,2020/2021,0
arts,Longford,SETU,2021/2022,0
arts,Longford,SETU,2022/2023,0
arts,Longford,SETU,2023/2024,0
arts,Longford,SETU,2024/2025,0
arts,Longford,TCD,2018/2019,0
arts,Longford,TCD,2019/2020,0
arts,Longford,TCD,2020/2021,0
arts,Longford,TCD,2021/2022,0
arts,Longford,TCD,2022/2023,0
arts,Longford,TCD,2023/2024,0
arts,Longford,TCD,2024/2025,0
arts,Longford,TU Dublin,2018/2019,5
arts,Longford,TU Dublin,2019/2020,5
arts,Longford,TU Dublin,2020/2021,0
arts,Longford,TU Dublin,2021/2022,5
arts,Longford,TU Dublin,2022/2023,5
arts,Longford,TU Dublin,2023/2024,5
arts,Longford,TU Dublin,2024/2025,0
arts,Longford,TUS,2018/2019,5
arts,Longford,TUS,2019/2020,5
arts,Longford,TUS,2020/2021,5
arts,Longford,TUS,2021/2022,5
arts,Longford,TUS,2022/2023,5
arts,Longford,TUS,2023/2024,0
arts,Longford,TUS,2024/2025,5
arts,Longford,UCD,2018/2019,0
arts,Longford,UCD,2019/2020,0
arts,Longford,UCD,2020/2021,5
arts,Longford,UCD,2021/2022,0
arts,Longford,UCD,2022/2023,5
arts,Longford,UCD,2023/2024,5
arts,Longford,UCD,2024/2025,5
arts,Louth,DCU,2018/2019,45
arts,Louth,DCU,2019/2020,45
arts,Louth,DCU,2020/2021,45
arts,Louth,DCU,2021/2022,55
arts,Louth,DCU,2022/2023,70
arts,Louth,DCU,2023/2024,60
arts,Louth,DCU,2024/2025,55
arts,Louth,DkIT,2018/2019,35
arts,Louth,DkIT,2019/2020,30
arts,Louth,DkIT,2020/2021,45
arts,Louth,DkIT,2021/2022,40
arts,Louth,DkIT,2022/2023,40
arts,Louth,DkIT,2023/2024,40
arts,Louth,DkIT,2024/2025,50
arts,Louth,MU,2018/2019,65
arts,Louth,MU,2019/2020,40
arts,Louth,MU,2020/2021,60
arts,Louth,MU,2021/2022,45
arts,Louth,MU,2022/2023,45
arts,Louth,MU,2023/2024,30
arts,Louth,MU,2024/2025,25
arts,Louth,SETU,2018/2019,0
arts,Louth,SETU,2019/2020,0
arts,Louth,SETU,2020/2021,0
arts,Louth,SETU,2021/2022,0
arts,Louth,SETU,2022/2023,0
arts,Louth,SETU,2023/2024,0
arts,Louth,SETU,2024/2025,0
arts,Louth,TCD,2018/2019,10
arts,Louth,TCD,2019/2020,15
arts,Louth,TCD,2020/2021,10
arts,Louth,TCD,2021/2022,15
arts,Louth,TCD,2022/2023,15
arts,Louth,TCD,2023/2024,20
arts,Louth,TCD,2024/2025,15
arts,Louth,TU Dublin,2018/2019,20
arts,Louth,TU Dublin,2019/2020,30
arts,Louth,TU Dublin,2020/2021,20
arts,Louth,TU Dublin,2021/2022,20
arts,Louth,TU Dublin,2022/2023,15
arts,Louth,TU Dublin,2023/2024,20
arts,Louth,TU Dublin,2024/2025,20
arts,Louth,TUS,2018/2019,0
arts,Louth,TUS,2019/2020,0
arts,Louth,TUS,2020/2021,0
arts,Louth,TUS,2021/2022,0
arts,Louth,TUS,2022/2023,5
arts,Louth,TUS,2023/2024,0
arts,Louth,TUS,2024/2025,0
arts,Louth,UCD,2018/2019,15
arts,Louth,UCD,2019/2020,25
arts,Louth,UCD,2020/2021,15
arts,Louth,UCD,2021/2022,10
arts,Louth,UCD,2022/2023,15
arts,Louth,UCD,2023/2024,15
arts,Louth,UCD,2024/2025,10
arts,Meath,DCU,2018/2019,70
arts,Meath,DCU,2019/2020,65
arts,Meath,DCU,2020/2021,65
arts,Meath,DCU,2021/2022,70
arts,Meath,DCU,2022/2023,75
arts,Meath,DCU,2023/2024,60
arts,Meath,DCU,2024/2025,65
arts,Meath,DkIT,2018/2019,15
arts,Meath,DkIT,2019/2020,10
arts,Meath,DkIT,2020/2021,20
arts,Meath,DkIT,2021/2022,10
arts,Meath,DkIT,2022/2023,20
arts,Meath,DkIT,2023/2024,15
arts,Meath,DkIT,2024/2025,20
arts,Meath,MU,2018/2019,155
arts,Meath,MU,2019/2020,175
arts,Meath,MU,2020/2021,175
arts,Meath,MU,2021/2022,150
arts,Meath,MU,2022/2023,115
arts,Meath,MU,2023/2024,120
arts,Meath,MU,2024/2025,100
arts,Meath,SETU,2018/2019,0
arts,Meath,SETU,2019/2020,0
arts,Meath,SETU,2020/2021,5
arts,Meath,SETU,2021/2022,0
arts,Meath,SETU,2022/2023,0
arts,Meath,SETU,2023/2024,0
arts,Meath,SETU,2024/2025,0
arts,Meath,TCD,2018/2019,30
arts,Meath,TCD,2019/2020,25
arts,Meath,TCD,2020/2021,35
arts,Meath,TCD,2021/2022,35
arts,Meath,TCD,2022/2023,45
arts,Meath,TCD,2023/2024,35
arts,Meath,TCD,2024/2025,30
arts,Meath,TU Dublin,2018/2019,55
arts,Meath,TU Dublin,2019/2020,55
arts,Meath,TU Dublin,2020/2021,60
arts,Meath,TU Dublin,2021/2022,50
arts,Meath,TU Dublin,2022/2023,50
arts,Meath,TU Dublin,2023/2024,50
arts,Meath,TU Dublin,2024/2025,60
arts,Meath,TUS,2018/2019,0
arts,Meath,TUS,2019/2020,0
arts,Meath,TUS,2020/2021,5
arts,Meath,TUS,2021/2022,0
arts,Meath,TUS,2022/2023,0
arts,Meath,TUS,2023/2024,5
arts,Meath,TUS,2024/2025,0
arts,Meath,UCD,2018/2019,35
arts,Meath,UCD,2019/2020,30
arts,Meath,UCD,2020/2021,35
arts,Meath,UCD,2021/2022,30
arts,Meath,UCD,2022/2023,50
arts,Meath,UCD,2023/2024,35
arts,Meath,UCD,2024/2025,30
arts,Monaghan,DCU,2018/2019,15
arts,Monaghan,DCU,2019/2020,20
arts,Monaghan,DCU,2020/2021,20
arts,Monaghan,DCU,2021/2022,25
arts,Monaghan,DCU,2022/2023,10
arts,Monaghan,DCU,2023/2024,15
arts,Monaghan,DCU,2024/2025,10
arts,Monaghan,DkIT,2018/2019,5
arts,Monaghan,DkIT,2019/2020,15
arts,Monaghan,DkIT,2020/2021,10
arts,Monaghan,DkIT,2021/2022,10
arts,Monaghan,DkIT,2022/2023,10
arts,Monaghan,DkIT,2023/2024,15
arts,Monaghan,DkIT,2024/2025,10
arts,Monaghan,MU,2018/2019,15
arts,Monaghan,MU,2019/2020,25
arts,Monaghan,MU,2020/2021,25
arts,Monaghan,MU,2021/2022,15
arts,Monaghan,MU,2022/2023,10
arts,Monaghan,MU,2023/2024,5
arts,Monaghan,MU,2024/2025,10
arts,Monaghan,SETU,2018/2019,0
arts,Monaghan,SETU,2019/2020,0
arts,Monaghan,SETU,2020/2021,0
arts,Monaghan,SETU,2021/2022,0
arts,Monaghan,SETU,2022/2023,0
arts,Monaghan,SETU,2023/2024,0
arts,Monaghan,SETU,2024/2025,0
arts,Monaghan,TCD,2018/2019,5
arts,Monaghan,TCD,2019/2020,0
arts,Monaghan,TCD,2020/2021,0
arts,Monaghan,TCD,2021/2022,0
arts,Monaghan,TCD,2022/2023,0
arts,Monaghan,TCD,2023/2024,5
arts,Monaghan,TCD,2024/2025,5
arts,Monaghan,TU Dublin,2018/2019,5
arts,Monaghan,TU Dublin,2019/2020,5
arts,Monaghan,TU Dublin,2020/2021,5
arts,Monaghan,TU Dublin,2021/2022,0
arts,Monaghan,TU Dublin,2022/2023,5
arts,Monaghan,TU Dublin,2023/2024,5
arts,Monaghan,TU Dublin,2024/2025,5
arts,Monaghan,TUS,2018/2019,0
arts,Monaghan,TUS,2019/2020,0
arts,Monaghan,TUS,2020/2021,0
arts,Monaghan,TUS,2021/2022,0
arts,Monaghan,TUS,2022/2023,0
arts,Monaghan,TUS,2023/2024,0
arts,Monaghan,TUS,2024/2025,0
arts,Monaghan,UCD,2018/2019,5
arts,Monaghan,UCD,2019/2020,10
arts,Monaghan,UCD,2020/2021,5
arts,Monaghan,UCD,2021/2022,5
arts,Monaghan,UCD,2022/2023,5
arts,Monaghan,UCD,2023/2024,5
arts,Monaghan,UCD,2024/2025,5
arts,Offaly,DCU,2018/2019,10
arts,Offaly,DCU,2019/2020,5
arts,Offaly,DCU,2020/2021,5
arts,Offaly,DCU,2021/2022,5
arts,Offaly,DCU,2022/2023,5
arts,Offaly,DCU,2023/2024,0
arts,Offaly,DCU,2024/2025,5
arts,Offaly,DkIT,2018/2019,0
arts,Offaly,DkIT,2019/2020,0
arts,Offaly,DkIT,2020/2021,0
arts,Offaly,DkIT,2021/2022,0
arts,Offaly,DkIT,2022/2023,0
arts,Offaly,DkIT,2023/2024,0
arts,Offaly,DkIT,2024/2025,0
arts,Offaly,MU,2018/2019,30
arts,Offaly,MU,2019/2020,25
arts,Offaly,MU,2020/2021,45
arts,Offaly,MU,2021/2022,45
arts,Offaly,MU,2022/2023,20
arts,Offaly,MU,2023/2024,30
arts,Offaly,MU,2024/2025,25
arts,Offaly,SETU,2018/2019,5
arts,Offaly,SETU,2019/2020,5
arts,Offaly,SETU,2020/2021,0
arts,Offaly,SETU,2021/2022,0
arts,Offaly,SETU,2022/2023,0
arts,Offaly,SETU,2023/2024,5
arts,Offaly,SETU,2024/2025,0
arts,Offaly,TCD,2018/2019,5
arts,Offaly,TCD,2019/2020,5
arts,Offaly,TCD,2020/2021,5
arts,Offaly,TCD,2021/2022,5
arts,Offaly,TCD,2022/2023,5
arts,Offaly,TCD,2023/2024,5
arts,Offaly,TCD,2024/2025,5
arts,Offaly,TU Dublin,2018/2019,5
arts,Offaly,TU Dublin,2019/2020,5
arts,Offaly,TU Dublin,2020/2021,5
arts,Offaly,TU Dublin,2021/2022,0
arts,Offaly,TU Dublin,2022/2023,0
arts,Offaly,TU Dublin,2023/2024,5
arts,Offaly,TU Dublin,2024/2025,5
arts,Offaly,TUS,2018/2019,5
arts,Offaly,TUS,2019/2020,5
arts,Offaly,TUS,2020/2021,0
arts,Offaly,TUS,2021/2022,5
arts,Offaly,TUS,2022/2023,5
arts,Offaly,TUS,2023/2024,10
arts,Offaly,TUS,2024/2025,15
arts,Offaly,UCD,2018/2019,0
arts,Offaly,UCD,2019/2020,0
arts,Offaly,UCD,2020/2021,5
arts,Offaly,UCD,2021/2022,5
arts,Offaly,UCD,2022/2023,5
arts,Offaly,UCD,2023/2024,5
arts,Offaly,UCD,2024/2025,0
arts,Westmeath,DCU,2018/2019,15
arts,Westmeath,DCU,2019/2020,10
arts,Westmeath,DCU,2020/2021,10
arts,Westmeath,DCU,2021/2022,15
arts,Westmeath,DCU,2022/2023,5
arts,Westmeath,DCU,2023/2024,5
arts,Westmeath,DCU,2024/2025,5
arts,Westmeath,DkIT,2018/2019,0
arts,Westmeath,DkIT,2019/2020,0
arts,Westmeath,DkIT,2020/2021,0
arts,Westmeath,DkIT,2021/2022,0
arts,Westmeath,DkIT,2022/2023,0
arts,Westmeath,DkIT,2023/2024,0
arts,Westmeath,DkIT,2024/2025,5
arts,Westmeath,MU,2018/2019,45
arts,Westmeath,MU,2019/2020,55
arts,Westmeath,MU,2020/2021,65
arts,Westmeath,MU,2021/2022,40
arts,Westmeath,MU,2022/2023,30
arts,Westmeath,MU,2023/2024,30
arts,Westmeath,MU,2024/2025,35
arts,Westmeath,SETU,2018/2019,0
arts,Westmeath,SETU,2019/2020,0
arts,Westmeath,SETU,2020/2021,0
arts,Westmeath,SETU,2021/2022,0
arts,Westmeath,SETU,2022/2023,0
arts,Westmeath,SETU,2023/2024,0
arts,Westmeath,SETU,2024/2025,0
arts,Westmeath,TCD,2018/2019,5
arts,Westmeath,TCD,2019/2020,5
arts,Westmeath,TCD,2020/2021,5
arts,Westmeath,TCD,2021/2022,5
arts,Westmeath,TCD,2022/2023,5
arts,Westmeath,TCD,2023/2024,5
arts,Westmeath,TCD,2024/2025,5
arts,Westmeath,TU Dublin,2018/2019,10
arts,Westmeath,TU Dublin,2019/2020,10
arts,Westmeath,TU Dublin,2020/2021,5
arts,Westmeath,TU Dublin,2021/2022,10
arts,Westmeath,TU Dublin,2022/2023,5
arts,Westmeath,TU Dublin,2023/2024,0
arts,Westmeath,TU Dublin,2024/2025,5
arts,Westmeath,TUS,2018/2019,10
arts,Westmeath,TUS,2019/2020,15
arts,Westmeath,TUS,2020/2021,15
arts,Westmeath,TUS,2021/2022,10
arts,Westmeath,TUS,2022/2023,5
arts,Westmeath,TUS,2023/2024,10
arts,Westmeath,TUS,2024/2025,15
arts,Westmeath,UCD,2018/2019,5
arts,Westmeath,UCD,2019/2020,15
arts,Westmeath,UCD,2020/2021,10
arts,Westmeath,UCD,2021/2022,10
arts,Westmeath,UCD,2022/2023,10
arts,Westmeath,UCD,2023/2024,10
arts,Westmeath,UCD,2024/2025,5
arts,Wicklow,DCU,2018/2019,10
arts,Wicklow,DCU,2019/2020,10
arts,Wicklow,DCU,2020/2021,15
arts,Wicklow,DCU,2021/2022,5
arts,Wicklow,DCU,2022/2023,15
arts,Wicklow,DCU,2023/2024,15
arts,Wicklow,DCU,2024/2025,15
arts,Wicklow,DkIT,2018/2019,0
arts,Wicklow,DkIT,2019/2020,0
arts,Wicklow,DkIT,2020/2021,0
arts,Wicklow,DkIT,2021/2022,0
arts,Wicklow,DkIT,2022/2023,0
arts,Wicklow,DkIT,2023/2024,0
arts,Wicklow,DkIT,2024/2025,0
arts,Wicklow,MU,2018/2019,20
arts,Wicklow,MU,2019/2020,30
arts,Wicklow,MU,2020/2021,20
arts,Wicklow,MU,2021/2022,35
arts,Wicklow,MU,2022/2023,30
arts,Wicklow,MU,2023/2024,25
arts,Wicklow,MU,2024/2025,20
arts,Wicklow,SETU,2018/2019,10
arts,Wicklow,SETU,2019/2020,10
arts,Wicklow,SETU,2020/2021,5
arts,Wicklow,SETU,2021/2022,5
arts,Wicklow,SETU,2022/2023,10
arts,Wicklow,SETU,2023/2024,10
arts,Wicklow,SETU,2024/2025,5
arts,Wicklow,TCD,2018/2019,30
arts,Wicklow,TCD,2019/2020,30
arts,Wicklow,TCD,2020/2021,35
arts,Wicklow,TCD,2021/2022,35
arts,Wicklow,TCD,2022/2023,35
arts,Wicklow,TCD,2023/2024,35
arts,Wicklow,TCD,2024/2025,40
arts,Wicklow,TU Dublin,2018/2019,35
arts,Wicklow,TU Dublin,2019/2020,35
arts,Wicklow,TU Dublin,2020/2021,30
arts,Wicklow,TU Dublin,2021/2022,40
arts,Wicklow,TU Dublin,2022/2023,30
arts,Wicklow,TU Dublin,2023/2024,40
arts,Wicklow,TU Dublin,2024/2025,25
arts,Wicklow,TUS,2018/2019,0
arts,Wicklow,TUS,2019/2020,0
arts,Wicklow,TUS,2020/2021,0
arts,Wicklow,TUS,2021/2022,0
arts,Wicklow,TUS,2022/2023,0
arts,Wicklow,TUS,2023/2024,0
arts,Wicklow,TUS,2024/2025,0
arts,Wicklow,UCD,2018/2019,80
arts,Wicklow,UCD,2019/2020,70
arts,Wicklow,UCD,2020/2021,95
arts,Wicklow,UCD,2021/2022,65
arts,Wicklow,UCD,2022/2023,90
arts,Wicklow,UCD,2023/2024,105
arts,Wicklow,UCD,2024/2025,95
arts,Carlow,DCU,2018/2019-2024/2025,65
arts,Carlow,DkIT,2018/2019-2024/2025,0
arts,Carlow,MU,2018/2019-2024/2025,130
arts,Carlow,SETU,2018/2019-2024/2025,175
arts,Carlow,TCD,2018/2019-2024/2025,30
arts,Carlow,TU Dublin,2018/2019-2024/2025,30
arts,Carlow,TUS,2018/2019-2024/2025,0
arts,Carlow,UCD,2018/2019-2024/2025,45
arts,Dublin,DCU,2018/2019-2024/2025,2075
arts,Dublin,DkIT,2018/2019-2024/2025,85
arts,Dublin,MU,2018/2019-2024/2025,2180
arts,Dublin,SETU,2018/2019-2024/2025,20
arts,Dublin,TCD,2018/2019-2024/2025,2210
arts,Dublin,TU Dublin,2018/2019-2024/2025,2250
arts,Dublin,TUS,2018/2019-2024/2025,5
arts,Dublin,UCD,2018/2019-2024/2025,2880
arts,Kildare,DCU,2018/2019-2024/2025,190
arts,Kildare,DkIT,2018/2019-2024/2025,15
arts,Kildare,MU,2018/2019-2024/2025,1335
arts,Kildare,SETU,2018/2019-2024/2025,150
arts,Kildare,TCD,2018/2019-2024/2025,260
arts,Kildare,TU Dublin,2018/2019-2024/2025,365
arts,Kildare,TUS,2018/2019-2024/2025,10
arts,Kildare,UCD,2018/2019-2024/2025,290
arts,Kilkenny,DCU,2018/2019-2024/2025,70
arts,Kilkenny,DkIT,2018/2019-2024/2025,0
arts,Kilkenny,MU,2018/2019-2024/2025,125
arts,Kilkenny,SETU,2018/2019-2024/2025,185
arts,Kilkenny,TCD,2018/2019-2024/2025,60
arts,Kilkenny,TU Dublin,2018/2019-2024/2025,15
arts,Kilkenny,TUS,2018/2019-2024/2025,0
arts,Kilkenny,UCD,2018/2019-2024/2025,50
arts,Laois,DCU,2018/2019-2024/2025,30
arts,Laois,DkIT,2018/2019-2024/2025,0
arts,Laois,MU,2018/2019-2024/2025,170
arts,Laois,SETU,2018/2019-2024/2025,70
arts,Laois,TCD,2018/2019-2024/2025,35
arts,Laois,TU Dublin,2018/2019-2024/2025,45
arts,Laois,TUS,2018/2019-2024/2025,25
arts,Laois,UCD,2018/2019-2024/2025,60
arts,Longford,DCU,2018/2019-2024/2025,60
arts,Longford,DkIT,2018/2019-2024/2025,5
arts,Longford,MU,2018/2019-2024/2025,105
arts,Longford,SETU,2018/2019-2024/2025,0
arts,Longford,TCD,2018/2019-2024/2025,0
arts,Longford,TU Dublin,2018/2019-2024/2025,25
arts,Longford,TUS,2018/2019-2024/2025,30
arts,Longford,UCD,2018/2019-2024/2025,20
arts,Louth,DCU,2018/2019-2024/2025,375
arts,Louth,DkIT,2018/2019-2024/2025,280
arts,Louth,MU,2018/2019-2024/2025,310
arts,Louth,SETU,2018/2019-2024/2025,0
arts,Louth,TCD,2018/2019-2024/2025,100
arts,Louth,TU Dublin,2018/2019-2024/2025,145
arts,Louth,TUS,2018/2019-2024/2025,5
arts,Louth,UCD,2018/2019-2024/2025,105
arts,Meath,DCU,2018/2019-2024/2025,470
arts,Meath,DkIT,2018/2019-2024/2025,110
arts,Meath,MU,2018/2019-2024/2025,990
arts,Meath,SETU,2018/2019-2024/2025,5
arts,Meath,TCD,2018/2019-2024/2025,235
arts,Meath,TU Dublin,2018/2019-2024/2025,380
arts,Meath,TUS,2018/2019-2024/2025,10
arts,Meath,UCD,2018/2019-2024/2025,245
arts,Monaghan,DCU,2018/2019-2024/2025,115
arts,Monaghan,DkIT,2018/2019-2024/2025,75
arts,Monaghan,MU,2018/2019-2024/2025,105
arts,Monaghan,SETU,2018/2019-2024/2025,0
arts,Monaghan,TCD,2018/2019-2024/2025,15
arts,Monaghan,TU Dublin,2018/2019-2024/2025,30
arts,Monaghan,TUS,2018/2019-2024/2025,0
arts,Monaghan,UCD,2018/2019-2024/2025,40
arts,Offaly,DCU,2018/2019-2024/2025,35
arts,Offaly,DkIT,2018/2019-2024/2025,0
arts,Offaly,MU,2018/2019-2024/2025,220
arts,Offaly,SETU,2018/2019-2024/2025,15
arts,Offaly,TCD,2018/2019-2024/2025,35
arts,Offaly,TU Dublin,2018/2019-2024/2025,25
arts,Offaly,TUS,2018/2019-2024/2025,45
arts,Offaly,UCD,2018/2019-2024/2025,20
arts,Westmeath,DCU,2018/2019-2024/2025,65
arts,Westmeath,DkIT,2018/2019-2024/2025,5
arts,Westmeath,MU,2018/2019-2024/2025,300
arts,Westmeath,SETU,2018/2019-2024/2025,0
arts,Westmeath,TCD,2018/2019-2024/2025,35
arts,Westmeath,TU Dublin,2018/2019-2024/2025,45
arts,Westmeath,TUS,2018/2019-2024/2025,80
arts,Westmeath,UCD,2018/2019-2024/2025,65
arts,Wicklow,DCU,2018/2019-2024/2025,85
arts,Wicklow,DkIT,2018/2019-2024/2025,0
arts,Wicklow,MU,2018/2019-2024/2025,180
arts,Wicklow,SETU,2018/2019-2024/2025,55
arts,Wicklow,TCD,2018/2019-2024/2025,240
arts,Wicklow,TU Dublin,2018/2019-2024/2025,235
arts,Wicklow,TUS,2018/2019-2024/2025,0
arts,Wicklow,UCD,2018/2019-2024/2025,600
social_science,Carlow,DCU,2018/2019,0
social_science,Carlow,DCU,2019/2020,5
social_science,Carlow,DCU,2020/2021,5
social_science,Carlow,DCU,2021/2022,5
social_science,Carlow,DCU,2022/2023,5
social_science,Carlow,DCU,2023/2024,5
social_science,Carlow,DCU,2024/2025,0
social_science,Carlow,DkIT,2018/2019,0
social_science,Carlow,DkIT,2019/2020,0
social_science,Carlow,DkIT,2020/2021,0
social_science,Carlow,DkIT,2021/2022,0
social_science,Carlow,DkIT,2022/2023,0
social_science,Carlow,DkIT,2023/2024,0
social_science,Carlow,DkIT,2024/2025,0
social_science,Carlow,MU,2018/2019,5
social_science,Carlow,MU,2019/2020,5
social_science,Carlow,MU,2020/2021,0
social_science,Carlow,MU,2021/2022,0
social_science,Carlow,MU,2022/2023,0
social_science,Carlow,MU,2023/2024,10
social_science,Carlow,MU,2024/2025,15
social_science,Carlow,SETU,2018/2019,0
social_science,Carlow,SETU,2019/2020,0
social_science,Carlow,SETU,2020/2021,0
social_science,Carlow,SETU,2021/2022,5
social_science,Carlow,SETU,2022/2023,5
social_science,Carlow,SETU,2023/2024,5
social_science,Carlow,SETU,2024/2025,15
social_science,Carlow,TCD,2018/2019,0
social_science,Carlow,TCD,2019/2020,5
social_science,Carlow,TCD,2020/2021,0
social_science,Carlow,TCD,2021/2022,0
social_science,Carlow,TCD,2022/2023,0
social_science,Carlow,TCD,2023/2024,5
social_science,Carlow,TCD,2024/2025,0
social_science,Carlow,TU Dublin,2018/2019,0
social_science,Carlow,TU Dublin,2019/2020,0
social_science,Carlow,TU Dublin,2020/2021,0
social_science,Carlow,TU Dublin,2021/2022,0
social_science,Carlow,TU Dublin,2022/2023,0
social_science,Carlow,TU Dublin,2023/2024,0
social_science,Carlow,TU Dublin,2024/2025,0
social_science,Carlow,TUS,2018/2019,0
social_science,Carlow,TUS,2019/2020,0
social_science,Carlow,TUS,2020/2021,0
social_science,Carlow,TUS,2021/2022,0
social_science,Carlow,TUS,2022/2023,0
social_science,Carlow,TUS,2023/2024,0
social_science,Carlow,TUS,2024/2025,0
social_science,Carlow,UCD,2018/2019,10
social_science,Carlow,UCD,2019/2020,5
social_science,Carlow,UCD,2020/2021,0
social_science,Carlow,UCD,2021/2022,5
social_science,Carlow,UCD,2022/2023,0
social_science,Carlow,UCD,2023/2024,0
social_science,Carlow,UCD,2024/2025,0
social_science,Dublin,DCU,2018/2019,140
social_science,Dublin,DCU,2019/2020,185
social_science,Dublin,DCU,2020/2021,175
social_science,Dublin,DCU,2021/2022,200
social_science,Dublin,DCU,2022/2023,220
social_science,Dublin,DCU,2023/2024,235
social_science,Dublin,DCU,2024/2025,205
social_science,Dublin,DkIT,2018/2019,0
social_science,Dublin,DkIT,2019/2020,0
social_science,Dublin,DkIT,2020/2021,5
social_science,Dublin,DkIT,2021/2022,5
social_science,Dublin,DkIT,2022/2023,10
social_science,Dublin,DkIT,2023/2024,5
social_science,Dublin,DkIT,2024/2025,0
social_science,Dublin,MU,2018/2019,90
social_science,Dublin,MU,2019/2020,85
social_science,Dublin,MU,2020/2021,70
social_science,Dublin,MU,2021/2022,80
social_science,Dublin,MU,2022/2023,105
social_science,Dublin,MU,2023/2024,175
social_science,Dublin,MU,2024/2025,185
social_science,Dublin,SETU,2018/2019,0
social_science,Dublin,SETU,2019/2020,0
social_science,Dublin,SETU,2020/2021,0
social_science,Dublin,SETU,2021/2022,0
social_science,Dublin,SETU,2022/2023,0
social_science,Dublin,SETU,2023/2024,0
social_science,Dublin,SETU,2024/2025,0
social_science,Dublin,TCD,2018/2019,170
social_science,Dublin,TCD,2019/2020,170
social_science,Dublin,TCD,2020/2021,185
social_science,Dublin,TCD,2021/2022,200
social_science,Dublin,TCD,2022/2023,190
social_science,Dublin,TCD,2023/2024,215
social_science,Dublin,TCD,2024/2025,215
social_science,Dublin,TU Dublin,2018/2019,55
social_science,Dublin,TU Dublin,2019/2020,60
social_science,Dublin,TU Dublin,2020/2021,60
social_science,Dublin,TU Dublin,2021/2022,90
social_science,Dublin,TU Dublin,2022/2023,65
social_science,Dublin,TU Dublin,2023/2024,65
social_science,Dublin,TU Dublin,2024/2025,80
social_science,Dublin,TUS,2018/2019,0
social_science,Dublin,TUS,2019/2020,0
social_science,Dublin,TUS,2020/2021,0
social_science,Dublin,TUS,2021/2022,0
social_science,Dublin,TUS,2022/2023,0
social_science,Dublin,TUS,2023/2024,0
social_science,Dublin,TUS,2024/2025,0
social_science,Dublin,UCD,2018/2019,335
social_science,Dublin,UCD,2019/2020,335
social_science,Dublin,UCD,2020/2021,385
social_science,Dublin,UCD,2021/2022,360
social_science,Dublin,UCD,2022/2023,370
social_science,Dublin,UCD,2023/2024,365
social_science,Dublin,UCD,2024/2025,385
social_science,Kildare,DCU,2018/2019,20
social_science,Kildare,DCU,2019/2020,15
social_science,Kildare,DCU,2020/2021,25
social_science,Kildare,DCU,2021/2022,30
social_science,Kildare,DCU,2022/2023,20
social_science,Kildare,DCU,2023/2024,25
social_science,Kildare,DCU,2024/2025,20
social_science,Kildare,DkIT,2018/2019,0
social_science,Kildare,DkIT,2019/2020,0
social_science,Kildare,DkIT,2020/2021,0
social_science,Kildare,DkIT,2021/2022,0
social_science,Kildare,DkIT,2022/2023,0
social_science,Kildare,DkIT,2023/2024,0
social_science,Kildare,DkIT,2024/2025,0
social_science,Kildare,MU,2018/2019,50
social_science,Kildare,MU,2019/2020,40
social_science,Kildare,MU,2020/2021,35
social_science,Kildare,MU,2021/2022,40
social_science,Kildare,MU,2022/2023,45
social_science,Kildare,MU,2023/2024,120
social_science,Kildare,MU,2024/2025,130
social_science,Kildare,SETU,2018/2019,5
social_science,Kildare,SETU,2019/2020,0
social_science,Kildare,SETU,2020/2021,0
social_science,Kildare,SETU,2021/2022,0
social_science,Kildare,SETU,2022/2023,5
social_science,Kildare,SETU,2023/2024,5
social_science,Kildare,SETU,2024/2025,0
social_science,Kildare,TCD,2018/2019,20
social_science,Kildare,TCD,2019/2020,20
social_science,Kildare,TCD,2020/2021,20
social_science,Kildare,TCD,2021/2022,20
social_science,Kildare,TCD,2022/2023,20
social_science,Kildare,TCD,2023/2024,15
social_science,Kildare,TCD,2024/2025,25
social_science,Kildare,TU Dublin,2018/2019,5
social_science,Kildare,TU Dublin,2019/2020,5
social_science,Kildare,TU Dublin,2020/2021,10
social_science,Kildare,TU Dublin,2021/2022,15
social_science,Kildare,TU Dublin,2022/2023,15
social_science,Kildare,TU Dublin,2023/2024,10
social_science,Kildare,TU Dublin,2024/2025,5
social_science,Kildare,TUS,2018/2019,0
social_science,Kildare,TUS,2019/2020,0
social_science,Kildare,TUS,2020/2021,0
social_science,Kildare,TUS,2021/2022,0
social_science,Kildare,TUS,2022/2023,0
social_science,Kildare,TUS,2023/2024,0
social_science,Kildare,TUS,2024/2025,0
social_science,Kildare,UCD,2018/2019,15
social_science,Kildare,UCD,2019/2020,15
social_science,Kildare,UCD,2020/2021,35
social_science,Kildare,UCD,2021/2022,25
social_science,Kildare,UCD,2022/2023,20
social_science,Kildare,UCD,2023/2024,25
social_science,Kildare,UCD,2024/2025,15
social_science,Kilkenny,DCU,2018/2019,5
social_science,Kilkenny,DCU,2019/2020,10
social_science,Kilkenny,DCU,2020/2021,0
social_science,Kilkenny,DCU,2021/2022,5
social_science,Kilkenny,DCU,2022/2023,5
social_science,Kilkenny,DCU,2023/2024,0
social_science,Kilkenny,DCU,2024/2025,5
social_science,Kilkenny,DkIT,2018/2019,0
social_science,Kilkenny,DkIT,2019/2020,0
social_science,Kilkenny,DkIT,2020/2021,0
social_science,Kilkenny,DkIT,2021/2022,0
social_science,Kilkenny,DkIT,2022/2023,0
social_science,Kilkenny,DkIT,2023/2024,0
social_science,Kilkenny,DkIT,2024/2025,0
social_science,Kilkenny,MU,2018/2019,5
social_science,Kilkenny,MU,2019/2020,0
social_science,Kilkenny,MU,2020/2021,5
social_science,Kilkenny,MU,2021/2022,5
social_science,Kilkenny,MU,2022/2023,5
social_science,Kilkenny,MU,2023/2024,5
social_science,Kilkenny,MU,2024/2025,5
social_science,Kilkenny,SETU,2018/2019,5
social_science,Kilkenny,SETU,2019/2020,5
social_science,Kilkenny,SETU,2020/2021,15
social_science,Kilkenny,SETU,2021/2022,5
social_science,Kilkenny,SETU,2022/2023,5
social_science,Kilkenny,SETU,2023/2024,10
social_science,Kilkenny,SETU,2024/2025,10
social_science,Kilkenny,TCD,2018/2019,5
social_science,Kilkenny,TCD,2019/2020,5
social_science,Kilkenny,TCD,2020/2021,5
social_science,Kilkenny,TCD,2021/2022,5
social_science,Kilkenny,TCD,2022/2023,0
social_science,Kilkenny,TCD,2023/2024,5
social_science,Kilkenny,TCD,2024/2025,5
social_science,Kilkenny,TU Dublin,2018/2019,0
social_science,Kilkenny,TU Dublin,2019/2020,0
social_science,Kilkenny,TU Dublin,2020/2021,0
social_science,Kilkenny,TU Dublin,2021/2022,0
social_science,Kilkenny,TU Dublin,2022/2023,0
social_science,Kilkenny,TU Dublin,2023/2024,0
social_science,Kilkenny,TU Dublin,2024/2025,0
social_science,Kilkenny,TUS,2018/2019,0
social_science,Kilkenny,TUS,2019/2020,0
social_science,Kilkenny,TUS,2020/2021,0
social_science,Kilkenny,TUS,2021/2022,0
social_science,Kilkenny,TUS,2022/2023,0
social_science,Kilkenny,TUS,2023/2024,0
social_science,Kilkenny,TUS,2024/2025,0
social_science,Kilkenny,UCD,2018/2019,5
social_science,Kilkenny,UCD,2019/2020,5
social_science,Kilkenny,UCD,2020/2021,5
social_science,Kilkenny,UCD,2021/2022,5
social_science,Kilkenny,UCD,2022/2023,5
social_science,Kilkenny,UCD,2023/2024,5
social_science,Kilkenny,UCD,2024/2025,0
social_science,Laois,DCU,2018/2019,0
social_science,Laois,DCU,2019/2020,0
social_science,Laois,DCU,2020/2021,0
social_science,Laois,DCU,2021/2022,0
social_science,Laois,DCU,2022/2023,5
social_science,Laois,DCU,2023/2024,5
social_science,Laois,DCU,2024/2025,5
social_science,Laois,DkIT,2018/2019,0
social_science,Laois,DkIT,2019/2020,0
social_science,Laois,DkIT,2020/2021,0
social_science,Laois,DkIT,2021/2022,0
social_science,Laois,DkIT,2022/2023,0
social_science,Laois,DkIT,2023/2024,0
social_science,Laois,DkIT,2024/2025,0
social_science,Laois,MU,2018/2019,0
social_science,Laois,MU,2019/2020,5
social_science,Laois,MU,2020/2021,5
social_science,Laois,MU,2021/2022,10
social_science,Laois,MU,2022/2023,10
social_science,Laois,MU,2023/2024,10
social_science,Laois,MU,2024/2025,20
social_science,Laois,SETU,2018/2019,0
social_science,Laois,SETU,2019/2020,0
social_science,Laois,SETU,2020/2021,0
social_science,Laois,SETU,2021/2022,0
social_science,Laois,SETU,2022/2023,0
social_science,Laois,SETU,2023/2024,5
social_science,Laois,SETU,2024/2025,5
social_science,Laois,TCD,2018/2019,5
social_science,Laois,TCD,2019/2020,0
social_science,Laois,TCD,2020/2021,0
social_science,Laois,TCD,2021/2022,0
social_science,Laois,TCD,2022/2023,0
social_science,Laois,TCD,2023/2024,0
social_science,Laois,TCD,2024/2025,5
social_science,Laois,TU Dublin,2018/2019,5
social_science,Laois,TU Dublin,2019/2020,0
social_science,Laois,TU Dublin,2020/2021,0
social_science,Laois,TU Dublin,2021/2022,0
social_science,Laois,TU Dublin,2022/2023,0
social_science,Laois,TU Dublin,2023/2024,0
social_science,Laois,TU Dublin,2024/2025,0
social_science,Laois,TUS,2018/2019,0
social_science,Laois,TUS,2019/2020,0
social_science,Laois,TUS,2020/2021,0
social_science,Laois,TUS,2021/2022,0
social_science,Laois,TUS,2022/2023,0
social_science,Laois,TUS,2023/2024,5
social_science,Laois,TUS,2024/2025,0
social_science,Laois,UCD,2018/2019,0
social_science,Laois,UCD,2019/2020,5
social_science,Laois,UCD,2020/2021,5
social_science,Laois,UCD,2021/2022,0
social_science,Laois,UCD,2022/2023,5
social_science,Laois,UCD,2023/2024,5
social_science,Laois,UCD,2024/2025,0
social_science,Longford,DCU,2018/2019,0
social_science,Longford,DCU,2019/2020,0
social_science,Longford,DCU,2020/2021,5
social_science,Longford,DCU,2021/2022,0
social_science,Longford,DCU,2022/2023,5
social_science,Longford,DCU,2023/2024,0
social_science,Longford,DCU,2024/2025,0
social_science,Longford,DkIT,2018/2019,0
social_science,Longford,DkIT,2019/2020,0
social_science,Longford,DkIT,2020/2021,0
social_science,Longford,DkIT,2021/2022,0
social_science,Longford,DkIT,2022/2023,0
social_science,Longford,DkIT,2023/2024,0
social_science,Longford,DkIT,2024/2025,0
social_science,Longford,MU,2018/2019,5
social_science,Longford,MU,2019/2020,5
social_science,Longford,MU,2020/2021,0
social_science,Longford,MU,2021/2022,5
social_science,Longford,MU,2022/2023,0
social_science,Longford,MU,2023/2024,10
social_science,Longford,MU,2024/2025,15
social_science,Longford,SETU,2018/2019,0
social_science,Longford,SETU,2019/2020,0
social_science,Longford,SETU,2020/2021,0
social_science,Longford,SETU,2021/2022,0
social_science,Longford,SETU,2022/2023,0
social_science,Longford,SETU,2023/2024,0
social_science,Longford,SETU,2024/2025,0
social_science,Longford,TCD,2018/2019,0
social_science,Longford,TCD,2019/2020,0
social_science,Longford,TCD,2020/2021,0
social_science,Longford,TCD,2021/2022,0
social_science,Longford,TCD,2022/2023,0
social_science,Longford,TCD,2023/2024,0
social_science,Longford,TCD,2024/2025,0
social_science,Longford,TU Dublin,2018/2019,0
social_science,Longford,TU Dublin,2019/2020,0
social_science,Longford,TU Dublin,2020/2021,0
social_science,Longford,TU Dublin,2021/2022,0
social_science,Longford,TU Dublin,2022/2023,0
social_science,Longford,TU Dublin,2023/2024,0
social_science,Longford,TU Dublin,2024/2025,0
social_science,Longford,TUS,2018/2019,0
social_science,Longford,TUS,2019/2020,0
social_science,Longford,TUS,2020/2021,0
social_science,Longford,TUS,2021/2022,0
social_science,Longford,TUS,2022/2023,0
social_science,Longford,TUS,2023/2024,0
social_science,Longford,TUS,2024/2025,0
social_science,Longford,UCD,2018/2019,5
social_science,Longford,UCD,2019/2020,5
social_science,Longford,UCD,2020/2021,0
social_science,Longford,UCD,2021/2022,5
social_science,Longford,UCD,2022/2023,0
social_science,Longford,UCD,2023/2024,0
social_science,Longford,UCD,2024/2025,0
social_science,Louth,DCU,2018/2019,10
social_science,Louth,DCU,2019/2020,15
social_science,Louth,DCU,2020/2021,15
social_science,Louth,DCU,2021/2022,35
social_science,Louth,DCU,2022/2023,15
social_science,Louth,DCU,2023/2024,20
social_science,Louth,DCU,2024/2025,20
social_science,Louth,DkIT,2018/2019,15
social_science,Louth,DkIT,2019/2020,20
social_science,Louth,DkIT,2020/2021,50
social_science,Louth,DkIT,2021/2022,35
social_science,Louth,DkIT,2022/2023,55
social_science,Louth,DkIT,2023/2024,35
social_science,Louth,DkIT,2024/2025,25
social_science,Louth,MU,2018/2019,10
social_science,Louth,MU,2019/2020,5
social_science,Louth,MU,2020/2021,10
social_science,Louth,MU,2021/2022,15
social_science,Louth,MU,2022/2023,20
social_science,Louth,MU,2023/2024,25
social_science,Louth,MU,2024/2025,30
social_science,Louth,SETU,2018/2019,0
social_science,Louth,SETU,2019/2020,0
social_science,Louth,SETU,2020/2021,0
social_science,Louth,SETU,2021/2022,0
social_science,Louth,SETU,2022/2023,0
social_science,Louth,SETU,2023/2024,0
social_science,Louth,SETU,2024/2025,0
social_science,Louth,TCD,2018/2019,5
social_science,Louth,TCD,2019/2020,10
social_science,Louth,TCD,2020/2021,5
social_science,Louth,TCD,2021/2022,0
social_science,Louth,TCD,2022/2023,5
social_science,Louth,TCD,2023/2024,5
social_science,Louth,TCD,2024/2025,5
social_science,Louth,TU Dublin,2018/2019,0
social_science,Louth,TU Dublin,2019/2020,5
social_science,Louth,TU Dublin,2020/2021,10
social_science,Louth,TU Dublin,2021/2022,5
social_science,Louth,TU Dublin,2022/2023,5
social_science,Louth,TU Dublin,2023/2024,0
social_science,Louth,TU Dublin,2024/2025,0
social_science,Louth,TUS,2018/2019,0
social_science,Louth,TUS,2019/2020,0
social_science,Louth,TUS,2020/2021,0
social_science,Louth,TUS,2021/2022,0
social_science,Louth,TUS,2022/2023,0
social_science,Louth,TUS,2023/2024,0
social_science,Louth,TUS,2024/2025,0
social_science,Louth,UCD,2018/2019,10
social_science,Louth,UCD,2019/2020,10
social_science,Louth,UCD,2020/2021,15
social_science,Louth,UCD,2021/2022,10
social_science,Louth,UCD,2022/2023,10
social_science,Louth,UCD,2023/2024,5
social_science,Louth,UCD,2024/2025,10
social_science,Meath,DCU,2018/2019,25
social_science,Meath,DCU,2019/2020,35
social_science,Meath,DCU,2020/2021,35
social_science,Meath,DCU,2021/2022,40
social_science,Meath,DCU,2022/2023,35
social_science,Meath,DCU,2023/2024,45
social_science,Meath,DCU,2024/2025,50
social_science,Meath,DkIT,2018/2019,0
social_science,Meath,DkIT,2019/2020,0
social_science,Meath,DkIT,2020/2021,15
social_science,Meath,DkIT,2021/2022,10
social_science,Meath,DkIT,2022/2023,15
social_science,Meath,DkIT,2023/2024,5
social_science,Meath,DkIT,2024/2025,10
social_science,Meath,MU,2018/2019,25
social_science,Meath,MU,2019/2020,25
social_science,Meath,MU,2020/2021,30
social_science,Meath,MU,2021/2022,30
social_science,Meath,MU,2022/2023,35
social_science,Meath,MU,2023/2024,90
social_science,Meath,MU,2024/2025,105
social_science,Meath,SETU,2018/2019,0
social_science,Meath,SETU,2019/2020,0
social_science,Meath,SETU,2020/2021,0
social_science,Meath,SETU,2021/2022,5
social_science,Meath,SETU,2022/2023,0
social_science,Meath,SETU,2023/2024,0
social_science,Meath,SETU,2024/2025,0
social_science,Meath,TCD,2018/2019,15
social_science,Meath,TCD,2019/2020,10
social_science,Meath,TCD,2020/2021,25
social_science,Meath,TCD,2021/2022,20
social_science,Meath,TCD,2022/2023,10
social_science,Meath,TCD,2023/2024,20
social_science,Meath,TCD,2024/2025,10
social_science,Meath,TU Dublin,2018/2019,10
social_science,Meath,TU Dublin,2019/2020,5
social_science,Meath,TU Dublin,2020/2021,10
social_science,Meath,TU Dublin,2021/2022,10
social_science,Meath,TU Dublin,2022/2023,10
social_science,Meath,TU Dublin,2023/2024,10
social_science,Meath,TU Dublin,2024/2025,10
social_science,Meath,TUS,2018/2019,0
social_science,Meath,TUS,2019/2020,0
social_science,Meath,TUS,2020/2021,0
social_science,Meath,TUS,2021/2022,0
social_science,Meath,TUS,2022/2023,0
social_science,Meath,TUS,2023/2024,0
social_science,Meath,TUS,2024/2025,0
social_science,Meath,UCD,2018/2019,20
social_science,Meath,UCD,2019/2020,20
social_science,Meath,UCD,2020/2021,25
social_science,Meath,UCD,2021/2022,25
social_science,Meath,UCD,2022/2023,20
social_science,Meath,UCD,2023/2024,20
social_science,Meath,UCD,2024/2025,20
social_science,Monaghan,DCU,2018/2019,5
social_science,Monaghan,DCU,2019/2020,10
social_science,Monaghan,DCU,2020/2021,5
social_science,Monaghan,DCU,2021/2022,5
social_science,Monaghan,DCU,2022/2023,5
social_science,Monaghan,DCU,2023/2024,5
social_science,Monaghan,DCU,2024/2025,5
social_science,Monaghan,DkIT,2018/2019,5
social_science,Monaghan,DkIT,2019/2020,5
social_science,Monaghan,DkIT,2020/2021,5
social_science,Monaghan,DkIT,2021/2022,10
social_science,Monaghan,DkIT,2022/2023,5
social_science,Monaghan,DkIT,2023/2024,5
social_science,Monaghan,DkIT,2024/2025,10
social_science,Monaghan,MU,2018/2019,5
social_science,Monaghan,MU,2019/2020,0
social_science,Monaghan,MU,2020/2021,0
social_science,Monaghan,MU,2021/2022,0
social_science,Monaghan,MU,2022/2023,5
social_science,Monaghan,MU,2023/2024,5
social_science,Monaghan,MU,2024/2025,10
social_science,Monaghan,SETU,2018/2019,0
social_science,Monaghan,SETU,2019/2020,0
social_science,Monaghan,SETU,2020/2021,0
social_science,Monaghan,SETU,2021/2022,0
social_science,Monaghan,SETU,2022/2023,0
social_science,Monaghan,SETU,2023/2024,0
social_science,Monaghan,SETU,2024/2025,0
social_science,Monaghan,TCD,2018/2019,5
social_science,Monaghan,TCD,2019/2020,5
social_science,Monaghan,TCD,2020/2021,0
social_science,Monaghan,TCD,2021/2022,0
social_science,Monaghan,TCD,2022/2023,0
social_science,Monaghan,TCD,2023/2024,0
social_science,Monaghan,TCD,2024/2025,0
social_science,Monaghan,TU Dublin,2018/2019,5
social_science,Monaghan,TU Dublin,2019/2020,0
social_science,Monaghan,TU Dublin,2020/2021,0
social_science,Monaghan,TU Dublin,2021/2022,0
social_science,Monaghan,TU Dublin,2022/2023,0
social_science,Monaghan,TU Dublin,2023/2024,0
social_science,Monaghan,TU Dublin,2024/2025,0
social_science,Monaghan,TUS,2018/2019,0
social_science,Monaghan,TUS,2019/2020,0
social_science,Monaghan,TUS,2020/2021,0
social_science,Monaghan,TUS,2021/2022,0
social_science,Monaghan,TUS,2022/2023,0
social_science,Monaghan,TUS,2023/2024,0
social_science,Monaghan,TUS,2024/2025,0
social_science,Monaghan,UCD,2018/2019,5
social_science,Monaghan,UCD,2019/2020,5
social_science,Monaghan,UCD,2020/2021,0
social_science,Monaghan,UCD,2021/2022,10
social_science,Monaghan,UCD,2022/2023,5
social_science,Monaghan,UCD,2023/2024,5
social_science,Monaghan,UCD,2024/2025,5
social_science,Offaly,DCU,2018/2019,5
social_science,Offaly,DCU,2019/2020,0
social_science,Offaly,DCU,2020/2021,5
social_science,Offaly,DCU,2021/2022,5
social_science,Offaly,DCU,2022/2023,0
social_science,Offaly,DCU,2023/2024,0
social_science,Offaly,DCU,2024/2025,0
social_science,Offaly,DkIT,2018/2019,0
social_science,Offaly,DkIT,2019/2020,0
social_science,Offaly,DkIT,2020/2021,0
social_science,Offaly,DkIT,2021/2022,0
social_science,Offaly,DkIT,2022/2023,0
social_science,Offaly,DkIT,2023/2024,0
social_science,Offaly,DkIT,2024/2025,0
social_science,Offaly,MU,2018/2019,5
social_science,Offaly,MU,2019/2020,5
social_science,Offaly,MU,2020/2021,5
social_science,Offaly,MU,2021/2022,5
social_science,Offaly,MU,2022/2023,5
social_science,Offaly,MU,2023/2024,10
social_science,Offaly,MU,2024/2025,15
social_science,Offaly,SETU,2018/2019,0
social_science,Offaly,SETU,2019/2020,0
social_science,Offaly,SETU,2020/2021,0
social_science,Offaly,SETU,2021/2022,0
social_science,Offaly,SETU,2022/2023,0
social_science,Offaly,SETU,2023/2024,0
social_science,Offaly,SETU,2024/2025,0
social_science,Offaly,TCD,2018/2019,0
social_science,Offaly,TCD,2019/2020,0
social_science,Offaly,TCD,2020/2021,0
social_science,Offaly,TCD,2021/2022,5
social_science,Offaly,TCD,2022/2023,0
social_science,Offaly,TCD,2023/2024,0
social_science,Offaly,TCD,2024/2025,0
social_science,Offaly,TU Dublin,2018/2019,0
social_science,Offaly,TU Dublin,2019/2020,0
social_science,Offaly,TU Dublin,2020/2021,0
social_science,Offaly,TU Dublin,2021/2022,0
social_science,Offaly,TU Dublin,2022/2023,0
social_science,Offaly,TU Dublin,2023/2024,5
social_science,Offaly,TU Dublin,2024/2025,0
social_science,Offaly,TUS,2018/2019,0
social_science,Offaly,TUS,2019/2020,0
social_science,Offaly,TUS,2020/2021,0
social_science,Offaly,TUS,2021/2022,0
social_science,Offaly,TUS,2022/2023,5
social_science,Offaly,TUS,2023/2024,5
social_science,Offaly,TUS,2024/2025,0
social_science,Offaly,UCD,2018/2019,0
social_science,Offaly,UCD,2019/2020,5
social_science,Offaly,UCD,2020/2021,5
social_science,Offaly,UCD,2021/2022,5
social_science,Offaly,UCD,2022/2023,0
social_science,Offaly,UCD,2023/2024,0
social_science,Offaly,UCD,2024/2025,5
social_science,Westmeath,DCU,2018/2019,5
social_science,Westmeath,DCU,2019/2020,5
social_science,Westmeath,DCU,2020/2021,5
social_science,Westmeath,DCU,2021/2022,10
social_science,Westmeath,DCU,2022/2023,5
social_science,Westmeath,DCU,2023/2024,5
social_science,Westmeath,DCU,2024/2025,5
social_science,Westmeath,DkIT,2018/2019,0
social_science,Westmeath,DkIT,2019/2020,0
social_science,Westmeath,DkIT,2020/2021,0
social_science,Westmeath,DkIT,2021/2022,0
social_science,Westmeath,DkIT,2022/2023,0
social_science,Westmeath,DkIT,2023/2024,0
social_science,Westmeath,DkIT,2024/2025,0
social_science,Westmeath,MU,2018/2019,15
social_science,Westmeath,MU,2019/2020,5
social_science,Westmeath,MU,2020/2021,5
social_science,Westmeath,MU,2021/2022,5
social_science,Westmeath,MU,2022/2023,5
social_science,Westmeath,MU,2023/2024,20
social_science,Westmeath,MU,2024/2025,30
social_science,Westmeath,SETU,2018/2019,0
social_science,Westmeath,SETU,2019/2020,0
social_science,Westmeath,SETU,2020/2021,0
social_science,Westmeath,SETU,2021/2022,0
social_science,Westmeath,SETU,2022/2023,0
social_science,Westmeath,SETU,2023/2024,0
social_science,Westmeath,SETU,2024/2025,0
social_science,Westmeath,TCD,2018/2019,0
social_science,Westmeath,TCD,2019/2020,0
social_science,Westmeath,TCD,2020/2021,0
social_science,Westmeath,TCD,2021/2022,5
social_science,Westmeath,TCD,2022/2023,0
social_science,Westmeath,TCD,2023/2024,0
social_science,Westmeath,TCD,2024/2025,0
social_science,Westmeath,TU Dublin,2018/2019,0
social_science,Westmeath,TU Dublin,2019/2020,0
social_science,Westmeath,TU Dublin,2020/2021,0
social_science,Westmeath,TU Dublin,2021/2022,0
social_science,Westmeath,TU Dublin,2022/2023,0
social_science,Westmeath,TU Dublin,2023/2024,0
social_science,Westmeath,TU Dublin,2024/2025,0
social_science,Westmeath,TUS,2018/2019,5
social_science,Westmeath,TUS,2019/2020,5
social_science,Westmeath,TUS,2020/2021,10
social_science,Westmeath,TUS,2021/2022,0
social_science,Westmeath,TUS,2022/2023,0
social_science,Westmeath,TUS,2023/2024,5
social_science,Westmeath,TUS,2024/2025,5
social_science,Westmeath,UCD,2018/2019,5
social_science,Westmeath,UCD,2019/2020,5
social_science,Westmeath,UCD,2020/2021,10
social_science,Westmeath,UCD,2021/2022,5
social_science,Westmeath,UCD,2022/2023,0
social_science,Westmeath,UCD,2023/2024,5
social_science,Westmeath,UCD,2024/2025,5
social_science,Wicklow,DCU,2018/2019,10
social_science,Wicklow,DCU,2019/2020,10
social_science,Wicklow,DCU,2020/2021,10
social_science,Wicklow,DCU,2021/2022,10
social_science,Wicklow,DCU,2022/2023,15
social_science,Wicklow,DCU,2023/2024,5
social_science,Wicklow,DCU,2024/2025,10
social_science,Wicklow,DkIT,2018/2019,0
social_science,Wicklow,DkIT,2019/2020,0
social_science,Wicklow,DkIT,2020/2021,0
social_science,Wicklow,DkIT,2021/2022,0
social_science,Wicklow,DkIT,2022/2023,0
social_science,Wicklow,DkIT,2023/2024,0
social_science,Wicklow,DkIT,2024/2025,0
social_science,Wicklow,MU,2018/2019,5
social_science,Wicklow,MU,2019/2020,0
social_science,Wicklow,MU,2020/2021,0
social_science,Wicklow,MU,2021/2022,10
social_science,Wicklow,MU,2022/2023,10
social_science,Wicklow,MU,2023/2024,15
social_science,Wicklow,MU,2024/2025,20
social_science,Wicklow,SETU,2018/2019,0
social_science,Wicklow,SETU,2019/2020,0
social_science,Wicklow,SETU,2020/2021,0
social_science,Wicklow,SETU,2021/2022,0
social_science,Wicklow,SETU,2022/2023,0
social_science,Wicklow,SETU,2023/2024,0
social_science,Wicklow,SETU,2024/2025,5
social_science,Wicklow,TCD,2018/2019,15
social_science,Wicklow,TCD,2019/2020,20
social_science,Wicklow,TCD,2020/2021,15
social_science,Wicklow,TCD,2021/2022,15
social_science,Wicklow,TCD,2022/2023,15
social_science,Wicklow,TCD,2023/2024,15
social_science,Wicklow,TCD,2024/2025,20
social_science,Wicklow,TU Dublin,2018/2019,5
social_science,Wicklow,TU Dublin,2019/2020,5
social_science,Wicklow,TU Dublin,2020/2021,5
social_science,Wicklow,TU Dublin,2021/2022,10
social_science,Wicklow,TU Dublin,2022/2023,0
social_science,Wicklow,TU Dublin,2023/2024,5
social_science,Wicklow,TU Dublin,2024/2025,10
social_science,Wicklow,TUS,2018/2019,0
social_science,Wicklow,TUS,2019/2020,0
social_science,Wicklow,TUS,2020/2021,0
social_science,Wicklow,TUS,2021/2022,0
social_science,Wicklow,TUS,2022/2023,0
social_science,Wicklow,TUS,2023/2024,0
social_science,Wicklow,TUS,2024/2025,0
social_science,Wicklow,UCD,2018/2019,65
social_science,Wicklow,UCD,2019/2020,60
social_science,Wicklow,UCD,2020/2021,70
social_science,Wicklow,UCD,2021/2022,60
social_science,Wicklow,UCD,2022/2023,60
social_science,Wicklow,UCD,2023/2024,65
social_science,Wicklow,UCD,2024/2025,60
social_science,Carlow,DCU,2018/2019-2024/2025,25
social_science,Carlow,DkIT,2018/2019-2024/2025,0
social_science,Carlow,MU,2018/2019-2024/2025,35
social_science,Carlow,SETU,2018/2019-2024/2025,30
social_science,Carlow,TCD,2018/2019-2024/2025,10
social_science,Carlow,TU Dublin,2018/2019-2024/2025,0
social_science,Carlow,TUS,2018/2019-2024/2025,0
social_science,Carlow,UCD,2018/2019-2024/2025,20
social_science,Dublin,DCU,2018/2019-2024/2025,1360
social_science,Dublin,DkIT,2018/2019-2024/2025,25
social_science,Dublin,MU,2018/2019-2024/2025,790
social_science,Dublin,SETU,2018/2019-2024/2025,0
social_science,Dublin,TCD,2018/2019-2024/2025,1345
social_science,Dublin,TU Dublin,2018/2019-2024/2025,475
social_science,Dublin,TUS,2018/2019-2024/2025,0
social_science,Dublin,UCD,2018/2019-2024/2025,2535
social_science,Kildare,DCU,2018/2019-2024/2025,155
social_science,Kildare,DkIT,2018/2019-2024/2025,0
social_science,Kildare,MU,2018/2019-2024/2025,460
social_science,Kildare,SETU,2018/2019-2024/2025,15
social_science,Kildare,TCD,2018/2019-2024/2025,140
social_science,Kildare,TU Dublin,2018/2019-2024/2025,65
social_science,Kildare,TUS,2018/2019-2024/2025,0
social_science,Kildare,UCD,2018/2019-2024/2025,150
social_science,Kilkenny,DCU,2018/2019-2024/2025,30
social_science,Kilkenny,DkIT,2018/2019-2024/2025,0
social_science,Kilkenny,MU,2018/2019-2024/2025,30
social_science,Kilkenny,SETU,2018/2019-2024/2025,55
social_science,Kilkenny,TCD,2018/2019-2024/2025,30
social_science,Kilkenny,TU Dublin,2018/2019-2024/2025,0
social_science,Kilkenny,TUS,2018/2019-2024/2025,0
social_science,Kilkenny,UCD,2018/2019-2024/2025,30
social_science,Laois,DCU,2018/2019-2024/2025,15
social_science,Laois,DkIT,2018/2019-2024/2025,0
social_science,Laois,MU,2018/2019-2024/2025,60
social_science,Laois,SETU,2018/2019-2024/2025,10
social_science,Laois,TCD,2018/2019-2024/2025,10
social_science,Laois,TU Dublin,2018/2019-2024/2025,5
social_science,Laois,TUS,2018/2019-2024/2025,5
social_science,Laois,UCD,2018/2019-2024/2025,20
social_science,Longford,DCU,2018/2019-2024/2025,10
social_science,Longford,DkIT,2018/2019-2024/2025,0
social_science,Longford,MU,2018/2019-2024/2025,40
social_science,Longford,SETU,2018/2019-2024/2025,0
social_science,Longford,TCD,2018/2019-2024/2025,0
social_science,Longford,TU Dublin,2018/2019-2024/2025,0
social_science,Longford,TUS,2018/2019-2024/2025,0
social_science,Longford,UCD,2018/2019-2024/2025,15
social_science,Louth,DCU,2018/2019-2024/2025,130
social_science,Louth,DkIT,2018/2019-2024/2025,235
social_science,Louth,MU,2018/2019-2024/2025,115
social_science,Louth,SETU,2018/2019-2024/2025,0
social_science,Louth,TCD,2018/2019-2024/2025,35
social_science,Louth,TU Dublin,2018/2019-2024/2025,25
social_science,Louth,TUS,2018/2019-2024/2025,0
social_science,Louth,UCD,2018/2019-2024/2025,70
social_science,Meath,DCU,2018/2019-2024/2025,265
social_science,Meath,DkIT,2018/2019-2024/2025,55
social_science,Meath,MU,2018/2019-2024/2025,340
social_science,Meath,SETU,2018/2019-2024/2025,5
social_science,Meath,TCD,2018/2019-2024/2025,110
social_science,Meath,TU Dublin,2018/2019-2024/2025,65
social_science,Meath,TUS,2018/2019-2024/2025,0
social_science,Meath,UCD,2018/2019-2024/2025,150
social_science,Monaghan,DCU,2018/2019-2024/2025,40
social_science,Monaghan,DkIT,2018/2019-2024/2025,45
social_science,Monaghan,MU,2018/2019-2024/2025,25
social_science,Monaghan,SETU,2018/2019-2024/2025,0
social_science,Monaghan,TCD,2018/2019-2024/2025,10
social_science,Monaghan,TU Dublin,2018/2019-2024/2025,5
social_science,Monaghan,TUS,2018/2019-2024/2025,0
social_science,Monaghan,UCD,2018/2019-2024/2025,35
social_science,Offaly,DCU,2018/2019-2024/2025,15
social_science,Offaly,DkIT,2018/2019-2024/2025,0
social_science,Offaly,MU,2018/2019-2024/2025,50
social_science,Offaly,SETU,2018/2019-2024/2025,0
social_science,Offaly,TCD,2018/2019-2024/2025,5
social_science,Offaly,TU Dublin,2018/2019-2024/2025,5
social_science,Offaly,TUS,2018/2019-2024/2025,10
social_science,Offaly,UCD,2018/2019-2024/2025,20
social_science,Westmeath,DCU,2018/2019-2024/2025,40
social_science,Westmeath,DkIT,2018/2019-2024/2025,0
social_science,Westmeath,MU,2018/2019-2024/2025,85
social_science,Westmeath,SETU,2018/2019-2024/2025,0
social_science,Westmeath,TCD,2018/2019-2024/2025,5
social_science,Westmeath,TU Dublin,2018/2019-2024/2025,0
social_science,Westmeath,TUS,2018/2019-2024/2025,30
social_science,Westmeath,UCD,2018/2019-2024/2025,35
social_science,Wicklow,DCU,2018/2019-2024/2025,70
social_science,Wicklow,DkIT,2018/2019-2024/2025,0
social_science,Wicklow,MU,2018/2019-2024/2025,60
social_science,Wicklow,SETU,2018/2019-2024/2025,5
social_science,Wicklow,TCD,2018/2019-2024/2025,115
social_science,Wicklow,TU Dublin,2018/2019-2024/2025,40
social_science,Wicklow,TUS,2018/2019-2024/2025,0
social_science,Wicklow,UCD,2018/2019-2024/2025,440
education,Carlow,DCU,2018/2019,15
education,Carlow,DCU,2019/2020,5
education,Carlow,DCU,2020/2021,15
education,Carlow,DCU,2021/2022,15
education,Carlow,DCU,2022/2023,25
education,Carlow,DCU,2023/2024,15
education,Carlow,DCU,2024/2025,20
education,Carlow,MU,2018/2019,5
education,Carlow,MU,2019/2020,0
education,Carlow,MU,2020/2021,5
education,Carlow,MU,2021/2022,5
education,Carlow,MU,2022/2023,5
education,Carlow,MU,2023/2024,5
education,Carlow,MU,2024/2025,5
education,Carlow,SETU,2018/2019,0
education,Carlow,SETU,2019/2020,15
education,Carlow,SETU,2020/2021,0
education,Carlow,SETU,2021/2022,0
education,Carlow,SETU,2024/2025,0
education,Carlow,TCD,2018/2019,0
education,Carlow,TCD,2019/2020,0
education,Carlow,TCD,2020/2021,0
education,Carlow,TCD,2021/2022,0
education,Carlow,TCD,2022/2023,0
education,Carlow,TCD,2023/2024,0
education,Carlow,TCD,2024/2025,0
education,Carlow,TU Dublin,2018/2019,0
education,Carlow,TU Dublin,2019/2020,0
education,Carlow,TU Dublin,2020/2021,0
education,Carlow,TU Dublin,2021/2022,0
education,Carlow,TU Dublin,2022/2023,0
education,Carlow,TU Dublin,2023/2024,0
education,Carlow,TU Dublin,2024/2025,0
education,Carlow,TUS,2024/2025,0
education,Carlow,UCD,2023/2024,0
education,Carlow,UCD,2024/2025,0
education,Dublin,DCU,2018/2019,205
education,Dublin,DCU,2019/2020,215
education,Dublin,DCU,2020/2021,225
education,Dublin,DCU,2021/2022,220
education,Dublin,DCU,2022/2023,220
education,Dublin,DCU,2023/2024,220
education,Dublin,DCU,2024/2025,210
education,Dublin,MU,2018/2019,25
education,Dublin,MU,2019/2020,40
education,Dublin,MU,2020/2021,35
education,Dublin,MU,2021/2022,40
education,Dublin,MU,2022/2023,25
education,Dublin,MU,2023/2024,15
education,Dublin,MU,2024/2025,30
education,Dublin,SETU,2018/2019,0
education,Dublin,SETU,2019/2020,0
education,Dublin,SETU,2020/2021,0
education,Dublin,SETU,2021/2022,0
education,Dublin,SETU,2024/2025,0
education,Dublin,TCD,2018/2019,5
education,Dublin,TCD,2019/2020,5
education,Dublin,TCD,2020/2021,5
education,Dublin,TCD,2021/2022,5
education,Dublin,TCD,2022/2023,5
education,Dublin,TCD,2023/2024,10
education,Dublin,TCD,2024/2025,5
education,Dublin,TU Dublin,2018/2019,20
education,Dublin,TU Dublin,2019/2020,55
education,Dublin,TU Dublin,2020/2021,65
education,Dublin,TU Dublin,2021/2022,50
education,Dublin,TU Dublin,2022/2023,50
education,Dublin,TU Dublin,2023/2024,60
education,Dublin,TU Dublin,2024/2025,65
education,Dublin,TUS,2024/2025,5
education,Dublin,UCD,2023/2024,25
education,Dublin,UCD,2024/2025,15
education,Kildare,DCU,2018/2019,35
education,Kildare,DCU,2019/2020,45
education,Kildare,DCU,2020/2021,40
education,Kildare,DCU,2021/2022,55
education,Kildare,DCU,2022/2023,45
education,Kildare,DCU,2023/2024,55
education,Kildare,DCU,2024/2025,50
education,Kildare,MU,2018/2019,10
education,Kildare,MU,2019/2020,10
education,Kildare,MU,2020/2021,20
education,Kildare,MU,2021/2022,20
education,Kildare,MU,2022/2023,20
education,Kildare,MU,2023/2024,30
education,Kildare,MU,2024/2025,30
education,Kildare,SETU,2018/2019,0
education,Kildare,SETU,2019/2020,0
education,Kildare,SETU,2020/2021,0
education,Kildare,SETU,2021/2022,0
education,Kildare,SETU,2024/2025,0
education,Kildare,TCD,2018/2019,0
education,Kildare,TCD,2019/2020,0
education,Kildare,TCD,2020/2021,0
education,Kildare,TCD,2021/2022,0
education,Kildare,TCD,2022/2023,0
education,Kildare,TCD,2023/2024,0
education,Kildare,TCD,2024/2025,0
education,Kildare,TU Dublin,2018/2019,5
education,Kildare,TU Dublin,2019/2020,5
education,Kildare,TU Dublin,2020/2021,10
education,Kildare,TU Dublin,2021/2022,5
education,Kildare,TU Dublin,2022/2023,0
education,Kildare,TU Dublin,2023/2024,10
education,Kildare,TU Dublin,2024/2025,15
education,Kildare,TUS,2024/2025,0
education,Kildare,UCD,2023/2024,0
education,Kildare,UCD,2024/2025,5
education,Kilkenny,DCU,2018/2019,30
education,Kilkenny,DCU,2019/2020,30
education,Kilkenny,DCU,2020/2021,25
education,Kilkenny,DCU,2021/2022,25
education,Kilkenny,DCU,2022/2023,25
education,Kilkenny,DCU,2023/2024,25
education,Kilkenny,DCU,2024/2025,25
education,Kilkenny,MU,2018/2019,0
education,Kilkenny,MU,2019/2020,0
education,Kilkenny,MU,2020/2021,5
education,Kilkenny,MU,2021/2022,5
education,Kilkenny,MU,2022/2023,0
education,Kilkenny,MU,2023/2024,5
education,Kilkenny,MU,2024/2025,5
education,Kilkenny,SETU,2018/2019,0
education,Kilkenny,SETU,2019/2020,0
education,Kilkenny,SETU,2020/2021,0
education,Kilkenny,SETU,2021/2022,0
education,Kilkenny,SETU,2024/2025,0
education,Kilkenny,TCD,2018/2019,0
education,Kilkenny,TCD,2019/2020,0
education,Kilkenny,TCD,2020/2021,0
education,Kilkenny,TCD,2021/2022,0
education,Kilkenny,TCD,2022/2023,0
education,Kilkenny,TCD,2023/2024,0
education,Kilkenny,TCD,2024/2025,0
education,Kilkenny,TU Dublin,2018/2019,0
education,Kilkenny,TU Dublin,2019/2020,0
education,Kilkenny,TU Dublin,2020/2021,0
education,Kilkenny,TU Dublin,2021/2022,0
education,Kilkenny,TU Dublin,2022/2023,0
education,Kilkenny,TU Dublin,2023/2024,0
education,Kilkenny,TU Dublin,2024/2025,0
education,Kilkenny,TUS,2024/2025,0
education,Kilkenny,UCD,2023/2024,0
education,Kilkenny,UCD,2024/2025,0
education,Laois,DCU,2018/2019,10
education,Laois,DCU,2019/2020,10
education,Laois,DCU,2020/2021,10
education,Laois,DCU,2021/2022,15
education,Laois,DCU,2022/2023,15
education,Laois,DCU,2023/2024,10
education,Laois,DCU,2024/2025,10
education,Laois,MU,2018/2019,0
education,Laois,MU,2019/2020,0
education,Laois,MU,2020/2021,0
education,Laois,MU,2021/2022,0
education,Laois,MU,2022/2023,0
education,Laois,MU,2023/2024,5
education,Laois,MU,2024/2025,0
education,Laois,SETU,2018/2019,0
education,Laois,SETU,2019/2020,0
education,Laois,SETU,2020/2021,0
education,Laois,SETU,2021/2022,0
education,Laois,SETU,2024/2025,0
education,Laois,TCD,2018/2019,0
education,Laois,TCD,2019/2020,0
education,Laois,TCD,2020/2021,0
education,Laois,TCD,2021/2022,0
education,Laois,TCD,2022/2023,0
education,Laois,TCD,2023/2024,0
education,Laois,TCD,2024/2025,0
education,Laois,TU Dublin,2018/2019,0
education,Laois,TU Dublin,2019/2020,0
education,Laois,TU Dublin,2020/2021,0
education,Laois,TU Dublin,2021/2022,0
education,Laois,TU Dublin,2022/2023,0
education,Laois,TU Dublin,2023/2024,0
education,Laois,TU Dublin,2024/2025,0
education,Laois,TUS,2024/2025,0
education,Laois,UCD,2023/2024,0
education,Laois,UCD,2024/2025,0
education,Longford,DCU,2018/2019,5
education,Longford,DCU,2019/2020,5
education,Longford,DCU,2020/2021,10
education,Longford,DCU,2021/2022,20
education,Longford,DCU,2022/2023,10
education,Longford,DCU,2023/2024,15
education,Longford,DCU,2024/2025,10
education,Longford,MU,2018/2019,0
education,Longford,MU,2019/2020,0
education,Longford,MU,2020/2021,0
education,Longford,MU,2021/2022,0
education,Longford,MU,2022/2023,0
education,Longford,MU,2023/2024,0
education,Longford,MU,2024/2025,5
education,Longford,SETU,2018/2019,0
education,Longford,SETU,2019/2020,0
education,Longford,SETU,2020/2021,0
education,Longford,SETU,2021/2022,0
education,Longford,SETU,2024/2025,0
education,Longford,TCD,2018/2019,0
education,Longford,TCD,2019/2020,0
education,Longford,TCD,2020/2021,0
education,Longford,TCD,2021/2022,0
education,Longford,TCD,2022/2023,0
education,Longford,TCD,2023/2024,0
education,Longford,TCD,2024/2025,0
education,Longford,TU Dublin,2018/2019,0
education,Longford,TU Dublin,2019/2020,0
education,Longford,TU Dublin,2020/2021,0
education,Longford,TU Dublin,2021/2022,0
education,Longford,TU Dublin,2022/2023,0
education,Longford,TU Dublin,2023/2024,0
education,Longford,TU Dublin,2024/2025,0
education,Longford,TUS,2024/2025,0
education,Longford,UCD,2023/2024,0
education,Longford,UCD,2024/2025,0
education,Louth,DCU,2018/2019,40
education,Louth,DCU,2019/2020,35
education,Louth,DCU,2020/2021,50
education,Louth,DCU,2021/2022,50
education,Louth,DCU,2022/2023,45
education,Louth,DCU,2023/2024,55
education,Louth,DCU,2024/2025,50
education,Louth,MU,2018/2019,0
education,Louth,MU,2019/2020,0
education,Louth,MU,2020/2021,0
education,Louth,MU,2021/2022,5
education,Louth,MU,2022/2023,0
education,Louth,MU,2023/2024,0
education,Louth,MU,2024/2025,5
education,Louth,SETU,2018/2019,0
education,Louth,SETU,2019/2020,0
education,Louth,SETU,2020/2021,0
education,Louth,SETU,2021/2022,0
education,Louth,SETU,2024/2025,0
education,Louth,TCD,2018/2019,0
education,Louth,TCD,2019/2020,0
education,Louth,TCD,2020/2021,0
education,Louth,TCD,2021/2022,0
education,Louth,TCD,2022/2023,0
education,Louth,TCD,2023/2024,0
education,Louth,TCD,2024/2025,0
education,Louth,TU Dublin,2018/2019,0
education,Louth,TU Dublin,2019/2020,0
education,Louth,TU Dublin,2020/2021,0
education,Louth,TU Dublin,2021/2022,0
education,Louth,TU Dublin,2022/2023,0
education,Louth,TU Dublin,2023/2024,0
education,Louth,TU Dublin,2024/2025,0
education,Louth,TUS,2024/2025,0
education,Louth,UCD,2023/2024,0
education,Louth,UCD,2024/2025,0
education,Meath,DCU,2018/2019,45
education,Meath,DCU,2019/2020,70
education,Meath,DCU,2020/2021,70
education,Meath,DCU,2021/2022,70
education,Meath,DCU,2022/2023,75
education,Meath,DCU,2023/2024,80
education,Meath,DCU,2024/2025,85
education,Meath,MU,2018/2019,10
education,Meath,MU,2019/2020,10
education,Meath,MU,2020/2021,5
education,Meath,MU,2021/2022,15
education,Meath,MU,2022/2023,15
education,Meath,MU,2023/2024,15
education,Meath,MU,2024/2025,20
education,Meath,SETU,2018/2019,0
education,Meath,SETU,2019/2020,0
education,Meath,SETU,2020/2021,0
education,Meath,SETU,2021/2022,0
education,Meath,SETU,2024/2025,0
education,Meath,TCD,2018/2019,0
education,Meath,TCD,2019/2020,0
education,Meath,TCD,2020/2021,0
education,Meath,TCD,2021/2022,0
education,Meath,TCD,2022/2023,0
education,Meath,TCD,2023/2024,0
education,Meath,TCD,2024/2025,0
education,Meath,TU Dublin,2018/2019,5
education,Meath,TU Dublin,2019/2020,5
education,Meath,TU Dublin,2020/2021,0
education,Meath,TU Dublin,2021/2022,5
education,Meath,TU Dublin,2022/2023,5
education,Meath,TU Dublin,2023/2024,5
education,Meath,TU Dublin,2024/2025,10
education,Meath,TUS,2024/2025,0
education,Meath,UCD,2023/2024,5
education,Meath,UCD,2024/2025,0
education,Monaghan,DCU,2018/2019,40
education,Monaghan,DCU,2019/2020,25
education,Monaghan,DCU,2020/2021,20
education,Monaghan,DCU,2021/2022,30
education,Monaghan,DCU,2022/2023,30
education,Monaghan,DCU,2023/2024,30
education,Monaghan,DCU,2024/2025,35
education,Monaghan,MU,2018/2019,0
education,Monaghan,MU,2019/2020,0
education,Monaghan,MU,2020/2021,0
education,Monaghan,MU,2021/2022,5
education,Monaghan,MU,2022/2023,0
education,Monaghan,MU,2023/2024,0
education,Monaghan,MU,2024/2025,0
education,Monaghan,SETU,2018/2019,0
education,Monaghan,SETU,2019/2020,0
education,Monaghan,SETU,2020/2021,0
education,Monaghan,SETU,2021/2022,0
education,Monaghan,SETU,2024/2025,0
education,Monaghan,TCD,2018/2019,0
education,Monaghan,TCD,2019/2020,0
education,Monaghan,TCD,2020/2021,0
education,Monaghan,TCD,2021/2022,0
education,Monaghan,TCD,2022/2023,0
education,Monaghan,TCD,2023/2024,0
education,Monaghan,TCD,2024/2025,0
education,Monaghan,TU Dublin,2018/2019,0
education,Monaghan,TU Dublin,2019/2020,0
education,Monaghan,TU Dublin,2020/2021,0
education,Monaghan,TU Dublin,2021/2022,0
education,Monaghan,TU Dublin,2022/2023,0
education,Monaghan,TU Dublin,2023/2024,0
education,Monaghan,TU Dublin,2024/2025,0
education,Monaghan,TUS,2024/2025,0
education,Monaghan,UCD,2023/2024,0
education,Monaghan,UCD,2024/2025,0
education,Offaly,DCU,2018/2019,15
education,Offaly,DCU,2019/2020,10
education,Offaly,DCU,2020/2021,20
education,Offaly,DCU,2021/2022,20
education,Offaly,DCU,2022/2023,25
education,Offaly,DCU,2023/2024,20
education,Offaly,DCU,2024/2025,25
education,Offaly,MU,2018/2019,0
education,Offaly,MU,2019/2020,5
education,Offaly,MU,2020/2021,0
education,Offaly,MU,2021/2022,5
education,Offaly,MU,2022/2023,5
education,Offaly,MU,2023/2024,10
education,Offaly,MU,2024/2025,15
education,Offaly,SETU,2018/2019,0
education,Offaly,SETU,2019/2020,0
education,Offaly,SETU,2020/2021,0
education,Offaly,SETU,2021/2022,0
education,Offaly,SETU,2024/2025,0
education,Offaly,TCD,2018/2019,0
education,Offaly,TCD,2019/2020,0
education,Offaly,TCD,2020/2021,0
education,Offaly,TCD,2021/2022,0
education,Offaly,TCD,2022/2023,0
education,Offaly,TCD,2023/2024,0
education,Offaly,TCD,2024/2025,0
education,Offaly,TU Dublin,2018/2019,0
education,Offaly,TU Dublin,2019/2020,0
education,Offaly,TU Dublin,2020/2021,0
education,Offaly,TU Dublin,2021/2022,0
education,Offaly,TU Dublin,2022/2023,0
education,Offaly,TU Dublin,2023/2024,0
education,Offaly,TU Dublin,2024/2025,0
education,Offaly,TUS,2024/2025,5
education,Offaly,UCD,2023/2024,0
education,Offaly,UCD,2024/2025,0
education,Westmeath,DCU,2018/2019,15
education,Westmeath,DCU,2019/2020,20
education,Westmeath,DCU,2020/2021,20
education,Westmeath,DCU,2021/2022,20
education,Westmeath,DCU,2022/2023,25
education,Westmeath,DCU,2023/2024,20
education,Westmeath,DCU,2024/2025,25
education,Westmeath,MU,2018/2019,5
education,Westmeath,MU,2019/2020,5
education,Westmeath,MU,2020/2021,5
education,Westmeath,MU,2021/2022,5
education,Westmeath,MU,2022/2023,15
education,Westmeath,MU,2023/2024,20
education,Westmeath,MU,2024/2025,15
education,Westmeath,SETU,2018/2019,0
education,Westmeath,SETU,2019/2020,0
education,Westmeath,SETU,2020/2021,0
education,Westmeath,SETU,2021/2022,0
education,Westmeath,SETU,2024/2025,0
education,Westmeath,TCD,2018/2019,0
education,Westmeath,TCD,2019/2020,0
education,Westmeath,TCD,2020/2021,0
education,Westmeath,TCD,2021/2022,0
education,Westmeath,TCD,2022/2023,0
education,Westmeath,TCD,2023/2024,0
education,Westmeath,TCD,2024/2025,0
education,Westmeath,TU Dublin,2018/2019,5
education,Westmeath,TU Dublin,2019/2020,5
education,Westmeath,TU Dublin,2020/2021,0
education,Westmeath,TU Dublin,2021/2022,0
education,Westmeath,TU Dublin,2022/2023,0
education,Westmeath,TU Dublin,2023/2024,0
education,Westmeath,TU Dublin,2024/2025,0
education,Westmeath,TUS,2024/2025,5
education,Westmeath,UCD,2023/2024,0
education,Westmeath,UCD,2024/2025,0
education,Wicklow,DCU,2018/2019,35
education,Wicklow,DCU,2019/2020,30
education,Wicklow,DCU,2020/2021,35
education,Wicklow,DCU,2021/2022,25
education,Wicklow,DCU,2022/2023,30
education,Wicklow,DCU,2023/2024,30
education,Wicklow,DCU,2024/2025,35
education,Wicklow,MU,2018/2019,5
education,Wicklow,MU,2019/2020,0
education,Wicklow,MU,2020/2021,5
education,Wicklow,MU,2021/2022,5
education,Wicklow,MU,2022/2023,5
education,Wicklow,MU,2023/2024,10
education,Wicklow,MU,2024/2025,10
education,Wicklow,SETU,2018/2019,0
education,Wicklow,SETU,2019/2020,0
education,Wicklow,SETU,2020/2021,0
education,Wicklow,SETU,2021/2022,0
education,Wicklow,SETU,2024/2025,0
education,Wicklow,TCD,2018/2019,0
education,Wicklow,TCD,2019/2020,0
education,Wicklow,TCD,2020/2021,0
education,Wicklow,TCD,2021/2022,0
education,Wicklow,TCD,2022/2023,0
education,Wicklow,TCD,2023/2024,0
education,Wicklow,TCD,2024/2025,0
education,Wicklow,TU Dublin,2018/2019,5
education,Wicklow,TU Dublin,2019/2020,5
education,Wicklow,TU Dublin,2020/2021,0
education,Wicklow,TU Dublin,2021/2022,10
education,Wicklow,TU Dublin,2022/2023,5
education,Wicklow,TU Dublin,2023/2024,5
education,Wicklow,TU Dublin,2024/2025,10
education,Wicklow,TUS,2024/2025,0
education,Wicklow,UCD,2023/2024,5
education,Wicklow,UCD,2024/2025,5
education,Carlow,DCU,2018/2019-2024/2025,110
education,Carlow,MU,2018/2019-2024/2025,30
education,Carlow,SETU,2018/2019-2024/2025,15
education,Carlow,TCD,2018/2019-2024/2025,0
education,Carlow,TU Dublin,2018/2019-2024/2025,0
education,Carlow,TUS,2018/2019-2024/2025,0
education,Carlow,UCD,2018/2019-2024/2025,0
education,Dublin,DCU,2018/2019-2024/2025,1515
education,Dublin,MU,2018/2019-2024/2025,210
education,Dublin,SETU,2018/2019-2024/2025,0
education,Dublin,TCD,2018/2019-2024/2025,40
education,Dublin,TU Dublin,2018/2019-2024/2025,365
education,Dublin,TUS,2018/2019-2024/2025,5
education,Dublin,UCD,2018/2019-2024/2025,40
education,Kildare,DCU,2018/2019-2024/2025,325
education,Kildare,MU,2018/2019-2024/2025,140
education,Kildare,SETU,2018/2019-2024/2025,0
education,Kildare,TCD,2018/2019-2024/2025,0
education,Kildare,TU Dublin,2018/2019-2024/2025,50
education,Kildare,TUS,2018/2019-2024/2025,0
education,Kildare,UCD,2018/2019-2024/2025,5
education,Kilkenny,DCU,2018/2019-2024/2025,185
education,Kilkenny,MU,2018/2019-2024/2025,20
education,Kilkenny,SETU,2018/2019-2024/2025,0
education,Kilkenny,TCD,2018/2019-2024/2025,0
education,Kilkenny,TU Dublin,2018/2019-2024/2025,0
education,Kilkenny,TUS,2018/2019-2024/2025,0
education,Kilkenny,UCD,2018/2019-2024/2025,0
education,Laois,DCU,2018/2019-2024/2025,80
education,Laois,MU,2018/2019-2024/2025,5
education,Laois,SETU,2018/2019-2024/2025,0
education,Laois,TCD,2018/2019-2024/2025,0
education,Laois,TU Dublin,2018/2019-2024/2025,0
education,Laois,TUS,2018/2019-2024/2025,0
education,Laois,UCD,2018/2019-2024/2025,0
education,Longford,DCU,2018/2019-2024/2025,75
education,Longford,MU,2018/2019-2024/2025,5
education,Longford,SETU,2018/2019-2024/2025,0
education,Longford,TCD,2018/2019-2024/2025,0
education,Longford,TU Dublin,2018/2019-2024/2025,0
education,Longford,TUS,2018/2019-2024/2025,0
education,Longford,UCD,2018/2019-2024/2025,0
education,Louth,DCU,2018/2019-2024/2025,325
education,Louth,MU,2018/2019-2024/2025,10
education,Louth,SETU,2018/2019-2024/2025,0
education,Louth,TCD,2018/2019-2024/2025,0
education,Louth,TU Dublin,2018/2019-2024/2025,0
education,Louth,TUS,2018/2019-2024/2025,0
education,Louth,UCD,2018/2019-2024/2025,0
education,Meath,DCU,2018/2019-2024/2025,495
education,Meath,MU,2018/2019-2024/2025,90
education,Meath,SETU,2018/2019-2024/2025,0
education,Meath,TCD,2018/2019-2024/2025,0
education,Meath,TU Dublin,2018/2019-2024/2025,35
education,Meath,TUS,2018/2019-2024/2025,0
education,Meath,UCD,2018/2019-2024/2025,5
education,Monaghan,DCU,2018/2019-2024/2025,210
education,Monaghan,MU,2018/2019-2024/2025,5
education,Monaghan,SETU,2018/2019-2024/2025,0
education,Monaghan,TCD,2018/2019-2024/2025,0
education,Monaghan,TU Dublin,2018/2019-2024/2025,0
education,Monaghan,TUS,2018/2019-2024/2025,0
education,Monaghan,UCD,2018/2019-2024/2025,0
education,Offaly,DCU,2018/2019-2024/2025,135
education,Offaly,MU,2018/2019-2024/2025,40
education,Offaly,SETU,2018/2019-2024/2025,0
education,Offaly,TCD,2018/2019-2024/2025,0
education,Offaly,TU Dublin,2018/2019-2024/2025,0
education,Offaly,TUS,2018/2019-2024/2025,5
education,Offaly,UCD,2018/2019-2024/2025,0
education,Westmeath,DCU,2018/2019-2024/2025,145
education,Westmeath,MU,2018/2019-2024/2025,70
education,Westmeath,SETU,2018/2019-2024/2025,0
education,Westmeath,TCD,2018/2019-2024/2025,0
education,Westmeath,TU Dublin,2018/2019-2024/2025,10
education,Westmeath,TUS,2018/2019-2024/2025,5
education,Westmeath,UCD,2018/2019-2024/2025,0
education,Wicklow,DCU,2018/2019-2024/2025,220
education,Wicklow,MU,2018/2019-2024/2025,40
education,Wicklow,SETU,2018/2019-2024/2025,0
education,Wicklow,TCD,2018/2019-2024/2025,0
education,Wicklow,TU Dublin,2018/2019-2024/2025,40
education,Wicklow,TUS,2018/2019-2024/2025,0
education,Wicklow,UCD,2018/2019-2024/2025,10
